{"type":"FeatureCollection","features":[{"type":"Feature","geometry":{"type":"Point","coordinates":[-52.27710138064695,-10.370109807832131]},"properties":{"Fazenda":"FE","Campo":"FE 01","produtividade":163.05279561999998,"unidade_produtividade":"sc/ha","pontos_originais":25,"ano":"2026","cultura":"Milho"}},{"type":"Feature","geometry":{"type":"Point","coordinates":[-52.28029782522729,-10.370097092033374]},"properties":{"Fazenda":"FE","Campo":"FE 01","produtividade":167.7781114328,"unidade_produtividade":"sc/ha","pontos_originais":25,"ano":"2026","cultura":"Milho"}},{"type":"Feature","geometry":{"type":"Point","coordinates":[-52.27696448168596,-10.370132957366078]},"properties":{"Fazenda":"FE","Campo":"FE 01","produtividade":157.94653066499998,"unidade_produtividade":"sc/ha","pontos_originais":4,"ano":"2026","cultura":"Milho"}},{"type":"Feature","geometry":{"type":"Point","coordinates":[-52.28044236495154,-10.37008144588762]},"properties":{"Fazenda":"FE","Campo":"FE 01","produtividade":160.90630702666667,"unidade_produtividade":"sc/ha","pontos_originais":6,"ano":"2026","cultura":"Milho"}},{"type":"Feature","geometry":{"type":"Point","coordinates":[-52.28006950789444,-10.370098001358174]},"properties":{"Fazenda":"FE","Campo":"FE 01","produtividade":188.2430829224,"unidade_produtividade":"sc/ha","pontos_originais":25,"ano":"2026","cultura":"Milho"}},{"type":"Feature","geometry":{"type":"Point","coordinates":[-52.277786333405004,-10.370107085692283]},"properties":{"Fazenda":"FE","Campo":"FE 01","produtividade":192.2950954408,"unidade_produtividade":"sc/ha","pontos_originais":25,"ano":"2026","cultura":"Milho"}},{"type":"Feature","geometry":{"type":"Point","coordinates":[-52.27755801584006,-10.370107993234303]},"properties":{"Fazenda":"FE","Campo":"FE 01","produtividade":192.0338711896,"unidade_produtividade":"sc/ha","pontos_originais":25,"ano":"2026","cultura":"Milho"}},{"type":"Feature","geometry":{"type":"Point","coordinates":[-52.27732969825405,-10.370108900614255]},"properties":{"Fazenda":"FE","Campo":"FE 01","produtividade":180.777771152,"unidade_produtividade":"sc/ha","pontos_originais":25,"ano":"2026","cultura":"Milho"}},{"type":"Feature","geometry":{"type":"Point","coordinates":[-52.279156238351845,-10.370101637036669]},"properties":{"Fazenda":"FE","Campo":"FE 01","produtividade":196.5162698664,"unidade_produtividade":"sc/ha","pontos_originais":25,"ano":"2026","cultura":"Milho"}},{"type":"Feature","geometry":{"type":"Point","coordinates":[-52.27892792091344,-10.370102545551113]},"properties":{"Fazenda":"FE","Campo":"FE 01","produtividade":193.24354250960002,"unidade_produtividade":"sc/ha","pontos_originais":25,"ano":"2026","cultura":"Milho"}},{"type":"Feature","geometry":{"type":"Point","coordinates":[-52.27869960345393,-10.37010345390349]},"properties":{"Fazenda":"FE","Campo":"FE 01","produtividade":193.471203288,"unidade_produtividade":"sc/ha","pontos_originais":25,"ano":"2026","cultura":"Milho"}},{"type":"Feature","geometry":{"type":"Point","coordinates":[-52.27847128597334,-10.370104362093796]},"properties":{"Fazenda":"FE","Campo":"FE 01","produtividade":195.10076844719998,"unidade_produtividade":"sc/ha","pontos_originais":25,"ano":"2026","cultura":"Milho"}},{"type":"Feature","geometry":{"type":"Point","coordinates":[-52.279841190540445,-10.370098910520905]},"properties":{"Fazenda":"FE","Campo":"FE 01","produtividade":200.14013820240004,"unidade_produtividade":"sc/ha","pontos_originais":25,"ano":"2026","cultura":"Milho"}},{"type":"Feature","geometry":{"type":"Point","coordinates":[-52.27961287316536,-10.370099819521563]},"properties":{"Fazenda":"FE","Campo":"FE 01","produtividade":200.4063211392,"unidade_produtividade":"sc/ha","pontos_originais":25,"ano":"2026","cultura":"Milho"}},{"type":"Feature","geometry":{"type":"Point","coordinates":[-52.27938455576915,-10.37010072836015]},"properties":{"Fazenda":"FE","Campo":"FE 01","produtividade":199.45123101199997,"unidade_produtividade":"sc/ha","pontos_originais":25,"ano":"2026","cultura":"Milho"}},{"type":"Feature","geometry":{"type":"Point","coordinates":[-52.27824296847163,-10.370105270122027]},"properties":{"Fazenda":"FE","Campo":"FE 01","produtividade":192.62942159999994,"unidade_produtividade":"sc/ha","pontos_originais":25,"ano":"2026","cultura":"Milho"}},{"type":"Feature","geometry":{"type":"Point","coordinates":[-52.27801465094886,-10.370106177988193]},"properties":{"Fazenda":"FE","Campo":"FE 01","produtividade":189.9098379024,"unidade_produtividade":"sc/ha","pontos_originais":25,"ano":"2026","cultura":"Milho"}},{"type":"Feature","geometry":{"type":"Point","coordinates":[-52.278243885526344,-10.370331322752245]},"properties":{"Fazenda":"FE","Campo":"FE 01","produtividade":196.08943489520004,"unidade_produtividade":"sc/ha","pontos_originais":25,"ano":"2026","cultura":"Milho"}},{"type":"Feature","geometry":{"type":"Point","coordinates":[-52.278015567839866,-10.370332230638617]},"properties":{"Fazenda":"FE","Campo":"FE 01","produtividade":192.20666329919996,"unidade_produtividade":"sc/ha","pontos_originais":25,"ano":"2026","cultura":"Milho"}},{"type":"Feature","geometry":{"type":"Point","coordinates":[-52.2777872501323,-10.370333138362918]},"properties":{"Fazenda":"FE","Campo":"FE 01","produtividade":189.217837556,"unidade_produtividade":"sc/ha","pontos_originais":25,"ano":"2026","cultura":"Milho"}},{"type":"Feature","geometry":{"type":"Point","coordinates":[-52.27755893240367,-10.370334045925144]},"properties":{"Fazenda":"FE","Campo":"FE 01","produtividade":190.3222779744,"unidade_produtividade":"sc/ha","pontos_originais":25,"ano":"2026","cultura":"Milho"}},{"type":"Feature","geometry":{"type":"Point","coordinates":[-52.27892883845922,-10.370328598120667]},"properties":{"Fazenda":"FE","Campo":"FE 01","produtividade":196.14850614479997,"unidade_produtividade":"sc/ha","pontos_originais":25,"ano":"2026","cultura":"Milho"}},{"type":"Feature","geometry":{"type":"Point","coordinates":[-52.279157156061316,-10.370327689585997]},"properties":{"Fazenda":"FE","Campo":"FE 01","produtividade":198.73016592,"unidade_produtividade":"sc/ha","pontos_originais":25,"ano":"2026","cultura":"Milho"}},{"type":"Feature","geometry":{"type":"Point","coordinates":[-52.27870052083604,-10.370329506493267]},"properties":{"Fazenda":"FE","Campo":"FE 01","produtividade":194.50112466399997,"unidade_produtividade":"sc/ha","pontos_originais":25,"ano":"2026","cultura":"Milho"}},{"type":"Feature","geometry":{"type":"Point","coordinates":[-52.27847220319173,-10.370330414703792]},"properties":{"Fazenda":"FE","Campo":"FE 01","produtividade":196.2687923328,"unidade_produtividade":"sc/ha","pontos_originais":25,"ano":"2026","cultura":"Milho"}},{"type":"Feature","geometry":{"type":"Point","coordinates":[-52.28029874375523,-10.37032314448152]},"properties":{"Fazenda":"FE","Campo":"FE 01","produtividade":166.2642887664,"unidade_produtividade":"sc/ha","pontos_originais":25,"ano":"2026","cultura":"Milho"}},{"type":"Feature","geometry":{"type":"Point","coordinates":[-52.280070426258675,-10.370324053826561]},"properties":{"Fazenda":"FE","Campo":"FE 01","produtividade":183.9251476392,"unidade_produtividade":"sc/ha","pontos_originais":25,"ano":"2026","cultura":"Milho"}},{"type":"Feature","geometry":{"type":"Point","coordinates":[-52.279842108741015,-10.370324963009532]},"properties":{"Fazenda":"FE","Campo":"FE 01","produtividade":199.21037533760003,"unidade_produtividade":"sc/ha","pontos_originais":25,"ano":"2026","cultura":"Milho"}},{"type":"Feature","geometry":{"type":"Point","coordinates":[-52.27961379120223,-10.370325872030426]},"properties":{"Fazenda":"FE","Campo":"FE 01","produtividade":200.8941404272,"unidade_produtividade":"sc/ha","pontos_originais":25,"ano":"2026","cultura":"Milho"}},{"type":"Feature","geometry":{"type":"Point","coordinates":[-52.27733061465396,-10.370334953325294]},"properties":{"Fazenda":"FE","Campo":"FE 01","produtividade":186.4795773632,"unidade_produtividade":"sc/ha","pontos_originais":25,"ano":"2026","cultura":"Milho"}},{"type":"Feature","geometry":{"type":"Point","coordinates":[-52.277102296883186,-10.370335860563369]},"properties":{"Fazenda":"FE","Campo":"FE 01","produtividade":166.27057978960002,"unidade_produtividade":"sc/ha","pontos_originais":25,"ano":"2026","cultura":"Milho"}},{"type":"Feature","geometry":{"type":"Point","coordinates":[-52.276945052012394,-10.370346532249712]},"properties":{"Fazenda":"FE","Campo":"FE 01","produtividade":156.98980300666665,"unidade_produtividade":"sc/ha","pontos_originais":9,"ano":"2026","cultura":"Milho"}},{"type":"Feature","geometry":{"type":"Point","coordinates":[-52.27938547364232,-10.370326780889245]},"properties":{"Fazenda":"FE","Campo":"FE 01","produtividade":200.25040423519997,"unidade_produtividade":"sc/ha","pontos_originais":25,"ano":"2026","cultura":"Milho"}},{"type":"Feature","geometry":{"type":"Point","coordinates":[-52.28043536679003,-10.370232177829301]},"properties":{"Fazenda":"FE","Campo":"FE 01","produtividade":160.99277942,"unidade_produtividade":"sc/ha","pontos_originais":1,"ano":"2026","cultura":"Milho"}},{"type":"Feature","geometry":{"type":"Point","coordinates":[-52.27824480260214,-10.370557375379201]},"properties":{"Fazenda":"FE","Campo":"FE 01","produtividade":195.80384120000002,"unidade_produtividade":"sc/ha","pontos_originais":25,"ano":"2026","cultura":"Milho"}},{"type":"Feature","geometry":{"type":"Point","coordinates":[-52.27801648475197,-10.37055828328579]},"properties":{"Fazenda":"FE","Campo":"FE 01","produtividade":193.0003163792,"unidade_produtividade":"sc/ha","pontos_originais":25,"ano":"2026","cultura":"Milho"}},{"type":"Feature","geometry":{"type":"Point","coordinates":[-52.2777881668807,-10.370559191030297]},"properties":{"Fazenda":"FE","Campo":"FE 01","produtividade":188.65962664559996,"unidade_produtividade":"sc/ha","pontos_originais":25,"ano":"2026","cultura":"Milho"}},{"type":"Feature","geometry":{"type":"Point","coordinates":[-52.27755984898838,-10.37056009861273]},"properties":{"Fazenda":"FE","Campo":"FE 01","produtividade":188.82445813439998,"unidade_produtividade":"sc/ha","pontos_originais":25,"ano":"2026","cultura":"Milho"}},{"type":"Feature","geometry":{"type":"Point","coordinates":[-52.2789297560261,-10.370554650686968]},"properties":{"Fazenda":"FE","Campo":"FE 01","produtividade":195.79583368400003,"unidade_produtividade":"sc/ha","pontos_originais":25,"ano":"2026","cultura":"Milho"}},{"type":"Feature","geometry":{"type":"Point","coordinates":[-52.27915807379191,-10.370553742132072]},"properties":{"Fazenda":"FE","Campo":"FE 01","produtividade":198.66507987919994,"unidade_produtividade":"sc/ha","pontos_originais":25,"ano":"2026","cultura":"Milho"}},{"type":"Feature","geometry":{"type":"Point","coordinates":[-52.2787014382392,-10.370555559079792]},"properties":{"Fazenda":"FE","Campo":"FE 01","produtividade":194.05338663919997,"unidade_produtividade":"sc/ha","pontos_originais":25,"ano":"2026","cultura":"Milho"}},{"type":"Feature","geometry":{"type":"Point","coordinates":[-52.278473120431215,-10.370556467310534]},"properties":{"Fazenda":"FE","Campo":"FE 01","produtividade":194.71784601280004,"unidade_produtividade":"sc/ha","pontos_originais":25,"ano":"2026","cultura":"Milho"}},{"type":"Feature","geometry":{"type":"Point","coordinates":[-52.280282249176416,-10.370544960458115]},"properties":{"Fazenda":"FE","Campo":"FE 01","produtividade":167.4925527942857,"unidade_produtividade":"sc/ha","pontos_originais":21,"ano":"2026","cultura":"Milho"}},{"type":"Feature","geometry":{"type":"Point","coordinates":[-52.28007134464405,-10.370550106291699]},"properties":{"Fazenda":"FE","Campo":"FE 01","produtividade":179.33619022,"unidade_produtividade":"sc/ha","pontos_originais":25,"ano":"2026","cultura":"Milho"}},{"type":"Feature","geometry":{"type":"Point","coordinates":[-52.27984302696267,-10.370551015494907]},"properties":{"Fazenda":"FE","Campo":"FE 01","produtividade":195.72980652719997,"unidade_produtividade":"sc/ha","pontos_originais":25,"ano":"2026","cultura":"Milho"}},{"type":"Feature","geometry":{"type":"Point","coordinates":[-52.2796147092602,-10.370551924536041]},"properties":{"Fazenda":"FE","Campo":"FE 01","produtividade":199.96207584319995,"unidade_produtividade":"sc/ha","pontos_originais":25,"ano":"2026","cultura":"Milho"}},{"type":"Feature","geometry":{"type":"Point","coordinates":[-52.27733153107495,-10.37056100603308]},"properties":{"Fazenda":"FE","Campo":"FE 01","produtividade":189.95959049759998,"unidade_produtividade":"sc/ha","pontos_originais":25,"ano":"2026","cultura":"Milho"}},{"type":"Feature","geometry":{"type":"Point","coordinates":[-52.27710321314047,-10.37056191329135]},"properties":{"Fazenda":"FE","Campo":"FE 01","produtividade":172.1342014216,"unidade_produtividade":"sc/ha","pontos_originais":25,"ano":"2026","cultura":"Milho"}},{"type":"Feature","geometry":{"type":"Point","coordinates":[-52.276923846637814,-10.370569084677763]},"properties":{"Fazenda":"FE","Campo":"FE 01","produtividade":160.46610892714287,"unidade_produtividade":"sc/ha","pontos_originais":14,"ano":"2026","cultura":"Milho"}},{"type":"Feature","geometry":{"type":"Point","coordinates":[-52.27938639153661,-10.370552833415095]},"properties":{"Fazenda":"FE","Campo":"FE 01","produtividade":200.23377892319996,"unidade_produtividade":"sc/ha","pontos_originais":25,"ano":"2026","cultura":"Milho"}},{"type":"Feature","geometry":{"type":"Point","coordinates":[-52.278245719699015,-10.370783428002907]},"properties":{"Fazenda":"FE","Campo":"FE 01","produtividade":194.18950156319997,"unidade_produtividade":"sc/ha","pontos_originais":25,"ano":"2026","cultura":"Milho"}},{"type":"Feature","geometry":{"type":"Point","coordinates":[-52.278017401685126,-10.370784335929706]},"properties":{"Fazenda":"FE","Campo":"FE 01","produtividade":192.94206868639998,"unidade_produtividade":"sc/ha","pontos_originais":25,"ano":"2026","cultura":"Milho"}},{"type":"Feature","geometry":{"type":"Point","coordinates":[-52.27778908365017,-10.370785243694426]},"properties":{"Fazenda":"FE","Campo":"FE 01","produtividade":190.72843152000002,"unidade_produtividade":"sc/ha","pontos_originais":25,"ano":"2026","cultura":"Milho"}},{"type":"Feature","geometry":{"type":"Point","coordinates":[-52.27756076559416,-10.370786151297061]},"properties":{"Fazenda":"FE","Campo":"FE 01","produtividade":189.8276505312,"unidade_produtividade":"sc/ha","pontos_originais":25,"ano":"2026","cultura":"Milho"}},{"type":"Feature","geometry":{"type":"Point","coordinates":[-52.2789306736141,-10.37078070325002]},"properties":{"Fazenda":"FE","Campo":"FE 01","produtividade":195.463757852,"unidade_produtividade":"sc/ha","pontos_originais":25,"ano":"2026","cultura":"Milho"}},{"type":"Feature","geometry":{"type":"Point","coordinates":[-52.279158991543596,-10.370779794674895]},"properties":{"Fazenda":"FE","Campo":"FE 01","produtividade":197.58446607679997,"unidade_produtividade":"sc/ha","pontos_originais":25,"ano":"2026","cultura":"Milho"}},{"type":"Feature","geometry":{"type":"Point","coordinates":[-52.2787023556635,-10.370781611663064]},"properties":{"Fazenda":"FE","Campo":"FE 01","produtividade":193.10782073440004,"unidade_produtividade":"sc/ha","pontos_originais":25,"ano":"2026","cultura":"Milho"}},{"type":"Feature","geometry":{"type":"Point","coordinates":[-52.27847403769179,-10.370782519914028]},"properties":{"Fazenda":"FE","Campo":"FE 01","produtividade":193.11235800559996,"unidade_produtividade":"sc/ha","pontos_originais":25,"ano":"2026","cultura":"Milho"}},{"type":"Feature","geometry":{"type":"Point","coordinates":[-52.28026060229201,-10.370769757215003]},"properties":{"Fazenda":"FE","Campo":"FE 01","produtividade":165.52822781,"unidade_produtividade":"sc/ha","pontos_originais":16,"ano":"2026","cultura":"Milho"}},{"type":"Feature","geometry":{"type":"Point","coordinates":[-52.27690226742198,-10.37079352711408]},"properties":{"Fazenda":"FE","Campo":"FE 01","produtividade":160.5717141136842,"unidade_produtividade":"sc/ha","pontos_originais":19,"ano":"2026","cultura":"Milho"}},{"type":"Feature","geometry":{"type":"Point","coordinates":[-52.28007226305053,-10.370776158753578]},"properties":{"Fazenda":"FE","Campo":"FE 01","produtividade":175.8080953728,"unidade_produtividade":"sc/ha","pontos_originais":25,"ano":"2026","cultura":"Milho"}},{"type":"Feature","geometry":{"type":"Point","coordinates":[-52.27984394520546,-10.370777067977029]},"properties":{"Fazenda":"FE","Campo":"FE 01","produtividade":192.49776300479996,"unidade_produtividade":"sc/ha","pontos_originais":25,"ano":"2026","cultura":"Milho"}},{"type":"Feature","geometry":{"type":"Point","coordinates":[-52.27961562733928,-10.370777977038394]},"properties":{"Fazenda":"FE","Campo":"FE 01","produtividade":199.7187385776,"unidade_produtividade":"sc/ha","pontos_originais":25,"ano":"2026","cultura":"Milho"}},{"type":"Feature","geometry":{"type":"Point","coordinates":[-52.27733244751704,-10.370787058737612]},"properties":{"Fazenda":"FE","Campo":"FE 01","produtividade":190.4423361104,"unidade_produtividade":"sc/ha","pontos_originais":25,"ano":"2026","cultura":"Milho"}},{"type":"Feature","geometry":{"type":"Point","coordinates":[-52.27710412941884,-10.370787966016085]},"properties":{"Fazenda":"FE","Campo":"FE 01","produtividade":175.8962557792,"unidade_produtividade":"sc/ha","pontos_originais":25,"ano":"2026","cultura":"Milho"}},{"type":"Feature","geometry":{"type":"Point","coordinates":[-52.279387309452005,-10.370778885937687]},"properties":{"Fazenda":"FE","Campo":"FE 01","produtividade":199.61248304799994,"unidade_produtividade":"sc/ha","pontos_originais":25,"ano":"2026","cultura":"Milho"}},{"type":"Feature","geometry":{"type":"Point","coordinates":[-52.278241134425485,-10.369653164851846]},"properties":{"Fazenda":"FE","Campo":"FE 01","produtividade":191.86938659679996,"unidade_produtividade":"sc/ha","pontos_originais":25,"ano":"2026","cultura":"Milho"}},{"type":"Feature","geometry":{"type":"Point","coordinates":[-52.27801281723009,-10.369654072677585]},"properties":{"Fazenda":"FE","Campo":"FE 01","produtividade":191.3486764288,"unidade_produtividade":"sc/ha","pontos_originais":25,"ano":"2026","cultura":"Milho"}},{"type":"Feature","geometry":{"type":"Point","coordinates":[-52.2777845000136,-10.369654980341261]},"properties":{"Fazenda":"FE","Campo":"FE 01","produtividade":188.8603927056,"unidade_produtividade":"sc/ha","pontos_originais":25,"ano":"2026","cultura":"Milho"}},{"type":"Feature","geometry":{"type":"Point","coordinates":[-52.277556182776046,-10.369655887842871]},"properties":{"Fazenda":"FE","Campo":"FE 01","produtividade":184.42241149200004,"unidade_produtividade":"sc/ha","pontos_originais":25,"ano":"2026","cultura":"Milho"}},{"type":"Feature","geometry":{"type":"Point","coordinates":[-52.27892608588516,-10.369650440402246]},"properties":{"Fazenda":"FE","Campo":"FE 01","produtividade":178.98993918960002,"unidade_produtividade":"sc/ha","pontos_originais":25,"ano":"2026","cultura":"Milho"}},{"type":"Feature","geometry":{"type":"Point","coordinates":[-52.27915440299619,-10.369649531928253]},"properties":{"Fazenda":"FE","Campo":"FE 01","produtividade":180.76437261520002,"unidade_produtividade":"sc/ha","pontos_originais":25,"ano":"2026","cultura":"Milho"}},{"type":"Feature","geometry":{"type":"Point","coordinates":[-52.278697768753034,-10.369651348714177]},"properties":{"Fazenda":"FE","Campo":"FE 01","produtividade":184.0772705288,"unidade_produtividade":"sc/ha","pontos_originais":25,"ano":"2026","cultura":"Milho"}},{"type":"Feature","geometry":{"type":"Point","coordinates":[-52.27846945159981,-10.369652256864041]},"properties":{"Fazenda":"FE","Campo":"FE 01","produtividade":190.6108453392,"unidade_produtividade":"sc/ha","pontos_originais":25,"ano":"2026","cultura":"Milho"}},{"type":"Feature","geometry":{"type":"Point","coordinates":[-52.28029598823475,-10.369644987127336]},"properties":{"Fazenda":"FE","Campo":"FE 01","produtividade":178.40425154639996,"unidade_produtividade":"sc/ha","pontos_originais":25,"ano":"2026","cultura":"Milho"}},{"type":"Feature","geometry":{"type":"Point","coordinates":[-52.28006767122927,-10.369645896411644]},"properties":{"Fazenda":"FE","Campo":"FE 01","produtividade":194.0152467088,"unidade_produtividade":"sc/ha","pontos_originais":25,"ano":"2026","cultura":"Milho"}},{"type":"Feature","geometry":{"type":"Point","coordinates":[-52.27983935420266,-10.369646805533892]},"properties":{"Fazenda":"FE","Campo":"FE 01","produtividade":198.268739636,"unidade_produtividade":"sc/ha","pontos_originais":25,"ano":"2026","cultura":"Milho"}},{"type":"Feature","geometry":{"type":"Point","coordinates":[-52.279611037154964,-10.369647714494073]},"properties":{"Fazenda":"FE","Campo":"FE 01","produtividade":192.7263366336,"unidade_produtividade":"sc/ha","pontos_originais":25,"ano":"2026","cultura":"Milho"}},{"type":"Feature","geometry":{"type":"Point","coordinates":[-52.2773278655174,-10.36965679518242]},"properties":{"Fazenda":"FE","Campo":"FE 01","produtividade":165.20666389039997,"unidade_produtividade":"sc/ha","pontos_originais":25,"ano":"2026","cultura":"Milho"}},{"type":"Feature","geometry":{"type":"Point","coordinates":[-52.277126004264105,-10.369662356334349]},"properties":{"Fazenda":"FE","Campo":"FE 01","produtividade":153.60606272000004,"unidade_produtividade":"sc/ha","pontos_originais":19,"ano":"2026","cultura":"Milho"}},{"type":"Feature","geometry":{"type":"Point","coordinates":[-52.280484326782144,-10.369638585538665]},"properties":{"Fazenda":"FE","Campo":"FE 01","produtividade":167.93936077875,"unidade_produtividade":"sc/ha","pontos_originais":16,"ano":"2026","cultura":"Milho"}},{"type":"Feature","geometry":{"type":"Point","coordinates":[-52.27755526627564,-10.369429835142277]},"properties":{"Fazenda":"FE","Campo":"FE 01","produtividade":168.33832663119995,"unidade_produtividade":"sc/ha","pontos_originais":25,"ano":"2026","cultura":"Milho"}},{"type":"Feature","geometry":{"type":"Point","coordinates":[-52.27778358334954,-10.36942892766087]},"properties":{"Fazenda":"FE","Campo":"FE 01","produtividade":172.86177081359997,"unidade_produtividade":"sc/ha","pontos_originais":25,"ano":"2026","cultura":"Milho"}},{"type":"Feature","geometry":{"type":"Point","coordinates":[-52.27732694918069,-10.369430742461624]},"properties":{"Fazenda":"FE","Campo":"FE 01","produtividade":155.9507571952,"unidade_produtividade":"sc/ha","pontos_originais":25,"ano":"2026","cultura":"Milho"}},{"type":"Feature","geometry":{"type":"Point","coordinates":[-52.27714758333931,-10.369437913895919]},"properties":{"Fazenda":"FE","Campo":"FE 01","produtividade":149.2754343928571,"unidade_produtividade":"sc/ha","pontos_originais":14,"ano":"2026","cultura":"Milho"}},{"type":"Feature","geometry":{"type":"Point","coordinates":[-52.278468534444684,-10.36942620424429]},"properties":{"Fazenda":"FE","Campo":"FE 01","produtividade":184.6592945648,"unidade_produtividade":"sc/ha","pontos_originais":25,"ano":"2026","cultura":"Milho"}},{"type":"Feature","geometry":{"type":"Point","coordinates":[-52.278240217434046,-10.369427112211874]},"properties":{"Fazenda":"FE","Campo":"FE 01","produtividade":189.1476592103999,"unidade_produtividade":"sc/ha","pontos_originais":25,"ano":"2026","cultura":"Milho"}},{"type":"Feature","geometry":{"type":"Point","coordinates":[-52.27801190040234,-10.369428020017404]},"properties":{"Fazenda":"FE","Campo":"FE 01","produtividade":184.71405209839995,"unidade_produtividade":"sc/ha","pontos_originais":25,"ano":"2026","cultura":"Milho"}},{"type":"Feature","geometry":{"type":"Point","coordinates":[-52.27938272008614,-10.369648623292195]},"properties":{"Fazenda":"FE","Campo":"FE 01","produtividade":185.142789216,"unidade_produtividade":"sc/ha","pontos_originais":25,"ano":"2026","cultura":"Milho"}},{"type":"Feature","geometry":{"type":"Point","coordinates":[-52.27824205143803,-10.369879217488563]},"properties":{"Fazenda":"FE","Campo":"FE 01","produtividade":192.2910412544,"unidade_produtividade":"sc/ha","pontos_originais":25,"ano":"2026","cultura":"Milho"}},{"type":"Feature","geometry":{"type":"Point","coordinates":[-52.27801373407893,-10.369880125334516]},"properties":{"Fazenda":"FE","Campo":"FE 01","produtividade":191.3326389128,"unidade_produtividade":"sc/ha","pontos_originais":25,"ano":"2026","cultura":"Milho"}},{"type":"Feature","geometry":{"type":"Point","coordinates":[-52.27778541669876,-10.369881033018398]},"properties":{"Fazenda":"FE","Campo":"FE 01","produtividade":194.502746724,"unidade_produtividade":"sc/ha","pontos_originais":25,"ano":"2026","cultura":"Milho"}},{"type":"Feature","geometry":{"type":"Point","coordinates":[-52.2775570992975,-10.369881940540216]},"properties":{"Fazenda":"FE","Campo":"FE 01","produtividade":193.23357053439997,"unidade_produtividade":"sc/ha","pontos_originais":25,"ano":"2026","cultura":"Milho"}},{"type":"Feature","geometry":{"type":"Point","coordinates":[-52.27892700338875,-10.369876492978303]},"properties":{"Fazenda":"FE","Campo":"FE 01","produtividade":187.08833744479998,"unidade_produtividade":"sc/ha","pontos_originais":25,"ano":"2026","cultura":"Milho"}},{"type":"Feature","geometry":{"type":"Point","coordinates":[-52.27915532066348,-10.369875584484085]},"properties":{"Fazenda":"FE","Campo":"FE 01","produtividade":190.48722894959997,"unidade_produtividade":"sc/ha","pontos_originais":25,"ano":"2026","cultura":"Milho"}},{"type":"Feature","geometry":{"type":"Point","coordinates":[-52.27869868609294,-10.36987740131046]},"properties":{"Fazenda":"FE","Campo":"FE 01","produtividade":190.2740440128,"unidade_produtividade":"sc/ha","pontos_originais":25,"ano":"2026","cultura":"Milho"}},{"type":"Feature","geometry":{"type":"Point","coordinates":[-52.27847036877603,-10.369878309480546]},"properties":{"Fazenda":"FE","Campo":"FE 01","produtividade":193.7897283344,"unidade_produtividade":"sc/ha","pontos_originais":25,"ano":"2026","cultura":"Milho"}},{"type":"Feature","geometry":{"type":"Point","coordinates":[-52.28029690672046,-10.369871039581984]},"properties":{"Fazenda":"FE","Campo":"FE 01","produtividade":172.28145042239998,"unidade_produtividade":"sc/ha","pontos_originais":25,"ano":"2026","cultura":"Milho"}},{"type":"Feature","geometry":{"type":"Point","coordinates":[-52.2800685895513,-10.369871948886537]},"properties":{"Fazenda":"FE","Campo":"FE 01","produtividade":191.56717658319997,"unidade_produtividade":"sc/ha","pontos_originais":25,"ano":"2026","cultura":"Milho"}},{"type":"Feature","geometry":{"type":"Point","coordinates":[-52.279840272360985,-10.369872858029025]},"properties":{"Fazenda":"FE","Campo":"FE 01","produtividade":199.75609221039997,"unidade_produtividade":"sc/ha","pontos_originais":25,"ano":"2026","cultura":"Milho"}},{"type":"Feature","geometry":{"type":"Point","coordinates":[-52.279611955149605,-10.369873767009446]},"properties":{"Fazenda":"FE","Campo":"FE 01","produtividade":199.115641252,"unidade_produtividade":"sc/ha","pontos_originais":25,"ano":"2026","cultura":"Milho"}},{"type":"Feature","geometry":{"type":"Point","coordinates":[-52.27732878187517,-10.369882847899962]},"properties":{"Fazenda":"FE","Campo":"FE 01","produtividade":176.04083046879995,"unidade_produtividade":"sc/ha","pontos_originais":25,"ano":"2026","cultura":"Milho"}},{"type":"Feature","geometry":{"type":"Point","coordinates":[-52.27710428499168,-10.369887507525045]},"properties":{"Fazenda":"FE","Campo":"FE 01","produtividade":159.19075440583336,"unidade_produtividade":"sc/ha","pontos_originais":24,"ano":"2026","cultura":"Milho"}},{"type":"Feature","geometry":{"type":"Point","coordinates":[-52.28046292215243,-10.36986215808445]},"properties":{"Fazenda":"FE","Campo":"FE 01","produtividade":163.8647571,"unidade_produtividade":"sc/ha","pontos_originais":11,"ano":"2026","cultura":"Milho"}},{"type":"Feature","geometry":{"type":"Point","coordinates":[-52.27938363791708,-10.369874675827795]},"properties":{"Fazenda":"FE","Campo":"FE 01","produtividade":195.99869525279996,"unidade_produtividade":"sc/ha","pontos_originais":25,"ano":"2026","cultura":"Milho"}},{"type":"Feature","geometry":{"type":"Point","coordinates":[-52.27983659985435,-10.368968648028979]},"properties":{"Fazenda":"FE","Campo":"FE 01","produtividade":183.92279452800003,"unidade_produtividade":"sc/ha","pontos_originais":25,"ano":"2026","cultura":"Milho"}},{"type":"Feature","geometry":{"type":"Point","coordinates":[-52.28006491638994,-10.368967738967456]},"properties":{"Fazenda":"FE","Campo":"FE 01","produtividade":189.18451177120002,"unidade_produtividade":"sc/ha","pontos_originais":25,"ano":"2026","cultura":"Milho"}},{"type":"Feature","geometry":{"type":"Point","coordinates":[-52.27960828329768,-10.36896955692845]},"properties":{"Fazenda":"FE","Campo":"FE 01","produtividade":164.8636203632,"unidade_produtividade":"sc/ha","pontos_originais":25,"ano":"2026","cultura":"Milho"}},{"type":"Feature","geometry":{"type":"Point","coordinates":[-52.27937996671989,-10.368970465665871]},"properties":{"Fazenda":"FE","Campo":"FE 01","produtividade":150.26286858,"unidade_produtividade":"sc/ha","pontos_originais":25,"ano":"2026","cultura":"Milho"}},{"type":"Feature","geometry":{"type":"Point","coordinates":[-52.28066608858638,-10.368950274174237]},"properties":{"Fazenda":"FE","Campo":"FE 01","produtividade":165.77165458333334,"unidade_produtividade":"sc/ha","pontos_originais":6,"ano":"2026","cultura":"Milho"}},{"type":"Feature","geometry":{"type":"Point","coordinates":[-52.2805215493977,-10.368965920358246]},"properties":{"Fazenda":"FE","Campo":"FE 01","produtividade":172.18539813200002,"unidade_produtividade":"sc/ha","pontos_originais":25,"ano":"2026","cultura":"Milho"}},{"type":"Feature","geometry":{"type":"Point","coordinates":[-52.277325116570495,-10.368978637010276]},"properties":{"Fazenda":"FE","Campo":"FE 01","produtividade":141.204665624,"unidade_produtividade":"sc/ha","pontos_originais":25,"ano":"2026","cultura":"Milho"}},{"type":"Feature","geometry":{"type":"Point","coordinates":[-52.27718821811903,-10.369001786580476]},"properties":{"Fazenda":"FE","Campo":"FE 01","produtividade":136.18058530999997,"unidade_produtividade":"sc/ha","pontos_originais":4,"ano":"2026","cultura":"Milho"}},{"type":"Feature","geometry":{"type":"Point","coordinates":[-52.28029323290437,-10.368966829743876]},"properties":{"Fazenda":"FE","Campo":"FE 01","produtividade":183.3593827472,"unidade_produtividade":"sc/ha","pontos_originais":25,"ano":"2026","cultura":"Milho"}},{"type":"Feature","geometry":{"type":"Point","coordinates":[-52.278010066810054,-10.368975914687285]},"properties":{"Fazenda":"FE","Campo":"FE 01","produtividade":156.81416720639996,"unidade_produtividade":"sc/ha","pontos_originais":25,"ano":"2026","cultura":"Milho"}},{"type":"Feature","geometry":{"type":"Point","coordinates":[-52.277781750084635,-10.368976822290334]},"properties":{"Fazenda":"FE","Campo":"FE 01","produtividade":159.432441212,"unidade_produtividade":"sc/ha","pontos_originais":25,"ano":"2026","cultura":"Milho"}},{"type":"Feature","geometry":{"type":"Point","coordinates":[-52.27755343333808,-10.36897772973133]},"properties":{"Fazenda":"FE","Campo":"FE 01","produtividade":152.028289776,"unidade_produtividade":"sc/ha","pontos_originais":25,"ano":"2026","cultura":"Milho"}},{"type":"Feature","geometry":{"type":"Point","coordinates":[-52.279173338065846,-10.368985565178487]},"properties":{"Fazenda":"FE","Campo":"FE 01","produtividade":145.76880385157895,"unidade_produtividade":"sc/ha","pontos_originais":19,"ano":"2026","cultura":"Milho"}},{"type":"Feature","geometry":{"type":"Point","coordinates":[-52.278457650071836,-10.368994480051642]},"properties":{"Fazenda":"FE","Campo":"FE 01","produtividade":117.39213263800002,"unidade_produtividade":"sc/ha","pontos_originais":20,"ano":"2026","cultura":"Milho"}},{"type":"Feature","geometry":{"type":"Point","coordinates":[-52.278683830343844,-10.369029749465968]},"properties":{"Fazenda":"FE","Campo":"FE 01","produtividade":121.70195328500002,"unidade_produtividade":"sc/ha","pontos_originais":12,"ano":"2026","cultura":"Milho"}},{"type":"Feature","geometry":{"type":"Point","coordinates":[-52.278238383514434,-10.368975006922183]},"properties":{"Fazenda":"FE","Campo":"FE 01","produtividade":133.20069117519998,"unidade_produtividade":"sc/ha","pontos_originais":25,"ano":"2026","cultura":"Milho"}},{"type":"Feature","geometry":{"type":"Point","coordinates":[-52.2789179237493,-10.369045772452608]},"properties":{"Fazenda":"FE","Campo":"FE 01","produtividade":136.6888823025,"unidade_produtividade":"sc/ha","pontos_originais":8,"ano":"2026","cultura":"Milho"}},{"type":"Feature","geometry":{"type":"Point","coordinates":[-52.27823930046371,-10.369201059568654]},"properties":{"Fazenda":"FE","Campo":"FE 01","produtividade":166.13433188879998,"unidade_produtividade":"sc/ha","pontos_originais":25,"ano":"2026","cultura":"Milho"}},{"type":"Feature","geometry":{"type":"Point","coordinates":[-52.27801098359567,-10.36920196735397]},"properties":{"Fazenda":"FE","Campo":"FE 01","produtividade":167.74486723279998,"unidade_produtividade":"sc/ha","pontos_originais":25,"ano":"2026","cultura":"Milho"}},{"type":"Feature","geometry":{"type":"Point","coordinates":[-52.27778266670655,-10.36920287497723]},"properties":{"Fazenda":"FE","Campo":"FE 01","produtividade":158.749499348,"unidade_produtividade":"sc/ha","pontos_originais":25,"ano":"2026","cultura":"Milho"}},{"type":"Feature","geometry":{"type":"Point","coordinates":[-52.27755434979634,-10.369203782438431]},"properties":{"Fazenda":"FE","Campo":"FE 01","produtividade":158.82555629599995,"unidade_produtividade":"sc/ha","pontos_originais":25,"ano":"2026","cultura":"Milho"}},{"type":"Feature","geometry":{"type":"Point","coordinates":[-52.27892425094128,-10.36919833524037]},"properties":{"Fazenda":"FE","Campo":"FE 01","produtividade":145.75532251279998,"unidade_produtividade":"sc/ha","pontos_originais":25,"ano":"2026","cultura":"Milho"}},{"type":"Feature","geometry":{"type":"Point","coordinates":[-52.27915256772497,-10.36919742680683]},"properties":{"Fazenda":"FE","Campo":"FE 01","produtividade":153.42175559039998,"unidade_produtividade":"sc/ha","pontos_originais":25,"ano":"2026","cultura":"Milho"}},{"type":"Feature","geometry":{"type":"Point","coordinates":[-52.27869593413652,-10.369199243511854]},"properties":{"Fazenda":"FE","Campo":"FE 01","produtividade":143.07356975119998,"unidade_produtividade":"sc/ha","pontos_originais":25,"ano":"2026","cultura":"Milho"}},{"type":"Feature","geometry":{"type":"Point","coordinates":[-52.27846761731066,-10.36920015162128]},"properties":{"Fazenda":"FE","Campo":"FE 01","produtividade":153.61172933039998,"unidade_produtividade":"sc/ha","pontos_originais":25,"ano":"2026","cultura":"Milho"}},{"type":"Feature","geometry":{"type":"Point","coordinates":[-52.280294151326714,-10.369192882208282]},"properties":{"Fazenda":"FE","Campo":"FE 01","produtividade":181.47232825039998,"unidade_produtividade":"sc/ha","pontos_originais":25,"ano":"2026","cultura":"Milho"}},{"type":"Feature","geometry":{"type":"Point","coordinates":[-52.28006583464858,-10.369193791452103]},"properties":{"Fazenda":"FE","Campo":"FE 01","produtividade":192.93807295839997,"unidade_produtividade":"sc/ha","pontos_originais":25,"ano":"2026","cultura":"Milho"}},{"type":"Feature","geometry":{"type":"Point","coordinates":[-52.27983751794935,-10.36919470053387]},"properties":{"Fazenda":"FE","Campo":"FE 01","produtividade":190.36224296319998,"unidade_produtividade":"sc/ha","pontos_originais":25,"ano":"2026","cultura":"Milho"}},{"type":"Feature","geometry":{"type":"Point","coordinates":[-52.27960920122901,-10.369195609453579]},"properties":{"Fazenda":"FE","Campo":"FE 01","produtividade":172.87630961039997,"unidade_produtividade":"sc/ha","pontos_originais":25,"ano":"2026","cultura":"Milho"}},{"type":"Feature","geometry":{"type":"Point","coordinates":[-52.27732603286505,-10.369204689737574]},"properties":{"Fazenda":"FE","Campo":"FE 01","produtividade":152.47732223679995,"unidade_produtividade":"sc/ha","pontos_originais":25,"ano":"2026","cultura":"Milho"}},{"type":"Feature","geometry":{"type":"Point","coordinates":[-52.28052246798371,-10.369191972802405]},"properties":{"Fazenda":"FE","Campo":"FE 01","produtividade":168.01305188799998,"unidade_produtividade":"sc/ha","pontos_originais":25,"ano":"2026","cultura":"Milho"}},{"type":"Feature","geometry":{"type":"Point","coordinates":[-52.27716878857519,-10.369215361465825]},"properties":{"Fazenda":"FE","Campo":"FE 01","produtividade":146.37405735333334,"unidade_produtividade":"sc/ha","pontos_originais":9,"ano":"2026","cultura":"Milho"}},{"type":"Feature","geometry":{"type":"Point","coordinates":[-52.28065909049156,-10.36910100611529]},"properties":{"Fazenda":"FE","Campo":"FE 01","produtividade":165.92005166,"unidade_produtividade":"sc/ha","pontos_originais":1,"ano":"2026","cultura":"Milho"}},{"type":"Feature","geometry":{"type":"Point","coordinates":[-52.27938088448754,-10.369196518211233]},"properties":{"Fazenda":"FE","Campo":"FE 01","produtividade":158.5054143288,"unidade_produtividade":"sc/ha","pontos_originais":25,"ano":"2026","cultura":"Milho"}},{"type":"Feature","geometry":{"type":"Point","coordinates":[-52.27892516840267,-10.369424387822935]},"properties":{"Fazenda":"FE","Campo":"FE 01","produtividade":168.10980118239996,"unidade_produtividade":"sc/ha","pontos_originais":25,"ano":"2026","cultura":"Milho"}},{"type":"Feature","geometry":{"type":"Point","coordinates":[-52.27915348535004,-10.369423479369168]},"properties":{"Fazenda":"FE","Campo":"FE 01","produtividade":169.54200628639998,"unidade_produtividade":"sc/ha","pontos_originais":25,"ano":"2026","cultura":"Milho"}},{"type":"Feature","geometry":{"type":"Point","coordinates":[-52.278696851434226,-10.369425296114642]},"properties":{"Fazenda":"FE","Campo":"FE 01","produtividade":173.68871755840001,"unidade_produtividade":"sc/ha","pontos_originais":25,"ano":"2026","cultura":"Milho"}},{"type":"Feature","geometry":{"type":"Point","coordinates":[-52.28029506977018,-10.369418934669433]},"properties":{"Fazenda":"FE","Campo":"FE 01","produtividade":180.60480880640003,"unidade_produtividade":"sc/ha","pontos_originais":25,"ano":"2026","cultura":"Milho"}},{"type":"Feature","geometry":{"type":"Point","coordinates":[-52.28006675292837,-10.3694198439335]},"properties":{"Fazenda":"FE","Campo":"FE 01","produtividade":194.2188785152,"unidade_produtividade":"sc/ha","pontos_originais":25,"ano":"2026","cultura":"Milho"}},{"type":"Feature","geometry":{"type":"Point","coordinates":[-52.27983843606547,-10.369420753035506]},"properties":{"Fazenda":"FE","Campo":"FE 01","produtividade":195.11758519440002,"unidade_produtividade":"sc/ha","pontos_originais":25,"ano":"2026","cultura":"Milho"}},{"type":"Feature","geometry":{"type":"Point","coordinates":[-52.27961011918143,-10.369421661975455]},"properties":{"Fazenda":"FE","Campo":"FE 01","produtividade":182.75982376079995,"unidade_produtividade":"sc/ha","pontos_originais":25,"ano":"2026","cultura":"Milho"}},{"type":"Feature","geometry":{"type":"Point","coordinates":[-52.28050597352584,-10.369413788779728]},"properties":{"Fazenda":"FE","Campo":"FE 01","produtividade":168.0233541485714,"unidade_produtividade":"sc/ha","pontos_originais":21,"ano":"2026","cultura":"Milho"}},{"type":"Feature","geometry":{"type":"Point","coordinates":[-52.27938180227628,-10.36942257075334]},"properties":{"Fazenda":"FE","Campo":"FE 01","produtividade":171.02197832719997,"unidade_produtividade":"sc/ha","pontos_originais":25,"ano":"2026","cultura":"Milho"}},{"type":"Feature","geometry":{"type":"Point","coordinates":[-52.279604611783505,-10.368065346795422]},"properties":{"Fazenda":"FE","Campo":"FE 01","produtividade":160.0000099632,"unidade_produtividade":"sc/ha","pontos_originais":25,"ano":"2026","cultura":"Milho"}},{"type":"Feature","geometry":{"type":"Point","coordinates":[-52.27939912745395,-10.368066164595984]},"properties":{"Fazenda":"FE","Campo":"FE 01","produtividade":147.041550568,"unidade_produtividade":"sc/ha","pontos_originais":20,"ano":"2026","cultura":"Milho"}},{"type":"Feature","geometry":{"type":"Point","coordinates":[-52.27823471592823,-10.368070796303764]},"properties":{"Fazenda":"FE","Campo":"FE 01","produtividade":104.96325848800001,"unidade_produtividade":"sc/ha","pontos_originais":25,"ano":"2026","cultura":"Milho"}},{"type":"Feature","geometry":{"type":"Point","coordinates":[-52.27800639987852,-10.368071703988024]},"properties":{"Fazenda":"FE","Campo":"FE 01","produtividade":122.6098625048,"unidade_produtividade":"sc/ha","pontos_originais":25,"ano":"2026","cultura":"Milho"}},{"type":"Feature","geometry":{"type":"Point","coordinates":[-52.28169592336907,-10.368041945807793]},"properties":{"Fazenda":"FE","Campo":"FE 01","produtividade":106.49919191999999,"unidade_produtividade":"sc/ha","pontos_originais":15,"ano":"2026","cultura":"Milho"}},{"type":"Feature","geometry":{"type":"Point","coordinates":[-52.28022115649884,-10.368085497867744]},"properties":{"Fazenda":"FE","Campo":"FE 01","produtividade":117.7587194025,"unidade_produtividade":"sc/ha","pontos_originais":8,"ano":"2026","cultura":"Milho"}},{"type":"Feature","geometry":{"type":"Point","coordinates":[-52.281887769853164,-10.368056251318484]},"properties":{"Fazenda":"FE","Campo":"FE 01","produtividade":114.6092561592,"unidade_produtividade":"sc/ha","pontos_originais":25,"ano":"2026","cultura":"Milho"}},{"type":"Feature","geometry":{"type":"Point","coordinates":[-52.280061243566415,-10.368063528996336]},"properties":{"Fazenda":"FE","Campo":"FE 01","produtividade":132.4028194544,"unidade_produtividade":"sc/ha","pontos_originais":25,"ano":"2026","cultura":"Milho"}},{"type":"Feature","geometry":{"type":"Point","coordinates":[-52.27983292768552,-10.3680644379769]},"properties":{"Fazenda":"FE","Campo":"FE 01","produtividade":159.20473096880002,"unidade_produtividade":"sc/ha","pontos_originais":25,"ano":"2026","cultura":"Milho"}},{"type":"Feature","geometry":{"type":"Point","coordinates":[-52.283239343057566,-10.368224168898772]},"properties":{"Fazenda":"FE","Campo":"FE 01","produtividade":144.438504815,"unidade_produtividade":"sc/ha","pontos_originais":12,"ano":"2026","cultura":"Milho"}},{"type":"Feature","geometry":{"type":"Point","coordinates":[-52.283037756214924,-10.368247579067258]},"properties":{"Fazenda":"FE","Campo":"FE 01","produtividade":136.9245130611111,"unidade_produtividade":"sc/ha","pontos_originais":18,"ano":"2026","cultura":"Milho"}},{"type":"Feature","geometry":{"type":"Point","coordinates":[-52.28280176859736,-10.368233450394593]},"properties":{"Fazenda":"FE","Campo":"FE 01","produtividade":137.451594588,"unidade_produtividade":"sc/ha","pontos_originais":15,"ano":"2026","cultura":"Milho"}},{"type":"Feature","geometry":{"type":"Point","coordinates":[-52.28257336084103,-10.368211756108463]},"properties":{"Fazenda":"FE","Campo":"FE 01","produtividade":144.18586094,"unidade_produtividade":"sc/ha","pontos_originais":10,"ano":"2026","cultura":"Milho"}},{"type":"Feature","geometry":{"type":"Point","coordinates":[-52.27777808380773,-10.368072611510238]},"properties":{"Fazenda":"FE","Campo":"FE 01","produtividade":125.19845698799998,"unidade_produtividade":"sc/ha","pontos_originais":25,"ano":"2026","cultura":"Milho"}},{"type":"Feature","geometry":{"type":"Point","coordinates":[-52.27755358825588,-10.36807727129487]},"properties":{"Fazenda":"FE","Campo":"FE 01","produtividade":112.07931988916668,"unidade_produtividade":"sc/ha","pontos_originais":24,"ano":"2026","cultura":"Milho"}},{"type":"Feature","geometry":{"type":"Point","coordinates":[-52.27739770968453,-10.368111799149]},"properties":{"Fazenda":"FE","Campo":"FE 01","produtividade":112.33382739333335,"unidade_produtividade":"sc/ha","pontos_originais":6,"ano":"2026","cultura":"Milho"}},{"type":"Feature","geometry":{"type":"Point","coordinates":[-52.283455414418874,-10.368019856083256]},"properties":{"Fazenda":"FE","Campo":"FE 01","produtividade":155.918728416,"unidade_produtividade":"sc/ha","pontos_originais":15,"ano":"2026","cultura":"Milho"}},{"type":"Feature","geometry":{"type":"Point","coordinates":[-52.28325766368017,-10.368050786254521]},"properties":{"Fazenda":"FE","Campo":"FE 01","produtividade":147.6998319808,"unidade_produtividade":"sc/ha","pontos_originais":25,"ano":"2026","cultura":"Milho"}},{"type":"Feature","geometry":{"type":"Point","coordinates":[-52.2783716138533,-10.36804764635705]},"properties":{"Fazenda":"FE","Campo":"FE 01","produtividade":101.52048351500001,"unidade_produtividade":"sc/ha","pontos_originais":4,"ano":"2026","cultura":"Milho"}},{"type":"Feature","geometry":{"type":"Point","coordinates":[-52.28257271686188,-10.368053519515668]},"properties":{"Fazenda":"FE","Campo":"FE 01","produtividade":161.08243276399998,"unidade_produtividade":"sc/ha","pontos_originais":25,"ano":"2026","cultura":"Milho"}},{"type":"Feature","geometry":{"type":"Point","coordinates":[-52.28234440121345,-10.368054430278642]},"properties":{"Fazenda":"FE","Campo":"FE 01","produtividade":157.7592307544,"unidade_produtividade":"sc/ha","pontos_originais":25,"ano":"2026","cultura":"Milho"}},{"type":"Feature","geometry":{"type":"Point","coordinates":[-52.28211608554389,-10.36805534087958]},"properties":{"Fazenda":"FE","Campo":"FE 01","produtividade":140.39432620399998,"unidade_produtividade":"sc/ha","pontos_originais":25,"ano":"2026","cultura":"Milho"}},{"type":"Feature","geometry":{"type":"Point","coordinates":[-52.283029348095255,-10.368051697503606]},"properties":{"Fazenda":"FE","Campo":"FE 01","produtividade":147.03248116480003,"unidade_produtividade":"sc/ha","pontos_originais":25,"ano":"2026","cultura":"Milho"}},{"type":"Feature","geometry":{"type":"Point","coordinates":[-52.282801032489125,-10.368052608590654]},"properties":{"Fazenda":"FE","Campo":"FE 01","produtividade":157.29348433040002,"unidade_produtividade":"sc/ha","pontos_originais":25,"ano":"2026","cultura":"Milho"}},{"type":"Feature","geometry":{"type":"Point","coordinates":[-52.28006216174062,-10.368289581493995]},"properties":{"Fazenda":"FE","Campo":"FE 01","produtividade":140.7722385608,"unidade_produtividade":"sc/ha","pontos_originais":25,"ano":"2026","cultura":"Milho"}},{"type":"Feature","geometry":{"type":"Point","coordinates":[-52.27983384569604,-10.368290490494797]},"properties":{"Fazenda":"FE","Campo":"FE 01","produtividade":166.5210078664,"unidade_produtividade":"sc/ha","pontos_originais":25,"ano":"2026","cultura":"Milho"}},{"type":"Feature","geometry":{"type":"Point","coordinates":[-52.27960552963038,-10.368291399333557]},"properties":{"Fazenda":"FE","Campo":"FE 01","produtividade":162.4576679088,"unidade_produtividade":"sc/ha","pontos_originais":25,"ano":"2026","cultura":"Milho"}},{"type":"Feature","geometry":{"type":"Point","coordinates":[-52.27937721354358,-10.368292308010277]},"properties":{"Fazenda":"FE","Campo":"FE 01","produtividade":149.94616987679998,"unidade_produtividade":"sc/ha","pontos_originais":25,"ano":"2026","cultura":"Milho"}},{"type":"Feature","geometry":{"type":"Point","coordinates":[-52.2823645755822,-10.368202900869852]},"properties":{"Fazenda":"FE","Campo":"FE 01","produtividade":139.70036718,"unidade_produtividade":"sc/ha","pontos_originais":7,"ano":"2026","cultura":"Milho"}},{"type":"Feature","geometry":{"type":"Point","coordinates":[-52.280228243154994,-10.368297140395883]},"properties":{"Fazenda":"FE","Campo":"FE 01","produtividade":121.51003738,"unidade_produtividade":"sc/ha","pontos_originais":11,"ano":"2026","cultura":"Milho"}},{"type":"Feature","geometry":{"type":"Point","coordinates":[-52.27755068408982,-10.368299571590523]},"properties":{"Fazenda":"FE","Campo":"FE 01","produtividade":127.18910169680002,"unidade_produtividade":"sc/ha","pontos_originais":25,"ano":"2026","cultura":"Milho"}},{"type":"Feature","geometry":{"type":"Point","coordinates":[-52.27777900034533,-10.36829866421014]},"properties":{"Fazenda":"FE","Campo":"FE 01","produtividade":148.49139019439997,"unidade_produtividade":"sc/ha","pontos_originais":25,"ano":"2026","cultura":"Milho"}},{"type":"Feature","geometry":{"type":"Point","coordinates":[-52.27737131890966,-10.368306743072678]},"properties":{"Fazenda":"FE","Campo":"FE 01","produtividade":114.30396647999999,"unidade_produtividade":"sc/ha","pontos_originais":14,"ano":"2026","cultura":"Milho"}},{"type":"Feature","geometry":{"type":"Point","coordinates":[-52.27823563279315,-10.368296848963247]},"properties":{"Fazenda":"FE","Campo":"FE 01","produtividade":107.52802763999998,"unidade_produtividade":"sc/ha","pontos_originais":25,"ano":"2026","cultura":"Milho"}},{"type":"Feature","geometry":{"type":"Point","coordinates":[-52.27800731657978,-10.368297756667713]},"properties":{"Fazenda":"FE","Campo":"FE 01","produtividade":136.816884116,"unidade_produtividade":"sc/ha","pontos_originais":25,"ano":"2026","cultura":"Milho"}},{"type":"Feature","geometry":{"type":"Point","coordinates":[-52.282139468906834,-10.36819088121771]},"properties":{"Fazenda":"FE","Campo":"FE 01","produtividade":128.74551997999998,"unidade_produtividade":"sc/ha","pontos_originais":4,"ano":"2026","cultura":"Milho"}},{"type":"Feature","geometry":{"type":"Point","coordinates":[-52.279834763727706,-10.368516543009443]},"properties":{"Fazenda":"FE","Campo":"FE 01","produtividade":171.13817049999997,"unidade_produtividade":"sc/ha","pontos_originais":25,"ano":"2026","cultura":"Milho"}},{"type":"Feature","geometry":{"type":"Point","coordinates":[-52.27960644749837,-10.36851745186844]},"properties":{"Fazenda":"FE","Campo":"FE 01","produtividade":156.42207836639997,"unidade_produtividade":"sc/ha","pontos_originais":25,"ano":"2026","cultura":"Milho"}},{"type":"Feature","geometry":{"type":"Point","coordinates":[-52.279378131247924,-10.368518360565394]},"properties":{"Fazenda":"FE","Campo":"FE 01","produtividade":150.0161593568,"unidade_produtividade":"sc/ha","pontos_originais":25,"ano":"2026","cultura":"Milho"}},{"type":"Feature","geometry":{"type":"Point","coordinates":[-52.27924114148836,-10.368518905712266]},"properties":{"Fazenda":"FE","Campo":"FE 01","produtividade":152.009576664,"unidade_produtividade":"sc/ha","pontos_originais":5,"ano":"2026","cultura":"Milho"}},{"type":"Feature","geometry":{"type":"Point","coordinates":[-52.27821371804272,-10.368522992401669]},"properties":{"Fazenda":"FE","Campo":"FE 01","produtividade":107.892054039,"unidade_produtividade":"sc/ha","pontos_originais":20,"ano":"2026","cultura":"Milho"}},{"type":"Feature","geometry":{"type":"Point","coordinates":[-52.28051222422255,-10.36854398610143]},"properties":{"Fazenda":"FE","Campo":"FE 01","produtividade":128.65127990000002,"unidade_produtividade":"sc/ha","pontos_originais":18,"ano":"2026","cultura":"Milho"}},{"type":"Feature","geometry":{"type":"Point","coordinates":[-52.27734611568985,-10.368526440831786]},"properties":{"Fazenda":"FE","Campo":"FE 01","produtividade":119.93431821800002,"unidade_produtividade":"sc/ha","pontos_originais":20,"ano":"2026","cultura":"Milho"}},{"type":"Feature","geometry":{"type":"Point","coordinates":[-52.28028760616069,-10.368518507501063]},"properties":{"Fazenda":"FE","Campo":"FE 01","produtividade":142.41284229333334,"unidade_produtividade":"sc/ha","pontos_originais":24,"ano":"2026","cultura":"Milho"}},{"type":"Feature","geometry":{"type":"Point","coordinates":[-52.28006307993594,-10.368515633988398]},"properties":{"Fazenda":"FE","Campo":"FE 01","produtividade":161.51581764559995,"unidade_produtividade":"sc/ha","pontos_originais":25,"ano":"2026","cultura":"Milho"}},{"type":"Feature","geometry":{"type":"Point","coordinates":[-52.27755160048483,-10.36852562430738]},"properties":{"Fazenda":"FE","Campo":"FE 01","produtividade":133.7808561056,"unidade_produtividade":"sc/ha","pontos_originais":25,"ano":"2026","cultura":"Milho"}},{"type":"Feature","geometry":{"type":"Point","coordinates":[-52.28070254893988,-10.368558298358959]},"properties":{"Fazenda":"FE","Campo":"FE 01","produtividade":117.55305615777777,"unidade_produtividade":"sc/ha","pontos_originais":9,"ano":"2026","cultura":"Milho"}},{"type":"Feature","geometry":{"type":"Point","coordinates":[-52.27800823330213,-10.368523809344156]},"properties":{"Fazenda":"FE","Campo":"FE 01","produtividade":137.6120249944,"unidade_produtividade":"sc/ha","pontos_originais":25,"ano":"2026","cultura":"Milho"}},{"type":"Feature","geometry":{"type":"Point","coordinates":[-52.27777991690402,-10.36852471690679]},"properties":{"Fazenda":"FE","Campo":"FE 01","produtividade":150.5187821104,"unidade_produtividade":"sc/ha","pontos_originais":25,"ano":"2026","cultura":"Milho"}},{"type":"Feature","geometry":{"type":"Point","coordinates":[-52.280975977015125,-10.368421575325415]},"properties":{"Fazenda":"FE","Campo":"FE 01","produtividade":106.03892838,"unidade_produtividade":"sc/ha","pontos_originais":1,"ano":"2026","cultura":"Milho"}},{"type":"Feature","geometry":{"type":"Point","coordinates":[-52.277552516900926,-10.36875167702098]},"properties":{"Fazenda":"FE","Campo":"FE 01","produtividade":141.62356053119998,"unidade_produtividade":"sc/ha","pontos_originais":25,"ano":"2026","cultura":"Milho"}},{"type":"Feature","geometry":{"type":"Point","coordinates":[-52.27778083348378,-10.368750769600188]},"properties":{"Fazenda":"FE","Campo":"FE 01","produtividade":156.64711365600004,"unidade_produtividade":"sc/ha","pontos_originais":25,"ano":"2026","cultura":"Milho"}},{"type":"Feature","geometry":{"type":"Point","coordinates":[-52.27732420029699,-10.368752584279724]},"properties":{"Fazenda":"FE","Campo":"FE 01","produtividade":127.07724058480002,"unidade_produtividade":"sc/ha","pontos_originais":25,"ano":"2026","cultura":"Milho"}},{"type":"Feature","geometry":{"type":"Point","coordinates":[-52.280520630832804,-10.36873986791084]},"properties":{"Fazenda":"FE","Campo":"FE 01","produtividade":160.8808135968,"unidade_produtividade":"sc/ha","pontos_originais":25,"ano":"2026","cultura":"Milho"}},{"type":"Feature","geometry":{"type":"Point","coordinates":[-52.2806866456521,-10.368730986369227]},"properties":{"Fazenda":"FE","Campo":"FE 01","produtividade":148.07858155999998,"unidade_produtividade":"sc/ha","pontos_originais":11,"ano":"2026","cultura":"Milho"}},{"type":"Feature","geometry":{"type":"Point","coordinates":[-52.27921922747165,-10.368745049128542]},"properties":{"Fazenda":"FE","Campo":"FE 01","produtividade":151.15578851999996,"unidade_produtividade":"sc/ha","pontos_originais":10,"ano":"2026","cultura":"Milho"}},{"type":"Feature","geometry":{"type":"Point","coordinates":[-52.27937904897334,-10.36874441311726]},"properties":{"Fazenda":"FE","Campo":"FE 01","produtividade":149.690798532,"unidade_produtividade":"sc/ha","pontos_originais":25,"ano":"2026","cultura":"Milho"}},{"type":"Feature","geometry":{"type":"Point","coordinates":[-52.27822008850766,-10.368753329206005]},"properties":{"Fazenda":"FE","Campo":"FE 01","produtividade":123.26298394666662,"unidade_produtividade":"sc/ha","pontos_originais":21,"ano":"2026","cultura":"Milho"}},{"type":"Feature","geometry":{"type":"Point","coordinates":[-52.278009150045555,-10.368749862017346]},"properties":{"Fazenda":"FE","Campo":"FE 01","produtividade":150.0123923232,"unidade_produtividade":"sc/ha","pontos_originais":25,"ano":"2026","cultura":"Milho"}},{"type":"Feature","geometry":{"type":"Point","coordinates":[-52.279607365387456,-10.368743504400072]},"properties":{"Fazenda":"FE","Campo":"FE 01","produtividade":158.67206894879996,"unidade_produtividade":"sc/ha","pontos_originais":25,"ano":"2026","cultura":"Milho"}},{"type":"Feature","geometry":{"type":"Point","coordinates":[-52.279835681780476,-10.368742595520837]},"properties":{"Fazenda":"FE","Campo":"FE 01","produtividade":177.8656068552,"unidade_produtividade":"sc/ha","pontos_originais":25,"ano":"2026","cultura":"Milho"}},{"type":"Feature","geometry":{"type":"Point","coordinates":[-52.28029231450316,-10.368740777276221]},"properties":{"Fazenda":"FE","Campo":"FE 01","produtividade":174.69651917520002,"unidade_produtividade":"sc/ha","pontos_originais":25,"ano":"2026","cultura":"Milho"}},{"type":"Feature","geometry":{"type":"Point","coordinates":[-52.28006399815238,-10.368741686479554]},"properties":{"Fazenda":"FE","Campo":"FE 01","produtividade":181.00366276079995,"unidade_produtividade":"sc/ha","pontos_originais":25,"ano":"2026","cultura":"Milho"}},{"type":"Feature","geometry":{"type":"Point","coordinates":[-52.27940589758446,-10.372761150581418]},"properties":{"Fazenda":"FE","Campo":"FE 01","produtividade":126.15912739692308,"unidade_produtividade":"sc/ha","pontos_originais":13,"ano":"2026","cultura":"Milho"}},{"type":"Feature","geometry":{"type":"Point","coordinates":[-52.27963137920965,-10.37278227877838]},"properties":{"Fazenda":"FE","Campo":"FE 01","produtividade":127.05337770888887,"unidade_produtividade":"sc/ha","pontos_originais":18,"ano":"2026","cultura":"Milho"}},{"type":"Feature","geometry":{"type":"Point","coordinates":[-52.27918407787629,-10.372740732185335]},"properties":{"Fazenda":"FE","Campo":"FE 01","produtividade":124.76732749249999,"unidade_produtividade":"sc/ha","pontos_originais":8,"ano":"2026","cultura":"Milho"}},{"type":"Feature","geometry":{"type":"Point","coordinates":[-52.279843468725566,-10.372800810409554]},"properties":{"Fazenda":"FE","Campo":"FE 01","produtividade":136.6211872038095,"unidade_produtividade":"sc/ha","pontos_originais":21,"ano":"2026","cultura":"Milho"}},{"type":"Feature","geometry":{"type":"Point","coordinates":[-52.278984229610586,-10.372724573425579]},"properties":{"Fazenda":"FE","Campo":"FE 01","produtividade":121.60926433333333,"unidade_produtividade":"sc/ha","pontos_originais":3,"ano":"2026","cultura":"Milho"}},{"type":"Feature","geometry":{"type":"Point","coordinates":[-52.27848886485438,-10.372560770003771]},"properties":{"Fazenda":"FE","Campo":"FE 01","produtividade":114.6362808922222,"unidade_produtividade":"sc/ha","pontos_originais":18,"ano":"2026","cultura":"Milho"}},{"type":"Feature","geometry":{"type":"Point","coordinates":[-52.27871562005705,-10.372582145814661]},"properties":{"Fazenda":"FE","Campo":"FE 01","produtividade":124.50902744260868,"unidade_produtividade":"sc/ha","pontos_originais":23,"ano":"2026","cultura":"Milho"}},{"type":"Feature","geometry":{"type":"Point","coordinates":[-52.279851291907846,-10.372585487716899]},"properties":{"Fazenda":"FE","Campo":"FE 01","produtividade":148.306805548,"unidade_produtividade":"sc/ha","pontos_originais":25,"ano":"2026","cultura":"Milho"}},{"type":"Feature","geometry":{"type":"Point","coordinates":[-52.279622972731914,-10.372586396940171]},"properties":{"Fazenda":"FE","Campo":"FE 01","produtividade":148.97096299359998,"unidade_produtividade":"sc/ha","pontos_originais":25,"ano":"2026","cultura":"Milho"}},{"type":"Feature","geometry":{"type":"Point","coordinates":[-52.27939465353487,-10.372587306001328]},"properties":{"Fazenda":"FE","Campo":"FE 01","produtividade":141.7591056464,"unidade_produtividade":"sc/ha","pontos_originais":25,"ano":"2026","cultura":"Milho"}},{"type":"Feature","geometry":{"type":"Point","coordinates":[-52.279166334316734,-10.372588214900377]},"properties":{"Fazenda":"FE","Campo":"FE 01","produtividade":139.59165382799998,"unidade_produtividade":"sc/ha","pontos_originais":25,"ano":"2026","cultura":"Milho"}},{"type":"Feature","geometry":{"type":"Point","coordinates":[-52.278938015077486,-10.372589123637317]},"properties":{"Fazenda":"FE","Campo":"FE 01","produtividade":137.1214099816,"unidade_produtividade":"sc/ha","pontos_originais":25,"ano":"2026","cultura":"Milho"}},{"type":"Feature","geometry":{"type":"Point","coordinates":[-52.27733703004347,-10.371917322211498]},"properties":{"Fazenda":"FE","Campo":"FE 01","produtividade":178.2405924376,"unidade_produtividade":"sc/ha","pontos_originais":25,"ano":"2026","cultura":"Milho"}},{"type":"Feature","geometry":{"type":"Point","coordinates":[-52.277108711126715,-10.37191822959096]},"properties":{"Fazenda":"FE","Campo":"FE 01","produtividade":174.24784003439999,"unidade_produtividade":"sc/ha","pontos_originais":25,"ano":"2026","cultura":"Milho"}},{"type":"Feature","geometry":{"type":"Point","coordinates":[-52.27688039218891,-10.37191913680832]},"properties":{"Fazenda":"FE","Campo":"FE 01","produtividade":163.5362825624,"unidade_produtividade":"sc/ha","pontos_originais":25,"ano":"2026","cultura":"Milho"}},{"type":"Feature","geometry":{"type":"Point","coordinates":[-52.27667852944839,-10.371924697852341]},"properties":{"Fazenda":"FE","Campo":"FE 01","produtividade":158.28315735157895,"unidade_produtividade":"sc/ha","pontos_originais":19,"ano":"2026","cultura":"Milho"}},{"type":"Feature","geometry":{"type":"Point","coordinates":[-52.27802198666727,-10.371914599100519]},"properties":{"Fazenda":"FE","Campo":"FE 01","produtividade":193.21344350000004,"unidade_produtividade":"sc/ha","pontos_originais":25,"ano":"2026","cultura":"Milho"}},{"type":"Feature","geometry":{"type":"Point","coordinates":[-52.27779366781375,-10.37191550696628]},"properties":{"Fazenda":"FE","Campo":"FE 01","produtividade":193.89421148239998,"unidade_produtividade":"sc/ha","pontos_originais":25,"ano":"2026","cultura":"Milho"}},{"type":"Feature","geometry":{"type":"Point","coordinates":[-52.27756534893915,-10.371916414669938]},"properties":{"Fazenda":"FE","Campo":"FE 01","produtividade":188.19121169199997,"unidade_produtividade":"sc/ha","pontos_originais":25,"ano":"2026","cultura":"Milho"}},{"type":"Feature","geometry":{"type":"Point","coordinates":[-52.2793918993455,-10.371909148501858]},"properties":{"Fazenda":"FE","Campo":"FE 01","produtividade":200.16679073599997,"unidade_produtividade":"sc/ha","pontos_originais":25,"ano":"2026","cultura":"Milho"}},{"type":"Feature","geometry":{"type":"Point","coordinates":[-52.279163580618516,-10.371910057340221]},"properties":{"Fazenda":"FE","Campo":"FE 01","produtividade":198.6909486848,"unidade_produtividade":"sc/ha","pontos_originais":25,"ano":"2026","cultura":"Milho"}},{"type":"Feature","geometry":{"type":"Point","coordinates":[-52.27893526187046,-10.371910966016479]},"properties":{"Fazenda":"FE","Campo":"FE 01","produtividade":195.95776409439998,"unidade_produtividade":"sc/ha","pontos_originais":25,"ano":"2026","cultura":"Milho"}},{"type":"Feature","geometry":{"type":"Point","coordinates":[-52.27870694310131,-10.371911874530637]},"properties":{"Fazenda":"FE","Campo":"FE 01","produtividade":194.10496108080002,"unidade_produtividade":"sc/ha","pontos_originais":25,"ano":"2026","cultura":"Milho"}},{"type":"Feature","geometry":{"type":"Point","coordinates":[-52.28004190365692,-10.37189858177969]},"properties":{"Fazenda":"FE","Campo":"FE 01","produtividade":151.22147203058822,"unidade_produtividade":"sc/ha","pontos_originais":17,"ano":"2026","cultura":"Milho"}},{"type":"Feature","geometry":{"type":"Point","coordinates":[-52.2798485367361,-10.371907330338843]},"properties":{"Fazenda":"FE","Campo":"FE 01","produtividade":166.59598558239998,"unidade_produtividade":"sc/ha","pontos_originais":25,"ano":"2026","cultura":"Milho"}},{"type":"Feature","geometry":{"type":"Point","coordinates":[-52.27962021805135,-10.371908239501401]},"properties":{"Fazenda":"FE","Campo":"FE 01","produtividade":194.70160035920003,"unidade_produtividade":"sc/ha","pontos_originais":25,"ano":"2026","cultura":"Milho"}},{"type":"Feature","geometry":{"type":"Point","coordinates":[-52.278478624311056,-10.371912782882697]},"properties":{"Fazenda":"FE","Campo":"FE 01","produtividade":193.68280470880003,"unidade_produtividade":"sc/ha","pontos_originais":25,"ano":"2026","cultura":"Milho"}},{"type":"Feature","geometry":{"type":"Point","coordinates":[-52.27825030549969,-10.371913691072656]},"properties":{"Fazenda":"FE","Campo":"FE 01","produtividade":194.21125130000001,"unidade_produtividade":"sc/ha","pontos_originais":25,"ano":"2026","cultura":"Milho"}},{"type":"Feature","geometry":{"type":"Point","coordinates":[-52.27847954169817,-10.372138835466673]},"properties":{"Fazenda":"FE","Campo":"FE 01","produtividade":186.96089813279997,"unidade_produtividade":"sc/ha","pontos_originais":25,"ano":"2026","cultura":"Milho"}},{"type":"Feature","geometry":{"type":"Point","coordinates":[-52.2782512227231,-10.372139743676849]},"properties":{"Fazenda":"FE","Campo":"FE 01","produtividade":188.05877065359996,"unidade_produtividade":"sc/ha","pontos_originais":25,"ano":"2026","cultura":"Milho"}},{"type":"Feature","geometry":{"type":"Point","coordinates":[-52.27802290372695,-10.37214065172492]},"properties":{"Fazenda":"FE","Campo":"FE 01","produtividade":182.5165764312,"unidade_produtividade":"sc/ha","pontos_originais":25,"ano":"2026","cultura":"Milho"}},{"type":"Feature","geometry":{"type":"Point","coordinates":[-52.27779458470969,-10.372141559610888]},"properties":{"Fazenda":"FE","Campo":"FE 01","produtividade":170.6131665304,"unidade_produtividade":"sc/ha","pontos_originais":25,"ano":"2026","cultura":"Milho"}},{"type":"Feature","geometry":{"type":"Point","coordinates":[-52.27916449849683,-10.372136109863526]},"properties":{"Fazenda":"FE","Campo":"FE 01","produtividade":191.61738078559995,"unidade_produtividade":"sc/ha","pontos_originais":25,"ano":"2026","cultura":"Milho"}},{"type":"Feature","geometry":{"type":"Point","coordinates":[-52.278936179585045,-10.37213701856001]},"properties":{"Fazenda":"FE","Campo":"FE 01","produtividade":189.9768884024,"unidade_produtividade":"sc/ha","pontos_originais":25,"ano":"2026","cultura":"Milho"}},{"type":"Feature","geometry":{"type":"Point","coordinates":[-52.278707860652155,-10.372137927094393]},"properties":{"Fazenda":"FE","Campo":"FE 01","produtividade":186.8986842624,"unidade_produtividade":"sc/ha","pontos_originais":25,"ano":"2026","cultura":"Milho"}},{"type":"Feature","geometry":{"type":"Point","coordinates":[-52.276881308429964,-10.372145189533729]},"properties":{"Fazenda":"FE","Campo":"FE 01","produtividade":152.85110588880002,"unidade_produtividade":"sc/ha","pontos_originais":25,"ano":"2026","cultura":"Milho"}},{"type":"Feature","geometry":{"type":"Point","coordinates":[-52.27710962753151,-10.372144282296176]},"properties":{"Fazenda":"FE","Campo":"FE 01","produtividade":157.90726926479994,"unidade_produtividade":"sc/ha","pontos_originais":25,"ano":"2026","cultura":"Milho"}},{"type":"Feature","geometry":{"type":"Point","coordinates":[-52.27665677935918,-10.372142313947013]},"properties":{"Fazenda":"FE","Campo":"FE 01","produtividade":149.96574720416666,"unidade_produtividade":"sc/ha","pontos_originais":24,"ano":"2026","cultura":"Milho"}},{"type":"Feature","geometry":{"type":"Point","coordinates":[-52.28002064830152,-10.372121398190727]},"properties":{"Fazenda":"FE","Campo":"FE 01","produtividade":151.25515307833334,"unidade_produtividade":"sc/ha","pontos_originais":12,"ano":"2026","cultura":"Milho"}},{"type":"Feature","geometry":{"type":"Point","coordinates":[-52.27984945510556,-10.372133382801449]},"properties":{"Fazenda":"FE","Campo":"FE 01","produtividade":164.00489858719996,"unidade_produtividade":"sc/ha","pontos_originais":25,"ano":"2026","cultura":"Milho"}},{"type":"Feature","geometry":{"type":"Point","coordinates":[-52.27756626567137,-10.372142467334752]},"properties":{"Fazenda":"FE","Campo":"FE 01","produtividade":156.5619962984,"unidade_produtividade":"sc/ha","pontos_originais":25,"ano":"2026","cultura":"Milho"}},{"type":"Feature","geometry":{"type":"Point","coordinates":[-52.27733794661197,-10.372143374896517]},"properties":{"Fazenda":"FE","Campo":"FE 01","produtividade":153.7549151512,"unidade_produtividade":"sc/ha","pontos_originais":25,"ano":"2026","cultura":"Milho"}},{"type":"Feature","geometry":{"type":"Point","coordinates":[-52.2796211362571,-10.372134291984246]},"properties":{"Fazenda":"FE","Campo":"FE 01","produtividade":188.49381870879998,"unidade_produtividade":"sc/ha","pontos_originais":25,"ano":"2026","cultura":"Milho"}},{"type":"Feature","geometry":{"type":"Point","coordinates":[-52.27939281738752,-10.372135201004935]},"properties":{"Fazenda":"FE","Campo":"FE 01","produtividade":192.55837537199997,"unidade_produtividade":"sc/ha","pontos_originais":25,"ano":"2026","cultura":"Milho"}},{"type":"Feature","geometry":{"type":"Point","coordinates":[-52.2784804591064,-10.372364888047395]},"properties":{"Fazenda":"FE","Campo":"FE 01","produtividade":154.03541461440003,"unidade_produtividade":"sc/ha","pontos_originais":25,"ano":"2026","cultura":"Milho"}},{"type":"Feature","geometry":{"type":"Point","coordinates":[-52.27825213996759,-10.372365796277789]},"properties":{"Fazenda":"FE","Campo":"FE 01","produtividade":147.91338115840003,"unidade_produtividade":"sc/ha","pontos_originais":25,"ano":"2026","cultura":"Milho"}},{"type":"Feature","geometry":{"type":"Point","coordinates":[-52.27802382080771,-10.372366704346073]},"properties":{"Fazenda":"FE","Campo":"FE 01","produtividade":138.11100855200002,"unidade_produtividade":"sc/ha","pontos_originais":25,"ano":"2026","cultura":"Milho"}},{"type":"Feature","geometry":{"type":"Point","coordinates":[-52.27779550162673,-10.372367612252251]},"properties":{"Fazenda":"FE","Campo":"FE 01","produtividade":119.91051183760003,"unidade_produtividade":"sc/ha","pontos_originais":25,"ano":"2026","cultura":"Milho"}},{"type":"Feature","geometry":{"type":"Point","coordinates":[-52.27916541639622,-10.37236216238358]},"properties":{"Fazenda":"FE","Campo":"FE 01","produtividade":171.8492501264,"unidade_produtividade":"sc/ha","pontos_originais":25,"ano":"2026","cultura":"Milho"}},{"type":"Feature","geometry":{"type":"Point","coordinates":[-52.27939373545065,-10.37236125350476]},"properties":{"Fazenda":"FE","Campo":"FE 01","produtividade":173.0512389848,"unidade_produtividade":"sc/ha","pontos_originais":25,"ano":"2026","cultura":"Milho"}},{"type":"Feature","geometry":{"type":"Point","coordinates":[-52.27893709732072,-10.372363071100292]},"properties":{"Fazenda":"FE","Campo":"FE 01","produtividade":170.12185387119996,"unidade_produtividade":"sc/ha","pontos_originais":25,"ano":"2026","cultura":"Milho"}},{"type":"Feature","geometry":{"type":"Point","coordinates":[-52.27870877822409,-10.372363979654898]},"properties":{"Fazenda":"FE","Campo":"FE 01","produtividade":162.97539669839998,"unidade_produtividade":"sc/ha","pontos_originais":25,"ano":"2026","cultura":"Milho"}},{"type":"Feature","geometry":{"type":"Point","coordinates":[-52.27712087028378,-10.372318127113449]},"properties":{"Fazenda":"FE","Campo":"FE 01","produtividade":141.12330788769228,"unidade_produtividade":"sc/ha","pontos_originais":13,"ano":"2026","cultura":"Milho"}},{"type":"Feature","geometry":{"type":"Point","coordinates":[-52.276899050847106,-10.372297707084114]},"properties":{"Fazenda":"FE","Campo":"FE 01","produtividade":139.200447485,"unidade_produtividade":"sc/ha","pontos_originais":8,"ano":"2026","cultura":"Milho"}},{"type":"Feature","geometry":{"type":"Point","coordinates":[-52.28000033296216,-10.37233946177851]},"properties":{"Fazenda":"FE","Campo":"FE 01","produtividade":150.3365954514286,"unidade_produtividade":"sc/ha","pontos_originais":7,"ano":"2026","cultura":"Milho"}},{"type":"Feature","geometry":{"type":"Point","coordinates":[-52.27672203473222,-10.372281456151535]},"properties":{"Fazenda":"FE","Campo":"FE 01","produtividade":141.09288963,"unidade_produtividade":"sc/ha","pontos_originais":2,"ano":"2026","cultura":"Milho"}},{"type":"Feature","geometry":{"type":"Point","coordinates":[-52.27985037349615,-10.372359435260801]},"properties":{"Fazenda":"FE","Campo":"FE 01","produtividade":161.28279218479997,"unidade_produtividade":"sc/ha","pontos_originais":25,"ano":"2026","cultura":"Milho"}},{"type":"Feature","geometry":{"type":"Point","coordinates":[-52.277573106692266,-10.372360633616879]},"properties":{"Fazenda":"FE","Campo":"FE 01","produtividade":113.45677285130436,"unidade_produtividade":"sc/ha","pontos_originais":23,"ano":"2026","cultura":"Milho"}},{"type":"Feature","geometry":{"type":"Point","coordinates":[-52.27734635163025,-10.372339256970974]},"properties":{"Fazenda":"FE","Campo":"FE 01","produtividade":127.3309873,"unidade_produtividade":"sc/ha","pontos_originais":18,"ano":"2026","cultura":"Milho"}},{"type":"Feature","geometry":{"type":"Point","coordinates":[-52.279622054483944,-10.372360344463834]},"properties":{"Fazenda":"FE","Campo":"FE 01","produtividade":176.96307853839997,"unidade_produtividade":"sc/ha","pontos_originais":25,"ano":"2026","cultura":"Milho"}},{"type":"Feature","geometry":{"type":"Point","coordinates":[-52.279988007848175,-10.372517126378877]},"properties":{"Fazenda":"FE","Campo":"FE 01","produtividade":147.4309606,"unidade_produtividade":"sc/ha","pontos_originais":2,"ano":"2026","cultura":"Milho"}},{"type":"Feature","geometry":{"type":"Point","coordinates":[-52.27826338336851,-10.372539640976502]},"properties":{"Fazenda":"FE","Campo":"FE 01","produtividade":112.99190648307693,"unidade_produtividade":"sc/ha","pontos_originais":13,"ano":"2026","cultura":"Milho"}},{"type":"Feature","geometry":{"type":"Point","coordinates":[-52.27804156379605,-10.372519221763774]},"properties":{"Fazenda":"FE","Campo":"FE 01","produtividade":108.3058917325,"unidade_produtividade":"sc/ha","pontos_originais":8,"ano":"2026","cultura":"Milho"}},{"type":"Feature","geometry":{"type":"Point","coordinates":[-52.277841715644314,-10.372503062269265]},"properties":{"Fazenda":"FE","Campo":"FE 01","produtividade":100.21727474000001,"unidade_produtividade":"sc/ha","pontos_originais":3,"ano":"2026","cultura":"Milho"}},{"type":"Feature","geometry":{"type":"Point","coordinates":[-52.27824847111618,-10.371461585854517]},"properties":{"Fazenda":"FE","Campo":"FE 01","produtividade":198.7052240976,"unidade_produtividade":"sc/ha","pontos_originais":25,"ano":"2026","cultura":"Milho"}},{"type":"Feature","geometry":{"type":"Point","coordinates":[-52.27847678960006,-10.37146067770499]},"properties":{"Fazenda":"FE","Campo":"FE 01","produtividade":196.41476681200004,"unidade_produtividade":"sc/ha","pontos_originais":25,"ano":"2026","cultura":"Milho"}},{"type":"Feature","geometry":{"type":"Point","coordinates":[-52.278020152611155,-10.37146249384195]},"properties":{"Fazenda":"FE","Campo":"FE 01","produtividade":197.86905698559997,"unidade_produtividade":"sc/ha","pontos_originais":25,"ano":"2026","cultura":"Milho"}},{"type":"Feature","geometry":{"type":"Point","coordinates":[-52.277791834085086,-10.371463401667297]},"properties":{"Fazenda":"FE","Campo":"FE 01","produtividade":196.44549344640004,"unidade_produtividade":"sc/ha","pontos_originais":25,"ano":"2026","cultura":"Milho"}},{"type":"Feature","geometry":{"type":"Point","coordinates":[-52.278933426504636,-10.371458860919654]},"properties":{"Fazenda":"FE","Campo":"FE 01","produtividade":198.08380616639997,"unidade_produtividade":"sc/ha","pontos_originais":25,"ano":"2026","cultura":"Milho"}},{"type":"Feature","geometry":{"type":"Point","coordinates":[-52.27916174492525,-10.37145795228385]},"properties":{"Fazenda":"FE","Campo":"FE 01","produtividade":198.92827372879998,"unidade_produtividade":"sc/ha","pontos_originais":25,"ano":"2026","cultura":"Milho"}},{"type":"Feature","geometry":{"type":"Point","coordinates":[-52.2787051080629,-10.371459769393367]},"properties":{"Fazenda":"FE","Campo":"FE 01","produtividade":195.87072274879995,"unidade_produtividade":"sc/ha","pontos_originais":25,"ano":"2026","cultura":"Milho"}},{"type":"Feature","geometry":{"type":"Point","coordinates":[-52.27687855976999,-10.371467031347736]},"properties":{"Fazenda":"FE","Campo":"FE 01","produtividade":155.03564297760002,"unidade_produtividade":"sc/ha","pontos_originais":25,"ano":"2026","cultura":"Milho"}},{"type":"Feature","geometry":{"type":"Point","coordinates":[-52.280075018396694,-10.371454316119705]},"properties":{"Fazenda":"FE","Campo":"FE 01","produtividade":155.5708167816,"unidade_produtividade":"sc/ha","pontos_originais":25,"ano":"2026","cultura":"Milho"}},{"type":"Feature","geometry":{"type":"Point","coordinates":[-52.27672131431822,-10.371477702992156]},"properties":{"Fazenda":"FE","Campo":"FE 01","produtividade":136.26919814444443,"unidade_produtividade":"sc/ha","pontos_originais":9,"ano":"2026","cultura":"Milho"}},{"type":"Feature","geometry":{"type":"Point","coordinates":[-52.28021173381575,-10.371385954746339]},"properties":{"Fazenda":"FE","Campo":"FE 01","produtividade":150.45477755000002,"unidade_produtividade":"sc/ha","pontos_originais":2,"ano":"2026","cultura":"Milho"}},{"type":"Feature","geometry":{"type":"Point","coordinates":[-52.279846700060496,-10.371455225403876]},"properties":{"Fazenda":"FE","Campo":"FE 01","produtividade":181.559427412,"unidade_produtividade":"sc/ha","pontos_originais":25,"ano":"2026","cultura":"Milho"}},{"type":"Feature","geometry":{"type":"Point","coordinates":[-52.277563515537906,-10.371464309330545]},"properties":{"Fazenda":"FE","Campo":"FE 01","produtividade":194.85540184,"unidade_produtividade":"sc/ha","pontos_originais":25,"ano":"2026","cultura":"Milho"}},{"type":"Feature","geometry":{"type":"Point","coordinates":[-52.27733519696967,-10.371465216831702]},"properties":{"Fazenda":"FE","Campo":"FE 01","produtividade":191.7032458968,"unidade_produtividade":"sc/ha","pontos_originais":25,"ano":"2026","cultura":"Milho"}},{"type":"Feature","geometry":{"type":"Point","coordinates":[-52.277106878380366,-10.37146612417077]},"properties":{"Fazenda":"FE","Campo":"FE 01","produtividade":185.7358233456,"unidade_produtividade":"sc/ha","pontos_originais":25,"ano":"2026","cultura":"Milho"}},{"type":"Feature","geometry":{"type":"Point","coordinates":[-52.27779091725237,-10.37123734901293]},"properties":{"Fazenda":"FE","Campo":"FE 01","produtividade":196.43504673759998,"unidade_produtividade":"sc/ha","pontos_originais":25,"ano":"2026","cultura":"Milho"}},{"type":"Feature","geometry":{"type":"Point","coordinates":[-52.277562598868926,-10.371238256655968]},"properties":{"Fazenda":"FE","Campo":"FE 01","produtividade":194.42825080799994,"unidade_produtividade":"sc/ha","pontos_originais":25,"ano":"2026","cultura":"Milho"}},{"type":"Feature","geometry":{"type":"Point","coordinates":[-52.27733428046438,-10.371239164136927]},"properties":{"Fazenda":"FE","Campo":"FE 01","produtividade":193.6682806872,"unidade_produtividade":"sc/ha","pontos_originais":25,"ano":"2026","cultura":"Milho"}},{"type":"Feature","geometry":{"type":"Point","coordinates":[-52.277105962038796,-10.37124007145579]},"properties":{"Fazenda":"FE","Campo":"FE 01","produtividade":183.9872054064,"unidade_produtividade":"sc/ha","pontos_originais":25,"ano":"2026","cultura":"Milho"}},{"type":"Feature","geometry":{"type":"Point","coordinates":[-52.278475872276225,-10.371234625111253]},"properties":{"Fazenda":"FE","Campo":"FE 01","produtividade":195.3945546696,"unidade_produtividade":"sc/ha","pontos_originais":25,"ano":"2026","cultura":"Milho"}},{"type":"Feature","geometry":{"type":"Point","coordinates":[-52.278247553956014,-10.371235533240567]},"properties":{"Fazenda":"FE","Campo":"FE 01","produtividade":198.23871835679995,"unidade_produtividade":"sc/ha","pontos_originais":25,"ano":"2026","cultura":"Milho"}},{"type":"Feature","geometry":{"type":"Point","coordinates":[-52.27801923561473,-10.371236441207792]},"properties":{"Fazenda":"FE","Campo":"FE 01","produtividade":198.11173257920004,"unidade_produtividade":"sc/ha","pontos_originais":25,"ano":"2026","cultura":"Milho"}},{"type":"Feature","geometry":{"type":"Point","coordinates":[-52.2796183817032,-10.37145613452596]},"properties":{"Fazenda":"FE","Campo":"FE 01","produtividade":199.69025391920002,"unidade_produtividade":"sc/ha","pontos_originais":25,"ano":"2026","cultura":"Milho"}},{"type":"Feature","geometry":{"type":"Point","coordinates":[-52.27939006332476,-10.37145704348595]},"properties":{"Fazenda":"FE","Campo":"FE 01","produtividade":199.42846949519998,"unidade_produtividade":"sc/ha","pontos_originais":25,"ano":"2026","cultura":"Milho"}},{"type":"Feature","geometry":{"type":"Point","coordinates":[-52.27687764359211,-10.371240978612569]},"properties":{"Fazenda":"FE","Campo":"FE 01","produtividade":157.02737655439995,"unidade_produtividade":"sc/ha","pontos_originais":25,"ano":"2026","cultura":"Milho"}},{"type":"Feature","geometry":{"type":"Point","coordinates":[-52.276740744121554,-10.37126412811024]},"properties":{"Fazenda":"FE","Campo":"FE 01","produtividade":142.46811545999998,"unidade_produtividade":"sc/ha","pontos_originais":4,"ano":"2026","cultura":"Milho"}},{"type":"Feature","geometry":{"type":"Point","coordinates":[-52.27824938829739,-10.371687638465211]},"properties":{"Fazenda":"FE","Campo":"FE 01","produtividade":196.94904639519999,"unidade_produtividade":"sc/ha","pontos_originais":25,"ano":"2026","cultura":"Milho"}},{"type":"Feature","geometry":{"type":"Point","coordinates":[-52.278477706945026,-10.371686730295467]},"properties":{"Fazenda":"FE","Campo":"FE 01","produtividade":195.9828478872,"unidade_produtividade":"sc/ha","pontos_originais":25,"ano":"2026","cultura":"Milho"}},{"type":"Feature","geometry":{"type":"Point","coordinates":[-52.27802106962866,-10.37168854647286]},"properties":{"Fazenda":"FE","Campo":"FE 01","produtividade":195.19692544880002,"unidade_produtividade":"sc/ha","pontos_originais":25,"ano":"2026","cultura":"Milho"}},{"type":"Feature","geometry":{"type":"Point","coordinates":[-52.27779275093887,-10.371689454318412]},"properties":{"Fazenda":"FE","Campo":"FE 01","produtividade":195.75646612719996,"unidade_produtividade":"sc/ha","pontos_originais":25,"ano":"2026","cultura":"Milho"}},{"type":"Feature","geometry":{"type":"Point","coordinates":[-52.279162662761344,-10.37168400481366]},"properties":{"Fazenda":"FE","Campo":"FE 01","produtividade":199.46564711040003,"unidade_produtividade":"sc/ha","pontos_originais":25,"ano":"2026","cultura":"Milho"}},{"type":"Feature","geometry":{"type":"Point","coordinates":[-52.27893434417699,-10.371684913469691]},"properties":{"Fazenda":"FE","Campo":"FE 01","produtividade":197.88524739279998,"unidade_produtividade":"sc/ha","pontos_originais":25,"ano":"2026","cultura":"Milho"}},{"type":"Feature","geometry":{"type":"Point","coordinates":[-52.278706025571545,-10.371685821963629]},"properties":{"Fazenda":"FE","Campo":"FE 01","produtividade":195.5944817552,"unidade_produtividade":"sc/ha","pontos_originais":25,"ano":"2026","cultura":"Milho"}},{"type":"Feature","geometry":{"type":"Point","coordinates":[-52.2768794759689,-10.371693084079654]},"properties":{"Fazenda":"FE","Campo":"FE 01","produtividade":159.96897176480002,"unidade_produtividade":"sc/ha","pontos_originais":25,"ano":"2026","cultura":"Milho"}},{"type":"Feature","geometry":{"type":"Point","coordinates":[-52.27670010880487,-10.371700255418151]},"properties":{"Fazenda":"FE","Campo":"FE 01","produtividade":146.3774681914286,"unidade_produtividade":"sc/ha","pontos_originais":14,"ano":"2026","cultura":"Milho"}},{"type":"Feature","geometry":{"type":"Point","coordinates":[-52.280063458100194,-10.371674253105773]},"properties":{"Fazenda":"FE","Campo":"FE 01","produtividade":151.52067975000003,"unidade_produtividade":"sc/ha","pontos_originais":22,"ano":"2026","cultura":"Milho"}},{"type":"Feature","geometry":{"type":"Point","coordinates":[-52.27984761838774,-10.371681277872987]},"properties":{"Fazenda":"FE","Campo":"FE 01","produtividade":172.3850483432,"unidade_produtividade":"sc/ha","pontos_originais":25,"ano":"2026","cultura":"Milho"}},{"type":"Feature","geometry":{"type":"Point","coordinates":[-52.27756443222799,-10.371690362001868]},"properties":{"Fazenda":"FE","Campo":"FE 01","produtividade":192.89237454960002,"unidade_produtividade":"sc/ha","pontos_originais":25,"ano":"2026","cultura":"Milho"}},{"type":"Feature","geometry":{"type":"Point","coordinates":[-52.277336113496034,-10.371691269523229]},"properties":{"Fazenda":"FE","Campo":"FE 01","produtividade":185.14767980720003,"unidade_produtividade":"sc/ha","pontos_originais":25,"ano":"2026","cultura":"Milho"}},{"type":"Feature","geometry":{"type":"Point","coordinates":[-52.277107794743,-10.37169217688249]},"properties":{"Fazenda":"FE","Campo":"FE 01","produtividade":180.58626785759995,"unidade_produtividade":"sc/ha","pontos_originais":25,"ano":"2026","cultura":"Milho"}},{"type":"Feature","geometry":{"type":"Point","coordinates":[-52.27961929986672,-10.371682187015308]},"properties":{"Fazenda":"FE","Campo":"FE 01","produtividade":198.452944624,"unidade_produtividade":"sc/ha","pontos_originais":25,"ano":"2026","cultura":"Milho"}},{"type":"Feature","geometry":{"type":"Point","coordinates":[-52.27939098132459,-10.37168309599553]},"properties":{"Fazenda":"FE","Campo":"FE 01","produtividade":201.1625801152,"unidade_produtividade":"sc/ha","pontos_originais":25,"ano":"2026","cultura":"Milho"}},{"type":"Feature","geometry":{"type":"Point","coordinates":[-52.27824663681697,-10.371009480623368]},"properties":{"Fazenda":"FE","Campo":"FE 01","produtividade":195.65593052719998,"unidade_produtividade":"sc/ha","pontos_originais":25,"ano":"2026","cultura":"Milho"}},{"type":"Feature","geometry":{"type":"Point","coordinates":[-52.2780183186394,-10.371010388570376]},"properties":{"Fazenda":"FE","Campo":"FE 01","produtividade":195.531890796,"unidade_produtividade":"sc/ha","pontos_originais":25,"ano":"2026","cultura":"Milho"}},{"type":"Feature","geometry":{"type":"Point","coordinates":[-52.27779000044074,-10.371011296355299]},"properties":{"Fazenda":"FE","Campo":"FE 01","produtividade":193.85069916080002,"unidade_produtividade":"sc/ha","pontos_originais":25,"ano":"2026","cultura":"Milho"}},{"type":"Feature","geometry":{"type":"Point","coordinates":[-52.277561682220984,-10.371012203978141]},"properties":{"Fazenda":"FE","Campo":"FE 01","produtividade":192.13638859360003,"unidade_produtividade":"sc/ha","pontos_originais":25,"ano":"2026","cultura":"Milho"}},{"type":"Feature","geometry":{"type":"Point","coordinates":[-52.27893159122316,-10.371006755809821]},"properties":{"Fazenda":"FE","Campo":"FE 01","produtividade":195.7255885288,"unidade_produtividade":"sc/ha","pontos_originais":25,"ano":"2026","cultura":"Milho"}},{"type":"Feature","geometry":{"type":"Point","coordinates":[-52.279159909316384,-10.371005847214464]},"properties":{"Fazenda":"FE","Campo":"FE 01","produtividade":197.14030750479998,"unidade_produtividade":"sc/ha","pontos_originais":25,"ano":"2026","cultura":"Milho"}},{"type":"Feature","geometry":{"type":"Point","coordinates":[-52.278703273108846,-10.371007664243086]},"properties":{"Fazenda":"FE","Campo":"FE 01","produtividade":193.61861481599996,"unidade_produtividade":"sc/ha","pontos_originais":25,"ano":"2026","cultura":"Milho"}},{"type":"Feature","geometry":{"type":"Point","coordinates":[-52.27847495497346,-10.371008572514267]},"properties":{"Fazenda":"FE","Campo":"FE 01","produtividade":194.08650814080002,"unidade_produtividade":"sc/ha","pontos_originais":25,"ano":"2026","cultura":"Milho"}},{"type":"Feature","geometry":{"type":"Point","coordinates":[-52.28023919752285,-10.370993329758782]},"properties":{"Fazenda":"FE","Campo":"FE 01","produtividade":160.0658736,"unidade_produtividade":"sc/ha","pontos_originais":11,"ano":"2026","cultura":"Milho"}},{"type":"Feature","geometry":{"type":"Point","coordinates":[-52.27688054800824,-10.371018678302633]},"properties":{"Fazenda":"FE","Campo":"FE 01","produtividade":158.92551213,"unidade_produtividade":"sc/ha","pontos_originais":24,"ano":"2026","cultura":"Milho"}},{"type":"Feature","geometry":{"type":"Point","coordinates":[-52.28007318147814,-10.371002211212208]},"properties":{"Fazenda":"FE","Campo":"FE 01","produtividade":170.0946231776,"unidade_produtividade":"sc/ha","pontos_originais":25,"ano":"2026","cultura":"Milho"}},{"type":"Feature","geometry":{"type":"Point","coordinates":[-52.279844863469364,-10.371003120455898]},"properties":{"Fazenda":"FE","Campo":"FE 01","produtividade":189.87939842079996,"unidade_produtividade":"sc/ha","pontos_originais":25,"ano":"2026","cultura":"Milho"}},{"type":"Feature","geometry":{"type":"Point","coordinates":[-52.27961654543949,-10.371004029537508]},"properties":{"Fazenda":"FE","Campo":"FE 01","produtividade":199.38596060240002,"unidade_produtividade":"sc/ha","pontos_originais":25,"ano":"2026","cultura":"Milho"}},{"type":"Feature","geometry":{"type":"Point","coordinates":[-52.277333363980176,-10.371013111438897]},"properties":{"Fazenda":"FE","Campo":"FE 01","produtividade":191.7702193088,"unidade_produtividade":"sc/ha","pontos_originais":25,"ano":"2026","cultura":"Milho"}},{"type":"Feature","geometry":{"type":"Point","coordinates":[-52.27710504571829,-10.371014018737567]},"properties":{"Fazenda":"FE","Campo":"FE 01","produtividade":178.56809502399994,"unidade_produtividade":"sc/ha","pontos_originais":25,"ano":"2026","cultura":"Milho"}},{"type":"Feature","geometry":{"type":"Point","coordinates":[-52.27938822738848,-10.371004938457029]},"properties":{"Fazenda":"FE","Campo":"FE 01","produtividade":198.76545616400003,"unidade_produtividade":"sc/ha","pontos_originais":25,"ano":"2026","cultura":"Milho"}},{"type":"Feature","geometry":{"type":"Point","coordinates":[-52.27893250885335,-10.371232808366363]},"properties":{"Fazenda":"FE","Campo":"FE 01","produtividade":197.15512510320005,"unidade_produtividade":"sc/ha","pontos_originais":25,"ano":"2026","cultura":"Milho"}},{"type":"Feature","geometry":{"type":"Point","coordinates":[-52.27916082711026,-10.371231899750782]},"properties":{"Fazenda":"FE","Campo":"FE 01","produtividade":197.4858294112,"unidade_produtividade":"sc/ha","pontos_originais":25,"ano":"2026","cultura":"Milho"}},{"type":"Feature","geometry":{"type":"Point","coordinates":[-52.278704190575326,-10.371233716819853]},"properties":{"Fazenda":"FE","Campo":"FE 01","produtividade":194.6547295703999,"unidade_produtividade":"sc/ha","pontos_originais":25,"ano":"2026","cultura":"Milho"}},{"type":"Feature","geometry":{"type":"Point","coordinates":[-52.28022405883608,-10.371208290145619]},"properties":{"Fazenda":"FE","Campo":"FE 01","produtividade":154.7558967742857,"unidade_produtividade":"sc/ha","pontos_originais":7,"ano":"2026","cultura":"Milho"}},{"type":"Feature","geometry":{"type":"Point","coordinates":[-52.28007409992685,-10.37122826366758]},"properties":{"Fazenda":"FE","Campo":"FE 01","produtividade":162.45348010319998,"unidade_produtividade":"sc/ha","pontos_originais":25,"ano":"2026","cultura":"Milho"}},{"type":"Feature","geometry":{"type":"Point","coordinates":[-52.27984578175438,-10.371229172931514]},"properties":{"Fazenda":"FE","Campo":"FE 01","produtividade":186.8368230696,"unidade_produtividade":"sc/ha","pontos_originais":25,"ano":"2026","cultura":"Milho"}},{"type":"Feature","geometry":{"type":"Point","coordinates":[-52.27961746356079,-10.371230082033357]},"properties":{"Fazenda":"FE","Campo":"FE 01","produtividade":199.5964191936,"unidade_produtividade":"sc/ha","pontos_originais":25,"ano":"2026","cultura":"Milho"}},{"type":"Feature","geometry":{"type":"Point","coordinates":[-52.27938914534607,-10.371230990973112]},"properties":{"Fazenda":"FE","Campo":"FE 01","produtividade":198.21324783920002,"unidade_produtividade":"sc/ha","pontos_originais":25,"ano":"2026","cultura":"Milho"}},{"type":"Feature","geometry":{"type":"Point","coordinates":[-52.280049309223386,-10.36512484623088]},"properties":{"Fazenda":"FE","Campo":"FE 01","produtividade":151.2157289368,"unidade_produtividade":"sc/ha","pontos_originais":25,"ano":"2026","cultura":"Milho"}},{"type":"Feature","geometry":{"type":"Point","coordinates":[-52.28027762295596,-10.365123937351454]},"properties":{"Fazenda":"FE","Campo":"FE 01","produtividade":158.28187133440005,"unidade_produtividade":"sc/ha","pontos_originais":25,"ano":"2026","cultura":"Milho"}},{"type":"Feature","geometry":{"type":"Point","coordinates":[-52.27982099546972,-10.365125754948314]},"properties":{"Fazenda":"FE","Campo":"FE 01","produtividade":142.0233093488,"unidade_produtividade":"sc/ha","pontos_originais":25,"ano":"2026","cultura":"Milho"}},{"type":"Feature","geometry":{"type":"Point","coordinates":[-52.279592681694915,-10.365126663503764]},"properties":{"Fazenda":"FE","Campo":"FE 01","produtividade":136.66712397359998,"unidade_produtividade":"sc/ha","pontos_originais":25,"ano":"2026","cultura":"Milho"}},{"type":"Feature","geometry":{"type":"Point","coordinates":[-52.28073425035769,-10.365122119106626]},"properties":{"Fazenda":"FE","Campo":"FE 01","produtividade":169.7788495304,"unidade_produtividade":"sc/ha","pontos_originais":25,"ano":"2026","cultura":"Milho"}},{"type":"Feature","geometry":{"type":"Point","coordinates":[-52.280962564026915,-10.36512120974123]},"properties":{"Fazenda":"FE","Campo":"FE 01","produtividade":172.70955349119998,"unidade_produtividade":"sc/ha","pontos_originais":25,"ano":"2026","cultura":"Milho"}},{"type":"Feature","geometry":{"type":"Point","coordinates":[-52.28050593666739,-10.365123028310034]},"properties":{"Fazenda":"FE","Campo":"FE 01","produtividade":164.91798282079998,"unidade_produtividade":"sc/ha","pontos_originais":25,"ano":"2026","cultura":"Milho"}},{"type":"Feature","geometry":{"type":"Point","coordinates":[-52.28324569955599,-10.365112107177755]},"properties":{"Fazenda":"FE","Campo":"FE 01","produtividade":171.4897104096,"unidade_produtividade":"sc/ha","pontos_originais":25,"ano":"2026","cultura":"Milho"}},{"type":"Feature","geometry":{"type":"Point","coordinates":[-52.28347401299252,-10.365111196030456]},"properties":{"Fazenda":"FE","Campo":"FE 01","produtividade":158.41684792559997,"unidade_produtividade":"sc/ha","pontos_originais":25,"ano":"2026","cultura":"Milho"}},{"type":"Feature","geometry":{"type":"Point","coordinates":[-52.283017386098294,-10.365113018163054]},"properties":{"Fazenda":"FE","Campo":"FE 01","produtividade":181.17511546640003,"unidade_produtividade":"sc/ha","pontos_originais":25,"ano":"2026","cultura":"Milho"}},{"type":"Feature","geometry":{"type":"Point","coordinates":[-52.28278907261939,-10.365113928986366]},"properties":{"Fazenda":"FE","Campo":"FE 01","produtividade":179.58480672879995,"unidade_produtividade":"sc/ha","pontos_originais":25,"ano":"2026","cultura":"Milho"}},{"type":"Feature","geometry":{"type":"Point","coordinates":[-52.28392681923345,-10.365105620906231]},"properties":{"Fazenda":"FE","Campo":"FE 01","produtividade":128.89646591250002,"unidade_produtividade":"sc/ha","pontos_originais":24,"ano":"2026","cultura":"Milho"}},{"type":"Feature","geometry":{"type":"Point","coordinates":[-52.27943863869304,-10.365144230637707]},"properties":{"Fazenda":"FE","Campo":"FE 01","produtividade":135.67249910499999,"unidade_produtividade":"sc/ha","pontos_originais":8,"ano":"2026","cultura":"Milho"}},{"type":"Feature","geometry":{"type":"Point","coordinates":[-52.28370232640792,-10.365110284721172]},"properties":{"Fazenda":"FE","Campo":"FE 01","produtividade":141.10481867680002,"unidade_produtividade":"sc/ha","pontos_originais":25,"ano":"2026","cultura":"Milho"}},{"type":"Feature","geometry":{"type":"Point","coordinates":[-52.28256075911935,-10.365114839647692]},"properties":{"Fazenda":"FE","Campo":"FE 01","produtividade":165.9839229224,"unidade_produtividade":"sc/ha","pontos_originais":25,"ano":"2026","cultura":"Milho"}},{"type":"Feature","geometry":{"type":"Point","coordinates":[-52.28164750490767,-10.365118480673084]},"properties":{"Fazenda":"FE","Campo":"FE 01","produtividade":164.57497462560002,"unidade_produtividade":"sc/ha","pontos_originais":25,"ano":"2026","cultura":"Milho"}},{"type":"Feature","geometry":{"type":"Point","coordinates":[-52.281419191301886,-10.365119390524455]},"properties":{"Fazenda":"FE","Campo":"FE 01","produtividade":168.5569327816,"unidade_produtividade":"sc/ha","pontos_originais":25,"ano":"2026","cultura":"Milho"}},{"type":"Feature","geometry":{"type":"Point","coordinates":[-52.28119087767495,-10.365120300213839]},"properties":{"Fazenda":"FE","Campo":"FE 01","produtividade":173.30809555840003,"unidade_produtividade":"sc/ha","pontos_originais":25,"ano":"2026","cultura":"Milho"}},{"type":"Feature","geometry":{"type":"Point","coordinates":[-52.28233244559815,-10.365115750147021]},"properties":{"Fazenda":"FE","Campo":"FE 01","produtividade":138.1183312696,"unidade_produtividade":"sc/ha","pontos_originais":25,"ano":"2026","cultura":"Milho"}},{"type":"Feature","geometry":{"type":"Point","coordinates":[-52.28209209619784,-10.365111949394374]},"properties":{"Fazenda":"FE","Campo":"FE 01","produtividade":133.1361092831579,"unidade_produtividade":"sc/ha","pontos_originais":19,"ano":"2026","cultura":"Milho"}},{"type":"Feature","geometry":{"type":"Point","coordinates":[-52.28187581849231,-10.36511757065972]},"properties":{"Fazenda":"FE","Campo":"FE 01","produtividade":152.86351256,"unidade_produtividade":"sc/ha","pontos_originais":25,"ano":"2026","cultura":"Milho"}},{"type":"Feature","geometry":{"type":"Point","coordinates":[-52.28210505142778,-10.36534271284035]},"properties":{"Fazenda":"FE","Campo":"FE 01","produtividade":139.528727536,"unidade_produtividade":"sc/ha","pontos_originais":20,"ano":"2026","cultura":"Milho"}},{"type":"Feature","geometry":{"type":"Point","coordinates":[-52.2818767377009,-10.365343623037598]},"properties":{"Fazenda":"FE","Campo":"FE 01","produtividade":162.93976790959996,"unidade_produtividade":"sc/ha","pontos_originais":25,"ano":"2026","cultura":"Milho"}},{"type":"Feature","geometry":{"type":"Point","coordinates":[-52.28164842395262,-10.365344533071227]},"properties":{"Fazenda":"FE","Campo":"FE 01","produtividade":175.629314168,"unidade_produtividade":"sc/ha","pontos_originais":25,"ano":"2026","cultura":"Milho"}},{"type":"Feature","geometry":{"type":"Point","coordinates":[-52.28142011018323,-10.365345442942866]},"properties":{"Fazenda":"FE","Campo":"FE 01","produtividade":171.91466057920002,"unidade_produtividade":"sc/ha","pontos_originais":25,"ano":"2026","cultura":"Milho"}},{"type":"Feature","geometry":{"type":"Point","coordinates":[-52.28278999248241,-10.36533998128313]},"properties":{"Fazenda":"FE","Campo":"FE 01","produtividade":182.1430330368,"unidade_produtividade":"sc/ha","pontos_originais":25,"ano":"2026","cultura":"Milho"}},{"type":"Feature","geometry":{"type":"Point","coordinates":[-52.283018306124895,-10.365339070439532]},"properties":{"Fazenda":"FE","Campo":"FE 01","produtividade":179.89433432079997,"unidade_produtividade":"sc/ha","pontos_originais":25,"ano":"2026","cultura":"Milho"}},{"type":"Feature","geometry":{"type":"Point","coordinates":[-52.282561678818766,-10.36534089196474]},"properties":{"Fazenda":"FE","Campo":"FE 01","produtividade":170.44463674479996,"unidade_produtividade":"sc/ha","pontos_originais":25,"ano":"2026","cultura":"Milho"}},{"type":"Feature","geometry":{"type":"Point","coordinates":[-52.28233336513394,-10.365341802484352]},"properties":{"Fazenda":"FE","Campo":"FE 01","produtividade":141.9960073488,"unidade_produtividade":"sc/ha","pontos_originais":25,"ano":"2026","cultura":"Milho"}},{"type":"Feature","geometry":{"type":"Point","coordinates":[-52.28050685489432,-10.365349080809473]},"properties":{"Fazenda":"FE","Campo":"FE 01","produtividade":166.2012288552,"unidade_produtividade":"sc/ha","pontos_originais":25,"ano":"2026","cultura":"Milho"}},{"type":"Feature","geometry":{"type":"Point","coordinates":[-52.280735168748215,-10.365348171585815]},"properties":{"Fazenda":"FE","Campo":"FE 01","produtividade":170.49814095600001,"unidade_produtividade":"sc/ha","pontos_originais":25,"ano":"2026","cultura":"Milho"}},{"type":"Feature","geometry":{"type":"Point","coordinates":[-52.28027854101924,-10.365349989871138]},"properties":{"Fazenda":"FE","Campo":"FE 01","produtividade":161.48749037519997,"unidade_produtividade":"sc/ha","pontos_originais":25,"ano":"2026","cultura":"Milho"}},{"type":"Feature","geometry":{"type":"Point","coordinates":[-52.28005022712309,-10.36535089877081]},"properties":{"Fazenda":"FE","Campo":"FE 01","produtividade":158.5698110744,"unidade_produtividade":"sc/ha","pontos_originais":25,"ano":"2026","cultura":"Milho"}},{"type":"Feature","geometry":{"type":"Point","coordinates":[-52.2811917963927,-10.365346352652509]},"properties":{"Fazenda":"FE","Campo":"FE 01","produtividade":174.06417787440006,"unidade_produtividade":"sc/ha","pontos_originais":25,"ano":"2026","cultura":"Milho"}},{"type":"Feature","geometry":{"type":"Point","coordinates":[-52.28096348258103,-10.365347262200157]},"properties":{"Fazenda":"FE","Campo":"FE 01","produtividade":174.073967408,"unidade_produtividade":"sc/ha","pontos_originais":25,"ano":"2026","cultura":"Milho"}},{"type":"Feature","geometry":{"type":"Point","coordinates":[-52.283474933346376,-10.365337248266346]},"properties":{"Fazenda":"FE","Campo":"FE 01","produtividade":135.5677039112,"unidade_produtividade":"sc/ha","pontos_originais":25,"ano":"2026","cultura":"Milho"}},{"type":"Feature","geometry":{"type":"Point","coordinates":[-52.28370324692535,-10.365336336936766]},"properties":{"Fazenda":"FE","Campo":"FE 01","produtividade":125.4088102256,"unidade_produtividade":"sc/ha","pontos_originais":25,"ano":"2026","cultura":"Milho"}},{"type":"Feature","geometry":{"type":"Point","coordinates":[-52.283246619746215,-10.365338159433936]},"properties":{"Fazenda":"FE","Campo":"FE 01","produtividade":157.8955788696,"unidade_produtividade":"sc/ha","pontos_originais":25,"ano":"2026","cultura":"Milho"}},{"type":"Feature","geometry":{"type":"Point","coordinates":[-52.28386550093912,-10.365310571875893]},"properties":{"Fazenda":"FE","Campo":"FE 01","produtividade":123.26850680222225,"unidade_produtividade":"sc/ha","pontos_originais":9,"ano":"2026","cultura":"Milho"}},{"type":"Feature","geometry":{"type":"Point","coordinates":[-52.279821913205794,-10.365351807508484]},"properties":{"Fazenda":"FE","Campo":"FE 01","produtividade":147.9754157992,"unidade_produtividade":"sc/ha","pontos_originais":25,"ano":"2026","cultura":"Milho"}},{"type":"Feature","geometry":{"type":"Point","coordinates":[-52.27959359926741,-10.365352716084168]},"properties":{"Fazenda":"FE","Campo":"FE 01","produtividade":140.92948137840003,"unidade_produtividade":"sc/ha","pontos_originais":25,"ano":"2026","cultura":"Milho"}},{"type":"Feature","geometry":{"type":"Point","coordinates":[-52.27941801548957,-10.365363848079749]},"properties":{"Fazenda":"FE","Campo":"FE 01","produtividade":139.07339713384616,"unidade_produtividade":"sc/ha","pontos_originais":13,"ano":"2026","cultura":"Milho"}},{"type":"Feature","geometry":{"type":"Point","coordinates":[-52.28096440115629,-10.365573314655837]},"properties":{"Fazenda":"FE","Campo":"FE 01","produtividade":174.18388012079998,"unidade_produtividade":"sc/ha","pontos_originais":25,"ano":"2026","cultura":"Milho"}},{"type":"Feature","geometry":{"type":"Point","coordinates":[-52.28073608715987,-10.365574224061747]},"properties":{"Fazenda":"FE","Campo":"FE 01","produtividade":169.84829618240002,"unidade_produtividade":"sc/ha","pontos_originais":25,"ano":"2026","cultura":"Milho"}},{"type":"Feature","geometry":{"type":"Point","coordinates":[-52.28050777314235,-10.365575133305658]},"properties":{"Fazenda":"FE","Campo":"FE 01","produtividade":166.23679083439995,"unidade_produtividade":"sc/ha","pontos_originais":25,"ano":"2026","cultura":"Milho"}},{"type":"Feature","geometry":{"type":"Point","coordinates":[-52.28027945910367,-10.36557604238757]},"properties":{"Fazenda":"FE","Campo":"FE 01","produtividade":161.62973572239997,"unidade_produtividade":"sc/ha","pontos_originais":25,"ano":"2026","cultura":"Milho"}},{"type":"Feature","geometry":{"type":"Point","coordinates":[-52.281649343018735,-10.365570585466124]},"properties":{"Fazenda":"FE","Campo":"FE 01","produtividade":162.8726133408,"unidade_produtividade":"sc/ha","pontos_originais":25,"ano":"2026","cultura":"Milho"}},{"type":"Feature","geometry":{"type":"Point","coordinates":[-52.28187765693061,-10.365569675412225]},"properties":{"Fazenda":"FE","Campo":"FE 01","produtividade":148.3698487568,"unidade_produtividade":"sc/ha","pontos_originais":25,"ano":"2026","cultura":"Milho"}},{"type":"Feature","geometry":{"type":"Point","coordinates":[-52.28142102908571,-10.365571495358026]},"properties":{"Fazenda":"FE","Campo":"FE 01","produtividade":173.24870503599996,"unidade_produtividade":"sc/ha","pontos_originais":25,"ano":"2026","cultura":"Milho"}},{"type":"Feature","geometry":{"type":"Point","coordinates":[-52.281192715131574,-10.36557240508793]},"properties":{"Fazenda":"FE","Campo":"FE 01","produtividade":173.84328349520004,"unidade_produtividade":"sc/ha","pontos_originais":25,"ano":"2026","cultura":"Milho"}},{"type":"Feature","geometry":{"type":"Point","coordinates":[-52.27959451686097,-10.36557876866132]},"properties":{"Fazenda":"FE","Campo":"FE 01","produtividade":145.82885739839995,"unidade_produtividade":"sc/ha","pontos_originais":25,"ano":"2026","cultura":"Milho"}},{"type":"Feature","geometry":{"type":"Point","coordinates":[-52.279396675202776,-10.36558709106962]},"properties":{"Fazenda":"FE","Campo":"FE 01","produtividade":141.78997571444444,"unidade_produtividade":"sc/ha","pontos_originais":18,"ano":"2026","cultura":"Milho"}},{"type":"Feature","geometry":{"type":"Point","coordinates":[-52.283867432832444,-10.365606948529372]},"properties":{"Fazenda":"FE","Campo":"FE 01","produtividade":111.55552920285716,"unidade_produtividade":"sc/ha","pontos_originais":7,"ano":"2026","cultura":"Milho"}},{"type":"Feature","geometry":{"type":"Point","coordinates":[-52.28370416746398,-10.365562389149106]},"properties":{"Fazenda":"FE","Campo":"FE 01","produtividade":115.2180303736,"unidade_produtividade":"sc/ha","pontos_originais":25,"ano":"2026","cultura":"Milho"}},{"type":"Feature","geometry":{"type":"Point","coordinates":[-52.283475853721384,-10.365563300498986]},"properties":{"Fazenda":"FE","Campo":"FE 01","produtividade":130.30653784720002,"unidade_produtividade":"sc/ha","pontos_originais":25,"ano":"2026","cultura":"Milho"}},{"type":"Feature","geometry":{"type":"Point","coordinates":[-52.2800511450439,-10.365576951307487]},"properties":{"Fazenda":"FE","Campo":"FE 01","produtividade":164.63193494879997,"unidade_produtividade":"sc/ha","pontos_originais":25,"ano":"2026","cultura":"Milho"}},{"type":"Feature","geometry":{"type":"Point","coordinates":[-52.279822830963006,-10.365577860065406]},"properties":{"Fazenda":"FE","Campo":"FE 01","produtividade":153.169384896,"unidade_produtividade":"sc/ha","pontos_originais":25,"ano":"2026","cultura":"Milho"}},{"type":"Feature","geometry":{"type":"Point","coordinates":[-52.28256259853933,-10.365566944278534]},"properties":{"Fazenda":"FE","Campo":"FE 01","produtividade":175.53061583199997,"unidade_produtividade":"sc/ha","pontos_originais":25,"ano":"2026","cultura":"Milho"}},{"type":"Feature","geometry":{"type":"Point","coordinates":[-52.282334284690904,-10.365567854818428]},"properties":{"Fazenda":"FE","Campo":"FE 01","produtividade":151.76356123280001,"unidade_produtividade":"sc/ha","pontos_originais":25,"ano":"2026","cultura":"Milho"}},{"type":"Feature","geometry":{"type":"Point","coordinates":[-52.282118006697,-10.365573476281675]},"properties":{"Fazenda":"FE","Campo":"FE 01","produtividade":136.66324029368423,"unidade_produtividade":"sc/ha","pontos_originais":19,"ano":"2026","cultura":"Milho"}},{"type":"Feature","geometry":{"type":"Point","coordinates":[-52.28324753995762,-10.36556421168687]},"properties":{"Fazenda":"FE","Campo":"FE 01","produtividade":158.20491309919998,"unidade_produtividade":"sc/ha","pontos_originais":25,"ano":"2026","cultura":"Milho"}},{"type":"Feature","geometry":{"type":"Point","coordinates":[-52.283019226172684,-10.365565122712757]},"properties":{"Fazenda":"FE","Campo":"FE 01","produtividade":182.64802817359995,"unidade_produtividade":"sc/ha","pontos_originais":25,"ano":"2026","cultura":"Milho"}},{"type":"Feature","geometry":{"type":"Point","coordinates":[-52.28279091236659,-10.365566033576645]},"properties":{"Fazenda":"FE","Campo":"FE 01","produtividade":185.9858415712,"unidade_produtividade":"sc/ha","pontos_originais":25,"ano":"2026","cultura":"Milho"}},{"type":"Feature","geometry":{"type":"Point","coordinates":[-52.283472172348354,-10.36465909154892]},"properties":{"Fazenda":"FE","Campo":"FE 01","produtividade":177.49061677600002,"unidade_produtividade":"sc/ha","pontos_originais":25,"ano":"2026","cultura":"Milho"}},{"type":"Feature","geometry":{"type":"Point","coordinates":[-52.283243859239036,-10.364660002655624]},"properties":{"Fazenda":"FE","Campo":"FE 01","produtividade":179.88845443359997,"unidade_produtividade":"sc/ha","pontos_originais":25,"ano":"2026","cultura":"Milho"}},{"type":"Feature","geometry":{"type":"Point","coordinates":[-52.28301554610853,-10.364660913600348]},"properties":{"Fazenda":"FE","Campo":"FE 01","produtividade":180.20983430559997,"unidade_produtividade":"sc/ha","pontos_originais":25,"ano":"2026","cultura":"Milho"}},{"type":"Feature","geometry":{"type":"Point","coordinates":[-52.28278723295685,-10.364661824383086]},"properties":{"Fazenda":"FE","Campo":"FE 01","produtividade":174.60506325679998,"unidade_produtividade":"sc/ha","pontos_originais":25,"ano":"2026","cultura":"Milho"}},{"type":"Feature","geometry":{"type":"Point","coordinates":[-52.28415711154934,-10.36465635725691]},"properties":{"Fazenda":"FE","Campo":"FE 01","produtividade":141.55676763359997,"unidade_produtividade":"sc/ha","pontos_originais":25,"ano":"2026","cultura":"Milho"}},{"type":"Feature","geometry":{"type":"Point","coordinates":[-52.28438542457397,-10.364655445502274]},"properties":{"Fazenda":"FE","Campo":"FE 01","produtividade":131.68888179039996,"unidade_produtividade":"sc/ha","pontos_originais":25,"ano":"2026","cultura":"Milho"}},{"type":"Feature","geometry":{"type":"Point","coordinates":[-52.283928798503524,-10.364657268849562]},"properties":{"Fazenda":"FE","Campo":"FE 01","produtividade":159.31122290160002,"unidade_produtividade":"sc/ha","pontos_originais":25,"ano":"2026","cultura":"Milho"}},{"type":"Feature","geometry":{"type":"Point","coordinates":[-52.28370048543654,-10.36465818028023]},"properties":{"Fazenda":"FE","Campo":"FE 01","produtividade":171.3833797192,"unidade_produtividade":"sc/ha","pontos_originais":25,"ano":"2026","cultura":"Milho"}},{"type":"Feature","geometry":{"type":"Point","coordinates":[-52.281873980138606,-10.364665465894213]},"properties":{"Fazenda":"FE","Campo":"FE 01","produtividade":142.0654957568,"unidade_produtividade":"sc/ha","pontos_originais":25,"ano":"2026","cultura":"Milho"}},{"type":"Feature","geometry":{"type":"Point","coordinates":[-52.282098472831386,-10.364660803390652]},"properties":{"Fazenda":"FE","Campo":"FE 01","produtividade":127.52571613833334,"unidade_produtividade":"sc/ha","pontos_originais":24,"ano":"2026","cultura":"Milho"}},{"type":"Feature","geometry":{"type":"Point","coordinates":[-52.28164566688116,-10.364666375867037]},"properties":{"Fazenda":"FE","Campo":"FE 01","produtividade":153.0382569232,"unidade_produtividade":"sc/ha","pontos_originais":25,"ano":"2026","cultura":"Milho"}},{"type":"Feature","geometry":{"type":"Point","coordinates":[-52.28141735360257,-10.36466728567788]},"properties":{"Fazenda":"FE","Campo":"FE 01","produtividade":160.54282447279996,"unidade_produtividade":"sc/ha","pontos_originais":25,"ano":"2026","cultura":"Milho"}},{"type":"Feature","geometry":{"type":"Point","coordinates":[-52.28255891978403,-10.364662735003844]},"properties":{"Fazenda":"FE","Campo":"FE 01","produtividade":156.68853175360002,"unidade_produtividade":"sc/ha","pontos_originais":25,"ano":"2026","cultura":"Milho"}},{"type":"Feature","geometry":{"type":"Point","coordinates":[-52.28235343791069,-10.36466355442646]},"properties":{"Fazenda":"FE","Campo":"FE 01","produtividade":134.474742699,"unidade_produtividade":"sc/ha","pontos_originais":20,"ano":"2026","cultura":"Milho"}},{"type":"Feature","geometry":{"type":"Point","coordinates":[-52.28118904030286,-10.364668195326738]},"properties":{"Fazenda":"FE","Campo":"FE 01","produtividade":168.7202886776,"unidade_produtividade":"sc/ha","pontos_originais":25,"ano":"2026","cultura":"Milho"}},{"type":"Feature","geometry":{"type":"Point","coordinates":[-52.28096072698201,-10.364669104813615]},"properties":{"Fazenda":"FE","Campo":"FE 01","produtividade":173.44323274960004,"unidade_produtividade":"sc/ha","pontos_originais":25,"ano":"2026","cultura":"Milho"}},{"type":"Feature","geometry":{"type":"Point","coordinates":[-52.28073241364004,-10.364670014138504]},"properties":{"Fazenda":"FE","Campo":"FE 01","produtividade":172.3442887056,"unidade_produtividade":"sc/ha","pontos_originais":25,"ano":"2026","cultura":"Milho"}},{"type":"Feature","geometry":{"type":"Point","coordinates":[-52.28050410027692,-10.36467092330141]},"properties":{"Fazenda":"FE","Campo":"FE 01","produtividade":164.23773068559996,"unidade_produtividade":"sc/ha","pontos_originais":25,"ano":"2026","cultura":"Milho"}},{"type":"Feature","geometry":{"type":"Point","coordinates":[-52.27981916006088,-10.364673649818227]},"properties":{"Fazenda":"FE","Campo":"FE 01","produtividade":134.3827733424,"unidade_produtividade":"sc/ha","pontos_originais":25,"ano":"2026","cultura":"Milho"}},{"type":"Feature","geometry":{"type":"Point","coordinates":[-52.2795908466133,-10.3646745583332]},"properties":{"Fazenda":"FE","Campo":"FE 01","produtividade":122.93827794159995,"unidade_produtividade":"sc/ha","pontos_originais":25,"ano":"2026","cultura":"Milho"}},{"type":"Feature","geometry":{"type":"Point","coordinates":[-52.279392944364574,-10.364667810497602]},"properties":{"Fazenda":"FE","Campo":"FE 01","produtividade":128.94639756777778,"unidade_produtividade":"sc/ha","pontos_originais":18,"ano":"2026","cultura":"Milho"}},{"type":"Feature","geometry":{"type":"Point","coordinates":[-52.2802757868927,-10.364671832302335]},"properties":{"Fazenda":"FE","Campo":"FE 01","produtividade":150.72739058960002,"unidade_produtividade":"sc/ha","pontos_originais":25,"ano":"2026","cultura":"Milho"}},{"type":"Feature","geometry":{"type":"Point","coordinates":[-52.28004747348736,-10.364672741141272]},"properties":{"Fazenda":"FE","Campo":"FE 01","produtividade":143.47916569359998,"unidade_produtividade":"sc/ha","pontos_originais":25,"ano":"2026","cultura":"Milho"}},{"type":"Feature","geometry":{"type":"Point","coordinates":[-52.28187489930488,-10.364891518278593]},"properties":{"Fazenda":"FE","Campo":"FE 01","produtividade":143.5195289704,"unidade_produtividade":"sc/ha","pontos_originais":25,"ano":"2026","cultura":"Milho"}},{"type":"Feature","geometry":{"type":"Point","coordinates":[-52.281646585883834,-10.364892428271688]},"properties":{"Fazenda":"FE","Campo":"FE 01","produtividade":156.05791336960002,"unidade_produtividade":"sc/ha","pontos_originais":25,"ano":"2026","cultura":"Milho"}},{"type":"Feature","geometry":{"type":"Point","coordinates":[-52.28141827244166,-10.364893338102792]},"properties":{"Fazenda":"FE","Campo":"FE 01","produtividade":165.0017267272,"unidade_produtividade":"sc/ha","pontos_originais":25,"ano":"2026","cultura":"Milho"}},{"type":"Feature","geometry":{"type":"Point","coordinates":[-52.28118995897834,-10.364894247771913]},"properties":{"Fazenda":"FE","Campo":"FE 01","produtividade":171.8082727152,"unidade_produtividade":"sc/ha","pontos_originais":25,"ano":"2026","cultura":"Milho"}},{"type":"Feature","geometry":{"type":"Point","coordinates":[-52.28255983944111,-10.364888787327395]},"properties":{"Fazenda":"FE","Campo":"FE 01","produtividade":164.8238737904,"unidade_produtividade":"sc/ha","pontos_originais":25,"ano":"2026","cultura":"Milho"}},{"type":"Feature","geometry":{"type":"Point","coordinates":[-52.28278815277755,-10.364887876686353]},"properties":{"Fazenda":"FE","Campo":"FE 01","produtividade":179.46884581999996,"unidade_produtividade":"sc/ha","pontos_originais":25,"ano":"2026","cultura":"Milho"}},{"type":"Feature","geometry":{"type":"Point","coordinates":[-52.282331526083524,-10.364889697806447]},"properties":{"Fazenda":"FE","Campo":"FE 01","produtividade":137.19241830800001,"unidade_produtividade":"sc/ha","pontos_originais":25,"ano":"2026","cultura":"Milho"}},{"type":"Feature","geometry":{"type":"Point","coordinates":[-52.282076757062505,-10.364885954523793]},"properties":{"Fazenda":"FE","Campo":"FE 01","produtividade":128.1799011494737,"unidade_produtividade":"sc/ha","pontos_originais":19,"ano":"2026","cultura":"Milho"}},{"type":"Feature","geometry":{"type":"Point","coordinates":[-52.2805050184616,-10.364896975807348]},"properties":{"Fazenda":"FE","Campo":"FE 01","produtividade":161.7291060088,"unidade_produtividade":"sc/ha","pontos_originais":25,"ano":"2026","cultura":"Milho"}},{"type":"Feature","geometry":{"type":"Point","coordinates":[-52.28027670491376,-10.364897884828517]},"properties":{"Fazenda":"FE","Campo":"FE 01","produtividade":149.18788862559998,"unidade_produtividade":"sc/ha","pontos_originais":25,"ano":"2026","cultura":"Milho"}},{"type":"Feature","geometry":{"type":"Point","coordinates":[-52.28004839134482,-10.364898793687702]},"properties":{"Fazenda":"FE","Campo":"FE 01","produtividade":142.34973527280002,"unidade_produtividade":"sc/ha","pontos_originais":25,"ano":"2026","cultura":"Milho"}},{"type":"Feature","geometry":{"type":"Point","coordinates":[-52.27982007775475,-10.3648997023849]},"properties":{"Fazenda":"FE","Campo":"FE 01","produtividade":136.37244096079996,"unidade_produtividade":"sc/ha","pontos_originais":25,"ano":"2026","cultura":"Milho"}},{"type":"Feature","geometry":{"type":"Point","coordinates":[-52.28096164549388,-10.364895157279047]},"properties":{"Fazenda":"FE","Campo":"FE 01","produtividade":172.1513104608,"unidade_produtividade":"sc/ha","pontos_originais":25,"ano":"2026","cultura":"Milho"}},{"type":"Feature","geometry":{"type":"Point","coordinates":[-52.280733331988316,-10.36489606662419]},"properties":{"Fazenda":"FE","Campo":"FE 01","produtividade":169.51912078639998,"unidade_produtividade":"sc/ha","pontos_originais":25,"ano":"2026","cultura":"Milho"}},{"type":"Feature","geometry":{"type":"Point","coordinates":[-52.28434041977493,-10.364817093702026]},"properties":{"Fazenda":"FE","Campo":"FE 01","produtividade":131.1830769542857,"unidade_produtividade":"sc/ha","pontos_originais":7,"ano":"2026","cultura":"Milho"}},{"type":"Feature","geometry":{"type":"Point","coordinates":[-52.28415421178368,-10.364878657097378]},"properties":{"Fazenda":"FE","Campo":"FE 01","produtividade":131.97014715499998,"unidade_produtividade":"sc/ha","pontos_originais":24,"ano":"2026","cultura":"Milho"}},{"type":"Feature","geometry":{"type":"Point","coordinates":[-52.28347309265986,-10.364885143791314]},"properties":{"Fazenda":"FE","Campo":"FE 01","produtividade":174.26690453919997,"unidade_produtividade":"sc/ha","pontos_originais":25,"ano":"2026","cultura":"Milho"}},{"type":"Feature","geometry":{"type":"Point","coordinates":[-52.283244779386926,-10.364886054918314]},"properties":{"Fazenda":"FE","Campo":"FE 01","produtividade":179.7527891896,"unidade_produtividade":"sc/ha","pontos_originais":25,"ano":"2026","cultura":"Milho"}},{"type":"Feature","geometry":{"type":"Point","coordinates":[-52.28301646609281,-10.364886965883324]},"properties":{"Fazenda":"FE","Campo":"FE 01","produtividade":183.11005959839997,"unidade_produtividade":"sc/ha","pontos_originais":25,"ano":"2026","cultura":"Milho"}},{"type":"Feature","geometry":{"type":"Point","coordinates":[-52.28392971914222,-10.364883321051355]},"properties":{"Fazenda":"FE","Campo":"FE 01","produtividade":137.9262999224,"unidade_produtividade":"sc/ha","pontos_originais":25,"ano":"2026","cultura":"Milho"}},{"type":"Feature","geometry":{"type":"Point","coordinates":[-52.283701405911636,-10.364884232502328]},"properties":{"Fazenda":"FE","Campo":"FE 01","produtividade":159.1430162432,"unidade_produtividade":"sc/ha","pontos_originais":25,"ano":"2026","cultura":"Milho"}},{"type":"Feature","geometry":{"type":"Point","coordinates":[-52.27959176414356,-10.364900610920104]},"properties":{"Fazenda":"FE","Campo":"FE 01","produtividade":129.24736799919998,"unidade_produtividade":"sc/ha","pontos_originais":25,"ano":"2026","cultura":"Milho"}},{"type":"Feature","geometry":{"type":"Point","coordinates":[-52.27944165083898,-10.364881831937868]},"properties":{"Fazenda":"FE","Campo":"FE 01","produtividade":131.33411437142857,"unidade_produtividade":"sc/ha","pontos_originais":7,"ano":"2026","cultura":"Milho"}},{"type":"Feature","geometry":{"type":"Point","coordinates":[-52.284097824065874,-10.365048424157688]},"properties":{"Fazenda":"FE","Campo":"FE 01","produtividade":132.50312903666665,"unidade_produtividade":"sc/ha","pontos_originais":6,"ano":"2026","cultura":"Milho"}},{"type":"Feature","geometry":{"type":"Point","coordinates":[-52.282557080533316,-10.364210630346992]},"properties":{"Fazenda":"FE","Campo":"FE 01","produtividade":148.21926570000005,"unidade_produtividade":"sc/ha","pontos_originais":25,"ano":"2026","cultura":"Milho"}},{"type":"Feature","geometry":{"type":"Point","coordinates":[-52.28233115160372,-10.364206772183868]},"properties":{"Fazenda":"FE","Campo":"FE 01","produtividade":130.44739818,"unidade_produtividade":"sc/ha","pontos_originais":19,"ano":"2026","cultura":"Milho"}},{"type":"Feature","geometry":{"type":"Point","coordinates":[-52.28210045477854,-10.364212451021439]},"properties":{"Fazenda":"FE","Campo":"FE 01","produtividade":134.27766899359997,"unidade_produtividade":"sc/ha","pontos_originais":25,"ano":"2026","cultura":"Milho"}},{"type":"Feature","geometry":{"type":"Point","coordinates":[-52.281872141869464,-10.364213361115706]},"properties":{"Fazenda":"FE","Campo":"FE 01","produtividade":149.47614314159998,"unidade_produtividade":"sc/ha","pontos_originais":25,"ano":"2026","cultura":"Milho"}},{"type":"Feature","geometry":{"type":"Point","coordinates":[-52.283242019006735,-10.364207898120494]},"properties":{"Fazenda":"FE","Campo":"FE 01","produtividade":178.85647416560002,"unidade_produtividade":"sc/ha","pontos_originais":25,"ano":"2026","cultura":"Milho"}},{"type":"Feature","geometry":{"type":"Point","coordinates":[-52.283013706203434,-10.364208809024634]},"properties":{"Fazenda":"FE","Campo":"FE 01","produtividade":175.57603608160002,"unidade_produtividade":"sc/ha","pontos_originais":25,"ano":"2026","cultura":"Milho"}},{"type":"Feature","geometry":{"type":"Point","coordinates":[-52.28278539337895,-10.3642097197668]},"properties":{"Fazenda":"FE","Campo":"FE 01","produtividade":168.42088402479996,"unidade_produtividade":"sc/ha","pontos_originais":25,"ano":"2026","cultura":"Milho"}},{"type":"Feature","geometry":{"type":"Point","coordinates":[-52.28095889002166,-10.36421699987299]},"properties":{"Fazenda":"FE","Campo":"FE 01","produtividade":171.4227061624,"unidade_produtividade":"sc/ha","pontos_originais":25,"ano":"2026","cultura":"Milho"}},{"type":"Feature","geometry":{"type":"Point","coordinates":[-52.28073057700688,-10.364217909157372]},"properties":{"Fazenda":"FE","Campo":"FE 01","produtividade":170.15346444800002,"unidade_produtividade":"sc/ha","pontos_originais":25,"ano":"2026","cultura":"Milho"}},{"type":"Feature","geometry":{"type":"Point","coordinates":[-52.280502263970966,-10.364218818279777]},"properties":{"Fazenda":"FE","Campo":"FE 01","produtividade":164.4345286408,"unidade_produtividade":"sc/ha","pontos_originais":25,"ano":"2026","cultura":"Milho"}},{"type":"Feature","geometry":{"type":"Point","coordinates":[-52.28027395091392,-10.364219727240206]},"properties":{"Fazenda":"FE","Campo":"FE 01","produtividade":150.7320563408,"unidade_produtividade":"sc/ha","pontos_originais":25,"ano":"2026","cultura":"Milho"}},{"type":"Feature","geometry":{"type":"Point","coordinates":[-52.28164382893923,-10.36421427104799]},"properties":{"Fazenda":"FE","Campo":"FE 01","produtividade":160.52597560560002,"unidade_produtividade":"sc/ha","pontos_originais":25,"ano":"2026","cultura":"Milho"}},{"type":"Feature","geometry":{"type":"Point","coordinates":[-52.281415515987845,-10.364215180818299]},"properties":{"Fazenda":"FE","Campo":"FE 01","produtividade":168.35185236319998,"unidade_produtividade":"sc/ha","pontos_originais":25,"ano":"2026","cultura":"Milho"}},{"type":"Feature","geometry":{"type":"Point","coordinates":[-52.281187203015314,-10.364216090426634]},"properties":{"Fazenda":"FE","Campo":"FE 01","produtividade":171.04970688080004,"unidade_produtividade":"sc/ha","pontos_originais":25,"ano":"2026","cultura":"Milho"}},{"type":"Feature","geometry":{"type":"Point","coordinates":[-52.28004563783578,-10.364220636038658]},"properties":{"Fazenda":"FE","Campo":"FE 01","produtividade":146.534931444,"unidade_produtividade":"sc/ha","pontos_originais":25,"ano":"2026","cultura":"Milho"}},{"type":"Feature","geometry":{"type":"Point","coordinates":[-52.279817324736506,-10.364221544675134]},"properties":{"Fazenda":"FE","Campo":"FE 01","produtividade":146.6131590616,"unidade_produtividade":"sc/ha","pontos_originais":25,"ano":"2026","cultura":"Milho"}},{"type":"Feature","geometry":{"type":"Point","coordinates":[-52.27958901161612,-10.364222453149631]},"properties":{"Fazenda":"FE","Campo":"FE 01","produtividade":141.13620826799996,"unidade_produtividade":"sc/ha","pontos_originais":25,"ano":"2026","cultura":"Milho"}},{"type":"Feature","geometry":{"type":"Point","coordinates":[-52.279360698474626,-10.364223361462155]},"properties":{"Fazenda":"FE","Campo":"FE 01","produtividade":143.9334131576,"unidade_produtividade":"sc/ha","pontos_originais":25,"ano":"2026","cultura":"Milho"}},{"type":"Feature","geometry":{"type":"Point","coordinates":[-52.28392695728966,-10.36420516443622]},"properties":{"Fazenda":"FE","Campo":"FE 01","produtividade":174.3785253936,"unidade_produtividade":"sc/ha","pontos_originais":25,"ano":"2026","cultura":"Milho"}},{"type":"Feature","geometry":{"type":"Point","coordinates":[-52.28415527000828,-10.364204252884173]},"properties":{"Fazenda":"FE","Campo":"FE 01","produtividade":170.93456695919997,"unidade_produtividade":"sc/ha","pontos_originais":25,"ano":"2026","cultura":"Milho"}},{"type":"Feature","geometry":{"type":"Point","coordinates":[-52.28369864454985,-10.364206075826287]},"properties":{"Fazenda":"FE","Campo":"FE 01","produtividade":176.1568954464,"unidade_produtividade":"sc/ha","pontos_originais":25,"ano":"2026","cultura":"Milho"}},{"type":"Feature","geometry":{"type":"Point","coordinates":[-52.28347033178888,-10.364206987054377]},"properties":{"Fazenda":"FE","Campo":"FE 01","produtividade":180.4119558296,"unidade_produtividade":"sc/ha","pontos_originais":25,"ano":"2026","cultura":"Milho"}},{"type":"Feature","geometry":{"type":"Point","coordinates":[-52.28461189538198,-10.364202429294162]},"properties":{"Fazenda":"FE","Campo":"FE 01","produtividade":124.54168842719999,"unidade_produtividade":"sc/ha","pontos_originais":25,"ano":"2026","cultura":"Milho"}},{"type":"Feature","geometry":{"type":"Point","coordinates":[-52.284383582705715,-10.364203341170155]},"properties":{"Fazenda":"FE","Campo":"FE 01","produtividade":149.15685363919997,"unidade_produtividade":"sc/ha","pontos_originais":25,"ano":"2026","cultura":"Milho"}},{"type":"Feature","geometry":{"type":"Point","coordinates":[-52.28210137406615,-10.364438503392053]},"properties":{"Fazenda":"FE","Campo":"FE 01","produtividade":129.38996666640003,"unidade_produtividade":"sc/ha","pontos_originais":25,"ano":"2026","cultura":"Milho"}},{"type":"Feature","geometry":{"type":"Point","coordinates":[-52.281873060993455,-10.364439413506584]},"properties":{"Fazenda":"FE","Campo":"FE 01","produtividade":143.43798207199998,"unidade_produtividade":"sc/ha","pontos_originais":25,"ano":"2026","cultura":"Milho"}},{"type":"Feature","geometry":{"type":"Point","coordinates":[-52.28164474789963,-10.364440323459139]},"properties":{"Fazenda":"FE","Campo":"FE 01","produtividade":153.6322218904,"unidade_produtividade":"sc/ha","pontos_originais":25,"ano":"2026","cultura":"Milho"}},{"type":"Feature","geometry":{"type":"Point","coordinates":[-52.28141643478464,-10.364441233249716]},"properties":{"Fazenda":"FE","Campo":"FE 01","produtividade":159.86983081519998,"unidade_produtividade":"sc/ha","pontos_originais":25,"ano":"2026","cultura":"Milho"}},{"type":"Feature","geometry":{"type":"Point","coordinates":[-52.28278631315731,-10.36443577207657]},"properties":{"Fazenda":"FE","Campo":"FE 01","produtividade":167.6059848496,"unidade_produtividade":"sc/ha","pontos_originais":25,"ano":"2026","cultura":"Milho"}},{"type":"Feature","geometry":{"type":"Point","coordinates":[-52.28255800014809,-10.364436682677042]},"properties":{"Fazenda":"FE","Campo":"FE 01","produtividade":148.2010677928,"unidade_produtividade":"sc/ha","pontos_originais":25,"ano":"2026","cultura":"Milho"}},{"type":"Feature","geometry":{"type":"Point","coordinates":[-52.28234649082804,-10.36443276703907]},"properties":{"Fazenda":"FE","Campo":"FE 01","produtividade":129.70716150526314,"unidade_produtividade":"sc/ha","pontos_originais":19,"ano":"2026","cultura":"Milho"}},{"type":"Feature","geometry":{"type":"Point","coordinates":[-52.28050318211339,-10.36444487079222]},"properties":{"Fazenda":"FE","Campo":"FE 01","produtividade":164.43790509519997,"unidade_produtividade":"sc/ha","pontos_originais":25,"ano":"2026","cultura":"Milho"}},{"type":"Feature","geometry":{"type":"Point","coordinates":[-52.28073149531289,-10.364443961649563]},"properties":{"Fazenda":"FE","Campo":"FE 01","produtividade":169.1149400512,"unidade_produtividade":"sc/ha","pontos_originais":25,"ano":"2026","cultura":"Milho"}},{"type":"Feature","geometry":{"type":"Point","coordinates":[-52.280274868892754,-10.364445779772893]},"properties":{"Fazenda":"FE","Campo":"FE 01","produtividade":151.89405066,"unidade_produtividade":"sc/ha","pontos_originais":25,"ano":"2026","cultura":"Milho"}},{"type":"Feature","geometry":{"type":"Point","coordinates":[-52.280046555651005,-10.36444668859159]},"properties":{"Fazenda":"FE","Campo":"FE 01","produtividade":146.1237581848,"unidade_produtividade":"sc/ha","pontos_originais":25,"ano":"2026","cultura":"Milho"}},{"type":"Feature","geometry":{"type":"Point","coordinates":[-52.281188121648526,-10.36444214287831]},"properties":{"Fazenda":"FE","Campo":"FE 01","produtividade":164.65526884400003,"unidade_produtividade":"sc/ha","pontos_originais":25,"ano":"2026","cultura":"Milho"}},{"type":"Feature","geometry":{"type":"Point","coordinates":[-52.28095980849126,-10.364443052344924]},"properties":{"Fazenda":"FE","Campo":"FE 01","produtividade":169.1024665704,"unidade_produtividade":"sc/ha","pontos_originais":25,"ano":"2026","cultura":"Milho"}},{"type":"Feature","geometry":{"type":"Point","coordinates":[-52.28458873505861,-10.36441667995911]},"properties":{"Fazenda":"FE","Campo":"FE 01","produtividade":130.96653091789474,"unidade_produtividade":"sc/ha","pontos_originais":19,"ano":"2026","cultura":"Milho"}},{"type":"Feature","geometry":{"type":"Point","coordinates":[-52.284384503629255,-10.364429393337838]},"properties":{"Fazenda":"FE","Campo":"FE 01","produtividade":143.16929506,"unidade_produtividade":"sc/ha","pontos_originais":25,"ano":"2026","cultura":"Milho"}},{"type":"Feature","geometry":{"type":"Point","coordinates":[-52.283471252058035,-10.364433039303274]},"properties":{"Fazenda":"FE","Campo":"FE 01","produtividade":179.23411735680003,"unidade_produtividade":"sc/ha","pontos_originais":25,"ano":"2026","cultura":"Milho"}},{"type":"Feature","geometry":{"type":"Point","coordinates":[-52.28369956498262,-10.364432128054881]},"properties":{"Fazenda":"FE","Campo":"FE 01","produtividade":175.37025223519998,"unidade_produtividade":"sc/ha","pontos_originais":25,"ano":"2026","cultura":"Milho"}},{"type":"Feature","geometry":{"type":"Point","coordinates":[-52.28324293911231,-10.364433950389685]},"properties":{"Fazenda":"FE","Campo":"FE 01","produtividade":178.13892685599996,"unidade_produtividade":"sc/ha","pontos_originais":25,"ano":"2026","cultura":"Milho"}},{"type":"Feature","geometry":{"type":"Point","coordinates":[-52.283014626145395,-10.364434861314114]},"properties":{"Fazenda":"FE","Campo":"FE 01","produtividade":175.35275839840003,"unidade_produtividade":"sc/ha","pontos_originais":25,"ano":"2026","cultura":"Milho"}},{"type":"Feature","geometry":{"type":"Point","coordinates":[-52.28415619076823,-10.364430305072167]},"properties":{"Fazenda":"FE","Campo":"FE 01","produtividade":163.25433769920002,"unidade_produtividade":"sc/ha","pontos_originais":25,"ano":"2026","cultura":"Milho"}},{"type":"Feature","geometry":{"type":"Point","coordinates":[-52.283927877886,-10.364431216644515]},"properties":{"Fazenda":"FE","Campo":"FE 01","produtividade":172.5682145704,"unidade_produtividade":"sc/ha","pontos_originais":25,"ano":"2026","cultura":"Milho"}},{"type":"Feature","geometry":{"type":"Point","coordinates":[-52.27981824238814,-10.364447597248304]},"properties":{"Fazenda":"FE","Campo":"FE 01","produtividade":140.93371993359997,"unidade_produtividade":"sc/ha","pontos_originais":25,"ano":"2026","cultura":"Milho"}},{"type":"Feature","geometry":{"type":"Point","coordinates":[-52.27958992910415,-10.364448505743042]},"properties":{"Fazenda":"FE","Campo":"FE 01","produtividade":130.11548937199998,"unidade_produtividade":"sc/ha","pontos_originais":25,"ano":"2026","cultura":"Milho"}},{"type":"Feature","geometry":{"type":"Point","coordinates":[-52.27936161579909,-10.364449414075796]},"properties":{"Fazenda":"FE","Campo":"FE 01","produtividade":137.0126882784,"unidade_produtividade":"sc/ha","pontos_originais":25,"ano":"2026","cultura":"Milho"}},{"type":"Feature","geometry":{"type":"Point","coordinates":[-52.28454045636259,-10.364600572906635]},"properties":{"Fazenda":"FE","Campo":"FE 01","produtividade":133.583109968,"unidade_produtividade":"sc/ha","pontos_originais":5,"ano":"2026","cultura":"Milho"}},{"type":"Feature","geometry":{"type":"Point","coordinates":[-52.280729658721995,-10.363991856661931]},"properties":{"Fazenda":"FE","Campo":"FE 01","produtividade":174.5666715056,"unidade_produtividade":"sc/ha","pontos_originais":25,"ano":"2026","cultura":"Milho"}},{"type":"Feature","geometry":{"type":"Point","coordinates":[-52.280501345849665,-10.363992765764088]},"properties":{"Fazenda":"FE","Campo":"FE 01","produtividade":164.8033632432,"unidade_produtividade":"sc/ha","pontos_originais":25,"ano":"2026","cultura":"Milho"}},{"type":"Feature","geometry":{"type":"Point","coordinates":[-52.28027303295623,-10.363993674704268]},"properties":{"Fazenda":"FE","Campo":"FE 01","produtividade":148.220168272,"unidade_produtividade":"sc/ha","pontos_originais":25,"ano":"2026","cultura":"Milho"}},{"type":"Feature","geometry":{"type":"Point","coordinates":[-52.28004472004166,-10.363994583482475]},"properties":{"Fazenda":"FE","Campo":"FE 01","produtividade":148.30632952960002,"unidade_produtividade":"sc/ha","pontos_originais":25,"ano":"2026","cultura":"Milho"}},{"type":"Feature","geometry":{"type":"Point","coordinates":[-52.281414597212176,-10.363989128383635]},"properties":{"Fazenda":"FE","Campo":"FE 01","produtividade":172.97581608559997,"unidade_produtividade":"sc/ha","pontos_originais":25,"ano":"2026","cultura":"Milho"}},{"type":"Feature","geometry":{"type":"Point","coordinates":[-52.281186284403255,-10.363990037971707]},"properties":{"Fazenda":"FE","Campo":"FE 01","produtividade":176.94436349920005,"unidade_produtividade":"sc/ha","pontos_originais":25,"ano":"2026","cultura":"Milho"}},{"type":"Feature","geometry":{"type":"Point","coordinates":[-52.28095797157317,-10.363990947397804]},"properties":{"Fazenda":"FE","Campo":"FE 01","produtividade":176.3538655648,"unidade_produtividade":"sc/ha","pontos_originais":25,"ano":"2026","cultura":"Milho"}},{"type":"Feature","geometry":{"type":"Point","coordinates":[-52.28461097431602,-10.36397637714354]},"properties":{"Fazenda":"FE","Campo":"FE 01","produtividade":113.51853033840001,"unidade_produtividade":"sc/ha","pontos_originais":25,"ano":"2026","cultura":"Milho"}},{"type":"Feature","geometry":{"type":"Point","coordinates":[-52.284382661803356,-10.36397728899922]},"properties":{"Fazenda":"FE","Campo":"FE 01","produtividade":140.23989645599994,"unidade_produtividade":"sc/ha","pontos_originais":25,"ano":"2026","cultura":"Milho"}},{"type":"Feature","geometry":{"type":"Point","coordinates":[-52.28415434926952,-10.36397820069293]},"properties":{"Fazenda":"FE","Campo":"FE 01","produtividade":162.00347119440002,"unidade_produtividade":"sc/ha","pontos_originais":25,"ano":"2026","cultura":"Milho"}},{"type":"Feature","geometry":{"type":"Point","coordinates":[-52.283926036714504,-10.36397911222467]},"properties":{"Fazenda":"FE","Campo":"FE 01","produtividade":169.13850007119996,"unidade_produtividade":"sc/ha","pontos_originais":25,"ano":"2026","cultura":"Milho"}},{"type":"Feature","geometry":{"type":"Point","coordinates":[-52.27981640710599,-10.36399549209871]},"properties":{"Fazenda":"FE","Campo":"FE 01","produtividade":152.58532637919998,"unidade_produtividade":"sc/ha","pontos_originais":25,"ano":"2026","cultura":"Milho"}},{"type":"Feature","geometry":{"type":"Point","coordinates":[-52.2795880941492,-10.363996400552974]},"properties":{"Fazenda":"FE","Campo":"FE 01","produtividade":147.33015647679997,"unidade_produtividade":"sc/ha","pontos_originais":25,"ano":"2026","cultura":"Milho"}},{"type":"Feature","geometry":{"type":"Point","coordinates":[-52.279386236722964,-10.364001962688072]},"properties":{"Fazenda":"FE","Campo":"FE 01","produtividade":144.43358644,"unidade_produtividade":"sc/ha","pontos_originais":19,"ano":"2026","cultura":"Milho"}},{"type":"Feature","geometry":{"type":"Point","coordinates":[-52.2836977241383,-10.363980023594436]},"properties":{"Fazenda":"FE","Campo":"FE 01","produtividade":171.0471861032,"unidade_produtividade":"sc/ha","pontos_originais":25,"ano":"2026","cultura":"Milho"}},{"type":"Feature","geometry":{"type":"Point","coordinates":[-52.28346941154089,-10.36398093480223]},"properties":{"Fazenda":"FE","Campo":"FE 01","produtividade":171.09347873199997,"unidade_produtividade":"sc/ha","pontos_originais":25,"ano":"2026","cultura":"Milho"}},{"type":"Feature","geometry":{"type":"Point","coordinates":[-52.283241098922346,-10.363981845848052]},"properties":{"Fazenda":"FE","Campo":"FE 01","produtividade":166.8840171856,"unidade_produtividade":"sc/ha","pontos_originais":25,"ano":"2026","cultura":"Milho"}},{"type":"Feature","geometry":{"type":"Point","coordinates":[-52.28301278628263,-10.363982756731902]},"properties":{"Fazenda":"FE","Campo":"FE 01","produtividade":165.5292758856,"unidade_produtividade":"sc/ha","pontos_originais":25,"ano":"2026","cultura":"Milho"}},{"type":"Feature","geometry":{"type":"Point","coordinates":[-52.28209953551213,-10.363986398647585]},"properties":{"Fazenda":"FE","Campo":"FE 01","produtividade":135.87700216640002,"unidade_produtividade":"sc/ha","pontos_originais":25,"ano":"2026","cultura":"Milho"}},{"type":"Feature","geometry":{"type":"Point","coordinates":[-52.281871222766625,-10.36398730872157]},"properties":{"Fazenda":"FE","Campo":"FE 01","produtividade":151.0338757752,"unidade_produtividade":"sc/ha","pontos_originais":25,"ano":"2026","cultura":"Milho"}},{"type":"Feature","geometry":{"type":"Point","coordinates":[-52.28164290999997,-10.36398821863359]},"properties":{"Fazenda":"FE","Campo":"FE 01","produtividade":162.6455255832,"unidade_produtividade":"sc/ha","pontos_originais":25,"ano":"2026","cultura":"Milho"}},{"type":"Feature","geometry":{"type":"Point","coordinates":[-52.28278447362173,-10.363983667453784]},"properties":{"Fazenda":"FE","Campo":"FE 01","produtividade":158.7485440992,"unidade_produtividade":"sc/ha","pontos_originais":25,"ano":"2026","cultura":"Milho"}},{"type":"Feature","geometry":{"type":"Point","coordinates":[-52.28255616093969,-10.363984578013685]},"properties":{"Fazenda":"FE","Campo":"FE 01","produtividade":143.3625476096,"unidade_produtividade":"sc/ha","pontos_originais":25,"ano":"2026","cultura":"Milho"}},{"type":"Feature","geometry":{"type":"Point","coordinates":[-52.282318225392025,-10.363983147240829]},"properties":{"Fazenda":"FE","Campo":"FE 01","produtividade":129.6341290778947,"unidade_produtividade":"sc/ha","pontos_originais":19,"ano":"2026","cultura":"Milho"}},{"type":"Feature","geometry":{"type":"Point","coordinates":[-52.281885011529624,-10.367378094292162]},"properties":{"Fazenda":"FE","Campo":"FE 01","produtividade":146.1874649928,"unidade_produtividade":"sc/ha","pontos_originais":25,"ano":"2026","cultura":"Milho"}},{"type":"Feature","geometry":{"type":"Point","coordinates":[-52.28393602696635,-10.36736614271674]},"properties":{"Fazenda":"FE","Campo":"FE 01","produtividade":162.564848655,"unidade_produtividade":"sc/ha","pontos_originais":24,"ano":"2026","cultura":"Milho"}},{"type":"Feature","geometry":{"type":"Point","coordinates":[-52.28371153253534,-10.367370806730774]},"properties":{"Fazenda":"FE","Campo":"FE 01","produtividade":165.91241416639997,"unidade_produtividade":"sc/ha","pontos_originais":25,"ano":"2026","cultura":"Milho"}},{"type":"Feature","geometry":{"type":"Point","coordinates":[-52.28348321748372,-10.367371718243035]},"properties":{"Fazenda":"FE","Campo":"FE 01","produtividade":173.7295395088,"unidade_produtividade":"sc/ha","pontos_originais":25,"ano":"2026","cultura":"Milho"}},{"type":"Feature","geometry":{"type":"Point","coordinates":[-52.28256995706547,-10.367375362671835]},"properties":{"Fazenda":"FE","Campo":"FE 01","produtividade":184.2585731536,"unidade_produtividade":"sc/ha","pontos_originais":25,"ano":"2026","cultura":"Milho"}},{"type":"Feature","geometry":{"type":"Point","coordinates":[-52.282341641908005,-10.36737627337397]},"properties":{"Fazenda":"FE","Campo":"FE 01","produtividade":185.5368900528,"unidade_produtividade":"sc/ha","pontos_originais":25,"ano":"2026","cultura":"Milho"}},{"type":"Feature","geometry":{"type":"Point","coordinates":[-52.28211332672938,-10.367377183914082]},"properties":{"Fazenda":"FE","Campo":"FE 01","produtividade":174.18180131439996,"unidade_produtividade":"sc/ha","pontos_originais":25,"ano":"2026","cultura":"Milho"}},{"type":"Feature","geometry":{"type":"Point","coordinates":[-52.28279827220178,-10.367374451807677]},"properties":{"Fazenda":"FE","Campo":"FE 01","produtividade":181.14707920319995,"unidade_produtividade":"sc/ha","pontos_originais":25,"ano":"2026","cultura":"Milho"}},{"type":"Feature","geometry":{"type":"Point","coordinates":[-52.28325490241091,-10.367372629593273]},"properties":{"Fazenda":"FE","Campo":"FE 01","produtividade":178.01619055439997,"unidade_produtividade":"sc/ha","pontos_originais":25,"ano":"2026","cultura":"Milho"}},{"type":"Feature","geometry":{"type":"Point","coordinates":[-52.28302658731695,-10.36737354078149]},"properties":{"Fazenda":"FE","Campo":"FE 01","produtividade":179.31226788639998,"unidade_produtividade":"sc/ha","pontos_originais":25,"ano":"2026","cultura":"Milho"}},{"type":"Feature","geometry":{"type":"Point","coordinates":[-52.28279919227641,-10.36760050407192]},"properties":{"Fazenda":"FE","Campo":"FE 01","produtividade":178.91696511920003,"unidade_produtividade":"sc/ha","pontos_originais":25,"ano":"2026","cultura":"Milho"}},{"type":"Feature","geometry":{"type":"Point","coordinates":[-52.28257087697644,-10.367601414956367]},"properties":{"Fazenda":"FE","Campo":"FE 01","produtividade":181.9895347688,"unidade_produtividade":"sc/ha","pontos_originais":25,"ano":"2026","cultura":"Milho"}},{"type":"Feature","geometry":{"type":"Point","coordinates":[-52.28234256165533,-10.36760232567878]},"properties":{"Fazenda":"FE","Campo":"FE 01","produtividade":182.97923226880002,"unidade_produtividade":"sc/ha","pontos_originais":25,"ano":"2026","cultura":"Milho"}},{"type":"Feature","geometry":{"type":"Point","coordinates":[-52.28211424631308,-10.367603236239166]},"properties":{"Fazenda":"FE","Campo":"FE 01","produtividade":172.7439533688,"unidade_produtividade":"sc/ha","pontos_originais":25,"ano":"2026","cultura":"Milho"}},{"type":"Feature","geometry":{"type":"Point","coordinates":[-52.28348413804927,-10.367597770446409]},"properties":{"Fazenda":"FE","Campo":"FE 01","produtividade":171.2015792344,"unidade_produtividade":"sc/ha","pontos_originais":25,"ano":"2026","cultura":"Milho"}},{"type":"Feature","geometry":{"type":"Point","coordinates":[-52.28371245326456,-10.367596858913846]},"properties":{"Fazenda":"FE","Campo":"FE 01","produtividade":164.20297684559998,"unidade_produtividade":"sc/ha","pontos_originais":25,"ano":"2026","cultura":"Milho"}},{"type":"Feature","geometry":{"type":"Point","coordinates":[-52.28325582281282,-10.367598681816942]},"properties":{"Fazenda":"FE","Campo":"FE 01","produtividade":168.96316855439997,"unidade_produtividade":"sc/ha","pontos_originais":25,"ano":"2026","cultura":"Milho"}},{"type":"Feature","geometry":{"type":"Point","coordinates":[-52.28302750755519,-10.367599593025446]},"properties":{"Fazenda":"FE","Campo":"FE 01","produtividade":172.6082765616,"unidade_produtividade":"sc/ha","pontos_originais":25,"ano":"2026","cultura":"Milho"}},{"type":"Feature","geometry":{"type":"Point","coordinates":[-52.28188593094965,-10.36760414663752]},"properties":{"Fazenda":"FE","Campo":"FE 01","produtividade":148.85314169440002,"unidade_produtividade":"sc/ha","pontos_originais":25,"ano":"2026","cultura":"Milho"}},{"type":"Feature","geometry":{"type":"Point","coordinates":[-52.28389492124455,-10.367550919141738]},"properties":{"Fazenda":"FE","Campo":"FE 01","produtividade":161.40739241,"unidade_produtividade":"sc/ha","pontos_originais":10,"ano":"2026","cultura":"Milho"}},{"type":"Feature","geometry":{"type":"Point","coordinates":[-52.281735973925834,-10.36762412073345]},"properties":{"Fazenda":"FE","Campo":"FE 01","produtividade":134.20253132000002,"unidade_produtividade":"sc/ha","pontos_originais":7,"ano":"2026","cultura":"Milho"}},{"type":"Feature","geometry":{"type":"Point","coordinates":[-52.281748298194046,-10.367446456155431]},"properties":{"Fazenda":"FE","Campo":"FE 01","produtividade":136.45815832,"unidade_produtividade":"sc/ha","pontos_originais":2,"ano":"2026","cultura":"Milho"}},{"type":"Feature","geometry":{"type":"Point","coordinates":[-52.281886850390826,-10.367830198979627]},"properties":{"Fazenda":"FE","Campo":"FE 01","produtividade":135.55062506480002,"unidade_produtividade":"sc/ha","pontos_originais":25,"ano":"2026","cultura":"Milho"}},{"type":"Feature","geometry":{"type":"Point","coordinates":[-52.282115165917915,-10.367829288561]},"properties":{"Fazenda":"FE","Campo":"FE 01","produtividade":160.59690748639997,"unidade_produtividade":"sc/ha","pontos_originais":25,"ano":"2026","cultura":"Milho"}},{"type":"Feature","geometry":{"type":"Point","coordinates":[-52.281711265477185,-10.367841332381838]},"properties":{"Fazenda":"FE","Campo":"FE 01","produtividade":123.00960079692305,"unidade_produtividade":"sc/ha","pontos_originais":13,"ano":"2026","cultura":"Milho"}},{"type":"Feature","geometry":{"type":"Point","coordinates":[-52.283663798263035,-10.367796735859942]},"properties":{"Fazenda":"FE","Campo":"FE 01","produtividade":161.01897863333332,"unidade_produtividade":"sc/ha","pontos_originais":12,"ano":"2026","cultura":"Milho"}},{"type":"Feature","geometry":{"type":"Point","coordinates":[-52.283485058636025,-10.36782382264653]},"properties":{"Fazenda":"FE","Campo":"FE 01","produtividade":162.2968854672,"unidade_produtividade":"sc/ha","pontos_originais":25,"ano":"2026","cultura":"Milho"}},{"type":"Feature","geometry":{"type":"Point","coordinates":[-52.282571796908584,-10.367827467237644]},"properties":{"Fazenda":"FE","Campo":"FE 01","produtividade":174.80391946159997,"unidade_produtividade":"sc/ha","pontos_originais":25,"ano":"2026","cultura":"Milho"}},{"type":"Feature","geometry":{"type":"Point","coordinates":[-52.282800112372186,-10.367826556332913]},"properties":{"Fazenda":"FE","Campo":"FE 01","produtividade":172.97041157439998,"unidade_produtividade":"sc/ha","pontos_originais":25,"ano":"2026","cultura":"Milho"}},{"type":"Feature","geometry":{"type":"Point","coordinates":[-52.28234348142382,-10.367828377980336]},"properties":{"Fazenda":"FE","Campo":"FE 01","produtividade":173.4903939032,"unidade_produtividade":"sc/ha","pontos_originais":25,"ano":"2026","cultura":"Milho"}},{"type":"Feature","geometry":{"type":"Point","coordinates":[-52.283256743235924,-10.367824734037356]},"properties":{"Fazenda":"FE","Campo":"FE 01","produtividade":157.78247664079998,"unidade_produtividade":"sc/ha","pontos_originais":25,"ano":"2026","cultura":"Milho"}},{"type":"Feature","geometry":{"type":"Point","coordinates":[-52.28302842781464,-10.367825645266155]},"properties":{"Fazenda":"FE","Campo":"FE 01","produtividade":162.06252124479997,"unidade_produtividade":"sc/ha","pontos_originais":25,"ano":"2026","cultura":"Milho"}},{"type":"Feature","geometry":{"type":"Point","coordinates":[-52.27942122488911,-10.367885231692183]},"properties":{"Fazenda":"FE","Campo":"FE 01","produtividade":144.92923729777775,"unidade_produtividade":"sc/ha","pontos_originais":9,"ano":"2026","cultura":"Milho"}},{"type":"Feature","geometry":{"type":"Point","coordinates":[-52.27959564188013,-10.367900977991242]},"properties":{"Fazenda":"FE","Campo":"FE 01","produtividade":149.8861988,"unidade_produtividade":"sc/ha","pontos_originais":11,"ano":"2026","cultura":"Milho"}},{"type":"Feature","geometry":{"type":"Point","coordinates":[-52.2782257467344,-10.367906427375978]},"properties":{"Fazenda":"FE","Campo":"FE 01","produtividade":101.49042102,"unidade_produtividade":"sc/ha","pontos_originais":11,"ano":"2026","cultura":"Milho"}},{"type":"Feature","geometry":{"type":"Point","coordinates":[-52.27800566653214,-10.367890861842012]},"properties":{"Fazenda":"FE","Campo":"FE 01","produtividade":105.750850524,"unidade_produtividade":"sc/ha","pontos_originais":15,"ano":"2026","cultura":"Milho"}},{"type":"Feature","geometry":{"type":"Point","coordinates":[-52.277798156577475,-10.36790401700289]},"properties":{"Fazenda":"FE","Campo":"FE 01","produtividade":106.36984029999999,"unidade_produtividade":"sc/ha","pontos_originais":11,"ano":"2026","cultura":"Milho"}},{"type":"Feature","geometry":{"type":"Point","coordinates":[-52.27981712523813,-10.367921331971813]},"properties":{"Fazenda":"FE","Campo":"FE 01","produtividade":151.34541697,"unidade_produtividade":"sc/ha","pontos_originais":6,"ano":"2026","cultura":"Milho"}},{"type":"Feature","geometry":{"type":"Point","coordinates":[-52.27761771270184,-10.36793761505519]},"properties":{"Fazenda":"FE","Campo":"FE 01","produtividade":103.39533193,"unidade_produtividade":"sc/ha","pontos_originais":2,"ano":"2026","cultura":"Milho"}},{"type":"Feature","geometry":{"type":"Point","coordinates":[-52.27837115538018,-10.36793462003207]},"properties":{"Fazenda":"FE","Campo":"FE 01","produtividade":101.66169508,"unidade_produtividade":"sc/ha","pontos_originais":1,"ano":"2026","cultura":"Milho"}},{"type":"Feature","geometry":{"type":"Point","coordinates":[-52.282337963130225,-10.366472064122213]},"properties":{"Fazenda":"FE","Campo":"FE 01","produtividade":173.4800397,"unidade_produtividade":"sc/ha","pontos_originais":25,"ano":"2026","cultura":"Milho"}},{"type":"Feature","geometry":{"type":"Point","coordinates":[-52.28256627763313,-10.366471153501202]},"properties":{"Fazenda":"FE","Campo":"FE 01","produtividade":184.6149696072,"unidade_produtividade":"sc/ha","pontos_originais":25,"ano":"2026","cultura":"Milho"}},{"type":"Feature","geometry":{"type":"Point","coordinates":[-52.282109648606145,-10.366472974581216]},"properties":{"Fazenda":"FE","Campo":"FE 01","produtividade":147.052163016,"unidade_produtividade":"sc/ha","pontos_originais":25,"ano":"2026","cultura":"Milho"}},{"type":"Feature","geometry":{"type":"Point","coordinates":[-52.28187905091583,-10.366473893978828]},"properties":{"Fazenda":"FE","Campo":"FE 01","produtividade":125.76145634799998,"unidade_produtividade":"sc/ha","pontos_originais":20,"ano":"2026","cultura":"Milho"}},{"type":"Feature","geometry":{"type":"Point","coordinates":[-52.28165301949458,-10.366474795013184]},"properties":{"Fazenda":"FE","Campo":"FE 01","produtividade":126.23234389919999,"unidade_produtividade":"sc/ha","pontos_originais":25,"ano":"2026","cultura":"Milho"}},{"type":"Feature","geometry":{"type":"Point","coordinates":[-52.28302290657547,-10.366469331773137]},"properties":{"Fazenda":"FE","Campo":"FE 01","produtividade":186.65889754160003,"unidade_produtividade":"sc/ha","pontos_originais":25,"ano":"2026","cultura":"Milho"}},{"type":"Feature","geometry":{"type":"Point","coordinates":[-52.283251221014915,-10.366468420666088]},"properties":{"Fazenda":"FE","Campo":"FE 01","produtividade":187.11890026720002,"unidade_produtividade":"sc/ha","pontos_originais":25,"ano":"2026","cultura":"Milho"}},{"type":"Feature","geometry":{"type":"Point","coordinates":[-52.28279459211489,-10.366470242718176]},"properties":{"Fazenda":"FE","Campo":"FE 01","produtividade":186.2484392736,"unidade_produtividade":"sc/ha","pontos_originais":25,"ano":"2026","cultura":"Milho"}},{"type":"Feature","geometry":{"type":"Point","coordinates":[-52.28097425232393,-10.366465169506144]},"properties":{"Fazenda":"FE","Campo":"FE 01","produtividade":137.29356812999995,"unidade_produtividade":"sc/ha","pontos_originais":22,"ano":"2026","cultura":"Milho"}},{"type":"Feature","geometry":{"type":"Point","coordinates":[-52.28074767870572,-10.366443829106611]},"properties":{"Fazenda":"FE","Campo":"FE 01","produtividade":139.12928775058822,"unidade_produtividade":"sc/ha","pontos_originais":17,"ano":"2026","cultura":"Milho"}},{"type":"Feature","geometry":{"type":"Point","coordinates":[-52.284118815692224,-10.366464956986077]},"properties":{"Fazenda":"FE","Campo":"FE 01","produtividade":127.18727278399999,"unidade_produtividade":"sc/ha","pontos_originais":15,"ano":"2026","cultura":"Milho"}},{"type":"Feature","geometry":{"type":"Point","coordinates":[-52.28393616420617,-10.366465686372871]},"properties":{"Fazenda":"FE","Campo":"FE 01","produtividade":141.3978237408,"unidade_produtividade":"sc/ha","pontos_originais":25,"ano":"2026","cultura":"Milho"}},{"type":"Feature","geometry":{"type":"Point","coordinates":[-52.28370784983027,-10.366466597965955]},"properties":{"Fazenda":"FE","Campo":"FE 01","produtividade":162.630025756,"unidade_produtividade":"sc/ha","pontos_originais":25,"ano":"2026","cultura":"Milho"}},{"type":"Feature","geometry":{"type":"Point","coordinates":[-52.28142470490709,-10.366475704986149]},"properties":{"Fazenda":"FE","Campo":"FE 01","produtividade":136.4061900872,"unidade_produtividade":"sc/ha","pontos_originais":25,"ano":"2026","cultura":"Milho"}},{"type":"Feature","geometry":{"type":"Point","coordinates":[-52.281196390298426,-10.3664766147971]},"properties":{"Fazenda":"FE","Campo":"FE 01","produtividade":139.23876552079997,"unidade_produtividade":"sc/ha","pontos_originais":25,"ano":"2026","cultura":"Milho"}},{"type":"Feature","geometry":{"type":"Point","coordinates":[-52.28347953543318,-10.366467509397026]},"properties":{"Fazenda":"FE","Campo":"FE 01","produtividade":182.88862560319998,"unidade_produtividade":"sc/ha","pontos_originais":25,"ano":"2026","cultura":"Milho"}},{"type":"Feature","geometry":{"type":"Point","coordinates":[-52.28052177202111,-10.366427135335757]},"properties":{"Fazenda":"FE","Campo":"FE 01","produtividade":156.50866434923077,"unidade_produtividade":"sc/ha","pontos_originais":13,"ano":"2026","cultura":"Milho"}},{"type":"Feature","geometry":{"type":"Point","coordinates":[-52.283023826729085,-10.366695384030104]},"properties":{"Fazenda":"FE","Campo":"FE 01","produtividade":180.96656801519998,"unidade_produtividade":"sc/ha","pontos_originais":25,"ano":"2026","cultura":"Milho"}},{"type":"Feature","geometry":{"type":"Point","coordinates":[-52.28325214133217,-10.366694472902763]},"properties":{"Fazenda":"FE","Campo":"FE 01","produtividade":184.77178265919997,"unidade_produtividade":"sc/ha","pontos_originais":25,"ano":"2026","cultura":"Milho"}},{"type":"Feature","geometry":{"type":"Point","coordinates":[-52.28279551210487,-10.366696294995428]},"properties":{"Fazenda":"FE","Campo":"FE 01","produtividade":181.08570366479998,"unidade_produtividade":"sc/ha","pontos_originais":25,"ano":"2026","cultura":"Milho"}},{"type":"Feature","geometry":{"type":"Point","coordinates":[-52.282567197459485,-10.366697205798737]},"properties":{"Fazenda":"FE","Campo":"FE 01","produtividade":182.28366788719998,"unidade_produtividade":"sc/ha","pontos_originais":25,"ano":"2026","cultura":"Milho"}},{"type":"Feature","geometry":{"type":"Point","coordinates":[-52.28370877047477,-10.366692650162038]},"properties":{"Fazenda":"FE","Campo":"FE 01","produtividade":172.08234432400002,"unidade_produtividade":"sc/ha","pontos_originais":25,"ano":"2026","cultura":"Milho"}},{"type":"Feature","geometry":{"type":"Point","coordinates":[-52.283937085014315,-10.366691738548653]},"properties":{"Fazenda":"FE","Campo":"FE 01","produtividade":157.5771399048,"unidade_produtividade":"sc/ha","pontos_originais":25,"ano":"2026","cultura":"Milho"}},{"type":"Feature","geometry":{"type":"Point","coordinates":[-52.28348045591405,-10.366693561613408]},"properties":{"Fazenda":"FE","Campo":"FE 01","produtividade":183.8387467664,"unidade_produtividade":"sc/ha","pontos_originais":25,"ano":"2026","cultura":"Milho"}},{"type":"Feature","geometry":{"type":"Point","coordinates":[-52.28167076353564,-10.366627312114375]},"properties":{"Fazenda":"FE","Campo":"FE 01","produtividade":127.25811304249999,"unidade_produtividade":"sc/ha","pontos_originais":8,"ano":"2026","cultura":"Milho"}},{"type":"Feature","geometry":{"type":"Point","coordinates":[-52.28144050792414,-10.366618810844328]},"properties":{"Fazenda":"FE","Campo":"FE 01","produtividade":138.73872917666665,"unidade_produtividade":"sc/ha","pontos_originais":6,"ano":"2026","cultura":"Milho"}},{"type":"Feature","geometry":{"type":"Point","coordinates":[-52.284108274856614,-10.366679752129386]},"properties":{"Fazenda":"FE","Campo":"FE 01","produtividade":153.57095288333332,"unidade_produtividade":"sc/ha","pontos_originais":12,"ano":"2026","cultura":"Milho"}},{"type":"Feature","geometry":{"type":"Point","coordinates":[-52.281288267487895,-10.3666118823458]},"properties":{"Fazenda":"FE","Campo":"FE 01","produtividade":141.1624214,"unidade_produtividade":"sc/ha","pontos_originais":1,"ano":"2026","cultura":"Milho"}},{"type":"Feature","geometry":{"type":"Point","coordinates":[-52.28233888279295,-10.366698116440029]},"properties":{"Fazenda":"FE","Campo":"FE 01","produtividade":177.03507487600004,"unidade_produtividade":"sc/ha","pontos_originais":25,"ano":"2026","cultura":"Milho"}},{"type":"Feature","geometry":{"type":"Point","coordinates":[-52.282110568105246,-10.36669902691931]},"properties":{"Fazenda":"FE","Campo":"FE 01","produtividade":155.85800170160002,"unidade_produtividade":"sc/ha","pontos_originais":25,"ano":"2026","cultura":"Milho"}},{"type":"Feature","geometry":{"type":"Point","coordinates":[-52.281910769755946,-10.366694172147305]},"properties":{"Fazenda":"FE","Campo":"FE 01","produtividade":130.76310064125002,"unidade_produtividade":"sc/ha","pontos_originais":16,"ano":"2026","cultura":"Milho"}},{"type":"Feature","geometry":{"type":"Point","coordinates":[-52.28348137641609,-10.366919613826536]},"properties":{"Fazenda":"FE","Campo":"FE 01","produtividade":174.8391737312,"unidade_produtividade":"sc/ha","pontos_originais":25,"ano":"2026","cultura":"Milho"}},{"type":"Feature","geometry":{"type":"Point","coordinates":[-52.283709691140444,-10.366918702354864]},"properties":{"Fazenda":"FE","Campo":"FE 01","produtividade":168.82949089599998,"unidade_produtividade":"sc/ha","pontos_originais":25,"ano":"2026","cultura":"Milho"}},{"type":"Feature","geometry":{"type":"Point","coordinates":[-52.283253061670564,-10.366920525136186]},"properties":{"Fazenda":"FE","Campo":"FE 01","produtividade":176.47600893119997,"unidade_produtividade":"sc/ha","pontos_originais":25,"ano":"2026","cultura":"Milho"}},{"type":"Feature","geometry":{"type":"Point","coordinates":[-52.28302474690388,-10.366921436283818]},"properties":{"Fazenda":"FE","Campo":"FE 01","produtividade":175.94181992639997,"unidade_produtividade":"sc/ha","pontos_originais":25,"ano":"2026","cultura":"Milho"}},{"type":"Feature","geometry":{"type":"Point","coordinates":[-52.28409524836211,-10.366907115855875]},"properties":{"Fazenda":"FE","Campo":"FE 01","produtividade":163.9292504911111,"unidade_produtividade":"sc/ha","pontos_originais":9,"ano":"2026","cultura":"Milho"}},{"type":"Feature","geometry":{"type":"Point","coordinates":[-52.28393800584364,-10.366917790721182]},"properties":{"Fazenda":"FE","Campo":"FE 01","produtividade":164.8489742856,"unidade_produtividade":"sc/ha","pontos_originais":25,"ano":"2026","cultura":"Milho"}},{"type":"Feature","geometry":{"type":"Point","coordinates":[-52.28211148762547,-10.366925079254152]},"properties":{"Fazenda":"FE","Campo":"FE 01","produtividade":162.76365202239998,"unidade_produtividade":"sc/ha","pontos_originais":25,"ano":"2026","cultura":"Milho"}},{"type":"Feature","geometry":{"type":"Point","coordinates":[-52.28191812394711,-10.366933828695815]},"properties":{"Fazenda":"FE","Campo":"FE 01","produtividade":135.3755971764706,"unidade_produtividade":"sc/ha","pontos_originais":17,"ano":"2026","cultura":"Milho"}},{"type":"Feature","geometry":{"type":"Point","coordinates":[-52.28279643211601,-10.366922347269428]},"properties":{"Fazenda":"FE","Campo":"FE 01","produtividade":178.36188076959996,"unidade_produtividade":"sc/ha","pontos_originais":25,"ano":"2026","cultura":"Milho"}},{"type":"Feature","geometry":{"type":"Point","coordinates":[-52.28256811730698,-10.366923258093022]},"properties":{"Fazenda":"FE","Campo":"FE 01","produtividade":181.42987717359995,"unidade_produtividade":"sc/ha","pontos_originais":25,"ano":"2026","cultura":"Milho"}},{"type":"Feature","geometry":{"type":"Point","coordinates":[-52.282339802476805,-10.366924168754597]},"properties":{"Fazenda":"FE","Campo":"FE 01","produtividade":179.9645499256,"unidade_produtividade":"sc/ha","pontos_originais":25,"ano":"2026","cultura":"Milho"}},{"type":"Feature","geometry":{"type":"Point","coordinates":[-52.28325398203017,-10.36714657736636]},"properties":{"Fazenda":"FE","Campo":"FE 01","produtividade":176.9111449952,"unidade_produtividade":"sc/ha","pontos_originais":25,"ano":"2026","cultura":"Milho"}},{"type":"Feature","geometry":{"type":"Point","coordinates":[-52.28348229693932,-10.367145666036413]},"properties":{"Fazenda":"FE","Campo":"FE 01","produtividade":171.51348370639997,"unidade_produtividade":"sc/ha","pontos_originais":25,"ano":"2026","cultura":"Milho"}},{"type":"Feature","geometry":{"type":"Point","coordinates":[-52.28302566709983,-10.367147488534279]},"properties":{"Fazenda":"FE","Campo":"FE 01","produtividade":178.18326658879997,"unidade_produtividade":"sc/ha","pontos_originais":25,"ano":"2026","cultura":"Milho"}},{"type":"Feature","geometry":{"type":"Point","coordinates":[-52.28279735214832,-10.367148399540179]},"properties":{"Fazenda":"FE","Campo":"FE 01","produtividade":179.91024464159992,"unidade_produtividade":"sc/ha","pontos_originais":25,"ano":"2026","cultura":"Milho"}},{"type":"Feature","geometry":{"type":"Point","coordinates":[-52.283938926694134,-10.367143842890455]},"properties":{"Fazenda":"FE","Campo":"FE 01","produtividade":163.92163776560002,"unidade_produtividade":"sc/ha","pontos_originais":25,"ano":"2026","cultura":"Milho"}},{"type":"Feature","geometry":{"type":"Point","coordinates":[-52.2840759156049,-10.367143295826773]},"properties":{"Fazenda":"FE","Campo":"FE 01","produtividade":163.433263444,"unidade_produtividade":"sc/ha","pontos_originais":5,"ano":"2026","cultura":"Milho"}},{"type":"Feature","geometry":{"type":"Point","coordinates":[-52.28371061182732,-10.367144754544448]},"properties":{"Fazenda":"FE","Campo":"FE 01","produtividade":165.9789802968,"unidade_produtividade":"sc/ha","pontos_originais":25,"ano":"2026","cultura":"Milho"}},{"type":"Feature","geometry":{"type":"Point","coordinates":[-52.28189657075131,-10.367158157357288]},"properties":{"Fazenda":"FE","Campo":"FE 01","produtividade":136.89061178,"unidade_produtividade":"sc/ha","pontos_originais":22,"ano":"2026","cultura":"Milho"}},{"type":"Feature","geometry":{"type":"Point","coordinates":[-52.282569037175655,-10.367149310384058]},"properties":{"Fazenda":"FE","Campo":"FE 01","produtividade":183.07366506879995,"unidade_produtividade":"sc/ha","pontos_originais":25,"ano":"2026","cultura":"Milho"}},{"type":"Feature","geometry":{"type":"Point","coordinates":[-52.28234072218183,-10.367150221065907]},"properties":{"Fazenda":"FE","Campo":"FE 01","produtividade":183.62599288,"unidade_produtividade":"sc/ha","pontos_originais":25,"ano":"2026","cultura":"Milho"}},{"type":"Feature","geometry":{"type":"Point","coordinates":[-52.28211240716687,-10.36715113158574]},"properties":{"Fazenda":"FE","Campo":"FE 01","produtividade":167.75120579359998,"unidade_produtividade":"sc/ha","pontos_originais":25,"ano":"2026","cultura":"Milho"}},{"type":"Feature","geometry":{"type":"Point","coordinates":[-52.28370600860477,-10.366014493564034]},"properties":{"Fazenda":"FE","Campo":"FE 01","produtividade":132.0089286824,"unidade_produtividade":"sc/ha","pontos_originais":25,"ano":"2026","cultura":"Milho"}},{"type":"Feature","geometry":{"type":"Point","coordinates":[-52.28393432265343,-10.366013582011556]},"properties":{"Fazenda":"FE","Campo":"FE 01","produtividade":114.55943418480001,"unidade_produtividade":"sc/ha","pontos_originais":25,"ano":"2026","cultura":"Milho"}},{"type":"Feature","geometry":{"type":"Point","coordinates":[-52.28347769453493,-10.366015404954512]},"properties":{"Fazenda":"FE","Campo":"FE 01","produtividade":160.6175574344,"unidade_produtividade":"sc/ha","pontos_originais":25,"ano":"2026","cultura":"Milho"}},{"type":"Feature","geometry":{"type":"Point","coordinates":[-52.28324938044395,-10.366016316182982]},"properties":{"Fazenda":"FE","Campo":"FE 01","produtividade":177.48800349279998,"unidade_produtividade":"sc/ha","pontos_originais":25,"ano":"2026","cultura":"Milho"}},{"type":"Feature","geometry":{"type":"Point","coordinates":[-52.279596352111454,-10.366030873805876]},"properties":{"Fazenda":"FE","Campo":"FE 01","produtividade":154.423012436,"unidade_produtividade":"sc/ha","pontos_originais":25,"ano":"2026","cultura":"Milho"}},{"type":"Feature","geometry":{"type":"Point","coordinates":[-52.2793680376611,-10.366031782280263]},"properties":{"Fazenda":"FE","Campo":"FE 01","produtividade":151.8618445784,"unidade_produtividade":"sc/ha","pontos_originais":25,"ano":"2026","cultura":"Milho"}},{"type":"Feature","geometry":{"type":"Point","coordinates":[-52.2841099913348,-10.36602331388845]},"properties":{"Fazenda":"FE","Campo":"FE 01","produtividade":114.19964689692308,"unidade_produtividade":"sc/ha","pontos_originais":13,"ano":"2026","cultura":"Milho"}},{"type":"Feature","geometry":{"type":"Point","coordinates":[-52.279231232458365,-10.366077537813915]},"properties":{"Fazenda":"FE","Campo":"FE 01","produtividade":147.2583959,"unidade_produtividade":"sc/ha","pontos_originais":3,"ano":"2026","cultura":"Milho"}},{"type":"Feature","geometry":{"type":"Point","coordinates":[-52.28233612386826,-10.366019959476825]},"properties":{"Fazenda":"FE","Campo":"FE 01","produtividade":169.81865970080003,"unidade_produtividade":"sc/ha","pontos_originais":25,"ano":"2026","cultura":"Milho"}},{"type":"Feature","geometry":{"type":"Point","coordinates":[-52.28211163023124,-10.366024622262497]},"properties":{"Fazenda":"FE","Campo":"FE 01","produtividade":140.99175847166669,"unidade_produtividade":"sc/ha","pontos_originais":24,"ano":"2026","cultura":"Milho"}},{"type":"Feature","geometry":{"type":"Point","coordinates":[-52.28185666403084,-10.366021871170883]},"properties":{"Fazenda":"FE","Campo":"FE 01","produtividade":126.86564558799998,"unidade_produtividade":"sc/ha","pontos_originais":20,"ano":"2026","cultura":"Milho"}},{"type":"Feature","geometry":{"type":"Point","coordinates":[-52.281651181214386,-10.366022690246155]},"properties":{"Fazenda":"FE","Campo":"FE 01","produtividade":137.54729484319998,"unidade_produtividade":"sc/ha","pontos_originais":25,"ano":"2026","cultura":"Milho"}},{"type":"Feature","geometry":{"type":"Point","coordinates":[-52.28302106633177,-10.366017227249449]},"properties":{"Fazenda":"FE","Campo":"FE 01","produtividade":184.24740181759998,"unidade_produtividade":"sc/ha","pontos_originais":25,"ano":"2026","cultura":"Milho"}},{"type":"Feature","geometry":{"type":"Point","coordinates":[-52.28279275219841,-10.366018138153912]},"properties":{"Fazenda":"FE","Campo":"FE 01","produtividade":187.3622696528,"unidade_produtividade":"sc/ha","pontos_originais":25,"ano":"2026","cultura":"Milho"}},{"type":"Feature","geometry":{"type":"Point","coordinates":[-52.28256443804392,-10.366019048896371]},"properties":{"Fazenda":"FE","Campo":"FE 01","produtividade":184.57416435919995,"unidade_produtividade":"sc/ha","pontos_originais":25,"ano":"2026","cultura":"Milho"}},{"type":"Feature","geometry":{"type":"Point","coordinates":[-52.281422866954124,-10.366023600178591]},"properties":{"Fazenda":"FE","Campo":"FE 01","produtividade":132.1991343288,"unidade_produtividade":"sc/ha","pontos_originais":25,"ano":"2026","cultura":"Milho"}},{"type":"Feature","geometry":{"type":"Point","coordinates":[-52.281194552672744,-10.366024509949018]},"properties":{"Fazenda":"FE","Campo":"FE 01","produtividade":152.3265676592,"unidade_produtividade":"sc/ha","pontos_originais":25,"ano":"2026","cultura":"Milho"}},{"type":"Feature","geometry":{"type":"Point","coordinates":[-52.28028129533586,-10.366028147410686]},"properties":{"Fazenda":"FE","Campo":"FE 01","produtividade":162.22303130880005,"unidade_produtividade":"sc/ha","pontos_originais":25,"ano":"2026","cultura":"Milho"}},{"type":"Feature","geometry":{"type":"Point","coordinates":[-52.28005298094883,-10.366029056371087]},"properties":{"Fazenda":"FE","Campo":"FE 01","produtividade":167.72412606400005,"unidade_produtividade":"sc/ha","pontos_originais":25,"ano":"2026","cultura":"Milho"}},{"type":"Feature","geometry":{"type":"Point","coordinates":[-52.27982466654072,-10.366029965169485]},"properties":{"Fazenda":"FE","Campo":"FE 01","produtividade":163.1517387104,"unidade_produtividade":"sc/ha","pontos_originais":25,"ano":"2026","cultura":"Milho"}},{"type":"Feature","geometry":{"type":"Point","coordinates":[-52.280966238370205,-10.366025419557443]},"properties":{"Fazenda":"FE","Campo":"FE 01","produtividade":171.62244438239998,"unidade_produtividade":"sc/ha","pontos_originais":25,"ano":"2026","cultura":"Milho"}},{"type":"Feature","geometry":{"type":"Point","coordinates":[-52.280737924046555,-10.36602632900386]},"properties":{"Fazenda":"FE","Campo":"FE 01","produtividade":168.49034416720002,"unidade_produtividade":"sc/ha","pontos_originais":25,"ano":"2026","cultura":"Milho"}},{"type":"Feature","geometry":{"type":"Point","coordinates":[-52.28050960970177,-10.366027238288275]},"properties":{"Fazenda":"FE","Campo":"FE 01","produtividade":166.40923026639996,"unidade_produtividade":"sc/ha","pontos_originais":25,"ano":"2026","cultura":"Milho"}},{"type":"Feature","geometry":{"type":"Point","coordinates":[-52.281863610935915,-10.366252658580086]},"properties":{"Fazenda":"FE","Campo":"FE 01","produtividade":129.34868117368418,"unidade_produtividade":"sc/ha","pontos_originais":19,"ano":"2026","cultura":"Milho"}},{"type":"Feature","geometry":{"type":"Point","coordinates":[-52.282108729128225,-10.366246922239869]},"properties":{"Fazenda":"FE","Campo":"FE 01","produtividade":142.340329252,"unidade_produtividade":"sc/ha","pontos_originais":25,"ano":"2026","cultura":"Milho"}},{"type":"Feature","geometry":{"type":"Point","coordinates":[-52.28165210034389,-10.366248742631294]},"properties":{"Fazenda":"FE","Campo":"FE 01","produtividade":137.10899560159996,"unidade_produtividade":"sc/ha","pontos_originais":25,"ano":"2026","cultura":"Milho"}},{"type":"Feature","geometry":{"type":"Point","coordinates":[-52.281423785920026,-10.366249652583996]},"properties":{"Fazenda":"FE","Campo":"FE 01","produtividade":139.712855436,"unidade_produtividade":"sc/ha","pontos_originais":25,"ano":"2026","cultura":"Milho"}},{"type":"Feature","geometry":{"type":"Point","coordinates":[-52.28119547147503,-10.366250562374686]},"properties":{"Fazenda":"FE","Campo":"FE 01","produtividade":134.56425776639998,"unidade_produtividade":"sc/ha","pontos_originais":25,"ano":"2026","cultura":"Milho"}},{"type":"Feature","geometry":{"type":"Point","coordinates":[-52.28279367214609,-10.36624419043767]},"properties":{"Fazenda":"FE","Campo":"FE 01","produtividade":187.36335530879998,"unidade_produtividade":"sc/ha","pontos_originais":25,"ano":"2026","cultura":"Milho"}},{"type":"Feature","geometry":{"type":"Point","coordinates":[-52.282565357827956,-10.36624510120041]},"properties":{"Fazenda":"FE","Campo":"FE 01","produtividade":184.2963706848,"unidade_produtividade":"sc/ha","pontos_originais":25,"ano":"2026","cultura":"Milho"}},{"type":"Feature","geometry":{"type":"Point","coordinates":[-52.28233704348867,-10.366246011801147]},"properties":{"Fazenda":"FE","Campo":"FE 01","produtividade":169.42900170239997,"unidade_produtividade":"sc/ha","pontos_originais":25,"ano":"2026","cultura":"Milho"}},{"type":"Feature","geometry":{"type":"Point","coordinates":[-52.28051052801318,-10.366253290774708]},"properties":{"Fazenda":"FE","Campo":"FE 01","produtividade":164.5139716792,"unidade_produtividade":"sc/ha","pontos_originais":25,"ano":"2026","cultura":"Milho"}},{"type":"Feature","geometry":{"type":"Point","coordinates":[-52.28028221348366,-10.366254199917362]},"properties":{"Fazenda":"FE","Campo":"FE 01","produtividade":163.00321711520002,"unidade_produtividade":"sc/ha","pontos_originais":25,"ano":"2026","cultura":"Milho"}},{"type":"Feature","geometry":{"type":"Point","coordinates":[-52.28005389893301,-10.366255108898013]},"properties":{"Fazenda":"FE","Campo":"FE 01","produtividade":166.45738392799998,"unidade_produtividade":"sc/ha","pontos_originais":25,"ano":"2026","cultura":"Milho"}},{"type":"Feature","geometry":{"type":"Point","coordinates":[-52.279829374308186,-10.366252235028737]},"properties":{"Fazenda":"FE","Campo":"FE 01","produtividade":165.87192653166662,"unidade_produtividade":"sc/ha","pontos_originais":24,"ano":"2026","cultura":"Milho"}},{"type":"Feature","geometry":{"type":"Point","coordinates":[-52.28096715700886,-10.366251472003372]},"properties":{"Fazenda":"FE","Campo":"FE 01","produtividade":145.1839025736,"unidade_produtividade":"sc/ha","pontos_originais":25,"ano":"2026","cultura":"Milho"}},{"type":"Feature","geometry":{"type":"Point","coordinates":[-52.28073884252159,-10.36625238147004]},"properties":{"Fazenda":"FE","Campo":"FE 01","produtividade":164.4562591056,"unidade_produtividade":"sc/ha","pontos_originais":25,"ano":"2026","cultura":"Milho"}},{"type":"Feature","geometry":{"type":"Point","coordinates":[-52.283478614973475,-10.366241457177395]},"properties":{"Fazenda":"FE","Campo":"FE 01","produtividade":172.95336484799998,"unidade_produtividade":"sc/ha","pontos_originais":25,"ano":"2026","cultura":"Milho"}},{"type":"Feature","geometry":{"type":"Point","coordinates":[-52.28325030071882,-10.36624236842616]},"properties":{"Fazenda":"FE","Campo":"FE 01","produtividade":180.9509699008,"unidade_produtividade":"sc/ha","pontos_originais":25,"ano":"2026","cultura":"Milho"}},{"type":"Feature","geometry":{"type":"Point","coordinates":[-52.283021986443046,-10.366243279512918]},"properties":{"Fazenda":"FE","Campo":"FE 01","produtividade":184.89825194719998,"unidade_produtividade":"sc/ha","pontos_originais":25,"ano":"2026","cultura":"Milho"}},{"type":"Feature","geometry":{"type":"Point","coordinates":[-52.28412359111669,-10.366236056376078]},"properties":{"Fazenda":"FE","Campo":"FE 01","produtividade":114.40143361625002,"unidade_produtividade":"sc/ha","pontos_originais":16,"ano":"2026","cultura":"Milho"}},{"type":"Feature","geometry":{"type":"Point","coordinates":[-52.28393524341923,-10.36623963419384]},"properties":{"Fazenda":"FE","Campo":"FE 01","produtividade":123.213145484,"unidade_produtividade":"sc/ha","pontos_originais":25,"ano":"2026","cultura":"Milho"}},{"type":"Feature","geometry":{"type":"Point","coordinates":[-52.28370692920692,-10.36624054576662]},"properties":{"Fazenda":"FE","Campo":"FE 01","produtividade":147.21952042160004,"unidade_produtividade":"sc/ha","pontos_originais":25,"ano":"2026","cultura":"Milho"}},{"type":"Feature","geometry":{"type":"Point","coordinates":[-52.2795971780014,-10.366234321116732]},"properties":{"Fazenda":"FE","Campo":"FE 01","produtividade":156.38510198299997,"unidade_produtividade":"sc/ha","pontos_originais":20,"ano":"2026","cultura":"Milho"}},{"type":"Feature","geometry":{"type":"Point","coordinates":[-52.27936877165347,-10.366212624350716]},"properties":{"Fazenda":"FE","Campo":"FE 01","produtividade":153.0937572853333,"unidade_produtividade":"sc/ha","pontos_originais":15,"ano":"2026","cultura":"Milho"}},{"type":"Feature","geometry":{"type":"Point","coordinates":[-52.27923169115522,-10.366190564113907]},"properties":{"Fazenda":"FE","Campo":"FE 01","produtividade":149.08671448,"unidade_produtividade":"sc/ha","pontos_originais":2,"ano":"2026","cultura":"Milho"}},{"type":"Feature","geometry":{"type":"Point","coordinates":[-52.28029995684497,-10.366406717177217]},"properties":{"Fazenda":"FE","Campo":"FE 01","produtividade":162.10322202249998,"unidade_produtividade":"sc/ha","pontos_originais":8,"ano":"2026","cultura":"Milho"}},{"type":"Feature","geometry":{"type":"Point","coordinates":[-52.28007728119894,-10.366390649523176]},"properties":{"Fazenda":"FE","Campo":"FE 01","produtividade":164.514508565,"unidade_produtividade":"sc/ha","pontos_originais":4,"ano":"2026","cultura":"Milho"}},{"type":"Feature","geometry":{"type":"Point","coordinates":[-52.28028037720921,-10.365802094900754]},"properties":{"Fazenda":"FE","Campo":"FE 01","produtividade":162.00804058559999,"unidade_produtividade":"sc/ha","pontos_originais":25,"ano":"2026","cultura":"Milho"}},{"type":"Feature","geometry":{"type":"Point","coordinates":[-52.280508691411484,-10.365801185798594]},"properties":{"Fazenda":"FE","Campo":"FE 01","produtividade":166.5303335872,"unidade_produtividade":"sc/ha","pontos_originais":25,"ano":"2026","cultura":"Milho"}},{"type":"Feature","geometry":{"type":"Point","coordinates":[-52.280052062985824,-10.365803003840911]},"properties":{"Fazenda":"FE","Campo":"FE 01","produtividade":167.49944666400003,"unidade_produtividade":"sc/ha","pontos_originais":25,"ano":"2026","cultura":"Milho"}},{"type":"Feature","geometry":{"type":"Point","coordinates":[-52.2798237487413,-10.365803912619066]},"properties":{"Fazenda":"FE","Campo":"FE 01","produtividade":157.797697024,"unidade_produtividade":"sc/ha","pontos_originais":25,"ano":"2026","cultura":"Milho"}},{"type":"Feature","geometry":{"type":"Point","coordinates":[-52.280965319752674,-10.365799367108268]},"properties":{"Fazenda":"FE","Campo":"FE 01","produtividade":175.5981282176,"unidade_produtividade":"sc/ha","pontos_originais":25,"ano":"2026","cultura":"Milho"}},{"type":"Feature","geometry":{"type":"Point","coordinates":[-52.2811936338916,-10.3657984575201]},"properties":{"Fazenda":"FE","Campo":"FE 01","produtividade":174.9346048208,"unidade_produtividade":"sc/ha","pontos_originais":25,"ano":"2026","cultura":"Milho"}},{"type":"Feature","geometry":{"type":"Point","coordinates":[-52.280737005592655,-10.365800276534427]},"properties":{"Fazenda":"FE","Campo":"FE 01","produtividade":170.0216690216,"unidade_produtividade":"sc/ha","pontos_originais":25,"ano":"2026","cultura":"Milho"}},{"type":"Feature","geometry":{"type":"Point","coordinates":[-52.2837050880238,-10.365788441358198]},"properties":{"Fazenda":"FE","Campo":"FE 01","produtividade":120.1418387928,"unidade_produtividade":"sc/ha","pontos_originais":25,"ano":"2026","cultura":"Milho"}},{"type":"Feature","geometry":{"type":"Point","coordinates":[-52.283476774117595,-10.365789352728376]},"properties":{"Fazenda":"FE","Campo":"FE 01","produtividade":147.77395402,"unidade_produtividade":"sc/ha","pontos_originais":25,"ano":"2026","cultura":"Milho"}},{"type":"Feature","geometry":{"type":"Point","coordinates":[-52.28324846019019,-10.365790263936551]},"properties":{"Fazenda":"FE","Campo":"FE 01","produtividade":171.0606013424,"unidade_produtividade":"sc/ha","pontos_originais":25,"ano":"2026","cultura":"Milho"}},{"type":"Feature","geometry":{"type":"Point","coordinates":[-52.283020146241654,-10.36579117498273]},"properties":{"Fazenda":"FE","Campo":"FE 01","produtividade":186.12301195839999,"unidade_produtividade":"sc/ha","pontos_originais":25,"ano":"2026","cultura":"Milho"}},{"type":"Feature","geometry":{"type":"Point","coordinates":[-52.27959543447567,-10.365804821235226]},"properties":{"Fazenda":"FE","Campo":"FE 01","produtividade":151.53669510320003,"unidade_produtividade":"sc/ha","pontos_originais":25,"ano":"2026","cultura":"Milho"}},{"type":"Feature","geometry":{"type":"Point","coordinates":[-52.27937508548791,-10.36581159511872]},"properties":{"Fazenda":"FE","Campo":"FE 01","produtividade":146.73829349826084,"unidade_produtividade":"sc/ha","pontos_originais":23,"ano":"2026","cultura":"Milho"}},{"type":"Feature","geometry":{"type":"Point","coordinates":[-52.28392961202426,-10.365791312556164]},"properties":{"Fazenda":"FE","Campo":"FE 01","produtividade":109.70283135166666,"unidade_produtividade":"sc/ha","pontos_originais":24,"ano":"2026","cultura":"Milho"}},{"type":"Feature","geometry":{"type":"Point","coordinates":[-52.28279183227193,-10.365792085866904]},"properties":{"Fazenda":"FE","Campo":"FE 01","produtividade":187.6497892632,"unidade_produtividade":"sc/ha","pontos_originais":25,"ano":"2026","cultura":"Milho"}},{"type":"Feature","geometry":{"type":"Point","coordinates":[-52.28187857618146,-10.365795727783594]},"properties":{"Fazenda":"FE","Campo":"FE 01","produtividade":132.74549424399996,"unidade_produtividade":"sc/ha","pontos_originais":25,"ano":"2026","cultura":"Milho"}},{"type":"Feature","geometry":{"type":"Point","coordinates":[-52.281650262105984,-10.365796637857766]},"properties":{"Fazenda":"FE","Campo":"FE 01","produtividade":143.155011296,"unidade_produtividade":"sc/ha","pontos_originais":25,"ano":"2026","cultura":"Milho"}},{"type":"Feature","geometry":{"type":"Point","coordinates":[-52.281421948009346,-10.365797547769937]},"properties":{"Fazenda":"FE","Campo":"FE 01","produtividade":157.52490636079997,"unidade_produtividade":"sc/ha","pontos_originais":25,"ano":"2026","cultura":"Milho"}},{"type":"Feature","geometry":{"type":"Point","coordinates":[-52.28256351828104,-10.36579299658908]},"properties":{"Fazenda":"FE","Campo":"FE 01","produtividade":182.44480429119994,"unidade_produtividade":"sc/ha","pontos_originais":25,"ano":"2026","cultura":"Milho"}},{"type":"Feature","geometry":{"type":"Point","coordinates":[-52.282335204269,-10.365793907149252]},"properties":{"Fazenda":"FE","Campo":"FE 01","produtividade":162.37615184559996,"unidade_produtividade":"sc/ha","pontos_originais":25,"ano":"2026","cultura":"Milho"}},{"type":"Feature","geometry":{"type":"Point","coordinates":[-52.28213334595456,-10.365799471140733]},"properties":{"Fazenda":"FE","Campo":"FE 01","produtividade":137.05864256526314,"unidade_produtividade":"sc/ha","pontos_originais":19,"ano":"2026","cultura":"Milho"}},{"type":"Feature","geometry":{"type":"Point","coordinates":[-52.28408591810336,-10.365862272778045]},"properties":{"Fazenda":"FE","Campo":"FE 01","produtividade":113.73991786666666,"unidade_produtividade":"sc/ha","pontos_originais":3,"ano":"2026","cultura":"Milho"}},{"type":"Feature","geometry":{"type":"Point","coordinates":[-52.280727822215596,-10.363539751661296]},"properties":{"Fazenda":"FE","Campo":"FE 01","produtividade":168.5386642104,"unidade_produtividade":"sc/ha","pontos_originais":25,"ano":"2026","cultura":"Milho"}},{"type":"Feature","geometry":{"type":"Point","coordinates":[-52.28095613473962,-10.363538842437679]},"properties":{"Fazenda":"FE","Campo":"FE 01","produtividade":170.18650500720003,"unidade_produtividade":"sc/ha","pontos_originais":25,"ano":"2026","cultura":"Milho"}},{"type":"Feature","geometry":{"type":"Point","coordinates":[-52.280499509670456,-10.363540660722949]},"properties":{"Fazenda":"FE","Campo":"FE 01","produtividade":156.9668123672,"unidade_produtividade":"sc/ha","pontos_originais":25,"ano":"2026","cultura":"Milho"}},{"type":"Feature","geometry":{"type":"Point","coordinates":[-52.28027119710416,-10.363541569622635]},"properties":{"Fazenda":"FE","Campo":"FE 01","produtividade":145.7504820288,"unidade_produtividade":"sc/ha","pontos_originais":25,"ano":"2026","cultura":"Milho"}},{"type":"Feature","geometry":{"type":"Point","coordinates":[-52.28141275972427,-10.363537023504545]},"properties":{"Fazenda":"FE","Campo":"FE 01","produtividade":166.77966059040006,"unidade_produtividade":"sc/ha","pontos_originais":25,"ano":"2026","cultura":"Milho"}},{"type":"Feature","geometry":{"type":"Point","coordinates":[-52.281641072184875,-10.363536113795032]},"properties":{"Fazenda":"FE","Campo":"FE 01","produtividade":162.99431409360002,"unidade_produtividade":"sc/ha","pontos_originais":25,"ano":"2026","cultura":"Milho"}},{"type":"Feature","geometry":{"type":"Point","coordinates":[-52.281184447242495,-10.363537933052099]},"properties":{"Fazenda":"FE","Campo":"FE 01","produtividade":168.7264602144,"unidade_produtividade":"sc/ha","pontos_originais":25,"ano":"2026","cultura":"Milho"}},{"type":"Feature","geometry":{"type":"Point","coordinates":[-52.28436469621895,-10.363570460206933]},"properties":{"Fazenda":"FE","Campo":"FE 01","produtividade":96.66880397428572,"unidade_produtividade":"sc/ha","pontos_originais":14,"ano":"2026","cultura":"Milho"}},{"type":"Feature","geometry":{"type":"Point","coordinates":[-52.28414871799779,-10.363529879030354]},"properties":{"Fazenda":"FE","Campo":"FE 01","produtividade":98.36335384333331,"unidade_produtividade":"sc/ha","pontos_originais":24,"ano":"2026","cultura":"Milho"}},{"type":"Feature","geometry":{"type":"Point","coordinates":[-52.2839241956277,-10.363527007791818]},"properties":{"Fazenda":"FE","Campo":"FE 01","produtividade":116.16269691840002,"unidade_produtividade":"sc/ha","pontos_originais":25,"ano":"2026","cultura":"Milho"}},{"type":"Feature","geometry":{"type":"Point","coordinates":[-52.28369588337866,-10.363527919120981]},"properties":{"Fazenda":"FE","Campo":"FE 01","produtividade":135.7637129992,"unidade_produtividade":"sc/ha","pontos_originais":25,"ano":"2026","cultura":"Milho"}},{"type":"Feature","geometry":{"type":"Point","coordinates":[-52.28004288451677,-10.363542478360355]},"properties":{"Fazenda":"FE","Campo":"FE 01","produtividade":144.1520944688,"unidade_produtividade":"sc/ha","pontos_originais":25,"ano":"2026","cultura":"Milho"}},{"type":"Feature","geometry":{"type":"Point","coordinates":[-52.27981457190826,-10.363543386936115]},"properties":{"Fazenda":"FE","Campo":"FE 01","produtividade":142.684132096,"unidade_produtividade":"sc/ha","pontos_originais":25,"ano":"2026","cultura":"Milho"}},{"type":"Feature","geometry":{"type":"Point","coordinates":[-52.27958625927865,-10.3635442953499]},"properties":{"Fazenda":"FE","Campo":"FE 01","produtividade":141.4046903544,"unidade_produtividade":"sc/ha","pontos_originais":25,"ano":"2026","cultura":"Milho"}},{"type":"Feature","geometry":{"type":"Point","coordinates":[-52.27943630387852,-10.363564268164094]},"properties":{"Fazenda":"FE","Campo":"FE 01","produtividade":141.56736512285713,"unidade_produtividade":"sc/ha","pontos_originais":7,"ano":"2026","cultura":"Milho"}},{"type":"Feature","geometry":{"type":"Point","coordinates":[-52.28346757110846,-10.36352883028818]},"properties":{"Fazenda":"FE","Campo":"FE 01","produtividade":142.33625643599999,"unidade_produtividade":"sc/ha","pontos_originais":25,"ano":"2026","cultura":"Milho"}},{"type":"Feature","geometry":{"type":"Point","coordinates":[-52.28323925881707,-10.363529741293414]},"properties":{"Fazenda":"FE","Campo":"FE 01","produtividade":138.7505993368,"unidade_produtividade":"sc/ha","pontos_originais":25,"ano":"2026","cultura":"Milho"}},{"type":"Feature","geometry":{"type":"Point","coordinates":[-52.28231804415409,-10.363527518339135]},"properties":{"Fazenda":"FE","Campo":"FE 01","produtividade":128.79182584782612,"unidade_produtividade":"sc/ha","pontos_originais":23,"ano":"2026","cultura":"Milho"}},{"type":"Feature","geometry":{"type":"Point","coordinates":[-52.282097697042694,-10.363534293890108]},"properties":{"Fazenda":"FE","Campo":"FE 01","produtividade":146.9183119096,"unidade_produtividade":"sc/ha","pontos_originais":25,"ano":"2026","cultura":"Milho"}},{"type":"Feature","geometry":{"type":"Point","coordinates":[-52.28186938462436,-10.363535203923554]},"properties":{"Fazenda":"FE","Campo":"FE 01","produtividade":158.26897772400002,"unidade_produtividade":"sc/ha","pontos_originais":25,"ano":"2026","cultura":"Milho"}},{"type":"Feature","geometry":{"type":"Point","coordinates":[-52.28301094650451,-10.363530652136683]},"properties":{"Fazenda":"FE","Campo":"FE 01","produtividade":136.1174563408,"unidade_produtividade":"sc/ha","pontos_originais":25,"ano":"2026","cultura":"Milho"}},{"type":"Feature","geometry":{"type":"Point","coordinates":[-52.2827826341708,-10.36353156281799]},"properties":{"Fazenda":"FE","Campo":"FE 01","produtividade":132.484956076,"unidade_produtividade":"sc/ha","pontos_originais":25,"ano":"2026","cultura":"Milho"}},{"type":"Feature","geometry":{"type":"Point","coordinates":[-52.28257173455778,-10.363536709730866]},"properties":{"Fazenda":"FE","Campo":"FE 01","produtividade":123.73786896952382,"unidade_produtividade":"sc/ha","pontos_originais":21,"ano":"2026","cultura":"Milho"}},{"type":"Feature","geometry":{"type":"Point","coordinates":[-52.28454100698145,-10.363614967265542]},"properties":{"Fazenda":"FE","Campo":"FE 01","produtividade":82.60092423,"unidade_produtividade":"sc/ha","pontos_originais":2,"ano":"2026","cultura":"Milho"}},{"type":"Feature","geometry":{"type":"Point","coordinates":[-52.28346849131409,-10.36375488254683]},"properties":{"Fazenda":"FE","Campo":"FE 01","produtividade":156.94875578799997,"unidade_produtividade":"sc/ha","pontos_originais":25,"ano":"2026","cultura":"Milho"}},{"type":"Feature","geometry":{"type":"Point","coordinates":[-52.28369680374789,-10.363753971359335]},"properties":{"Fazenda":"FE","Campo":"FE 01","produtividade":157.3315985648,"unidade_produtividade":"sc/ha","pontos_originais":25,"ano":"2026","cultura":"Milho"}},{"type":"Feature","geometry":{"type":"Point","coordinates":[-52.283240178859124,-10.36375579357236]},"properties":{"Fazenda":"FE","Campo":"FE 01","produtividade":150.3501071424,"unidade_produtividade":"sc/ha","pontos_originais":25,"ano":"2026","cultura":"Milho"}},{"type":"Feature","geometry":{"type":"Point","coordinates":[-52.283011866382985,-10.363756704435918]},"properties":{"Fazenda":"FE","Campo":"FE 01","produtividade":146.32267734479998,"unidade_produtividade":"sc/ha","pontos_originais":25,"ano":"2026","cultura":"Milho"}},{"type":"Feature","geometry":{"type":"Point","coordinates":[-52.284381740922214,-10.363751236825035]},"properties":{"Fazenda":"FE","Campo":"FE 01","produtividade":127.6246784472,"unidade_produtividade":"sc/ha","pontos_originais":25,"ano":"2026","cultura":"Milho"}},{"type":"Feature","geometry":{"type":"Point","coordinates":[-52.284153428551946,-10.363752148498437]},"properties":{"Fazenda":"FE","Campo":"FE 01","produtividade":137.52161811519997,"unidade_produtividade":"sc/ha","pontos_originais":25,"ano":"2026","cultura":"Milho"}},{"type":"Feature","geometry":{"type":"Point","coordinates":[-52.28392511616051,-10.36375306000987]},"properties":{"Fazenda":"FE","Campo":"FE 01","produtividade":148.11945858160001,"unidade_produtividade":"sc/ha","pontos_originais":25,"ano":"2026","cultura":"Milho"}},{"type":"Feature","geometry":{"type":"Point","coordinates":[-52.282098616266836,-10.363760346270475]},"properties":{"Fazenda":"FE","Campo":"FE 01","produtividade":139.6574715624,"unidade_produtividade":"sc/ha","pontos_originais":25,"ano":"2026","cultura":"Milho"}},{"type":"Feature","geometry":{"type":"Point","coordinates":[-52.28187030368494,-10.363761256324192]},"properties":{"Fazenda":"FE","Campo":"FE 01","produtividade":155.018616808,"unidade_produtividade":"sc/ha","pontos_originais":25,"ano":"2026","cultura":"Milho"}},{"type":"Feature","geometry":{"type":"Point","coordinates":[-52.28164199108186,-10.363762166215938]},"properties":{"Fazenda":"FE","Campo":"FE 01","produtividade":162.90076973280003,"unidade_produtividade":"sc/ha","pontos_originais":25,"ano":"2026","cultura":"Milho"}},{"type":"Feature","geometry":{"type":"Point","coordinates":[-52.281413678457646,-10.363763075945714]},"properties":{"Fazenda":"FE","Campo":"FE 01","produtividade":169.65497746559998,"unidade_produtividade":"sc/ha","pontos_originais":25,"ano":"2026","cultura":"Milho"}},{"type":"Feature","geometry":{"type":"Point","coordinates":[-52.282783553885686,-10.363757615137509]},"properties":{"Fazenda":"FE","Campo":"FE 01","produtividade":142.6648755136,"unidade_produtividade":"sc/ha","pontos_originais":25,"ano":"2026","cultura":"Milho"}},{"type":"Feature","geometry":{"type":"Point","coordinates":[-52.28255524136723,-10.363758525677131]},"properties":{"Fazenda":"FE","Campo":"FE 01","produtividade":131.3074285248,"unidade_produtividade":"sc/ha","pontos_originais":25,"ano":"2026","cultura":"Milho"}},{"type":"Feature","geometry":{"type":"Point","coordinates":[-52.2823028862502,-10.363757152377955]},"properties":{"Fazenda":"FE","Campo":"FE 01","produtividade":127.72855598105262,"unidade_produtividade":"sc/ha","pontos_originais":19,"ano":"2026","cultura":"Milho"}},{"type":"Feature","geometry":{"type":"Point","coordinates":[-52.2845860688716,-10.363762318463452]},"properties":{"Fazenda":"FE","Campo":"FE 01","produtividade":97.3353618368421,"unidade_produtividade":"sc/ha","pontos_originais":19,"ano":"2026","cultura":"Milho"}},{"type":"Feature","geometry":{"type":"Point","coordinates":[-52.2811853658123,-10.363763985513524]},"properties":{"Fazenda":"FE","Campo":"FE 01","produtividade":173.28708650880003,"unidade_produtividade":"sc/ha","pontos_originais":25,"ano":"2026","cultura":"Milho"}},{"type":"Feature","geometry":{"type":"Point","coordinates":[-52.28095705314582,-10.36376489491937]},"properties":{"Fazenda":"FE","Campo":"FE 01","produtividade":172.42482703599998,"unidade_produtividade":"sc/ha","pontos_originais":25,"ano":"2026","cultura":"Milho"}},{"type":"Feature","geometry":{"type":"Point","coordinates":[-52.280728740458215,-10.36376580416324]},"properties":{"Fazenda":"FE","Campo":"FE 01","produtividade":171.989160992,"unidade_produtividade":"sc/ha","pontos_originais":25,"ano":"2026","cultura":"Milho"}},{"type":"Feature","geometry":{"type":"Point","coordinates":[-52.280500427749494,-10.363766713245145]},"properties":{"Fazenda":"FE","Campo":"FE 01","produtividade":160.95009900640002,"unidade_produtividade":"sc/ha","pontos_originais":25,"ano":"2026","cultura":"Milho"}},{"type":"Feature","geometry":{"type":"Point","coordinates":[-52.280272115019635,-10.36376762216508]},"properties":{"Fazenda":"FE","Campo":"FE 01","produtividade":146.20771408320002,"unidade_produtividade":"sc/ha","pontos_originais":25,"ano":"2026","cultura":"Milho"}},{"type":"Feature","geometry":{"type":"Point","coordinates":[-52.28004380226866,-10.36376853092304]},"properties":{"Fazenda":"FE","Campo":"FE 01","produtividade":149.39818147760002,"unidade_produtividade":"sc/ha","pontos_originais":25,"ano":"2026","cultura":"Milho"}},{"type":"Feature","geometry":{"type":"Point","coordinates":[-52.27981548949657,-10.363769439519038]},"properties":{"Fazenda":"FE","Campo":"FE 01","produtividade":154.37220630480005,"unidade_produtividade":"sc/ha","pontos_originais":25,"ano":"2026","cultura":"Milho"}},{"type":"Feature","geometry":{"type":"Point","coordinates":[-52.27958717670336,-10.36377034795306]},"properties":{"Fazenda":"FE","Campo":"FE 01","produtividade":147.913923344,"unidade_produtividade":"sc/ha","pontos_originais":25,"ano":"2026","cultura":"Milho"}},{"type":"Feature","geometry":{"type":"Point","coordinates":[-52.27941598795886,-10.363782331808164]},"properties":{"Fazenda":"FE","Campo":"FE 01","produtividade":142.32927542166667,"unidade_produtividade":"sc/ha","pontos_originais":12,"ano":"2026","cultura":"Milho"}},{"type":"Feature","geometry":{"type":"Point","coordinates":[-52.28118169165989,-10.362859775648301]},"properties":{"Fazenda":"FE","Campo":"FE 01","produtividade":126.62250104239997,"unidade_produtividade":"sc/ha","pontos_originais":25,"ano":"2026","cultura":"Milho"}},{"type":"Feature","geometry":{"type":"Point","coordinates":[-52.28095337964772,-10.36286068497311]},"properties":{"Fazenda":"FE","Campo":"FE 01","produtividade":129.1119263104,"unidade_produtividade":"sc/ha","pontos_originais":25,"ano":"2026","cultura":"Milho"}},{"type":"Feature","geometry":{"type":"Point","coordinates":[-52.28072506761444,-10.362861594135966]},"properties":{"Fazenda":"FE","Campo":"FE 01","produtividade":132.52617631439998,"unidade_produtividade":"sc/ha","pontos_originais":25,"ano":"2026","cultura":"Milho"}},{"type":"Feature","geometry":{"type":"Point","coordinates":[-52.28049675556001,-10.362862503136864]},"properties":{"Fazenda":"FE","Campo":"FE 01","produtividade":134.43898719679999,"unidade_produtividade":"sc/ha","pontos_originais":25,"ano":"2026","cultura":"Milho"}},{"type":"Feature","geometry":{"type":"Point","coordinates":[-52.28186662756957,-10.362857046702148]},"properties":{"Fazenda":"FE","Campo":"FE 01","produtividade":143.80538604959997,"unidade_produtividade":"sc/ha","pontos_originais":25,"ano":"2026","cultura":"Milho"}},{"type":"Feature","geometry":{"type":"Point","coordinates":[-52.2816383156208,-10.362857956512821]},"properties":{"Fazenda":"FE","Campo":"FE 01","produtividade":138.1186518272,"unidade_produtividade":"sc/ha","pontos_originais":25,"ano":"2026","cultura":"Milho"}},{"type":"Feature","geometry":{"type":"Point","coordinates":[-52.28141000365092,-10.362858866161538]},"properties":{"Fazenda":"FE","Campo":"FE 01","produtividade":129.44137601120002,"unidade_produtividade":"sc/ha","pontos_originais":25,"ano":"2026","cultura":"Milho"}},{"type":"Feature","geometry":{"type":"Point","coordinates":[-52.282323251403625,-10.362855226594938]},"properties":{"Fazenda":"FE","Campo":"FE 01","produtividade":131.84619848399998,"unidade_produtividade":"sc/ha","pontos_originais":25,"ano":"2026","cultura":"Milho"}},{"type":"Feature","geometry":{"type":"Point","coordinates":[-52.282518102069844,-10.362860477882528]},"properties":{"Fazenda":"FE","Campo":"FE 01","produtividade":123.73480961600002,"unidade_produtividade":"sc/ha","pontos_originais":15,"ano":"2026","cultura":"Milho"}},{"type":"Feature","geometry":{"type":"Point","coordinates":[-52.282094939497185,-10.362856136729519]},"properties":{"Fazenda":"FE","Campo":"FE 01","produtividade":141.52289645119995,"unidade_produtividade":"sc/ha","pontos_originais":25,"ano":"2026","cultura":"Milho"}},{"type":"Feature","geometry":{"type":"Point","coordinates":[-52.28026844348447,-10.362863411975809]},"properties":{"Fazenda":"FE","Campo":"FE 01","produtividade":142.40660373280002,"unidade_produtividade":"sc/ha","pontos_originais":25,"ano":"2026","cultura":"Milho"}},{"type":"Feature","geometry":{"type":"Point","coordinates":[-52.280040131387814,-10.3628643206528]},"properties":{"Fazenda":"FE","Campo":"FE 01","produtividade":153.3331544976,"unidade_produtividade":"sc/ha","pontos_originais":25,"ano":"2026","cultura":"Milho"}},{"type":"Feature","geometry":{"type":"Point","coordinates":[-52.279895594886405,-10.362879966243149]},"properties":{"Fazenda":"FE","Campo":"FE 01","produtividade":154.04676518,"unidade_produtividade":"sc/ha","pontos_originais":6,"ano":"2026","cultura":"Milho"}},{"type":"Feature","geometry":{"type":"Point","coordinates":[-52.280954297990554,-10.363086737464549]},"properties":{"Fazenda":"FE","Campo":"FE 01","produtividade":146.80503944479997,"unidade_produtividade":"sc/ha","pontos_originais":25,"ano":"2026","cultura":"Milho"}},{"type":"Feature","geometry":{"type":"Point","coordinates":[-52.28072598579368,-10.36308764664766]},"properties":{"Fazenda":"FE","Campo":"FE 01","produtividade":146.84976847200002,"unidade_produtividade":"sc/ha","pontos_originais":25,"ano":"2026","cultura":"Milho"}},{"type":"Feature","geometry":{"type":"Point","coordinates":[-52.28049767357571,-10.36308855566881]},"properties":{"Fazenda":"FE","Campo":"FE 01","produtividade":142.58743997519997,"unidade_produtividade":"sc/ha","pontos_originais":25,"ano":"2026","cultura":"Milho"}},{"type":"Feature","geometry":{"type":"Point","coordinates":[-52.280269361336586,-10.363089464528002]},"properties":{"Fazenda":"FE","Campo":"FE 01","produtividade":145.4028055128,"unidade_produtividade":"sc/ha","pontos_originais":25,"ano":"2026","cultura":"Milho"}},{"type":"Feature","geometry":{"type":"Point","coordinates":[-52.28163923445437,-10.363084008943474]},"properties":{"Fazenda":"FE","Campo":"FE 01","produtividade":145.4794534688,"unidade_produtividade":"sc/ha","pontos_originais":25,"ano":"2026","cultura":"Milho"}},{"type":"Feature","geometry":{"type":"Point","coordinates":[-52.28141092232088,-10.36308491861246]},"properties":{"Fazenda":"FE","Campo":"FE 01","produtividade":147.39314829359998,"unidade_produtividade":"sc/ha","pontos_originais":25,"ano":"2026","cultura":"Milho"}},{"type":"Feature","geometry":{"type":"Point","coordinates":[-52.2811826101663,-10.363085828119484]},"properties":{"Fazenda":"FE","Campo":"FE 01","produtividade":146.26973073679997,"unidade_produtividade":"sc/ha","pontos_originais":25,"ano":"2026","cultura":"Milho"}},{"type":"Feature","geometry":{"type":"Point","coordinates":[-52.2823241707279,-10.363081278964778]},"properties":{"Fazenda":"FE","Campo":"FE 01","produtividade":124.54794861519999,"unidade_produtividade":"sc/ha","pontos_originais":25,"ano":"2026","cultura":"Milho"}},{"type":"Feature","geometry":{"type":"Point","coordinates":[-52.28209585865785,-10.363082189119634]},"properties":{"Fazenda":"FE","Campo":"FE 01","produtividade":138.63056304239998,"unidade_produtividade":"sc/ha","pontos_originais":25,"ano":"2026","cultura":"Milho"}},{"type":"Feature","geometry":{"type":"Point","coordinates":[-52.28186754656668,-10.363083099112536]},"properties":{"Fazenda":"FE","Campo":"FE 01","produtividade":142.84526914240004,"unidade_produtividade":"sc/ha","pontos_originais":25,"ano":"2026","cultura":"Milho"}},{"type":"Feature","geometry":{"type":"Point","coordinates":[-52.28004104907635,-10.363090373225232]},"properties":{"Fazenda":"FE","Campo":"FE 01","produtividade":148.54063529359996,"unidade_produtividade":"sc/ha","pontos_originais":25,"ano":"2026","cultura":"Milho"}},{"type":"Feature","geometry":{"type":"Point","coordinates":[-52.27983852514691,-10.363116610475732]},"properties":{"Fazenda":"FE","Campo":"FE 01","produtividade":146.737365335,"unidade_produtividade":"sc/ha","pontos_originais":16,"ano":"2026","cultura":"Milho"}},{"type":"Feature","geometry":{"type":"Point","coordinates":[-52.28275809005909,-10.363110631419463]},"properties":{"Fazenda":"FE","Campo":"FE 01","produtividade":119.39652824,"unidade_produtividade":"sc/ha","pontos_originais":16,"ano":"2026","cultura":"Milho"}},{"type":"Feature","geometry":{"type":"Point","coordinates":[-52.282557049018365,-10.36308035043859]},"properties":{"Fazenda":"FE","Campo":"FE 01","produtividade":117.90825125200001,"unidade_produtividade":"sc/ha","pontos_originais":20,"ano":"2026","cultura":"Milho"}},{"type":"Feature","geometry":{"type":"Point","coordinates":[-52.27957809786327,-10.363140655930787]},"properties":{"Fazenda":"FE","Campo":"FE 01","produtividade":148.34247457857143,"unidade_produtividade":"sc/ha","pontos_originais":14,"ano":"2026","cultura":"Milho"}},{"type":"Feature","geometry":{"type":"Point","coordinates":[-52.28291814991672,-10.363169332736728]},"properties":{"Fazenda":"FE","Campo":"FE 01","produtividade":116.60578204,"unidade_produtividade":"sc/ha","pontos_originais":1,"ano":"2026","cultura":"Milho"}},{"type":"Feature","geometry":{"type":"Point","coordinates":[-52.282781714477075,-10.363305510495216]},"properties":{"Fazenda":"FE","Campo":"FE 01","produtividade":123.59992810000001,"unidade_produtividade":"sc/ha","pontos_originais":25,"ano":"2026","cultura":"Milho"}},{"type":"Feature","geometry":{"type":"Point","coordinates":[-52.28299921596512,-10.36331971335633]},"properties":{"Fazenda":"FE","Campo":"FE 01","produtividade":124.42549851809524,"unidade_produtividade":"sc/ha","pontos_originais":21,"ano":"2026","cultura":"Milho"}},{"type":"Feature","geometry":{"type":"Point","coordinates":[-52.28257261889869,-10.363303964828946]},"properties":{"Fazenda":"FE","Campo":"FE 01","produtividade":117.08952952631576,"unidade_produtividade":"sc/ha","pontos_originais":19,"ano":"2026","cultura":"Milho"}},{"type":"Feature","geometry":{"type":"Point","coordinates":[-52.28232509007332,-10.363307331331367]},"properties":{"Fazenda":"FE","Campo":"FE 01","produtividade":127.96328491760003,"unidade_produtividade":"sc/ha","pontos_originais":25,"ano":"2026","cultura":"Milho"}},{"type":"Feature","geometry":{"type":"Point","coordinates":[-52.282096777839705,-10.363308241506497]},"properties":{"Fazenda":"FE","Campo":"FE 01","produtividade":148.4713749376,"unidade_produtividade":"sc/ha","pontos_originais":25,"ano":"2026","cultura":"Milho"}},{"type":"Feature","geometry":{"type":"Point","coordinates":[-52.28004196678601,-10.36331642579442]},"properties":{"Fazenda":"FE","Campo":"FE 01","produtividade":143.0572964744,"unidade_produtividade":"sc/ha","pontos_originais":25,"ano":"2026","cultura":"Milho"}},{"type":"Feature","geometry":{"type":"Point","coordinates":[-52.27981365434107,-10.363317334349937]},"properties":{"Fazenda":"FE","Campo":"FE 01","produtividade":138.2928919064,"unidade_produtividade":"sc/ha","pontos_originais":25,"ano":"2026","cultura":"Milho"}},{"type":"Feature","geometry":{"type":"Point","coordinates":[-52.27958534187505,-10.363318242743485]},"properties":{"Fazenda":"FE","Campo":"FE 01","produtividade":140.8757818776,"unidade_produtividade":"sc/ha","pontos_originais":25,"ano":"2026","cultura":"Milho"}},{"type":"Feature","geometry":{"type":"Point","coordinates":[-52.281411841012,-10.36331097106013]},"properties":{"Fazenda":"FE","Campo":"FE 01","produtividade":162.38747928479998,"unidade_produtividade":"sc/ha","pontos_originais":25,"ano":"2026","cultura":"Milho"}},{"type":"Feature","geometry":{"type":"Point","coordinates":[-52.28118352869384,-10.363311880587414]},"properties":{"Fazenda":"FE","Campo":"FE 01","produtividade":162.3360461712,"unidade_produtividade":"sc/ha","pontos_originais":25,"ano":"2026","cultura":"Milho"}},{"type":"Feature","geometry":{"type":"Point","coordinates":[-52.280955216354535,-10.36331278995274]},"properties":{"Fazenda":"FE","Campo":"FE 01","produtividade":164.9678484784,"unidade_produtividade":"sc/ha","pontos_originais":25,"ano":"2026","cultura":"Milho"}},{"type":"Feature","geometry":{"type":"Point","coordinates":[-52.280726903994065,-10.363313699156102]},"properties":{"Fazenda":"FE","Campo":"FE 01","produtividade":162.52091411599997,"unidade_produtividade":"sc/ha","pontos_originais":25,"ano":"2026","cultura":"Milho"}},{"type":"Feature","geometry":{"type":"Point","coordinates":[-52.28186846558494,-10.363309151519672]},"properties":{"Fazenda":"FE","Campo":"FE 01","produtividade":155.27295260399995,"unidade_produtividade":"sc/ha","pontos_originais":25,"ano":"2026","cultura":"Milho"}},{"type":"Feature","geometry":{"type":"Point","coordinates":[-52.28164015330904,-10.36331006137088]},"properties":{"Fazenda":"FE","Campo":"FE 01","produtividade":159.98076173200002,"unidade_produtividade":"sc/ha","pontos_originais":25,"ano":"2026","cultura":"Milho"}},{"type":"Feature","geometry":{"type":"Point","coordinates":[-52.280498591612506,-10.363314608197504]},"properties":{"Fazenda":"FE","Campo":"FE 01","produtividade":151.88564421359996,"unidade_produtividade":"sc/ha","pontos_originais":25,"ano":"2026","cultura":"Milho"}},{"type":"Feature","geometry":{"type":"Point","coordinates":[-52.280270279209816,-10.363315517076941]},"properties":{"Fazenda":"FE","Campo":"FE 01","produtividade":146.4458999432,"unidade_produtividade":"sc/ha","pontos_originais":25,"ano":"2026","cultura":"Milho"}},{"type":"Feature","geometry":{"type":"Point","coordinates":[-52.27944853784498,-10.363363998232415]},"properties":{"Fazenda":"FE","Campo":"FE 01","produtividade":141.47741688666667,"unidade_produtividade":"sc/ha","pontos_originais":3,"ano":"2026","cultura":"Milho"}},{"type":"Feature","geometry":{"type":"Point","coordinates":[-52.28322345532237,-10.363386635574644]},"properties":{"Fazenda":"FE","Campo":"FE 01","produtividade":127.99373264333333,"unidade_produtividade":"sc/ha","pontos_originais":6,"ano":"2026","cultura":"Milho"}},{"type":"Feature","geometry":{"type":"Point","coordinates":[-52.28369533116644,-10.363392287776541]},"properties":{"Fazenda":"FE","Campo":"FE 01","produtividade":119.84750909999998,"unidade_produtividade":"sc/ha","pontos_originais":5,"ano":"2026","cultura":"Milho"}},{"type":"Feature","geometry":{"type":"Point","coordinates":[-52.283467018994386,-10.36339319893156]},"properties":{"Fazenda":"FE","Campo":"FE 01","produtividade":127.838936192,"unidade_produtividade":"sc/ha","pontos_originais":5,"ano":"2026","cultura":"Milho"}},{"type":"Feature","geometry":{"type":"Point","coordinates":[-52.283900812103525,-10.363391467600973]},"properties":{"Fazenda":"FE","Campo":"FE 01","produtividade":107.728701355,"unidade_produtividade":"sc/ha","pontos_originais":4,"ano":"2026","cultura":"Milho"}},{"type":"Feature","geometry":{"type":"Point","coordinates":[-52.28026569005485,-10.362185254299725]},"properties":{"Fazenda":"FE","Campo":"FE 01","produtividade":149.6828032216,"unidade_produtividade":"sc/ha","pontos_originais":25,"ano":"2026","cultura":"Milho"}},{"type":"Feature","geometry":{"type":"Point","coordinates":[-52.280083040772325,-10.36218598121001]},"properties":{"Fazenda":"FE","Campo":"FE 01","produtividade":153.4201821386667,"unidade_produtividade":"sc/ha","pontos_originais":15,"ano":"2026","cultura":"Milho"}},{"type":"Feature","geometry":{"type":"Point","coordinates":[-52.28253468489671,-10.36221294963374]},"properties":{"Fazenda":"FE","Campo":"FE 01","produtividade":152.45280716874998,"unidade_produtividade":"sc/ha","pontos_originais":16,"ano":"2026","cultura":"Milho"}},{"type":"Feature","geometry":{"type":"Point","coordinates":[-52.28231456958361,-10.36218495590055]},"properties":{"Fazenda":"FE","Campo":"FE 01","produtividade":154.93946307304347,"unidade_produtividade":"sc/ha","pontos_originais":23,"ano":"2026","cultura":"Milho"}},{"type":"Feature","geometry":{"type":"Point","coordinates":[-52.28209218214199,-10.362177979539673]},"properties":{"Fazenda":"FE","Campo":"FE 01","produtividade":159.47546787920004,"unidade_produtividade":"sc/ha","pontos_originais":25,"ano":"2026","cultura":"Milho"}},{"type":"Feature","geometry":{"type":"Point","coordinates":[-52.28095062474601,-10.362182527479284]},"properties":{"Fazenda":"FE","Campo":"FE 01","produtividade":162.30963389519997,"unidade_produtividade":"sc/ha","pontos_originais":25,"ano":"2026","cultura":"Milho"}},{"type":"Feature","geometry":{"type":"Point","coordinates":[-52.2807223132034,-10.362183436581377]},"properties":{"Fazenda":"FE","Campo":"FE 01","produtividade":166.82201273759998,"unidade_produtividade":"sc/ha","pontos_originais":25,"ano":"2026","cultura":"Milho"}},{"type":"Feature","geometry":{"type":"Point","coordinates":[-52.28049400163968,-10.362184345521525]},"properties":{"Fazenda":"FE","Campo":"FE 01","produtividade":156.7434858616,"unidade_produtividade":"sc/ha","pontos_originais":25,"ano":"2026","cultura":"Milho"}},{"type":"Feature","geometry":{"type":"Point","coordinates":[-52.28117893626747,-10.362181618215253]},"properties":{"Fazenda":"FE","Campo":"FE 01","produtividade":156.8331225032,"unidade_produtividade":"sc/ha","pontos_originais":25,"ano":"2026","cultura":"Milho"}},{"type":"Feature","geometry":{"type":"Point","coordinates":[-52.2814072477678,-10.362180708789271]},"properties":{"Fazenda":"FE","Campo":"FE 01","produtividade":156.6130940792,"unidade_produtividade":"sc/ha","pontos_originais":25,"ano":"2026","cultura":"Milho"}},{"type":"Feature","geometry":{"type":"Point","coordinates":[-52.28186387070507,-10.362178889451483]},"properties":{"Fazenda":"FE","Campo":"FE 01","produtividade":161.19109343920002,"unidade_produtividade":"sc/ha","pontos_originais":25,"ano":"2026","cultura":"Milho"}},{"type":"Feature","geometry":{"type":"Point","coordinates":[-52.281635559247,-10.362179799201352]},"properties":{"Fazenda":"FE","Campo":"FE 01","produtividade":160.32363952000003,"unidade_produtividade":"sc/ha","pontos_originais":25,"ano":"2026","cultura":"Milho"}},{"type":"Feature","geometry":{"type":"Point","coordinates":[-52.28072139510866,-10.361957384056682]},"properties":{"Fazenda":"FE","Campo":"FE 01","produtividade":149.02359482560001,"unidade_produtividade":"sc/ha","pontos_originais":25,"ano":"2026","cultura":"Milho"}},{"type":"Feature","geometry":{"type":"Point","coordinates":[-52.2809497064877,-10.361956474974843]},"properties":{"Fazenda":"FE","Campo":"FE 01","produtividade":147.7775077768,"unidade_produtividade":"sc/ha","pontos_originais":25,"ano":"2026","cultura":"Milho"}},{"type":"Feature","geometry":{"type":"Point","coordinates":[-52.2804930837085,-10.361958292976583]},"properties":{"Fazenda":"FE","Campo":"FE 01","produtividade":146.379043448,"unidade_produtividade":"sc/ha","pontos_originais":25,"ano":"2026","cultura":"Milho"}},{"type":"Feature","geometry":{"type":"Point","coordinates":[-52.280264772287204,-10.361959201734535]},"properties":{"Fazenda":"FE","Campo":"FE 01","produtividade":146.505252564,"unidade_produtividade":"sc/ha","pontos_originais":25,"ano":"2026","cultura":"Milho"}},{"type":"Feature","geometry":{"type":"Point","coordinates":[-52.281628314190364,-10.362002212557837]},"properties":{"Fazenda":"FE","Campo":"FE 01","produtividade":153.77933291285714,"unidade_produtividade":"sc/ha","pontos_originais":14,"ano":"2026","cultura":"Milho"}},{"type":"Feature","geometry":{"type":"Point","coordinates":[-52.28140162898997,-10.361980849968736]},"properties":{"Fazenda":"FE","Campo":"FE 01","produtividade":148.59219496,"unidade_produtividade":"sc/ha","pontos_originais":19,"ano":"2026","cultura":"Milho"}},{"type":"Feature","geometry":{"type":"Point","coordinates":[-52.281174227964435,-10.36195934842805]},"properties":{"Fazenda":"FE","Campo":"FE 01","produtividade":145.06292229916667,"unidade_produtividade":"sc/ha","pontos_originais":24,"ano":"2026","cultura":"Milho"}},{"type":"Feature","geometry":{"type":"Point","coordinates":[-52.28010495428047,-10.361959837774416]},"properties":{"Fazenda":"FE","Campo":"FE 01","produtividade":151.89014808000002,"unidade_produtividade":"sc/ha","pontos_originais":10,"ano":"2026","cultura":"Milho"}},{"type":"Feature","geometry":{"type":"Point","coordinates":[-52.28163647801713,-10.362405851641759]},"properties":{"Fazenda":"FE","Campo":"FE 01","produtividade":159.8858477744,"unidade_produtividade":"sc/ha","pontos_originais":25,"ano":"2026","cultura":"Milho"}},{"type":"Feature","geometry":{"type":"Point","coordinates":[-52.281408166374376,-10.362406761249945]},"properties":{"Fazenda":"FE","Campo":"FE 01","produtividade":153.90501319600003,"unidade_produtividade":"sc/ha","pontos_originais":25,"ano":"2026","cultura":"Milho"}},{"type":"Feature","geometry":{"type":"Point","coordinates":[-52.28117985471047,-10.362407670696186]},"properties":{"Fazenda":"FE","Campo":"FE 01","produtividade":158.831035968,"unidade_produtividade":"sc/ha","pontos_originais":25,"ano":"2026","cultura":"Milho"}},{"type":"Feature","geometry":{"type":"Point","coordinates":[-52.28095154302545,-10.362408579980478]},"properties":{"Fazenda":"FE","Campo":"FE 01","produtividade":168.67784402479995,"unidade_produtividade":"sc/ha","pontos_originais":25,"ano":"2026","cultura":"Milho"}},{"type":"Feature","geometry":{"type":"Point","coordinates":[-52.28232141281854,-10.362403121845514]},"properties":{"Fazenda":"FE","Campo":"FE 01","produtividade":161.76586413680002,"unidade_produtividade":"sc/ha","pontos_originais":25,"ano":"2026","cultura":"Milho"}},{"type":"Feature","geometry":{"type":"Point","coordinates":[-52.28209310123924,-10.36240403193954]},"properties":{"Fazenda":"FE","Campo":"FE 01","produtividade":165.7817455096,"unidade_produtividade":"sc/ha","pontos_originais":25,"ano":"2026","cultura":"Milho"}},{"type":"Feature","geometry":{"type":"Point","coordinates":[-52.281864789638746,-10.362404941871624]},"properties":{"Fazenda":"FE","Campo":"FE 01","produtividade":165.73993297840002,"unidade_produtividade":"sc/ha","pontos_originais":25,"ano":"2026","cultura":"Milho"}},{"type":"Feature","geometry":{"type":"Point","coordinates":[-52.28006112725228,-10.36241212464424]},"properties":{"Fazenda":"FE","Campo":"FE 01","produtividade":154.925060884,"unidade_produtividade":"sc/ha","pontos_originais":20,"ano":"2026","cultura":"Milho"}},{"type":"Feature","geometry":{"type":"Point","coordinates":[-52.280266607843586,-10.362411306861672]},"properties":{"Fazenda":"FE","Campo":"FE 01","produtividade":149.0281012616,"unidade_produtividade":"sc/ha","pontos_originais":25,"ano":"2026","cultura":"Milho"}},{"type":"Feature","geometry":{"type":"Point","coordinates":[-52.28253724594243,-10.36239609618108]},"properties":{"Fazenda":"FE","Campo":"FE 01","produtividade":154.12368600999997,"unidade_produtividade":"sc/ha","pontos_originais":22,"ano":"2026","cultura":"Milho"}},{"type":"Feature","geometry":{"type":"Point","coordinates":[-52.280723231319286,-10.362409489102822]},"properties":{"Fazenda":"FE","Campo":"FE 01","produtividade":163.64020104079998,"unidade_produtividade":"sc/ha","pontos_originais":25,"ano":"2026","cultura":"Milho"}},{"type":"Feature","geometry":{"type":"Point","coordinates":[-52.28049491959202,-10.362410398063224]},"properties":{"Fazenda":"FE","Campo":"FE 01","produtividade":150.5018086176,"unidade_produtividade":"sc/ha","pontos_originais":25,"ano":"2026","cultura":"Milho"}},{"type":"Feature","geometry":{"type":"Point","coordinates":[-52.282515693108195,-10.362620424859779]},"properties":{"Fazenda":"FE","Campo":"FE 01","produtividade":139.24157265764705,"unidade_produtividade":"sc/ha","pontos_originais":17,"ano":"2026","cultura":"Milho"}},{"type":"Feature","geometry":{"type":"Point","coordinates":[-52.28163739680839,-10.362631904078917]},"properties":{"Fazenda":"FE","Campo":"FE 01","produtividade":148.1862771752,"unidade_produtividade":"sc/ha","pontos_originais":25,"ano":"2026","cultura":"Milho"}},{"type":"Feature","geometry":{"type":"Point","coordinates":[-52.281865708593585,-10.36263099428851]},"properties":{"Fazenda":"FE","Campo":"FE 01","produtividade":157.1361066088,"unidade_produtividade":"sc/ha","pontos_originais":25,"ano":"2026","cultura":"Milho"}},{"type":"Feature","geometry":{"type":"Point","coordinates":[-52.28140908500207,-10.36263281370737]},"properties":{"Fazenda":"FE","Campo":"FE 01","produtividade":134.4292458432,"unidade_produtividade":"sc/ha","pontos_originais":25,"ano":"2026","cultura":"Milho"}},{"type":"Feature","geometry":{"type":"Point","coordinates":[-52.28118077317461,-10.36263372317387]},"properties":{"Fazenda":"FE","Campo":"FE 01","produtividade":134.77377074479998,"unidade_produtividade":"sc/ha","pontos_originais":25,"ano":"2026","cultura":"Milho"}},{"type":"Feature","geometry":{"type":"Point","coordinates":[-52.28232233210051,-10.36262917422185]},"properties":{"Fazenda":"FE","Campo":"FE 01","produtividade":149.49212027200002,"unidade_produtividade":"sc/ha","pontos_originais":25,"ano":"2026","cultura":"Milho"}},{"type":"Feature","geometry":{"type":"Point","coordinates":[-52.282094020357626,-10.362630084336159]},"properties":{"Fazenda":"FE","Campo":"FE 01","produtividade":157.26726541680003,"unidade_produtividade":"sc/ha","pontos_originais":25,"ano":"2026","cultura":"Milho"}},{"type":"Feature","geometry":{"type":"Point","coordinates":[-52.280039213720386,-10.362638268077113]},"properties":{"Fazenda":"FE","Campo":"FE 01","produtividade":155.71878783999998,"unidade_produtividade":"sc/ha","pontos_originais":25,"ano":"2026","cultura":"Milho"}},{"type":"Feature","geometry":{"type":"Point","coordinates":[-52.28072414945631,-10.362635541621016]},"properties":{"Fazenda":"FE","Campo":"FE 01","produtividade":140.57553054160002,"unidade_produtividade":"sc/ha","pontos_originais":25,"ano":"2026","cultura":"Milho"}},{"type":"Feature","geometry":{"type":"Point","coordinates":[-52.28049583756544,-10.36263645060167]},"properties":{"Fazenda":"FE","Campo":"FE 01","produtividade":137.52221297760002,"unidade_produtividade":"sc/ha","pontos_originais":25,"ano":"2026","cultura":"Milho"}},{"type":"Feature","geometry":{"type":"Point","coordinates":[-52.28026752565347,-10.362637359420367]},"properties":{"Fazenda":"FE","Campo":"FE 01","produtividade":144.58467892000002,"unidade_produtividade":"sc/ha","pontos_originais":25,"ano":"2026","cultura":"Milho"}},{"type":"Feature","geometry":{"type":"Point","coordinates":[-52.280952461326024,-10.362634632478423]},"properties":{"Fazenda":"FE","Campo":"FE 01","produtividade":141.2843058792,"unidade_produtividade":"sc/ha","pontos_originais":25,"ano":"2026","cultura":"Milho"}},{"type":"Feature","geometry":{"type":"Point","coordinates":[-52.27990259357557,-10.362729234235553]},"properties":{"Fazenda":"FE","Campo":"FE 01","produtividade":155.2424643,"unidade_produtividade":"sc/ha","pontos_originais":1,"ano":"2026","cultura":"Milho"}},{"type":"Feature","geometry":{"type":"Point","coordinates":[-52.28049234937818,-10.361777450938368]},"properties":{"Fazenda":"FE","Campo":"FE 01","produtividade":131.77944884133333,"unidade_produtividade":"sc/ha","pontos_originais":15,"ano":"2026","cultura":"Milho"}},{"type":"Feature","geometry":{"type":"Point","coordinates":[-52.28072075245416,-10.361799147287574]},"properties":{"Fazenda":"FE","Campo":"FE 01","produtividade":136.80015762600001,"unidade_produtividade":"sc/ha","pontos_originais":10,"ano":"2026","cultura":"Milho"}},{"type":"Feature","geometry":{"type":"Point","coordinates":[-52.28026394631407,-10.361755754423129]},"properties":{"Fazenda":"FE","Campo":"FE 01","produtividade":140.341311341,"unidade_produtividade":"sc/ha","pontos_originais":20,"ano":"2026","cultura":"Milho"}},{"type":"Feature","geometry":{"type":"Point","coordinates":[-52.28012695954032,-10.361756299595717]},"properties":{"Fazenda":"FE","Campo":"FE 01","produtividade":147.489158025,"unidade_produtividade":"sc/ha","pontos_originais":4,"ano":"2026","cultura":"Milho"}},{"type":"Feature","geometry":{"type":"Point","coordinates":[-52.280926324415184,-10.361820934387435]},"properties":{"Fazenda":"FE","Campo":"FE 01","produtividade":146.02327349499998,"unidade_produtividade":"sc/ha","pontos_originais":4,"ano":"2026","cultura":"Milho"}},{"type":"Feature","geometry":{"type":"Point","coordinates":[-52.281853090503894,-10.362023204886093]},"properties":{"Fazenda":"FE","Campo":"FE 01","produtividade":145.41496485999997,"unidade_produtividade":"sc/ha","pontos_originais":9,"ano":"2026","cultura":"Milho"}},{"type":"Feature","geometry":{"type":"Point","coordinates":[-52.28204596842743,-10.362042530095529]},"properties":{"Fazenda":"FE","Campo":"FE 01","produtividade":149.63113777333334,"unidade_produtividade":"sc/ha","pontos_originais":3,"ano":"2026","cultura":"Milho"}}]}