{"type":"FeatureCollection","features":[{"type":"Feature","geometry":{"type":"Point","coordinates":[-52.220857661561276,-10.353791145950806]},"properties":{"Fazenda":"FE","Campo":"FE 04","produtividade":159.4316,"unidade_produtividade":"sc/ha","pontos_originais":25,"ano":"2026","cultura":"Milho"}},{"type":"Feature","geometry":{"type":"Point","coordinates":[-52.22062935082948,-10.353792011713512]},"properties":{"Fazenda":"FE","Campo":"FE 04","produtividade":162.7964,"unidade_produtividade":"sc/ha","pontos_originais":25,"ano":"2026","cultura":"Milho"}},{"type":"Feature","geometry":{"type":"Point","coordinates":[-52.22040104007755,-10.353792877314396]},"properties":{"Fazenda":"FE","Campo":"FE 04","produtividade":165.55720000000002,"unidade_produtividade":"sc/ha","pontos_originais":25,"ano":"2026","cultura":"Milho"}},{"type":"Feature","geometry":{"type":"Point","coordinates":[-52.22017272930553,-10.353793742753453]},"properties":{"Fazenda":"FE","Campo":"FE 04","produtividade":168.72480000000004,"unidade_produtividade":"sc/ha","pontos_originais":25,"ano":"2026","cultura":"Milho"}},{"type":"Feature","geometry":{"type":"Point","coordinates":[-52.221542593635796,-10.353788547691739]},"properties":{"Fazenda":"FE","Campo":"FE 04","produtividade":162.4264,"unidade_produtividade":"sc/ha","pontos_originais":25,"ano":"2026","cultura":"Milho"}},{"type":"Feature","geometry":{"type":"Point","coordinates":[-52.22131428296444,-10.35378941393992]},"properties":{"Fazenda":"FE","Campo":"FE 04","produtividade":160.40920000000003,"unidade_produtividade":"sc/ha","pontos_originais":25,"ano":"2026","cultura":"Milho"}},{"type":"Feature","geometry":{"type":"Point","coordinates":[-52.22108597227294,-10.35379028002627]},"properties":{"Fazenda":"FE","Campo":"FE 04","produtividade":157.40160000000003,"unidade_produtividade":"sc/ha","pontos_originais":25,"ano":"2026","cultura":"Milho"}},{"type":"Feature","geometry":{"type":"Point","coordinates":[-52.21925948601609,-10.353797202891439]},"properties":{"Fazenda":"FE","Campo":"FE 04","produtividade":191.20320000000004,"unidade_produtividade":"sc/ha","pontos_originais":25,"ano":"2026","cultura":"Milho"}},{"type":"Feature","geometry":{"type":"Point","coordinates":[-52.21948779686863,-10.35379633809968]},"properties":{"Fazenda":"FE","Campo":"FE 04","produtividade":188.5296,"unidade_produtividade":"sc/ha","pontos_originais":25,"ano":"2026","cultura":"Milho"}},{"type":"Feature","geometry":{"type":"Point","coordinates":[-52.21903117514344,-10.353798067521373]},"properties":{"Fazenda":"FE","Campo":"FE 04","produtividade":192.38920000000002,"unidade_produtividade":"sc/ha","pontos_originais":25,"ano":"2026","cultura":"Milho"}},{"type":"Feature","geometry":{"type":"Point","coordinates":[-52.218802864250705,-10.353798931989484]},"properties":{"Fazenda":"FE","Campo":"FE 04","produtividade":191.88160000000005,"unidade_produtividade":"sc/ha","pontos_originais":25,"ano":"2026","cultura":"Milho"}},{"type":"Feature","geometry":{"type":"Point","coordinates":[-52.219944418513336,-10.353794608030688]},"properties":{"Fazenda":"FE","Campo":"FE 04","produtividade":174.4776,"unidade_produtividade":"sc/ha","pontos_originais":25,"ano":"2026","cultura":"Milho"}},{"type":"Feature","geometry":{"type":"Point","coordinates":[-52.21971610770105,-10.353795473146096]},"properties":{"Fazenda":"FE","Campo":"FE 04","produtividade":182.1356,"unidade_produtividade":"sc/ha","pontos_originais":25,"ano":"2026","cultura":"Milho"}},{"type":"Feature","geometry":{"type":"Point","coordinates":[-52.214236642179124,-10.35381618736831]},"properties":{"Fazenda":"FE","Campo":"FE 04","produtividade":168.87800000000004,"unidade_produtividade":"sc/ha","pontos_originais":25,"ano":"2026","cultura":"Milho"}},{"type":"Feature","geometry":{"type":"Point","coordinates":[-52.21400833086498,-10.353817048438074]},"properties":{"Fazenda":"FE","Campo":"FE 04","produtividade":171.59399999999997,"unidade_produtividade":"sc/ha","pontos_originais":25,"ano":"2026","cultura":"Milho"}},{"type":"Feature","geometry":{"type":"Point","coordinates":[-52.22330058513088,-10.353781872166108]},"properties":{"Fazenda":"FE","Campo":"FE 04","produtividade":136.214,"unidade_produtividade":"sc/ha","pontos_originais":10,"ano":"2026","cultura":"Milho"}},{"type":"Feature","geometry":{"type":"Point","coordinates":[-52.21384851293389,-10.353817651096291]},"properties":{"Fazenda":"FE","Campo":"FE 04","produtividade":176.276,"unidade_produtividade":"sc/ha","pontos_originais":10,"ano":"2026","cultura":"Milho"}},{"type":"Feature","geometry":{"type":"Point","coordinates":[-52.223140767771,-10.353782479423396]},"properties":{"Fazenda":"FE","Campo":"FE 04","produtividade":150.07280000000003,"unidade_produtividade":"sc/ha","pontos_originais":25,"ano":"2026","cultura":"Milho"}},{"type":"Feature","geometry":{"type":"Point","coordinates":[-52.21492157600129,-10.353813603188044]},"properties":{"Fazenda":"FE","Campo":"FE 04","produtividade":191.09599999999998,"unidade_produtividade":"sc/ha","pontos_originais":25,"ano":"2026","cultura":"Milho"}},{"type":"Feature","geometry":{"type":"Point","coordinates":[-52.21469326474727,-10.353814464743293]},"properties":{"Fazenda":"FE","Campo":"FE 04","produtividade":187.3468,"unidade_produtividade":"sc/ha","pontos_originais":25,"ano":"2026","cultura":"Milho"}},{"type":"Feature","geometry":{"type":"Point","coordinates":[-52.214464953473204,-10.353815326136715]},"properties":{"Fazenda":"FE","Campo":"FE 04","produtividade":176.75960000000003,"unidade_produtividade":"sc/ha","pontos_originais":25,"ano":"2026","cultura":"Milho"}},{"type":"Feature","geometry":{"type":"Point","coordinates":[-52.22222752552901,-10.353785947976249]},"properties":{"Fazenda":"FE","Campo":"FE 04","produtividade":172.892,"unidade_produtividade":"sc/ha","pontos_originais":25,"ano":"2026","cultura":"Milho"}},{"type":"Feature","geometry":{"type":"Point","coordinates":[-52.22199921491807,-10.353786814709899]},"properties":{"Fazenda":"FE","Campo":"FE 04","produtividade":166.55719999999997,"unidade_produtividade":"sc/ha","pontos_originais":25,"ano":"2026","cultura":"Milho"}},{"type":"Feature","geometry":{"type":"Point","coordinates":[-52.22177090428701,-10.353787681281728]},"properties":{"Fazenda":"FE","Campo":"FE 04","produtividade":162.978,"unidade_produtividade":"sc/ha","pontos_originais":25,"ano":"2026","cultura":"Milho"}},{"type":"Feature","geometry":{"type":"Point","coordinates":[-52.22291245724074,-10.353783346804343]},"properties":{"Fazenda":"FE","Campo":"FE 04","produtividade":169.17359999999996,"unidade_produtividade":"sc/ha","pontos_originais":25,"ano":"2026","cultura":"Milho"}},{"type":"Feature","geometry":{"type":"Point","coordinates":[-52.222684146690334,-10.35378421402347]},"properties":{"Fazenda":"FE","Campo":"FE 04","produtividade":177.40240000000003,"unidade_produtividade":"sc/ha","pontos_originais":25,"ano":"2026","cultura":"Milho"}},{"type":"Feature","geometry":{"type":"Point","coordinates":[-52.22245583611974,-10.353785081080773]},"properties":{"Fazenda":"FE","Campo":"FE 04","produtividade":176.8588,"unidade_produtividade":"sc/ha","pontos_originais":25,"ano":"2026","cultura":"Milho"}},{"type":"Feature","geometry":{"type":"Point","coordinates":[-52.21560650964313,-10.353811017551346]},"properties":{"Fazenda":"FE","Campo":"FE 04","produtividade":195.34599999999998,"unidade_produtividade":"sc/ha","pontos_originais":25,"ano":"2026","cultura":"Milho"}},{"type":"Feature","geometry":{"type":"Point","coordinates":[-52.215834820816966,-10.353810155348794]},"properties":{"Fazenda":"FE","Campo":"FE 04","produtividade":194.97000000000003,"unidade_produtividade":"sc/ha","pontos_originais":25,"ano":"2026","cultura":"Milho"}},{"type":"Feature","geometry":{"type":"Point","coordinates":[-52.215378198449216,-10.353811879592072]},"properties":{"Fazenda":"FE","Campo":"FE 04","produtividade":194.35479999999995,"unidade_produtividade":"sc/ha","pontos_originais":25,"ano":"2026","cultura":"Milho"}},{"type":"Feature","geometry":{"type":"Point","coordinates":[-52.21514988723528,-10.353812741470971]},"properties":{"Fazenda":"FE","Campo":"FE 04","produtividade":192.25639999999999,"unidade_produtividade":"sc/ha","pontos_originais":25,"ano":"2026","cultura":"Milho"}},{"type":"Feature","geometry":{"type":"Point","coordinates":[-52.21788962047873,-10.353802388243672]},"properties":{"Fazenda":"FE","Campo":"FE 04","produtividade":197.88999999999996,"unidade_produtividade":"sc/ha","pontos_originais":25,"ano":"2026","cultura":"Milho"}},{"type":"Feature","geometry":{"type":"Point","coordinates":[-52.21766130948549,-10.353803251902653]},"properties":{"Fazenda":"FE","Campo":"FE 04","produtividade":196.44199999999998,"unidade_produtividade":"sc/ha","pontos_originais":25,"ano":"2026","cultura":"Milho"}},{"type":"Feature","geometry":{"type":"Point","coordinates":[-52.217432998472184,-10.353804115399809]},"properties":{"Fazenda":"FE","Campo":"FE 04","produtividade":193.75560000000004,"unidade_produtividade":"sc/ha","pontos_originais":25,"ano":"2026","cultura":"Milho"}},{"type":"Feature","geometry":{"type":"Point","coordinates":[-52.21720468743879,-10.353804978735143]},"properties":{"Fazenda":"FE","Campo":"FE 04","produtividade":193.07520000000005,"unidade_produtividade":"sc/ha","pontos_originais":25,"ano":"2026","cultura":"Milho"}},{"type":"Feature","geometry":{"type":"Point","coordinates":[-52.21857455333786,-10.353799796295768]},"properties":{"Fazenda":"FE","Campo":"FE 04","produtividade":193.67639999999994,"unidade_produtividade":"sc/ha","pontos_originais":25,"ano":"2026","cultura":"Milho"}},{"type":"Feature","geometry":{"type":"Point","coordinates":[-52.2183462424049,-10.353800660440227]},"properties":{"Fazenda":"FE","Campo":"FE 04","produtividade":195.45159999999998,"unidade_produtividade":"sc/ha","pontos_originais":25,"ano":"2026","cultura":"Milho"}},{"type":"Feature","geometry":{"type":"Point","coordinates":[-52.218117931451864,-10.353801524422858]},"properties":{"Fazenda":"FE","Campo":"FE 04","produtividade":197.14879999999997,"unidade_produtividade":"sc/ha","pontos_originais":25,"ano":"2026","cultura":"Milho"}},{"type":"Feature","geometry":{"type":"Point","coordinates":[-52.2162914431045,-10.353808430458214]},"properties":{"Fazenda":"FE","Campo":"FE 04","produtividade":190.51320000000004,"unidade_produtividade":"sc/ha","pontos_originais":25,"ano":"2026","cultura":"Milho"}},{"type":"Feature","geometry":{"type":"Point","coordinates":[-52.21651975421818,-10.353807567770184]},"properties":{"Fazenda":"FE","Campo":"FE 04","produtividade":192.9448,"unidade_produtividade":"sc/ha","pontos_originais":25,"ano":"2026","cultura":"Milho"}},{"type":"Feature","geometry":{"type":"Point","coordinates":[-52.21606313197077,-10.353809292984417]},"properties":{"Fazenda":"FE","Campo":"FE 04","produtividade":190.46719999999996,"unidade_produtividade":"sc/ha","pontos_originais":25,"ano":"2026","cultura":"Milho"}},{"type":"Feature","geometry":{"type":"Point","coordinates":[-52.21697637638532,-10.353805841908647]},"properties":{"Fazenda":"FE","Campo":"FE 04","produtividade":192.99399999999997,"unidade_produtividade":"sc/ha","pontos_originais":25,"ano":"2026","cultura":"Milho"}},{"type":"Feature","geometry":{"type":"Point","coordinates":[-52.2167480653118,-10.353806704920327]},"properties":{"Fazenda":"FE","Campo":"FE 04","produtividade":193.87039999999996,"unidade_produtividade":"sc/ha","pontos_originais":25,"ano":"2026","cultura":"Milho"}},{"type":"Feature","geometry":{"type":"Point","coordinates":[-52.22327863029538,-10.354008016547342]},"properties":{"Fazenda":"FE","Campo":"FE 04","produtividade":138.276,"unidade_produtividade":"sc/ha","pontos_originais":5,"ano":"2026","cultura":"Milho"}},{"type":"Feature","geometry":{"type":"Point","coordinates":[-52.223141643888056,-10.354008537058716]},"properties":{"Fazenda":"FE","Campo":"FE 04","produtividade":145.59879999999998,"unidade_produtividade":"sc/ha","pontos_originais":25,"ano":"2026","cultura":"Milho"}},{"type":"Feature","geometry":{"type":"Point","coordinates":[-52.22245671174649,-10.354011138774105]},"properties":{"Fazenda":"FE","Campo":"FE 04","produtividade":182.6996,"unidade_produtividade":"sc/ha","pontos_originais":25,"ano":"2026","cultura":"Milho"}},{"type":"Feature","geometry":{"type":"Point","coordinates":[-52.2222284009923,-10.354012005688912]},"properties":{"Fazenda":"FE","Campo":"FE 04","produtividade":178.19240000000002,"unidade_produtividade":"sc/ha","pontos_originais":25,"ano":"2026","cultura":"Milho"}},{"type":"Feature","geometry":{"type":"Point","coordinates":[-52.222000090217946,-10.354012872441889]},"properties":{"Fazenda":"FE","Campo":"FE 04","produtividade":172.6432,"unidade_produtividade":"sc/ha","pontos_originais":25,"ano":"2026","cultura":"Milho"}},{"type":"Feature","geometry":{"type":"Point","coordinates":[-52.22177177942346,-10.35401373903304]},"properties":{"Fazenda":"FE","Campo":"FE 04","produtividade":167.79,"unidade_produtividade":"sc/ha","pontos_originais":25,"ano":"2026","cultura":"Milho"}},{"type":"Feature","geometry":{"type":"Point","coordinates":[-52.22291333319436,-10.354009404459006]},"properties":{"Fazenda":"FE","Campo":"FE 04","produtividade":170.16760000000002,"unidade_produtividade":"sc/ha","pontos_originais":25,"ano":"2026","cultura":"Milho"}},{"type":"Feature","geometry":{"type":"Point","coordinates":[-52.22268502248052,-10.35401027169747]},"properties":{"Fazenda":"FE","Campo":"FE 04","produtividade":183.51319999999998,"unidade_produtividade":"sc/ha","pontos_originais":25,"ano":"2026","cultura":"Milho"}},{"type":"Feature","geometry":{"type":"Point","coordinates":[-52.21789049283672,-10.354028446322902]},"properties":{"Fazenda":"FE","Campo":"FE 04","produtividade":196.54480000000004,"unidade_produtividade":"sc/ha","pontos_originais":25,"ano":"2026","cultura":"Milho"}},{"type":"Feature","geometry":{"type":"Point","coordinates":[-52.218118803973304,-10.354027582482834]},"properties":{"Fazenda":"FE","Campo":"FE 04","produtividade":198.5056,"unidade_produtividade":"sc/ha","pontos_originais":25,"ano":"2026","cultura":"Milho"}},{"type":"Feature","geometry":{"type":"Point","coordinates":[-52.21766218168007,-10.354029310001145]},"properties":{"Fazenda":"FE","Campo":"FE 04","produtividade":195.23599999999996,"unidade_produtividade":"sc/ha","pontos_originais":25,"ano":"2026","cultura":"Milho"}},{"type":"Feature","geometry":{"type":"Point","coordinates":[-52.2174338705033,-10.354030173517556]},"properties":{"Fazenda":"FE","Campo":"FE 04","produtividade":193.17359999999996,"unidade_produtividade":"sc/ha","pontos_originais":25,"ano":"2026","cultura":"Milho"}},{"type":"Feature","geometry":{"type":"Point","coordinates":[-52.21880373726245,-10.354024989991654]},"properties":{"Fazenda":"FE","Campo":"FE 04","produtividade":195.37599999999998,"unidade_produtividade":"sc/ha","pontos_originais":25,"ano":"2026","cultura":"Milho"}},{"type":"Feature","geometry":{"type":"Point","coordinates":[-52.21857542618617,-10.35402585431721]},"properties":{"Fazenda":"FE","Campo":"FE 04","produtividade":197.2256,"unidade_produtividade":"sc/ha","pontos_originais":25,"ano":"2026","cultura":"Milho"}},{"type":"Feature","geometry":{"type":"Point","coordinates":[-52.21834711508976,-10.354026718480936]},"properties":{"Fazenda":"FE","Campo":"FE 04","produtividade":198.44,"unidade_produtividade":"sc/ha","pontos_originais":25,"ano":"2026","cultura":"Milho"}},{"type":"Feature","geometry":{"type":"Point","coordinates":[-52.21652062559556,-10.354033625964908]},"properties":{"Fazenda":"FE","Campo":"FE 04","produtividade":187.7752,"unidade_produtividade":"sc/ha","pontos_originais":25,"ano":"2026","cultura":"Milho"}},{"type":"Feature","geometry":{"type":"Point","coordinates":[-52.21629231431844,-10.354034488672177]},"properties":{"Fazenda":"FE","Campo":"FE 04","produtividade":186.4816,"unidade_produtividade":"sc/ha","pontos_originais":25,"ano":"2026","cultura":"Milho"}},{"type":"Feature","geometry":{"type":"Point","coordinates":[-52.216064003021266,-10.354035351217611]},"properties":{"Fazenda":"FE","Campo":"FE 04","produtividade":185.71559999999997,"unidade_produtividade":"sc/ha","pontos_originais":25,"ano":"2026","cultura":"Milho"}},{"type":"Feature","geometry":{"type":"Point","coordinates":[-52.21583569170403,-10.354036213601216]},"properties":{"Fazenda":"FE","Campo":"FE 04","produtividade":188.07960000000003,"unidade_produtividade":"sc/ha","pontos_originais":25,"ano":"2026","cultura":"Milho"}},{"type":"Feature","geometry":{"type":"Point","coordinates":[-52.21720555930648,-10.354031036872138]},"properties":{"Fazenda":"FE","Campo":"FE 04","produtividade":190.1088,"unidade_produtividade":"sc/ha","pontos_originais":25,"ano":"2026","cultura":"Milho"}},{"type":"Feature","geometry":{"type":"Point","coordinates":[-52.21697724808956,-10.35403190006489]},"properties":{"Fazenda":"FE","Campo":"FE 04","produtividade":190.0844,"unidade_produtividade":"sc/ha","pontos_originais":25,"ano":"2026","cultura":"Milho"}},{"type":"Feature","geometry":{"type":"Point","coordinates":[-52.2167489368526,-10.354032763095816]},"properties":{"Fazenda":"FE","Campo":"FE 04","produtividade":190.48080000000002,"unidade_produtividade":"sc/ha","pontos_originais":25,"ano":"2026","cultura":"Milho"}},{"type":"Feature","geometry":{"type":"Point","coordinates":[-52.22085853604396,-10.354017203779367]},"properties":{"Fazenda":"FE","Campo":"FE 04","produtividade":170.39679999999996,"unidade_produtividade":"sc/ha","pontos_originais":25,"ano":"2026","cultura":"Milho"}},{"type":"Feature","geometry":{"type":"Point","coordinates":[-52.22108684691904,-10.354016337835528]},"properties":{"Fazenda":"FE","Campo":"FE 04","produtividade":167.1024,"unidade_produtividade":"sc/ha","pontos_originais":25,"ano":"2026","cultura":"Milho"}},{"type":"Feature","geometry":{"type":"Point","coordinates":[-52.220630225148746,-10.35401806956138]},"properties":{"Fazenda":"FE","Campo":"FE 04","produtividade":175.6604,"unidade_produtividade":"sc/ha","pontos_originais":25,"ano":"2026","cultura":"Milho"}},{"type":"Feature","geometry":{"type":"Point","coordinates":[-52.22040191423337,-10.354018935181562]},"properties":{"Fazenda":"FE","Campo":"FE 04","produtividade":179.5404,"unidade_produtividade":"sc/ha","pontos_originais":25,"ano":"2026","cultura":"Milho"}},{"type":"Feature","geometry":{"type":"Point","coordinates":[-52.221543468608786,-10.354014605462366]},"properties":{"Fazenda":"FE","Campo":"FE 04","produtividade":167.32639999999995,"unidade_produtividade":"sc/ha","pontos_originais":25,"ano":"2026","cultura":"Milho"}},{"type":"Feature","geometry":{"type":"Point","coordinates":[-52.22131515777398,-10.354015471729861]},"properties":{"Fazenda":"FE","Campo":"FE 04","produtividade":166.0384,"unidade_produtividade":"sc/ha","pontos_originais":25,"ano":"2026","cultura":"Milho"}},{"type":"Feature","geometry":{"type":"Point","coordinates":[-52.2194886703707,-10.354022396044016]},"properties":{"Fazenda":"FE","Campo":"FE 04","produtividade":193.7184,"unidade_produtividade":"sc/ha","pontos_originais":25,"ano":"2026","cultura":"Milho"}},{"type":"Feature","geometry":{"type":"Point","coordinates":[-52.21926035935472,-10.354023260855056]},"properties":{"Fazenda":"FE","Campo":"FE 04","produtividade":194.68760000000003,"unidade_produtividade":"sc/ha","pontos_originais":25,"ano":"2026","cultura":"Milho"}},{"type":"Feature","geometry":{"type":"Point","coordinates":[-52.21903204831864,-10.354024125504267]},"properties":{"Fazenda":"FE","Campo":"FE 04","produtividade":194.63920000000002,"unidade_produtividade":"sc/ha","pontos_originais":25,"ano":"2026","cultura":"Milho"}},{"type":"Feature","geometry":{"type":"Point","coordinates":[-52.22017360329789,-10.354019800639916]},"properties":{"Fazenda":"FE","Campo":"FE 04","produtividade":179.56239999999997,"unidade_produtividade":"sc/ha","pontos_originais":25,"ano":"2026","cultura":"Milho"}},{"type":"Feature","geometry":{"type":"Point","coordinates":[-52.219945292342274,-10.354020665936446]},"properties":{"Fazenda":"FE","Campo":"FE 04","produtividade":183.63640000000004,"unidade_produtividade":"sc/ha","pontos_originais":25,"ano":"2026","cultura":"Milho"}},{"type":"Feature","geometry":{"type":"Point","coordinates":[-52.219716981366545,-10.354021531071146]},"properties":{"Fazenda":"FE","Campo":"FE 04","produtividade":188.6552,"unidade_produtividade":"sc/ha","pontos_originais":25,"ano":"2026","cultura":"Milho"}},{"type":"Feature","geometry":{"type":"Point","coordinates":[-52.21994354470452,-10.353568550121688]},"properties":{"Fazenda":"FE","Campo":"FE 04","produtividade":167.9704,"unidade_produtividade":"sc/ha","pontos_originais":25,"ano":"2026","cultura":"Milho"}},{"type":"Feature","geometry":{"type":"Point","coordinates":[-52.21971523405566,-10.353569415217805]},"properties":{"Fazenda":"FE","Campo":"FE 04","produtividade":177.45680000000002,"unidade_produtividade":"sc/ha","pontos_originais":25,"ano":"2026","cultura":"Milho"}},{"type":"Feature","geometry":{"type":"Point","coordinates":[-52.21948692338668,-10.353570280152107]},"properties":{"Fazenda":"FE","Campo":"FE 04","produtividade":183.71719999999996,"unidade_produtividade":"sc/ha","pontos_originais":25,"ano":"2026","cultura":"Milho"}},{"type":"Feature","geometry":{"type":"Point","coordinates":[-52.21925861269758,-10.353571144924583]},"properties":{"Fazenda":"FE","Campo":"FE 04","produtividade":186.17759999999998,"unidade_produtividade":"sc/ha","pontos_originais":25,"ano":"2026","cultura":"Milho"}},{"type":"Feature","geometry":{"type":"Point","coordinates":[-52.220628476530365,-10.353565953862406]},"properties":{"Fazenda":"FE","Campo":"FE 04","produtividade":152.628,"unidade_produtividade":"sc/ha","pontos_originais":25,"ano":"2026","cultura":"Milho"}},{"type":"Feature","geometry":{"type":"Point","coordinates":[-52.22040016594188,-10.353566819443989]},"properties":{"Fazenda":"FE","Campo":"FE 04","produtividade":155.59520000000003,"unidade_produtividade":"sc/ha","pontos_originais":25,"ano":"2026","cultura":"Milho"}},{"type":"Feature","geometry":{"type":"Point","coordinates":[-52.22017185533326,-10.353567684863746]},"properties":{"Fazenda":"FE","Campo":"FE 04","produtividade":160.40160000000003,"unidade_produtividade":"sc/ha","pontos_originais":25,"ano":"2026","cultura":"Milho"}},{"type":"Feature","geometry":{"type":"Point","coordinates":[-52.21834536974012,-10.353574602396275]},"properties":{"Fazenda":"FE","Campo":"FE 04","produtividade":193.0104,"unidade_produtividade":"sc/ha","pontos_originais":25,"ano":"2026","cultura":"Milho"}},{"type":"Feature","geometry":{"type":"Point","coordinates":[-52.218573680509635,-10.353573738271084]},"properties":{"Fazenda":"FE","Campo":"FE 04","produtividade":191.05360000000002,"unidade_produtividade":"sc/ha","pontos_originais":25,"ano":"2026","cultura":"Milho"}},{"type":"Feature","geometry":{"type":"Point","coordinates":[-52.21811705895052,-10.353575466359644]},"properties":{"Fazenda":"FE","Campo":"FE 04","produtividade":193.488,"unidade_produtividade":"sc/ha","pontos_originais":25,"ano":"2026","cultura":"Milho"}},{"type":"Feature","geometry":{"type":"Point","coordinates":[-52.2178887481408,-10.353576330161191]},"properties":{"Fazenda":"FE","Campo":"FE 04","produtividade":193.16479999999999,"unidade_produtividade":"sc/ha","pontos_originais":25,"ano":"2026","cultura":"Milho"}},{"type":"Feature","geometry":{"type":"Point","coordinates":[-52.21903030198837,-10.353572009535236]},"properties":{"Fazenda":"FE","Campo":"FE 04","produtividade":189.59799999999996,"unidade_produtividade":"sc/ha","pontos_originais":25,"ano":"2026","cultura":"Milho"}},{"type":"Feature","geometry":{"type":"Point","coordinates":[-52.21880199125905,-10.35357287398407]},"properties":{"Fazenda":"FE","Campo":"FE 04","produtividade":190.45199999999997,"unidade_produtividade":"sc/ha","pontos_originais":25,"ano":"2026","cultura":"Milho"}},{"type":"Feature","geometry":{"type":"Point","coordinates":[-52.222683270920314,-10.35355815634623]},"properties":{"Fazenda":"FE","Campo":"FE 04","produtividade":172.89840000000004,"unidade_produtividade":"sc/ha","pontos_originais":25,"ano":"2026","cultura":"Milho"}},{"type":"Feature","geometry":{"type":"Point","coordinates":[-52.222911581307315,-10.353557289146442]},"properties":{"Fazenda":"FE","Campo":"FE 04","produtividade":164.1868,"unidade_produtividade":"sc/ha","pontos_originais":25,"ano":"2026","cultura":"Milho"}},{"type":"Feature","geometry":{"type":"Point","coordinates":[-52.22245496051319,-10.353559023384198]},"properties":{"Fazenda":"FE","Campo":"FE 04","produtividade":172.95639999999995,"unidade_produtividade":"sc/ha","pontos_originais":25,"ano":"2026","cultura":"Milho"}},{"type":"Feature","geometry":{"type":"Point","coordinates":[-52.22222665008585,-10.353559890260344]},"properties":{"Fazenda":"FE","Campo":"FE 04","produtividade":170.0956,"unidade_produtividade":"sc/ha","pontos_originais":25,"ano":"2026","cultura":"Milho"}},{"type":"Feature","geometry":{"type":"Point","coordinates":[-52.21400746130544,-10.353590990028716]},"properties":{"Fazenda":"FE","Campo":"FE 04","produtividade":176.2412,"unidade_produtividade":"sc/ha","pontos_originais":25,"ano":"2026","cultura":"Milho"}},{"type":"Feature","geometry":{"type":"Point","coordinates":[-52.223319253341536,-10.353549281388151]},"properties":{"Fazenda":"FE","Campo":"FE 04","produtividade":132.2692857142857,"unidade_produtividade":"sc/ha","pontos_originais":14,"ano":"2026","cultura":"Milho"}},{"type":"Feature","geometry":{"type":"Point","coordinates":[-52.21386292219514,-10.353606605844803]},"properties":{"Fazenda":"FE","Campo":"FE 04","produtividade":181.72166666666666,"unidade_produtividade":"sc/ha","pontos_originais":6,"ano":"2026","cultura":"Milho"}},{"type":"Feature","geometry":{"type":"Point","coordinates":[-52.223139891674144,-10.35355642178483]},"properties":{"Fazenda":"FE","Campo":"FE 04","produtividade":146.4832,"unidade_produtividade":"sc/ha","pontos_originais":25,"ano":"2026","cultura":"Milho"}},{"type":"Feature","geometry":{"type":"Point","coordinates":[-52.22131340817503,-10.353563356146731]},"properties":{"Fazenda":"FE","Campo":"FE 04","produtividade":154.32080000000002,"unidade_produtividade":"sc/ha","pontos_originais":25,"ano":"2026","cultura":"Milho"}},{"type":"Feature","geometry":{"type":"Point","coordinates":[-52.22108509764695,-10.353564222213775]},"properties":{"Fazenda":"FE","Campo":"FE 04","produtividade":150.21200000000002,"unidade_produtividade":"sc/ha","pontos_originais":25,"ano":"2026","cultura":"Milho"}},{"type":"Feature","geometry":{"type":"Point","coordinates":[-52.22085678709872,-10.353565088119003]},"properties":{"Fazenda":"FE","Campo":"FE 04","produtividade":149.386,"unidade_produtividade":"sc/ha","pontos_originais":25,"ano":"2026","cultura":"Milho"}},{"type":"Feature","geometry":{"type":"Point","coordinates":[-52.22199833963837,-10.353560756974673]},"properties":{"Fazenda":"FE","Campo":"FE 04","produtividade":162.93359999999998,"unidade_produtividade":"sc/ha","pontos_originais":25,"ano":"2026","cultura":"Milho"}},{"type":"Feature","geometry":{"type":"Point","coordinates":[-52.22177002917075,-10.35356162352718]},"properties":{"Fazenda":"FE","Campo":"FE 04","produtividade":160.01200000000006,"unidade_produtividade":"sc/ha","pontos_originais":25,"ano":"2026","cultura":"Milho"}},{"type":"Feature","geometry":{"type":"Point","coordinates":[-52.221541718682964,-10.353562489917865]},"properties":{"Fazenda":"FE","Campo":"FE 04","produtividade":155.68999999999997,"unidade_produtividade":"sc/ha","pontos_originais":25,"ano":"2026","cultura":"Milho"}},{"type":"Feature","geometry":{"type":"Point","coordinates":[-52.21469239469742,-10.353588406391543]},"properties":{"Fazenda":"FE","Campo":"FE 04","produtividade":189.4696,"unidade_produtividade":"sc/ha","pontos_originais":25,"ano":"2026","cultura":"Milho"}},{"type":"Feature","geometry":{"type":"Point","coordinates":[-52.214920705788025,-10.353587544855507]},"properties":{"Fazenda":"FE","Campo":"FE 04","produtividade":194.34799999999998,"unidade_produtividade":"sc/ha","pontos_originais":25,"ano":"2026","cultura":"Milho"}},{"type":"Feature","geometry":{"type":"Point","coordinates":[-52.2144640835868,-10.353589267765754]},"properties":{"Fazenda":"FE","Campo":"FE 04","produtividade":177.5416,"unidade_produtividade":"sc/ha","pontos_originais":25,"ano":"2026","cultura":"Milho"}},{"type":"Feature","geometry":{"type":"Point","coordinates":[-52.21423577245615,-10.353590128978146]},"properties":{"Fazenda":"FE","Campo":"FE 04","produtividade":173.40040000000002,"unidade_produtividade":"sc/ha","pontos_originais":25,"ano":"2026","cultura":"Milho"}},{"type":"Feature","geometry":{"type":"Point","coordinates":[-52.216975504701175,-10.353579783749161]},"properties":{"Fazenda":"FE","Campo":"FE 04","produtividade":192.83519999999996,"unidade_produtividade":"sc/ha","pontos_originais":25,"ano":"2026","cultura":"Milho"}},{"type":"Feature","geometry":{"type":"Point","coordinates":[-52.216747193791036,-10.3535806467416]},"properties":{"Fazenda":"FE","Campo":"FE 04","produtividade":193.0036,"unidade_produtividade":"sc/ha","pontos_originais":25,"ano":"2026","cultura":"Milho"}},{"type":"Feature","geometry":{"type":"Point","coordinates":[-52.216518882860875,-10.353581509572217]},"properties":{"Fazenda":"FE","Campo":"FE 04","produtividade":192.26320000000004,"unidade_produtividade":"sc/ha","pontos_originais":25,"ano":"2026","cultura":"Milho"}},{"type":"Feature","geometry":{"type":"Point","coordinates":[-52.21629057191064,-10.35358237224101]},"properties":{"Fazenda":"FE","Campo":"FE 04","produtividade":190.77360000000002,"unidade_produtividade":"sc/ha","pontos_originais":25,"ano":"2026","cultura":"Milho"}},{"type":"Feature","geometry":{"type":"Point","coordinates":[-52.21766043731102,-10.353577193800918]},"properties":{"Fazenda":"FE","Campo":"FE 04","produtividade":192.7536,"unidade_produtividade":"sc/ha","pontos_originais":25,"ano":"2026","cultura":"Milho"}},{"type":"Feature","geometry":{"type":"Point","coordinates":[-52.21743212646115,-10.353578057278819]},"properties":{"Fazenda":"FE","Campo":"FE 04","produtividade":190.99279999999996,"unidade_produtividade":"sc/ha","pontos_originais":25,"ano":"2026","cultura":"Milho"}},{"type":"Feature","geometry":{"type":"Point","coordinates":[-52.21720381559118,-10.353578920594906]},"properties":{"Fazenda":"FE","Campo":"FE 04","produtividade":191.5704,"unidade_produtividade":"sc/ha","pontos_originais":25,"ano":"2026","cultura":"Milho"}},{"type":"Feature","geometry":{"type":"Point","coordinates":[-52.21537732790908,-10.353585821297962]},"properties":{"Fazenda":"FE","Campo":"FE 04","produtividade":197.5312,"unidade_produtividade":"sc/ha","pontos_originais":25,"ano":"2026","cultura":"Milho"}},{"type":"Feature","geometry":{"type":"Point","coordinates":[-52.21560563893955,-10.353584959276459]},"properties":{"Fazenda":"FE","Campo":"FE 04","produtividade":197.8524,"unidade_produtividade":"sc/ha","pontos_originais":25,"ano":"2026","cultura":"Milho"}},{"type":"Feature","geometry":{"type":"Point","coordinates":[-52.215149016858575,-10.353586683157646]},"properties":{"Fazenda":"FE","Campo":"FE 04","produtividade":196.00279999999998,"unidade_produtividade":"sc/ha","pontos_originais":25,"ano":"2026","cultura":"Milho"}},{"type":"Feature","geometry":{"type":"Point","coordinates":[-52.216062260940326,-10.353583234747985]},"properties":{"Fazenda":"FE","Campo":"FE 04","produtividade":192.10279999999995,"unidade_produtividade":"sc/ha","pontos_originais":25,"ano":"2026","cultura":"Milho"}},{"type":"Feature","geometry":{"type":"Point","coordinates":[-52.21583394994997,-10.353584097093133]},"properties":{"Fazenda":"FE","Campo":"FE 04","produtividade":195.63880000000006,"unidade_produtividade":"sc/ha","pontos_originais":25,"ano":"2026","cultura":"Milho"}},{"type":"Feature","geometry":{"type":"Point","coordinates":[-52.2190294288534,-10.35334595154586]},"properties":{"Fazenda":"FE","Campo":"FE 04","produtividade":189.74079999999998,"unidade_produtividade":"sc/ha","pontos_originais":25,"ano":"2026","cultura":"Milho"}},{"type":"Feature","geometry":{"type":"Point","coordinates":[-52.21880111828751,-10.353346815975419]},"properties":{"Fazenda":"FE","Campo":"FE 04","produtividade":190.40520000000004,"unidade_produtividade":"sc/ha","pontos_originais":25,"ano":"2026","cultura":"Milho"}},{"type":"Feature","geometry":{"type":"Point","coordinates":[-52.21857280770152,-10.353347680243159]},"properties":{"Fazenda":"FE","Campo":"FE 04","produtividade":188.59120000000001,"unidade_produtividade":"sc/ha","pontos_originais":25,"ano":"2026","cultura":"Milho"}},{"type":"Feature","geometry":{"type":"Point","coordinates":[-52.21834449709543,-10.353348544349082]},"properties":{"Fazenda":"FE","Campo":"FE 04","produtividade":187.72440000000003,"unidade_produtividade":"sc/ha","pontos_originais":25,"ano":"2026","cultura":"Milho"}},{"type":"Feature","geometry":{"type":"Point","coordinates":[-52.2197143604304,-10.353343357286278]},"properties":{"Fazenda":"FE","Campo":"FE 04","produtividade":177.26200000000006,"unidade_produtividade":"sc/ha","pontos_originais":25,"ano":"2026","cultura":"Milho"}},{"type":"Feature","geometry":{"type":"Point","coordinates":[-52.21994267091584,-10.35334249220945]},"properties":{"Fazenda":"FE","Campo":"FE 04","produtividade":165.75,"unidade_produtividade":"sc/ha","pontos_originais":25,"ano":"2026","cultura":"Milho"}},{"type":"Feature","geometry":{"type":"Point","coordinates":[-52.21948604992483,-10.35334422220129]},"properties":{"Fazenda":"FE","Campo":"FE 04","produtividade":183.83,"unidade_produtividade":"sc/ha","pontos_originais":25,"ano":"2026","cultura":"Milho"}},{"type":"Feature","geometry":{"type":"Point","coordinates":[-52.21925773939918,-10.353345086954482]},"properties":{"Fazenda":"FE","Campo":"FE 04","produtividade":186.58080000000007,"unidade_produtividade":"sc/ha","pontos_originais":25,"ano":"2026","cultura":"Milho"}},{"type":"Feature","geometry":{"type":"Point","coordinates":[-52.21765956515661,-10.353351135695942]},"properties":{"Fazenda":"FE","Campo":"FE 04","produtividade":189.94680000000008,"unidade_produtividade":"sc/ha","pontos_originais":25,"ano":"2026","cultura":"Milho"}},{"type":"Feature","geometry":{"type":"Point","coordinates":[-52.21743125447019,-10.353351999154592]},"properties":{"Fazenda":"FE","Campo":"FE 04","produtividade":190.19199999999998,"unidade_produtividade":"sc/ha","pontos_originais":25,"ano":"2026","cultura":"Milho"}},{"type":"Feature","geometry":{"type":"Point","coordinates":[-52.21720294376366,-10.353352862451425]},"properties":{"Fazenda":"FE","Campo":"FE 04","produtividade":189.41639999999998,"unidade_produtividade":"sc/ha","pontos_originais":25,"ano":"2026","cultura":"Milho"}},{"type":"Feature","geometry":{"type":"Point","coordinates":[-52.21697463303704,-10.35335372558644]},"properties":{"Fazenda":"FE","Campo":"FE 04","produtividade":189.3768,"unidade_produtividade":"sc/ha","pontos_originais":25,"ano":"2026","cultura":"Milho"}},{"type":"Feature","geometry":{"type":"Point","coordinates":[-52.21811618646926,-10.35334940829319]},"properties":{"Fazenda":"FE","Campo":"FE 04","produtividade":188.83479999999997,"unidade_produtividade":"sc/ha","pontos_originais":25,"ano":"2026","cultura":"Milho"}},{"type":"Feature","geometry":{"type":"Point","coordinates":[-52.21788787582299,-10.353350272075472]},"properties":{"Fazenda":"FE","Campo":"FE 04","produtividade":189.52,"unidade_produtividade":"sc/ha","pontos_originais":25,"ano":"2026","cultura":"Milho"}},{"type":"Feature","geometry":{"type":"Point","coordinates":[-52.22199746437881,-10.353334699236205]},"properties":{"Fazenda":"FE","Campo":"FE 04","produtividade":161.14279999999997,"unidade_produtividade":"sc/ha","pontos_originais":25,"ano":"2026","cultura":"Milho"}},{"type":"Feature","geometry":{"type":"Point","coordinates":[-52.22176915407462,-10.353335565769392]},"properties":{"Fazenda":"FE","Campo":"FE 04","produtividade":157.74599999999998,"unidade_produtividade":"sc/ha","pontos_originais":25,"ano":"2026","cultura":"Milho"}},{"type":"Feature","geometry":{"type":"Point","coordinates":[-52.22154084375026,-10.353336432140757]},"properties":{"Fazenda":"FE","Campo":"FE 04","produtividade":153.6968,"unidade_produtividade":"sc/ha","pontos_originais":25,"ano":"2026","cultura":"Milho"}},{"type":"Feature","geometry":{"type":"Point","coordinates":[-52.221312533405765,-10.353337298350306]},"properties":{"Fazenda":"FE","Campo":"FE 04","produtividade":153.3164,"unidade_produtividade":"sc/ha","pontos_originais":25,"ano":"2026","cultura":"Milho"}},{"type":"Feature","geometry":{"type":"Point","coordinates":[-52.22268239517049,-10.35333209866575]},"properties":{"Fazenda":"FE","Campo":"FE 04","produtividade":166.49399999999997,"unidade_produtividade":"sc/ha","pontos_originais":25,"ano":"2026","cultura":"Milho"}},{"type":"Feature","geometry":{"type":"Point","coordinates":[-52.222454084926774,-10.35333296568438]},"properties":{"Fazenda":"FE","Campo":"FE 04","produtividade":171.0524,"unidade_produtividade":"sc/ha","pontos_originais":25,"ano":"2026","cultura":"Milho"}},{"type":"Feature","geometry":{"type":"Point","coordinates":[-52.222225774662874,-10.3533338325412]},"properties":{"Fazenda":"FE","Campo":"FE 04","produtividade":169.02959999999996,"unidade_produtividade":"sc/ha","pontos_originais":25,"ano":"2026","cultura":"Milho"}},{"type":"Feature","geometry":{"type":"Point","coordinates":[-52.220399291826325,-10.353340761570337]},"properties":{"Fazenda":"FE","Campo":"FE 04","produtividade":147.52240000000003,"unidade_produtividade":"sc/ha","pontos_originais":25,"ano":"2026","cultura":"Milho"}},{"type":"Feature","geometry":{"type":"Point","coordinates":[-52.220627602251376,-10.353339896008055]},"properties":{"Fazenda":"FE","Campo":"FE 04","produtividade":146.25079999999997,"unidade_produtividade":"sc/ha","pontos_originais":25,"ano":"2026","cultura":"Milho"}},{"type":"Feature","geometry":{"type":"Point","coordinates":[-52.22017098138115,-10.353341626970803]},"properties":{"Fazenda":"FE","Campo":"FE 04","produtividade":154.92999999999998,"unidade_produtividade":"sc/ha","pontos_originais":25,"ano":"2026","cultura":"Milho"}},{"type":"Feature","geometry":{"type":"Point","coordinates":[-52.22108422304111,-10.353338164398039]},"properties":{"Fazenda":"FE","Campo":"FE 04","produtividade":148.98760000000001,"unidade_produtividade":"sc/ha","pontos_originais":25,"ano":"2026","cultura":"Milho"}},{"type":"Feature","geometry":{"type":"Point","coordinates":[-52.22085591265632,-10.353339030283955]},"properties":{"Fazenda":"FE","Campo":"FE 04","produtividade":144.88080000000002,"unidade_produtividade":"sc/ha","pontos_originais":25,"ano":"2026","cultura":"Milho"}},{"type":"Feature","geometry":{"type":"Point","coordinates":[-52.214006591765965,-10.353364931616118]},"properties":{"Fazenda":"FE","Campo":"FE 04","produtividade":180.00519999999997,"unidade_produtividade":"sc/ha","pontos_originais":25,"ano":"2026","cultura":"Milho"}},{"type":"Feature","geometry":{"type":"Point","coordinates":[-52.2233184272073,-10.353336141339975]},"properties":{"Fazenda":"FE","Campo":"FE 04","produtividade":127.02142857142856,"unidade_produtividade":"sc/ha","pontos_originais":14,"ano":"2026","cultura":"Milho"}},{"type":"Feature","geometry":{"type":"Point","coordinates":[-52.22313901559745,-10.353330364143028]},"properties":{"Fazenda":"FE","Campo":"FE 04","produtividade":135.58399999999997,"unidade_produtividade":"sc/ha","pontos_originais":25,"ano":"2026","cultura":"Milho"}},{"type":"Feature","geometry":{"type":"Point","coordinates":[-52.22291070539405,-10.353331231485297]},"properties":{"Fazenda":"FE","Campo":"FE 04","produtividade":152.44400000000002,"unidade_produtividade":"sc/ha","pontos_originais":25,"ano":"2026","cultura":"Milho"}},{"type":"Feature","geometry":{"type":"Point","coordinates":[-52.21606138992995,-10.353357176508307]},"properties":{"Fazenda":"FE","Campo":"FE 04","produtividade":191.8816,"unidade_produtividade":"sc/ha","pontos_originais":25,"ano":"2026","cultura":"Milho"}},{"type":"Feature","geometry":{"type":"Point","coordinates":[-52.216289700736816,-10.353356314020571]},"properties":{"Fazenda":"FE","Campo":"FE 04","produtividade":189.27920000000006,"unidade_produtividade":"sc/ha","pontos_originais":25,"ano":"2026","cultura":"Milho"}},{"type":"Feature","geometry":{"type":"Point","coordinates":[-52.215833079103014,-10.35335803883423]},"properties":{"Fazenda":"FE","Campo":"FE 04","produtividade":194.512,"unidade_produtividade":"sc/ha","pontos_originais":25,"ano":"2026","cultura":"Milho"}},{"type":"Feature","geometry":{"type":"Point","coordinates":[-52.215604768256036,-10.353358900998336]},"properties":{"Fazenda":"FE","Campo":"FE 04","produtividade":196.72639999999998,"unidade_produtividade":"sc/ha","pontos_originais":25,"ano":"2026","cultura":"Milho"}},{"type":"Feature","geometry":{"type":"Point","coordinates":[-52.21674632229036,-10.353354588559633]},"properties":{"Fazenda":"FE","Campo":"FE 04","produtividade":190.19119999999995,"unidade_produtividade":"sc/ha","pontos_originais":25,"ano":"2026","cultura":"Milho"}},{"type":"Feature","geometry":{"type":"Point","coordinates":[-52.21651801152363,-10.35335545137101]},"properties":{"Fazenda":"FE","Campo":"FE 04","produtividade":189.96919999999994,"unidade_produtividade":"sc/ha","pontos_originais":25,"ano":"2026","cultura":"Milho"}},{"type":"Feature","geometry":{"type":"Point","coordinates":[-52.214691524667636,-10.353362348036551]},"properties":{"Fazenda":"FE","Campo":"FE 04","produtividade":187.2424,"unidade_produtividade":"sc/ha","pontos_originais":25,"ano":"2026","cultura":"Milho"}},{"type":"Feature","geometry":{"type":"Point","coordinates":[-52.214463213720435,-10.35336320939156]},"properties":{"Fazenda":"FE","Campo":"FE 04","produtividade":175.4892,"unidade_produtividade":"sc/ha","pontos_originais":25,"ano":"2026","cultura":"Milho"}},{"type":"Feature","geometry":{"type":"Point","coordinates":[-52.214234902753226,-10.353364070584748]},"properties":{"Fazenda":"FE","Campo":"FE 04","produtividade":175.8852,"unidade_produtividade":"sc/ha","pontos_originais":25,"ano":"2026","cultura":"Milho"}},{"type":"Feature","geometry":{"type":"Point","coordinates":[-52.215376457389,-10.353359763000617]},"properties":{"Fazenda":"FE","Campo":"FE 04","produtividade":195.088,"unidade_produtividade":"sc/ha","pontos_originais":25,"ano":"2026","cultura":"Milho"}},{"type":"Feature","geometry":{"type":"Point","coordinates":[-52.215148146501924,-10.35336062484108]},"properties":{"Fazenda":"FE","Campo":"FE 04","produtividade":194.824,"unidade_produtividade":"sc/ha","pontos_originais":25,"ano":"2026","cultura":"Milho"}},{"type":"Feature","geometry":{"type":"Point","coordinates":[-52.2149198355948,-10.353361486519727]},"properties":{"Fazenda":"FE","Campo":"FE 04","produtividade":192.1716,"unidade_produtividade":"sc/ha","pontos_originais":25,"ano":"2026","cultura":"Milho"}},{"type":"Feature","geometry":{"type":"Point","coordinates":[-52.21386995293817,-10.353455871533901]},"properties":{"Fazenda":"FE","Campo":"FE 04","produtividade":183.85,"unidade_produtividade":"sc/ha","pontos_originais":1,"ano":"2026","cultura":"Milho"}},{"type":"Feature","geometry":{"type":"Point","coordinates":[-52.21925686612089,-10.353119028981146]},"properties":{"Fazenda":"FE","Campo":"FE 04","produtividade":184.89480000000003,"unidade_produtividade":"sc/ha","pontos_originais":25,"ano":"2026","cultura":"Milho"}},{"type":"Feature","geometry":{"type":"Point","coordinates":[-52.219028555738554,-10.353119893553243]},"properties":{"Fazenda":"FE","Campo":"FE 04","produtividade":187.25679999999997,"unidade_produtividade":"sc/ha","pontos_originais":25,"ano":"2026","cultura":"Milho"}},{"type":"Feature","geometry":{"type":"Point","coordinates":[-52.21880024533607,-10.353120757963525]},"properties":{"Fazenda":"FE","Campo":"FE 04","produtividade":187.86919999999998,"unidade_produtividade":"sc/ha","pontos_originais":25,"ano":"2026","cultura":"Milho"}},{"type":"Feature","geometry":{"type":"Point","coordinates":[-52.21857193491351,-10.353121622211997]},"properties":{"Fazenda":"FE","Campo":"FE 04","produtividade":187.19640000000004,"unidade_produtividade":"sc/ha","pontos_originais":25,"ano":"2026","cultura":"Milho"}},{"type":"Feature","geometry":{"type":"Point","coordinates":[-52.219941797147264,-10.353116434293968]},"properties":{"Fazenda":"FE","Campo":"FE 04","produtividade":162.55440000000002,"unidade_produtividade":"sc/ha","pontos_originais":25,"ano":"2026","cultura":"Milho"}},{"type":"Feature","geometry":{"type":"Point","coordinates":[-52.21971348682525,-10.353117299351508]},"properties":{"Fazenda":"FE","Campo":"FE 04","produtividade":172.15560000000002,"unidade_produtividade":"sc/ha","pontos_originais":25,"ano":"2026","cultura":"Milho"}},{"type":"Feature","geometry":{"type":"Point","coordinates":[-52.21948517648313,-10.353118164247237]},"properties":{"Fazenda":"FE","Campo":"FE 04","produtividade":180.00760000000002,"unidade_produtividade":"sc/ha","pontos_originais":25,"ano":"2026","cultura":"Milho"}},{"type":"Feature","geometry":{"type":"Point","coordinates":[-52.217658693022315,-10.353125077587725]},"properties":{"Fazenda":"FE","Campo":"FE 04","produtividade":190.58559999999997,"unidade_produtividade":"sc/ha","pontos_originais":25,"ano":"2026","cultura":"Milho"}},{"type":"Feature","geometry":{"type":"Point","coordinates":[-52.21788700352525,-10.353124213986517]},"properties":{"Fazenda":"FE","Campo":"FE 04","produtividade":189.30359999999996,"unidade_produtividade":"sc/ha","pontos_originais":25,"ano":"2026","cultura":"Milho"}},{"type":"Feature","geometry":{"type":"Point","coordinates":[-52.21743038249929,-10.353125941027129]},"properties":{"Fazenda":"FE","Campo":"FE 04","produtividade":191.64920000000006,"unidade_produtividade":"sc/ha","pontos_originais":25,"ano":"2026","cultura":"Milho"}},{"type":"Feature","geometry":{"type":"Point","coordinates":[-52.2172020719562,-10.353126804304706]},"properties":{"Fazenda":"FE","Campo":"FE 04","produtividade":191.4496,"unidade_produtividade":"sc/ha","pontos_originais":25,"ano":"2026","cultura":"Milho"}},{"type":"Feature","geometry":{"type":"Point","coordinates":[-52.218343624470855,-10.35312248629865]},"properties":{"Fazenda":"FE","Campo":"FE 04","produtividade":186.73440000000002,"unidade_produtividade":"sc/ha","pontos_originais":25,"ano":"2026","cultura":"Milho"}},{"type":"Feature","geometry":{"type":"Point","coordinates":[-52.2181153140081,-10.353123350223491]},"properties":{"Fazenda":"FE","Campo":"FE 04","produtividade":188.054,"unidade_produtividade":"sc/ha","pontos_originais":25,"ano":"2026","cultura":"Milho"}},{"type":"Feature","geometry":{"type":"Point","coordinates":[-52.222224899260056,-10.353107774818818]},"properties":{"Fazenda":"FE","Campo":"FE 04","produtividade":163.51639999999995,"unidade_produtividade":"sc/ha","pontos_originais":25,"ano":"2026","cultura":"Milho"}},{"type":"Feature","geometry":{"type":"Point","coordinates":[-52.221996589139415,-10.353108641494492]},"properties":{"Fazenda":"FE","Campo":"FE 04","produtividade":162.01760000000002,"unidade_produtividade":"sc/ha","pontos_originais":25,"ano":"2026","cultura":"Milho"}},{"type":"Feature","geometry":{"type":"Point","coordinates":[-52.221768278998645,-10.353109508008354]},"properties":{"Fazenda":"FE","Campo":"FE 04","produtividade":156.21359999999999,"unidade_produtividade":"sc/ha","pontos_originais":25,"ano":"2026","cultura":"Milho"}},{"type":"Feature","geometry":{"type":"Point","coordinates":[-52.2215399688377,-10.353110374360405]},"properties":{"Fazenda":"FE","Campo":"FE 04","produtividade":150.7752,"unidade_produtividade":"sc/ha","pontos_originais":25,"ano":"2026","cultura":"Milho"}},{"type":"Feature","geometry":{"type":"Point","coordinates":[-52.22289901598842,-10.35312028562909]},"properties":{"Fazenda":"FE","Campo":"FE 04","produtividade":139.9595238095238,"unidade_produtividade":"sc/ha","pontos_originais":21,"ano":"2026","cultura":"Milho"}},{"type":"Feature","geometry":{"type":"Point","coordinates":[-52.22268151944082,-10.353106040982027]},"properties":{"Fazenda":"FE","Campo":"FE 04","produtividade":153.0128,"unidade_produtividade":"sc/ha","pontos_originais":25,"ano":"2026","cultura":"Milho"}},{"type":"Feature","geometry":{"type":"Point","coordinates":[-52.222453209360516,-10.353106907981328]},"properties":{"Fazenda":"FE","Campo":"FE 04","produtividade":159.46720000000002,"unidade_produtividade":"sc/ha","pontos_originais":25,"ano":"2026","cultura":"Milho"}},{"type":"Feature","geometry":{"type":"Point","coordinates":[-52.22062672799254,-10.353113838150467]},"properties":{"Fazenda":"FE","Campo":"FE 04","produtividade":147.07719999999998,"unidade_produtividade":"sc/ha","pontos_originais":25,"ano":"2026","cultura":"Milho"}},{"type":"Feature","geometry":{"type":"Point","coordinates":[-52.22085503823405,-10.353112972445672]},"properties":{"Fazenda":"FE","Campo":"FE 04","produtividade":145.63879999999997,"unidade_produtividade":"sc/ha","pontos_originais":25,"ano":"2026","cultura":"Milho"}},{"type":"Feature","geometry":{"type":"Point","coordinates":[-52.22039841773092,-10.353114703693448]},"properties":{"Fazenda":"FE","Campo":"FE 04","produtividade":148.24320000000006,"unidade_produtividade":"sc/ha","pontos_originais":25,"ano":"2026","cultura":"Milho"}},{"type":"Feature","geometry":{"type":"Point","coordinates":[-52.22017010744914,-10.353115569074616]},"properties":{"Fazenda":"FE","Campo":"FE 04","produtividade":154.31920000000002,"unidade_produtividade":"sc/ha","pontos_originais":25,"ano":"2026","cultura":"Milho"}},{"type":"Feature","geometry":{"type":"Point","coordinates":[-52.22131165865663,-10.353111240550641]},"properties":{"Fazenda":"FE","Campo":"FE 04","produtividade":149.0656,"unidade_produtividade":"sc/ha","pontos_originais":25,"ano":"2026","cultura":"Milho"}},{"type":"Feature","geometry":{"type":"Point","coordinates":[-52.221083348455416,-10.353112106579065]},"properties":{"Fazenda":"FE","Campo":"FE 04","produtividade":146.2612,"unidade_produtividade":"sc/ha","pontos_originais":25,"ano":"2026","cultura":"Milho"}},{"type":"Feature","geometry":{"type":"Point","coordinates":[-52.21401819927692,-10.353144991471044]},"properties":{"Fazenda":"FE","Campo":"FE 04","produtividade":177.54454545454544,"unidade_produtividade":"sc/ha","pontos_originais":22,"ano":"2026","cultura":"Milho"}},{"type":"Feature","geometry":{"type":"Point","coordinates":[-52.214234033070305,-10.353138012188108]},"properties":{"Fazenda":"FE","Campo":"FE 04","produtividade":173.61879999999996,"unidade_produtividade":"sc/ha","pontos_originais":25,"ano":"2026","cultura":"Milho"}},{"type":"Feature","geometry":{"type":"Point","coordinates":[-52.22309272782756,-10.35316906787807]},"properties":{"Fazenda":"FE","Campo":"FE 04","produtividade":128.44857142857143,"unidade_produtividade":"sc/ha","pontos_originais":7,"ano":"2026","cultura":"Milho"}},{"type":"Feature","geometry":{"type":"Point","coordinates":[-52.21628882958306,-10.353130255796886]},"properties":{"Fazenda":"FE","Campo":"FE 04","produtividade":189.29839999999996,"unidade_produtividade":"sc/ha","pontos_originais":25,"ano":"2026","cultura":"Milho"}},{"type":"Feature","geometry":{"type":"Point","coordinates":[-52.21606051893962,-10.353131118265393]},"properties":{"Fazenda":"FE","Campo":"FE 04","produtividade":190.78640000000004,"unidade_produtividade":"sc/ha","pontos_originais":25,"ano":"2026","cultura":"Milho"}},{"type":"Feature","geometry":{"type":"Point","coordinates":[-52.21583220827611,-10.353131980572089]},"properties":{"Fazenda":"FE","Campo":"FE 04","produtividade":191.40840000000003,"unidade_produtividade":"sc/ha","pontos_originais":25,"ano":"2026","cultura":"Milho"}},{"type":"Feature","geometry":{"type":"Point","coordinates":[-52.21560389759256,-10.353132842716963]},"properties":{"Fazenda":"FE","Campo":"FE 04","produtividade":192.78479999999993,"unidade_produtividade":"sc/ha","pontos_originais":25,"ano":"2026","cultura":"Milho"}},{"type":"Feature","geometry":{"type":"Point","coordinates":[-52.21697376139303,-10.353127667420477]},"properties":{"Fazenda":"FE","Campo":"FE 04","produtividade":191.246,"unidade_produtividade":"sc/ha","pontos_originais":25,"ano":"2026","cultura":"Milho"}},{"type":"Feature","geometry":{"type":"Point","coordinates":[-52.21674545080977,-10.353128530374429]},"properties":{"Fazenda":"FE","Campo":"FE 04","produtividade":189.5264,"unidade_produtividade":"sc/ha","pontos_originais":25,"ano":"2026","cultura":"Milho"}},{"type":"Feature","geometry":{"type":"Point","coordinates":[-52.21651714020645,-10.353129393166563]},"properties":{"Fazenda":"FE","Campo":"FE 04","produtividade":189.30159999999995,"unidade_produtividade":"sc/ha","pontos_originais":25,"ano":"2026","cultura":"Milho"}},{"type":"Feature","geometry":{"type":"Point","coordinates":[-52.2149189654216,-10.353135428180705]},"properties":{"Fazenda":"FE","Campo":"FE 04","produtividade":189.092,"unidade_produtividade":"sc/ha","pontos_originais":25,"ano":"2026","cultura":"Milho"}},{"type":"Feature","geometry":{"type":"Point","coordinates":[-52.21469065465787,-10.353136289678323]},"properties":{"Fazenda":"FE","Campo":"FE 04","produtividade":180.57439999999994,"unidade_produtividade":"sc/ha","pontos_originais":25,"ano":"2026","cultura":"Milho"}},{"type":"Feature","geometry":{"type":"Point","coordinates":[-52.21446234387408,-10.353137151014122]},"properties":{"Fazenda":"FE","Campo":"FE 04","produtividade":172.1128,"unidade_produtividade":"sc/ha","pontos_originais":25,"ano":"2026","cultura":"Milho"}},{"type":"Feature","geometry":{"type":"Point","coordinates":[-52.215375586888975,-10.353133704700026]},"properties":{"Fazenda":"FE","Campo":"FE 04","produtividade":192.10600000000002,"unidade_produtividade":"sc/ha","pontos_originais":25,"ano":"2026","cultura":"Milho"}},{"type":"Feature","geometry":{"type":"Point","coordinates":[-52.21514727616531,-10.353134566521275]},"properties":{"Fazenda":"FE","Campo":"FE 04","produtividade":191.77799999999996,"unidade_produtividade":"sc/ha","pontos_originais":25,"ano":"2026","cultura":"Milho"}},{"type":"Feature","geometry":{"type":"Point","coordinates":[-52.214925057054764,-10.354717836485804]},"properties":{"Fazenda":"FE","Campo":"FE 04","produtividade":193.93720000000005,"unidade_produtividade":"sc/ha","pontos_originais":25,"ano":"2026","cultura":"Milho"}},{"type":"Feature","geometry":{"type":"Point","coordinates":[-52.21515336894251,-10.354716974691874]},"properties":{"Fazenda":"FE","Campo":"FE 04","produtividade":192.40959999999998,"unidade_produtividade":"sc/ha","pontos_originais":25,"ano":"2026","cultura":"Milho"}},{"type":"Feature","geometry":{"type":"Point","coordinates":[-52.214696745146945,-10.354718698117892]},"properties":{"Fazenda":"FE","Campo":"FE 04","produtividade":192.28240000000002,"unidade_produtividade":"sc/ha","pontos_originais":25,"ano":"2026","cultura":"Milho"}},{"type":"Feature","geometry":{"type":"Point","coordinates":[-52.21446843321911,-10.35471955958814]},"properties":{"Fazenda":"FE","Campo":"FE 04","produtividade":182.56040000000002,"unidade_produtividade":"sc/ha","pontos_originais":25,"ano":"2026","cultura":"Milho"}},{"type":"Feature","geometry":{"type":"Point","coordinates":[-52.21560999265793,-10.354715250618492]},"properties":{"Fazenda":"FE","Campo":"FE 04","produtividade":192.51319999999998,"unidade_produtividade":"sc/ha","pontos_originais":25,"ano":"2026","cultura":"Milho"}},{"type":"Feature","geometry":{"type":"Point","coordinates":[-52.215838304485544,-10.354714388339044]},"properties":{"Fazenda":"FE","Campo":"FE 04","produtividade":189.7724,"unidade_produtividade":"sc/ha","pontos_originais":25,"ano":"2026","cultura":"Milho"}},{"type":"Feature","geometry":{"type":"Point","coordinates":[-52.21538168081023,-10.354716112736105]},"properties":{"Fazenda":"FE","Campo":"FE 04","produtividade":192.5412,"unidade_produtividade":"sc/ha","pontos_originais":25,"ano":"2026","cultura":"Milho"}},{"type":"Feature","geometry":{"type":"Point","coordinates":[-52.22291596117621,-10.354687577403554]},"properties":{"Fazenda":"FE","Campo":"FE 04","produtividade":164.3152,"unidade_produtividade":"sc/ha","pontos_originais":25,"ano":"2026","cultura":"Milho"}},{"type":"Feature","geometry":{"type":"Point","coordinates":[-52.22310429599949,-10.354681210325309]},"properties":{"Fazenda":"FE","Campo":"FE 04","produtividade":143.3175,"unidade_produtividade":"sc/ha","pontos_originais":16,"ano":"2026","cultura":"Milho"}},{"type":"Feature","geometry":{"type":"Point","coordinates":[-52.22268764997203,-10.354688444700024]},"properties":{"Fazenda":"FE","Campo":"FE 04","produtividade":188.54480000000004,"unidade_produtividade":"sc/ha","pontos_originais":25,"ano":"2026","cultura":"Milho"}},{"type":"Feature","geometry":{"type":"Point","coordinates":[-52.222459338747676,-10.354689311834658]},"properties":{"Fazenda":"FE","Campo":"FE 04","produtividade":191.74400000000006,"unidade_produtividade":"sc/ha","pontos_originais":25,"ano":"2026","cultura":"Milho"}},{"type":"Feature","geometry":{"type":"Point","coordinates":[-52.21424012127126,-10.354720420896546]},"properties":{"Fazenda":"FE","Campo":"FE 04","produtividade":173.02279999999996,"unidade_produtividade":"sc/ha","pontos_originais":25,"ano":"2026","cultura":"Milho"}},{"type":"Feature","geometry":{"type":"Point","coordinates":[-52.214011809303344,-10.354721282043117]},"properties":{"Fazenda":"FE","Campo":"FE 04","produtividade":168.3852,"unidade_produtividade":"sc/ha","pontos_originais":25,"ano":"2026","cultura":"Milho"}},{"type":"Feature","geometry":{"type":"Point","coordinates":[-52.21378349731542,-10.35472214302784]},"properties":{"Fazenda":"FE","Campo":"FE 04","produtividade":168.69319999999996,"unidade_produtividade":"sc/ha","pontos_originais":25,"ano":"2026","cultura":"Milho"}},{"type":"Feature","geometry":{"type":"Point","coordinates":[-52.217893110031255,-10.354706620541169]},"properties":{"Fazenda":"FE","Campo":"FE 04","produtividade":195.0232,"unidade_produtividade":"sc/ha","pontos_originais":25,"ano":"2026","cultura":"Milho"}},{"type":"Feature","geometry":{"type":"Point","coordinates":[-52.217664798384256,-10.354707484277183]},"properties":{"Fazenda":"FE","Campo":"FE 04","produtividade":193.06000000000003,"unidade_produtividade":"sc/ha","pontos_originais":25,"ano":"2026","cultura":"Milho"}},{"type":"Feature","geometry":{"type":"Point","coordinates":[-52.21743648671716,-10.354708347851355]},"properties":{"Fazenda":"FE","Campo":"FE 04","produtividade":192.40800000000002,"unidade_produtividade":"sc/ha","pontos_originais":25,"ano":"2026","cultura":"Milho"}},{"type":"Feature","geometry":{"type":"Point","coordinates":[-52.21720817503,-10.354709211263689]},"properties":{"Fazenda":"FE","Campo":"FE 04","produtividade":193.19199999999998,"unidade_produtividade":"sc/ha","pontos_originais":25,"ano":"2026","cultura":"Milho"}},{"type":"Feature","geometry":{"type":"Point","coordinates":[-52.218578044851704,-10.354704028362093]},"properties":{"Fazenda":"FE","Campo":"FE 04","produtividade":192.32719999999998,"unidade_produtividade":"sc/ha","pontos_originais":25,"ano":"2026","cultura":"Milho"}},{"type":"Feature","geometry":{"type":"Point","coordinates":[-52.21880635641833,-10.354703163978725]},"properties":{"Fazenda":"FE","Campo":"FE 04","produtividade":189.4804,"unidade_produtividade":"sc/ha","pontos_originais":25,"ano":"2026","cultura":"Milho"}},{"type":"Feature","geometry":{"type":"Point","coordinates":[-52.21834973326498,-10.354704892583626]},"properties":{"Fazenda":"FE","Campo":"FE 04","produtividade":193.52560000000005,"unidade_produtividade":"sc/ha","pontos_originais":25,"ano":"2026","cultura":"Milho"}},{"type":"Feature","geometry":{"type":"Point","coordinates":[-52.21812142165814,-10.35470575664332]},"properties":{"Fazenda":"FE","Campo":"FE 04","produtividade":194.80999999999997,"unidade_produtividade":"sc/ha","pontos_originais":25,"ano":"2026","cultura":"Milho"}},{"type":"Feature","geometry":{"type":"Point","coordinates":[-52.21652323984807,-10.354711800529646]},"properties":{"Fazenda":"FE","Campo":"FE 04","produtividade":186.96920000000003,"unidade_produtividade":"sc/ha","pontos_originais":25,"ano":"2026","cultura":"Milho"}},{"type":"Feature","geometry":{"type":"Point","coordinates":[-52.216294928080615,-10.354712663294622]},"properties":{"Fazenda":"FE","Campo":"FE 04","produtividade":187.73320000000004,"unidade_produtividade":"sc/ha","pontos_originais":25,"ano":"2026","cultura":"Milho"}},{"type":"Feature","geometry":{"type":"Point","coordinates":[-52.2160666162931,-10.35471352589775]},"properties":{"Fazenda":"FE","Campo":"FE 04","produtividade":188.00319999999996,"unidade_produtividade":"sc/ha","pontos_originais":25,"ano":"2026","cultura":"Milho"}},{"type":"Feature","geometry":{"type":"Point","coordinates":[-52.216979863322756,-10.354710074514182]},"properties":{"Fazenda":"FE","Campo":"FE 04","produtividade":191.69559999999993,"unidade_produtividade":"sc/ha","pontos_originais":25,"ano":"2026","cultura":"Milho"}},{"type":"Feature","geometry":{"type":"Point","coordinates":[-52.216751551595436,-10.354710937602835]},"properties":{"Fazenda":"FE","Campo":"FE 04","produtividade":187.86719999999997,"unidade_produtividade":"sc/ha","pontos_originais":25,"ano":"2026","cultura":"Milho"}},{"type":"Feature","geometry":{"type":"Point","coordinates":[-52.21926297949126,-10.354701434726465]},"properties":{"Fazenda":"FE","Campo":"FE 04","produtividade":192.2936,"unidade_produtividade":"sc/ha","pontos_originais":25,"ano":"2026","cultura":"Milho"}},{"type":"Feature","geometry":{"type":"Point","coordinates":[-52.219491290997546,-10.354700569857576]},"properties":{"Fazenda":"FE","Campo":"FE 04","produtividade":194.88320000000007,"unidade_produtividade":"sc/ha","pontos_originais":25,"ano":"2026","cultura":"Milho"}},{"type":"Feature","geometry":{"type":"Point","coordinates":[-52.219034667964834,-10.354702299433514]},"properties":{"Fazenda":"FE","Campo":"FE 04","produtividade":190.0016,"unidade_produtividade":"sc/ha","pontos_originais":25,"ano":"2026","cultura":"Milho"}},{"type":"Feature","geometry":{"type":"Point","coordinates":[-52.22154609364867,-10.354692778754806]},"properties":{"Fazenda":"FE","Campo":"FE 04","produtividade":185.3748,"unidade_produtividade":"sc/ha","pontos_originais":25,"ano":"2026","cultura":"Milho"}},{"type":"Feature","geometry":{"type":"Point","coordinates":[-52.22131778232353,-10.35469364508025]},"properties":{"Fazenda":"FE","Campo":"FE 04","produtividade":183.1756,"unidade_produtividade":"sc/ha","pontos_originais":25,"ano":"2026","cultura":"Milho"}},{"type":"Feature","geometry":{"type":"Point","coordinates":[-52.22108947097826,-10.35469451124385]},"properties":{"Fazenda":"FE","Campo":"FE 04","produtividade":183.5844,"unidade_produtividade":"sc/ha","pontos_originais":25,"ano":"2026","cultura":"Milho"}},{"type":"Feature","geometry":{"type":"Point","coordinates":[-52.220861159612824,-10.354695377245616]},"properties":{"Fazenda":"FE","Campo":"FE 04","produtividade":184.48720000000006,"unidade_produtividade":"sc/ha","pontos_originais":25,"ano":"2026","cultura":"Milho"}},{"type":"Feature","geometry":{"type":"Point","coordinates":[-52.22223102750317,-10.354690178807452]},"properties":{"Fazenda":"FE","Campo":"FE 04","produtividade":191.59520000000003,"unidade_produtividade":"sc/ha","pontos_originais":25,"ano":"2026","cultura":"Milho"}},{"type":"Feature","geometry":{"type":"Point","coordinates":[-52.222002716238485,-10.354691045618411]},"properties":{"Fazenda":"FE","Campo":"FE 04","produtividade":190.70839999999995,"unidade_produtividade":"sc/ha","pontos_originais":25,"ano":"2026","cultura":"Milho"}},{"type":"Feature","geometry":{"type":"Point","coordinates":[-52.22177440495365,-10.354691912267526]},"properties":{"Fazenda":"FE","Campo":"FE 04","produtividade":186.14279999999997,"unidade_produtividade":"sc/ha","pontos_originais":25,"ano":"2026","cultura":"Milho"}},{"type":"Feature","geometry":{"type":"Point","coordinates":[-52.220176225395754,-10.35469797427987]},"properties":{"Fazenda":"FE","Campo":"FE 04","produtividade":195.9752,"unidade_produtividade":"sc/ha","pontos_originais":25,"ano":"2026","cultura":"Milho"}},{"type":"Feature","geometry":{"type":"Point","coordinates":[-52.219947913949824,-10.35469883963428]},"properties":{"Fazenda":"FE","Campo":"FE 04","produtividade":194.07240000000002,"unidade_produtividade":"sc/ha","pontos_originais":25,"ano":"2026","cultura":"Milho"}},{"type":"Feature","geometry":{"type":"Point","coordinates":[-52.21971960248375,-10.354699704826846]},"properties":{"Fazenda":"FE","Campo":"FE 04","produtividade":193.63,"unidade_produtividade":"sc/ha","pontos_originais":25,"ano":"2026","cultura":"Milho"}},{"type":"Feature","geometry":{"type":"Point","coordinates":[-52.22063284822727,-10.354696243085538]},"properties":{"Fazenda":"FE","Campo":"FE 04","produtividade":189.496,"unidade_produtividade":"sc/ha","pontos_originais":25,"ano":"2026","cultura":"Milho"}},{"type":"Feature","geometry":{"type":"Point","coordinates":[-52.220404536821576,-10.354697108763624]},"properties":{"Fazenda":"FE","Campo":"FE 04","produtividade":193.65239999999997,"unidade_produtividade":"sc/ha","pontos_originais":25,"ano":"2026","cultura":"Milho"}},{"type":"Feature","geometry":{"type":"Point","coordinates":[-52.21364659705246,-10.354745265390047]},"properties":{"Fazenda":"FE","Campo":"FE 04","produtividade":172.555,"unidade_produtividade":"sc/ha","pontos_originais":4,"ano":"2026","cultura":"Milho"}},{"type":"Feature","geometry":{"type":"Point","coordinates":[-52.22177528017069,-10.354917970005875]},"properties":{"Fazenda":"FE","Campo":"FE 04","produtividade":186.15559999999996,"unidade_produtividade":"sc/ha","pontos_originais":25,"ano":"2026","cultura":"Milho"}},{"type":"Feature","geometry":{"type":"Point","coordinates":[-52.22154696870225,-10.354918836512473]},"properties":{"Fazenda":"FE","Campo":"FE 04","produtividade":184.22600000000003,"unidade_produtividade":"sc/ha","pontos_originais":25,"ano":"2026","cultura":"Milho"}},{"type":"Feature","geometry":{"type":"Point","coordinates":[-52.22131865721366,-10.354919702857227]},"properties":{"Fazenda":"FE","Campo":"FE 04","produtividade":182.76599999999996,"unidade_produtividade":"sc/ha","pontos_originais":25,"ano":"2026","cultura":"Milho"}},{"type":"Feature","geometry":{"type":"Point","coordinates":[-52.221090345704944,-10.354920569040143]},"properties":{"Fazenda":"FE","Campo":"FE 04","produtividade":178.84319999999997,"unidade_produtividade":"sc/ha","pontos_originais":25,"ano":"2026","cultura":"Milho"}},{"type":"Feature","geometry":{"type":"Point","coordinates":[-52.22246021445505,-10.354915369515025]},"properties":{"Fazenda":"FE","Campo":"FE 04","produtividade":190.88559999999998,"unidade_produtividade":"sc/ha","pontos_originais":25,"ano":"2026","cultura":"Milho"}},{"type":"Feature","geometry":{"type":"Point","coordinates":[-52.2222319030471,-10.354916236507151]},"properties":{"Fazenda":"FE","Campo":"FE 04","produtividade":191.12919999999997,"unidade_produtividade":"sc/ha","pontos_originais":25,"ano":"2026","cultura":"Milho"}},{"type":"Feature","geometry":{"type":"Point","coordinates":[-52.22200359161897,-10.354917103337435]},"properties":{"Fazenda":"FE","Campo":"FE 04","produtividade":189.88399999999993,"unidade_produtividade":"sc/ha","pontos_originais":25,"ano":"2026","cultura":"Milho"}},{"type":"Feature","geometry":{"type":"Point","coordinates":[-52.220177099468636,-10.354924032153374]},"properties":{"Fazenda":"FE","Campo":"FE 04","produtividade":191.76360000000005,"unidade_produtividade":"sc/ha","pontos_originais":25,"ano":"2026","cultura":"Milho"}},{"type":"Feature","geometry":{"type":"Point","coordinates":[-52.22040541105791,-10.35492316661783]},"properties":{"Fazenda":"FE","Campo":"FE 04","produtividade":190.70559999999998,"unidade_produtividade":"sc/ha","pontos_originais":25,"ano":"2026","cultura":"Milho"}},{"type":"Feature","geometry":{"type":"Point","coordinates":[-52.21994878785924,-10.354924897527074]},"properties":{"Fazenda":"FE","Campo":"FE 04","produtividade":190.33400000000006,"unidade_produtividade":"sc/ha","pontos_originais":25,"ano":"2026","cultura":"Milho"}},{"type":"Feature","geometry":{"type":"Point","coordinates":[-52.21972047622971,-10.354925762738931]},"properties":{"Fazenda":"FE","Campo":"FE 04","produtividade":190.24120000000002,"unidade_produtividade":"sc/ha","pontos_originais":25,"ano":"2026","cultura":"Milho"}},{"type":"Feature","geometry":{"type":"Point","coordinates":[-52.22086203417605,-10.354921435061215]},"properties":{"Fazenda":"FE","Campo":"FE 04","produtividade":178.4456,"unidade_produtividade":"sc/ha","pontos_originais":25,"ano":"2026","cultura":"Milho"}},{"type":"Feature","geometry":{"type":"Point","coordinates":[-52.220633722627056,-10.354922300920443]},"properties":{"Fazenda":"FE","Campo":"FE 04","produtividade":183.52039999999997,"unidade_produtividade":"sc/ha","pontos_originais":25,"ano":"2026","cultura":"Milho"}},{"type":"Feature","geometry":{"type":"Point","coordinates":[-52.223088026913246,-10.354901681575932]},"properties":{"Fazenda":"FE","Campo":"FE 04","produtividade":143.1341666666667,"unidade_produtividade":"sc/ha","pontos_originais":12,"ano":"2026","cultura":"Milho"}},{"type":"Feature","geometry":{"type":"Point","coordinates":[-52.222916837210505,-10.354913635045252]},"properties":{"Fazenda":"FE","Campo":"FE 04","produtividade":161.27320000000006,"unidade_produtividade":"sc/ha","pontos_originais":25,"ano":"2026","cultura":"Milho"}},{"type":"Feature","geometry":{"type":"Point","coordinates":[-52.22268852584287,-10.354914502361062]},"properties":{"Fazenda":"FE","Campo":"FE 04","produtividade":183.99880000000002,"unidade_produtividade":"sc/ha","pontos_originais":25,"ano":"2026","cultura":"Milho"}},{"type":"Feature","geometry":{"type":"Point","coordinates":[-52.214010939663716,-10.354495223646715]},"properties":{"Fazenda":"FE","Campo":"FE 04","produtividade":170.0612,"unidade_produtividade":"sc/ha","pontos_originais":25,"ano":"2026","cultura":"Milho"}},{"type":"Feature","geometry":{"type":"Point","coordinates":[-52.21378262783923,-10.354496084612244]},"properties":{"Fazenda":"FE","Campo":"FE 04","produtividade":170.77919999999997,"unidade_produtividade":"sc/ha","pontos_originais":25,"ano":"2026","cultura":"Milho"}},{"type":"Feature","geometry":{"type":"Point","coordinates":[-52.223125984368096,-10.354456412558202]},"properties":{"Fazenda":"FE","Campo":"FE 04","produtividade":142.3371428571429,"unidade_produtividade":"sc/ha","pontos_originais":21,"ano":"2026","cultura":"Milho"}},{"type":"Feature","geometry":{"type":"Point","coordinates":[-52.2229150851621,-10.354461519758608]},"properties":{"Fazenda":"FE","Campo":"FE 04","produtividade":166.19000000000003,"unidade_produtividade":"sc/ha","pontos_originais":25,"ano":"2026","cultura":"Milho"}},{"type":"Feature","geometry":{"type":"Point","coordinates":[-52.21469587501697,-10.354492639779101]},"properties":{"Fazenda":"FE","Campo":"FE 04","produtividade":189.55399999999997,"unidade_produtividade":"sc/ha","pontos_originais":25,"ano":"2026","cultura":"Milho"}},{"type":"Feature","geometry":{"type":"Point","coordinates":[-52.21492418676133,-10.354491778166222]},"properties":{"Fazenda":"FE","Campo":"FE 04","produtividade":191.1604,"unidade_produtividade":"sc/ha","pontos_originais":25,"ano":"2026","cultura":"Milho"}},{"type":"Feature","geometry":{"type":"Point","coordinates":[-52.21446756325258,-10.354493501230143]},"properties":{"Fazenda":"FE","Campo":"FE 04","produtividade":181.9136,"unidade_produtividade":"sc/ha","pontos_originais":25,"ano":"2026","cultura":"Milho"}},{"type":"Feature","geometry":{"type":"Point","coordinates":[-52.214239251468165,-10.354494362519349]},"properties":{"Fazenda":"FE","Campo":"FE 04","produtividade":173.5856,"unidade_produtividade":"sc/ha","pontos_originais":25,"ano":"2026","cultura":"Milho"}},{"type":"Feature","geometry":{"type":"Point","coordinates":[-52.22200184087815,-10.354464987896142]},"properties":{"Fazenda":"FE","Campo":"FE 04","produtividade":188.22639999999998,"unidade_produtividade":"sc/ha","pontos_originais":25,"ano":"2026","cultura":"Milho"}},{"type":"Feature","geometry":{"type":"Point","coordinates":[-52.22223015197937,-10.354464121104515]},"properties":{"Fazenda":"FE","Campo":"FE 04","produtividade":188.7868,"unidade_produtividade":"sc/ha","pontos_originais":25,"ano":"2026","cultura":"Milho"}},{"type":"Feature","geometry":{"type":"Point","coordinates":[-52.22177352975675,-10.354465854525937]},"properties":{"Fazenda":"FE","Campo":"FE 04","produtividade":183.8376,"unidade_produtividade":"sc/ha","pontos_originais":25,"ano":"2026","cultura":"Milho"}},{"type":"Feature","geometry":{"type":"Point","coordinates":[-52.22154521861524,-10.354466720993901]},"properties":{"Fazenda":"FE","Campo":"FE 04","produtividade":184.3872,"unidade_produtividade":"sc/ha","pontos_originais":25,"ano":"2026","cultura":"Milho"}},{"type":"Feature","geometry":{"type":"Point","coordinates":[-52.22268677412136,-10.354462387035746]},"properties":{"Fazenda":"FE","Campo":"FE 04","produtividade":188.112,"unidade_produtividade":"sc/ha","pontos_originais":25,"ano":"2026","cultura":"Milho"}},{"type":"Feature","geometry":{"type":"Point","coordinates":[-52.222458463060455,-10.354463254151046]},"properties":{"Fazenda":"FE","Campo":"FE 04","produtividade":189.3844,"unidade_produtividade":"sc/ha","pontos_originais":25,"ano":"2026","cultura":"Milho"}},{"type":"Feature","geometry":{"type":"Point","coordinates":[-52.2169789915583,-10.354484016367655]},"properties":{"Fazenda":"FE","Campo":"FE 04","produtividade":187.3948,"unidade_produtividade":"sc/ha","pontos_originais":25,"ano":"2026","cultura":"Milho"}},{"type":"Feature","geometry":{"type":"Point","coordinates":[-52.21675067999444,-10.354484879437068]},"properties":{"Fazenda":"FE","Campo":"FE 04","produtividade":185.43439999999998,"unidade_produtividade":"sc/ha","pontos_originais":25,"ano":"2026","cultura":"Milho"}},{"type":"Feature","geometry":{"type":"Point","coordinates":[-52.216522368410494,-10.354485742344641]},"properties":{"Fazenda":"FE","Campo":"FE 04","produtividade":184.11159999999995,"unidade_produtividade":"sc/ha","pontos_originais":25,"ano":"2026","cultura":"Milho"}},{"type":"Feature","geometry":{"type":"Point","coordinates":[-52.21629405680648,-10.35448660509038]},"properties":{"Fazenda":"FE","Campo":"FE 04","produtividade":182.9636,"unidade_produtividade":"sc/ha","pontos_originais":25,"ano":"2026","cultura":"Milho"}},{"type":"Feature","geometry":{"type":"Point","coordinates":[-52.217663926129426,-10.354481426188412]},"properties":{"Fazenda":"FE","Campo":"FE 04","produtividade":192.75439999999995,"unidade_produtividade":"sc/ha","pontos_originais":25,"ano":"2026","cultura":"Milho"}},{"type":"Feature","geometry":{"type":"Point","coordinates":[-52.21743561462581,-10.35448228974333]},"properties":{"Fazenda":"FE","Campo":"FE 04","produtividade":192.0928,"unidade_produtividade":"sc/ha","pontos_originais":25,"ano":"2026","cultura":"Milho"}},{"type":"Feature","geometry":{"type":"Point","coordinates":[-52.21720730310208,-10.354483153136414]},"properties":{"Fazenda":"FE","Campo":"FE 04","produtividade":191.16279999999998,"unidade_produtividade":"sc/ha","pontos_originais":25,"ano":"2026","cultura":"Milho"}},{"type":"Feature","geometry":{"type":"Point","coordinates":[-52.215380810189906,-10.354490054454955]},"properties":{"Fazenda":"FE","Campo":"FE 04","produtividade":186.3964,"unidade_produtividade":"sc/ha","pontos_originais":25,"ano":"2026","cultura":"Milho"}},{"type":"Feature","geometry":{"type":"Point","coordinates":[-52.21560912187413,-10.354489192356569]},"properties":{"Fazenda":"FE","Campo":"FE 04","produtividade":185.3908,"unidade_produtividade":"sc/ha","pontos_originais":25,"ano":"2026","cultura":"Milho"}},{"type":"Feature","geometry":{"type":"Point","coordinates":[-52.21515249848563,-10.354490916391507]},"properties":{"Fazenda":"FE","Campo":"FE 04","produtividade":189.1056,"unidade_produtividade":"sc/ha","pontos_originais":25,"ano":"2026","cultura":"Milho"}},{"type":"Feature","geometry":{"type":"Point","coordinates":[-52.21606574518243,-10.354487467674279]},"properties":{"Fazenda":"FE","Campo":"FE 04","produtividade":183.20839999999995,"unidade_produtividade":"sc/ha","pontos_originais":25,"ano":"2026","cultura":"Milho"}},{"type":"Feature","geometry":{"type":"Point","coordinates":[-52.21583743353832,-10.35448833009634]},"properties":{"Fazenda":"FE","Campo":"FE 04","produtividade":184.6604,"unidade_produtividade":"sc/ha","pontos_originais":25,"ano":"2026","cultura":"Milho"}},{"type":"Feature","geometry":{"type":"Point","coordinates":[-52.217892237612986,-10.354480562471657]},"properties":{"Fazenda":"FE","Campo":"FE 04","produtividade":194.6024,"unidade_produtividade":"sc/ha","pontos_originais":25,"ano":"2026","cultura":"Milho"}},{"type":"Feature","geometry":{"type":"Point","coordinates":[-52.21834886051981,-10.35447883455264]},"properties":{"Fazenda":"FE","Campo":"FE 04","produtividade":192.12039999999996,"unidade_produtividade":"sc/ha","pontos_originais":25,"ano":"2026","cultura":"Milho"}},{"type":"Feature","geometry":{"type":"Point","coordinates":[-52.218577171943096,-10.354477970350374]},"properties":{"Fazenda":"FE","Campo":"FE 04","produtividade":189.84960000000007,"unidade_produtividade":"sc/ha","pontos_originais":25,"ano":"2026","cultura":"Milho"}},{"type":"Feature","geometry":{"type":"Point","coordinates":[-52.21812054907644,-10.354479698593064]},"properties":{"Fazenda":"FE","Campo":"FE 04","produtividade":193.30720000000002,"unidade_produtividade":"sc/ha","pontos_originais":25,"ano":"2026","cultura":"Milho"}},{"type":"Feature","geometry":{"type":"Point","coordinates":[-52.22063197384761,-10.354470185247392]},"properties":{"Fazenda":"FE","Campo":"FE 04","produtividade":191.6192,"unidade_produtividade":"sc/ha","pontos_originais":25,"ano":"2026","cultura":"Milho"}},{"type":"Feature","geometry":{"type":"Point","coordinates":[-52.22040366260539,-10.354471050906179]},"properties":{"Fazenda":"FE","Campo":"FE 04","produtividade":194.41639999999998,"unidade_produtividade":"sc/ha","pontos_originais":25,"ano":"2026","cultura":"Milho"}},{"type":"Feature","geometry":{"type":"Point","coordinates":[-52.220175351343,-10.354471916403126]},"properties":{"Fazenda":"FE","Campo":"FE 04","produtividade":195.79559999999998,"unidade_produtividade":"sc/ha","pontos_originais":25,"ano":"2026","cultura":"Milho"}},{"type":"Feature","geometry":{"type":"Point","coordinates":[-52.21994704006052,-10.354472781738242]},"properties":{"Fazenda":"FE","Campo":"FE 04","produtividade":194.5988,"unidade_produtividade":"sc/ha","pontos_originais":25,"ano":"2026","cultura":"Milho"}},{"type":"Feature","geometry":{"type":"Point","coordinates":[-52.22131690745355,-10.354467587300029]},"properties":{"Fazenda":"FE","Campo":"FE 04","produtividade":185.7868,"unidade_produtividade":"sc/ha","pontos_originais":25,"ano":"2026","cultura":"Milho"}},{"type":"Feature","geometry":{"type":"Point","coordinates":[-52.2210885962717,-10.354468453444316]},"properties":{"Fazenda":"FE","Campo":"FE 04","produtividade":187.69319999999996,"unidade_produtividade":"sc/ha","pontos_originais":25,"ano":"2026","cultura":"Milho"}},{"type":"Feature","geometry":{"type":"Point","coordinates":[-52.22086028506974,-10.354469319426771]},"properties":{"Fazenda":"FE","Campo":"FE 04","produtividade":189.05640000000002,"unidade_produtividade":"sc/ha","pontos_originais":25,"ano":"2026","cultura":"Milho"}},{"type":"Feature","geometry":{"type":"Point","coordinates":[-52.2192621060923,-10.354475376772568]},"properties":{"Fazenda":"FE","Campo":"FE 04","produtividade":194.0984,"unidade_produtividade":"sc/ha","pontos_originais":25,"ano":"2026","cultura":"Milho"}},{"type":"Feature","geometry":{"type":"Point","coordinates":[-52.21903379472933,-10.354476241460338]},"properties":{"Fazenda":"FE","Campo":"FE 04","produtividade":190.29440000000002,"unidade_produtividade":"sc/ha","pontos_originais":25,"ano":"2026","cultura":"Milho"}},{"type":"Feature","geometry":{"type":"Point","coordinates":[-52.218805483346266,-10.354477105986273]},"properties":{"Fazenda":"FE","Campo":"FE 04","produtividade":187.90160000000003,"unidade_produtividade":"sc/ha","pontos_originais":25,"ano":"2026","cultura":"Milho"}},{"type":"Feature","geometry":{"type":"Point","coordinates":[-52.21971872875789,-10.354473646911517]},"properties":{"Fazenda":"FE","Campo":"FE 04","produtividade":195.3228,"unidade_produtividade":"sc/ha","pontos_originais":25,"ano":"2026","cultura":"Milho"}},{"type":"Feature","geometry":{"type":"Point","coordinates":[-52.21949041743515,-10.354474511922962]},"properties":{"Fazenda":"FE","Campo":"FE 04","produtividade":196.2548,"unidade_produtividade":"sc/ha","pontos_originais":25,"ano":"2026","cultura":"Milho"}},{"type":"Feature","geometry":{"type":"Point","coordinates":[-52.22268589829086,-10.354236329368229]},"properties":{"Fazenda":"FE","Campo":"FE 04","produtividade":186.4888,"unidade_produtividade":"sc/ha","pontos_originais":25,"ano":"2026","cultura":"Milho"}},{"type":"Feature","geometry":{"type":"Point","coordinates":[-52.22245758739339,-10.354237196464195]},"properties":{"Fazenda":"FE","Campo":"FE 04","produtividade":185.16160000000002,"unidade_produtividade":"sc/ha","pontos_originais":25,"ano":"2026","cultura":"Milho"}},{"type":"Feature","geometry":{"type":"Point","coordinates":[-52.22222927647576,-10.354238063398332]},"properties":{"Fazenda":"FE","Campo":"FE 04","produtividade":181.65359999999998,"unidade_produtividade":"sc/ha","pontos_originais":25,"ano":"2026","cultura":"Milho"}},{"type":"Feature","geometry":{"type":"Point","coordinates":[-52.22200096553797,-10.354238930170638]},"properties":{"Fazenda":"FE","Campo":"FE 04","produtividade":178.14120000000003,"unidade_produtividade":"sc/ha","pontos_originais":25,"ano":"2026","cultura":"Milho"}},{"type":"Feature","geometry":{"type":"Point","coordinates":[-52.2138045895504,-10.354269940108484]},"properties":{"Fazenda":"FE","Campo":"FE 04","produtividade":170.19249999999997,"unidade_produtividade":"sc/ha","pontos_originais":20,"ano":"2026","cultura":"Milho"}},{"type":"Feature","geometry":{"type":"Point","coordinates":[-52.22314252002528,-10.3542345946908]},"properties":{"Fazenda":"FE","Campo":"FE 04","produtividade":143.914,"unidade_produtividade":"sc/ha","pontos_originais":25,"ano":"2026","cultura":"Milho"}},{"type":"Feature","geometry":{"type":"Point","coordinates":[-52.22291420916816,-10.354235462110433]},"properties":{"Fazenda":"FE","Campo":"FE 04","produtividade":169.81240000000003,"unidade_produtividade":"sc/ha","pontos_originais":25,"ano":"2026","cultura":"Milho"}},{"type":"Feature","geometry":{"type":"Point","coordinates":[-52.221087721585306,-10.354242395641542]},"properties":{"Fazenda":"FE","Campo":"FE 04","produtividade":183.57600000000002,"unidade_produtividade":"sc/ha","pontos_originais":25,"ano":"2026","cultura":"Milho"}},{"type":"Feature","geometry":{"type":"Point","coordinates":[-52.22131603260369,-10.354241529516562]},"properties":{"Fazenda":"FE","Campo":"FE 04","produtividade":180.18040000000002,"unidade_produtividade":"sc/ha","pontos_originais":25,"ano":"2026","cultura":"Milho"}},{"type":"Feature","geometry":{"type":"Point","coordinates":[-52.22085941054678,-10.35424326160469]},"properties":{"Fazenda":"FE","Campo":"FE 04","produtividade":184.49879999999996,"unidade_produtividade":"sc/ha","pontos_originais":25,"ano":"2026","cultura":"Milho"}},{"type":"Feature","geometry":{"type":"Point","coordinates":[-52.220631099488116,-10.354244127406009]},"properties":{"Fazenda":"FE","Campo":"FE 04","produtividade":188.7432,"unidade_produtividade":"sc/ha","pontos_originais":25,"ano":"2026","cultura":"Milho"}},{"type":"Feature","geometry":{"type":"Point","coordinates":[-52.221772654580036,-10.354239796781112]},"properties":{"Fazenda":"FE","Campo":"FE 04","produtividade":175.6464,"unidade_produtividade":"sc/ha","pontos_originais":25,"ano":"2026","cultura":"Milho"}},{"type":"Feature","geometry":{"type":"Point","coordinates":[-52.22154434360193,-10.354240663229753]},"properties":{"Fazenda":"FE","Campo":"FE 04","produtividade":178.81799999999998,"unidade_produtividade":"sc/ha","pontos_originais":25,"ano":"2026","cultura":"Milho"}},{"type":"Feature","geometry":{"type":"Point","coordinates":[-52.21606487409183,-10.354261409447565]},"properties":{"Fazenda":"FE","Campo":"FE 04","produtividade":182.9864,"unidade_produtividade":"sc/ha","pontos_originais":25,"ano":"2026","cultura":"Milho"}},{"type":"Feature","geometry":{"type":"Point","coordinates":[-52.21583656261113,-10.354262271850398]},"properties":{"Fazenda":"FE","Campo":"FE 04","produtividade":183.8484,"unidade_produtividade":"sc/ha","pontos_originais":25,"ano":"2026","cultura":"Milho"}},{"type":"Feature","geometry":{"type":"Point","coordinates":[-52.215608251110424,-10.3542631340914]},"properties":{"Fazenda":"FE","Campo":"FE 04","produtividade":184.12400000000002,"unidade_produtividade":"sc/ha","pontos_originais":25,"ano":"2026","cultura":"Milho"}},{"type":"Feature","geometry":{"type":"Point","coordinates":[-52.21537993958964,-10.354263996170568]},"properties":{"Fazenda":"FE","Campo":"FE 04","produtividade":184.36919999999998,"unidade_produtividade":"sc/ha","pontos_originais":25,"ano":"2026","cultura":"Milho"}},{"type":"Feature","geometry":{"type":"Point","coordinates":[-52.21674980841346,-10.354258821268061]},"properties":{"Fazenda":"FE","Campo":"FE 04","produtividade":186.3048,"unidade_produtividade":"sc/ha","pontos_originais":25,"ano":"2026","cultura":"Milho"}},{"type":"Feature","geometry":{"type":"Point","coordinates":[-52.216521496992975,-10.354259684156396]},"properties":{"Fazenda":"FE","Campo":"FE 04","produtividade":184.44280000000003,"unidade_produtividade":"sc/ha","pontos_originais":25,"ano":"2026","cultura":"Milho"}},{"type":"Feature","geometry":{"type":"Point","coordinates":[-52.21629318555245,-10.354260546882896]},"properties":{"Fazenda":"FE","Campo":"FE 04","produtividade":184.1388,"unidade_produtividade":"sc/ha","pontos_originais":25,"ano":"2026","cultura":"Milho"}},{"type":"Feature","geometry":{"type":"Point","coordinates":[-52.21446669330609,-10.354267442868906]},"properties":{"Fazenda":"FE","Campo":"FE 04","produtividade":174.9872,"unidade_produtividade":"sc/ha","pontos_originais":25,"ano":"2026","cultura":"Milho"}},{"type":"Feature","geometry":{"type":"Point","coordinates":[-52.214695004907036,-10.354266581437074]},"properties":{"Fazenda":"FE","Campo":"FE 04","produtividade":181.59240000000003,"unidade_produtividade":"sc/ha","pontos_originais":25,"ano":"2026","cultura":"Milho"}},{"type":"Feature","geometry":{"type":"Point","coordinates":[-52.21423838168513,-10.354268304138909]},"properties":{"Fazenda":"FE","Campo":"FE 04","produtividade":168.27599999999998,"unidade_produtividade":"sc/ha","pontos_originais":25,"ano":"2026","cultura":"Milho"}},{"type":"Feature","geometry":{"type":"Point","coordinates":[-52.21401007004411,-10.354269165247077]},"properties":{"Fazenda":"FE","Campo":"FE 04","produtividade":167.68560000000002,"unidade_produtividade":"sc/ha","pontos_originais":25,"ano":"2026","cultura":"Milho"}},{"type":"Feature","geometry":{"type":"Point","coordinates":[-52.2151516280488,-10.354264858087904]},"properties":{"Fazenda":"FE","Campo":"FE 04","produtividade":184.12599999999998,"unidade_produtividade":"sc/ha","pontos_originais":25,"ano":"2026","cultura":"Milho"}},{"type":"Feature","geometry":{"type":"Point","coordinates":[-52.21492331648794,-10.354265719843404]},"properties":{"Fazenda":"FE","Campo":"FE 04","produtividade":184.31039999999996,"unidade_produtividade":"sc/ha","pontos_originais":25,"ano":"2026","cultura":"Milho"}},{"type":"Feature","geometry":{"type":"Point","coordinates":[-52.217434742554516,-10.354256231632062]},"properties":{"Fazenda":"FE","Campo":"FE 04","produtividade":189.146,"unidade_produtividade":"sc/ha","pontos_originais":25,"ano":"2026","cultura":"Milho"}},{"type":"Feature","geometry":{"type":"Point","coordinates":[-52.217663053894704,-10.354255368096398]},"properties":{"Fazenda":"FE","Campo":"FE 04","produtividade":190.7652,"unidade_produtividade":"sc/ha","pontos_originais":25,"ano":"2026","cultura":"Milho"}},{"type":"Feature","geometry":{"type":"Point","coordinates":[-52.21720643119424,-10.354257095005897]},"properties":{"Fazenda":"FE","Campo":"FE 04","produtividade":188.4156,"unidade_produtividade":"sc/ha","pontos_originais":25,"ano":"2026","cultura":"Milho"}},{"type":"Feature","geometry":{"type":"Point","coordinates":[-52.21697811981391,-10.354257958217895]},"properties":{"Fazenda":"FE","Campo":"FE 04","produtividade":188.03599999999997,"unidade_produtividade":"sc/ha","pontos_originais":25,"ano":"2026","cultura":"Milho"}},{"type":"Feature","geometry":{"type":"Point","coordinates":[-52.21971785505215,-10.354247588992953]},"properties":{"Fazenda":"FE","Campo":"FE 04","produtividade":195.7956,"unidade_produtividade":"sc/ha","pontos_originais":25,"ano":"2026","cultura":"Milho"}},{"type":"Feature","geometry":{"type":"Point","coordinates":[-52.21948954389286,-10.354248453985111]},"properties":{"Fazenda":"FE","Campo":"FE 04","produtividade":197.5244,"unidade_produtividade":"sc/ha","pontos_originais":25,"ano":"2026","cultura":"Milho"}},{"type":"Feature","geometry":{"type":"Point","coordinates":[-52.21926123271344,-10.35424931881543]},"properties":{"Fazenda":"FE","Campo":"FE 04","produtividade":196.78519999999997,"unidade_produtividade":"sc/ha","pontos_originais":25,"ano":"2026","cultura":"Milho"}},{"type":"Feature","geometry":{"type":"Point","coordinates":[-52.21903292151394,-10.354250183483925]},"properties":{"Fazenda":"FE","Campo":"FE 04","produtividade":195.79879999999997,"unidade_produtividade":"sc/ha","pontos_originais":25,"ano":"2026","cultura":"Milho"}},{"type":"Feature","geometry":{"type":"Point","coordinates":[-52.22040278840931,-10.354244993045493]},"properties":{"Fazenda":"FE","Campo":"FE 04","produtividade":191.25,"unidade_produtividade":"sc/ha","pontos_originais":25,"ano":"2026","cultura":"Milho"}},{"type":"Feature","geometry":{"type":"Point","coordinates":[-52.22017447731039,-10.354245858523145]},"properties":{"Fazenda":"FE","Campo":"FE 04","produtividade":193.09959999999995,"unidade_produtividade":"sc/ha","pontos_originais":25,"ano":"2026","cultura":"Milho"}},{"type":"Feature","geometry":{"type":"Point","coordinates":[-52.21994616619132,-10.354246723838964]},"properties":{"Fazenda":"FE","Campo":"FE 04","produtividade":193.33280000000002,"unidade_produtividade":"sc/ha","pontos_originais":25,"ano":"2026","cultura":"Milho"}},{"type":"Feature","geometry":{"type":"Point","coordinates":[-52.21811967651482,-10.354253640539573]},"properties":{"Fazenda":"FE","Campo":"FE 04","produtividade":194.58480000000003,"unidade_produtividade":"sc/ha","pontos_originais":25,"ano":"2026","cultura":"Milho"}},{"type":"Feature","geometry":{"type":"Point","coordinates":[-52.21834798779475,-10.354252776518408]},"properties":{"Fazenda":"FE","Campo":"FE 04","produtividade":195.2328,"unidade_produtividade":"sc/ha","pontos_originais":25,"ano":"2026","cultura":"Milho"}},{"type":"Feature","geometry":{"type":"Point","coordinates":[-52.21789136521481,-10.3542545043989]},"properties":{"Fazenda":"FE","Campo":"FE 04","produtividade":193.72879999999998,"unidade_produtividade":"sc/ha","pontos_originais":25,"ano":"2026","cultura":"Milho"}},{"type":"Feature","geometry":{"type":"Point","coordinates":[-52.21880461029432,-10.354251047990584]},"properties":{"Fazenda":"FE","Campo":"FE 04","produtividade":192.69039999999998,"unidade_produtividade":"sc/ha","pontos_originais":25,"ano":"2026","cultura":"Milho"}},{"type":"Feature","geometry":{"type":"Point","coordinates":[-52.21857629905458,-10.354251912335412]},"properties":{"Fazenda":"FE","Campo":"FE 04","produtividade":193.51439999999994,"unidade_produtividade":"sc/ha","pontos_originais":25,"ano":"2026","cultura":"Milho"}},{"type":"Feature","geometry":{"type":"Point","coordinates":[-52.215150757632024,-10.354038799781058]},"properties":{"Fazenda":"FE","Campo":"FE 04","produtividade":188.24880000000005,"unidade_produtividade":"sc/ha","pontos_originais":25,"ano":"2026","cultura":"Milho"}},{"type":"Feature","geometry":{"type":"Point","coordinates":[-52.2149224462346,-10.35403966151734]},"properties":{"Fazenda":"FE","Campo":"FE 04","produtividade":187.51999999999995,"unidade_produtividade":"sc/ha","pontos_originais":25,"ano":"2026","cultura":"Milho"}},{"type":"Feature","geometry":{"type":"Point","coordinates":[-52.214694134817144,-10.354040523091804]},"properties":{"Fazenda":"FE","Campo":"FE 04","produtividade":184.5868,"unidade_produtividade":"sc/ha","pontos_originais":25,"ano":"2026","cultura":"Milho"}},{"type":"Feature","geometry":{"type":"Point","coordinates":[-52.21446582337963,-10.354041384504429]},"properties":{"Fazenda":"FE","Campo":"FE 04","produtividade":174.99839999999998,"unidade_produtividade":"sc/ha","pontos_originais":25,"ano":"2026","cultura":"Milho"}},{"type":"Feature","geometry":{"type":"Point","coordinates":[-52.21560738036675,-10.354037075822994]},"properties":{"Fazenda":"FE","Campo":"FE 04","produtividade":190.172,"unidade_produtividade":"sc/ha","pontos_originais":25,"ano":"2026","cultura":"Milho"}},{"type":"Feature","geometry":{"type":"Point","coordinates":[-52.215379069009394,-10.354037937882941]},"properties":{"Fazenda":"FE","Campo":"FE 04","produtividade":189.8772,"unidade_produtividade":"sc/ha","pontos_originais":25,"ano":"2026","cultura":"Milho"}},{"type":"Feature","geometry":{"type":"Point","coordinates":[-52.2142375119221,-10.35404224575523]},"properties":{"Fazenda":"FE","Campo":"FE 04","produtividade":167.4648,"unidade_produtividade":"sc/ha","pontos_originais":25,"ano":"2026","cultura":"Milho"}},{"type":"Feature","geometry":{"type":"Point","coordinates":[-52.214009200444536,-10.354043106844193]},"properties":{"Fazenda":"FE","Campo":"FE 04","produtividade":171.078,"unidade_produtividade":"sc/ha","pontos_originais":25,"ano":"2026","cultura":"Milho"}},{"type":"Feature","geometry":{"type":"Point","coordinates":[-52.21382655124861,-10.354043795603166]},"properties":{"Fazenda":"FE","Campo":"FE 04","produtividade":174.46866666666668,"unidade_produtividade":"sc/ha","pontos_originais":15,"ano":"2026","cultura":"Milho"}},{"type":"Feature","geometry":{"type":"Point","coordinates":[-52.21331557589995,-10.35178510435737]},"properties":{"Fazenda":"FE","Campo":"FE 04","produtividade":157.6428,"unidade_produtividade":"sc/ha","pontos_originais":25,"ano":"2026","cultura":"Milho"}},{"type":"Feature","geometry":{"type":"Point","coordinates":[-52.21308726597654,-10.351785964607167]},"properties":{"Fazenda":"FE","Campo":"FE 04","produtividade":157.56480000000002,"unidade_produtividade":"sc/ha","pontos_originais":25,"ano":"2026","cultura":"Milho"}},{"type":"Feature","geometry":{"type":"Point","coordinates":[-52.212858956033095,-10.351786824695168]},"properties":{"Fazenda":"FE","Campo":"FE 04","produtividade":159.22679999999997,"unidade_produtividade":"sc/ha","pontos_originais":25,"ano":"2026","cultura":"Milho"}},{"type":"Feature","geometry":{"type":"Point","coordinates":[-52.212636825339224,-10.351775330704237]},"properties":{"Fazenda":"FE","Campo":"FE 04","produtividade":164.33045454545456,"unidade_produtividade":"sc/ha","pontos_originais":22,"ano":"2026","cultura":"Milho"}},{"type":"Feature","geometry":{"type":"Point","coordinates":[-52.2140005055501,-10.351782522637215]},"properties":{"Fazenda":"FE","Campo":"FE 04","produtividade":161.836,"unidade_produtividade":"sc/ha","pontos_originais":25,"ano":"2026","cultura":"Milho"}},{"type":"Feature","geometry":{"type":"Point","coordinates":[-52.21377219568674,-10.351783383372394]},"properties":{"Fazenda":"FE","Campo":"FE 04","produtividade":157.74560000000002,"unidade_produtividade":"sc/ha","pontos_originais":25,"ano":"2026","cultura":"Milho"}},{"type":"Feature","geometry":{"type":"Point","coordinates":[-52.21354388580335,-10.35178424394578]},"properties":{"Fazenda":"FE","Campo":"FE 04","produtividade":158.7548,"unidade_produtividade":"sc/ha","pontos_originais":25,"ano":"2026","cultura":"Milho"}},{"type":"Feature","geometry":{"type":"Point","coordinates":[-52.22062148286227,-10.351757490936889]},"properties":{"Fazenda":"FE","Campo":"FE 04","produtividade":135.76959999999997,"unidade_produtividade":"sc/ha","pontos_originais":25,"ano":"2026","cultura":"Milho"}},{"type":"Feature","geometry":{"type":"Point","coordinates":[-52.220838978542695,-10.351771737094126]},"properties":{"Fazenda":"FE","Campo":"FE 04","produtividade":126.36000000000001,"unidade_produtividade":"sc/ha","pontos_originais":21,"ano":"2026","cultura":"Milho"}},{"type":"Feature","geometry":{"type":"Point","coordinates":[-52.22039317358111,-10.35175835636407]},"properties":{"Fazenda":"FE","Campo":"FE 04","produtividade":141.92399999999998,"unidade_produtividade":"sc/ha","pontos_originais":25,"ano":"2026","cultura":"Milho"}},{"type":"Feature","geometry":{"type":"Point","coordinates":[-52.220164864279795,-10.351759221629452]},"properties":{"Fazenda":"FE","Campo":"FE 04","produtividade":157.0796,"unidade_produtividade":"sc/ha","pontos_originais":25,"ano":"2026","cultura":"Milho"}},{"type":"Feature","geometry":{"type":"Point","coordinates":[-52.212410261296505,-10.351753940379892]},"properties":{"Fazenda":"FE","Campo":"FE 04","produtividade":169.8535294117647,"unidade_produtividade":"sc/ha","pontos_originais":17,"ano":"2026","cultura":"Milho"}},{"type":"Feature","geometry":{"type":"Point","coordinates":[-52.212184363141425,-10.351737196951424]},"properties":{"Fazenda":"FE","Campo":"FE 04","produtividade":170.41846153846154,"unidade_produtividade":"sc/ha","pontos_originais":13,"ano":"2026","cultura":"Milho"}},{"type":"Feature","geometry":{"type":"Point","coordinates":[-52.22102358696287,-10.351828305906903]},"properties":{"Fazenda":"FE","Campo":"FE 04","produtividade":114.90599999999999,"unidade_produtividade":"sc/ha","pontos_originais":5,"ano":"2026","cultura":"Milho"}},{"type":"Feature","geometry":{"type":"Point","coordinates":[-52.21628360308185,-10.35177390638676]},"properties":{"Fazenda":"FE","Campo":"FE 04","produtividade":187.706,"unidade_produtividade":"sc/ha","pontos_originais":25,"ano":"2026","cultura":"Milho"}},{"type":"Feature","geometry":{"type":"Point","coordinates":[-52.21605529341888,-10.351774768739881]},"properties":{"Fazenda":"FE","Campo":"FE 04","produtividade":187.32319999999996,"unidade_produtividade":"sc/ha","pontos_originais":25,"ano":"2026","cultura":"Milho"}},{"type":"Feature","geometry":{"type":"Point","coordinates":[-52.215826983735866,-10.351775630931199]},"properties":{"Fazenda":"FE","Campo":"FE 04","produtividade":185.97839999999997,"unidade_produtividade":"sc/ha","pontos_originais":25,"ano":"2026","cultura":"Milho"}},{"type":"Feature","geometry":{"type":"Point","coordinates":[-52.21559867403279,-10.351776492960731]},"properties":{"Fazenda":"FE","Campo":"FE 04","produtividade":184.31760000000003,"unidade_produtividade":"sc/ha","pontos_originais":25,"ano":"2026","cultura":"Milho"}},{"type":"Feature","geometry":{"type":"Point","coordinates":[-52.21696853195036,-10.351771318356652]},"properties":{"Fazenda":"FE","Campo":"FE 04","produtividade":190.2996,"unidade_produtividade":"sc/ha","pontos_originais":25,"ano":"2026","cultura":"Milho"}},{"type":"Feature","geometry":{"type":"Point","coordinates":[-52.21674022234759,-10.351772181195152]},"properties":{"Fazenda":"FE","Campo":"FE 04","produtividade":189.04600000000002,"unidade_produtividade":"sc/ha","pontos_originais":25,"ano":"2026","cultura":"Milho"}},{"type":"Feature","geometry":{"type":"Point","coordinates":[-52.21651191272475,-10.351773043871852]},"properties":{"Fazenda":"FE","Campo":"FE 04","produtividade":187.98879999999997,"unidade_produtividade":"sc/ha","pontos_originais":25,"ano":"2026","cultura":"Milho"}},{"type":"Feature","geometry":{"type":"Point","coordinates":[-52.21468543502004,-10.351779939460915]},"properties":{"Fazenda":"FE","Campo":"FE 04","produtividade":178.71879999999993,"unidade_produtividade":"sc/ha","pontos_originais":25,"ano":"2026","cultura":"Milho"}},{"type":"Feature","geometry":{"type":"Point","coordinates":[-52.21491374480328,-10.351779078078557]},"properties":{"Fazenda":"FE","Campo":"FE 04","produtividade":182.54640000000003,"unidade_produtividade":"sc/ha","pontos_originais":25,"ano":"2026","cultura":"Milho"}},{"type":"Feature","geometry":{"type":"Point","coordinates":[-52.21445712521676,-10.351780800681475]},"properties":{"Fazenda":"FE","Campo":"FE 04","produtividade":172.61720000000003,"unidade_produtividade":"sc/ha","pontos_originais":25,"ano":"2026","cultura":"Milho"}},{"type":"Feature","geometry":{"type":"Point","coordinates":[-52.21422881539345,-10.35178166174024]},"properties":{"Fazenda":"FE","Campo":"FE 04","produtividade":167.2188,"unidade_produtividade":"sc/ha","pontos_originais":25,"ano":"2026","cultura":"Milho"}},{"type":"Feature","geometry":{"type":"Point","coordinates":[-52.21537036430966,-10.351777354828466]},"properties":{"Fazenda":"FE","Campo":"FE 04","produtividade":182.69760000000002,"unidade_produtividade":"sc/ha","pontos_originais":25,"ano":"2026","cultura":"Milho"}},{"type":"Feature","geometry":{"type":"Point","coordinates":[-52.21514205456649,-10.35177821653441]},"properties":{"Fazenda":"FE","Campo":"FE 04","produtividade":182.2648,"unidade_produtividade":"sc/ha","pontos_originais":25,"ano":"2026","cultura":"Milho"}},{"type":"Feature","geometry":{"type":"Point","coordinates":[-52.21719684153304,-10.351770455356364]},"properties":{"Fazenda":"FE","Campo":"FE 04","produtividade":190.0832,"unidade_produtividade":"sc/ha","pontos_originais":25,"ano":"2026","cultura":"Milho"}},{"type":"Feature","geometry":{"type":"Point","coordinates":[-52.219251626873444,-10.351762681073076]},"properties":{"Fazenda":"FE","Campo":"FE 04","produtividade":186.63039999999998,"unidade_produtividade":"sc/ha","pontos_originais":25,"ano":"2026","cultura":"Milho"}},{"type":"Feature","geometry":{"type":"Point","coordinates":[-52.21902331747157,-10.351763545529503]},"properties":{"Fazenda":"FE","Campo":"FE 04","produtividade":185.27599999999998,"unidade_produtividade":"sc/ha","pontos_originais":25,"ano":"2026","cultura":"Milho"}},{"type":"Feature","geometry":{"type":"Point","coordinates":[-52.218795008049575,-10.351764409824137]},"properties":{"Fazenda":"FE","Campo":"FE 04","produtividade":181.92559999999997,"unidade_produtividade":"sc/ha","pontos_originais":25,"ano":"2026","cultura":"Milho"}},{"type":"Feature","geometry":{"type":"Point","coordinates":[-52.2185666986075,-10.351765273956977]},"properties":{"Fazenda":"FE","Campo":"FE 04","produtividade":178.6652,"unidade_produtividade":"sc/ha","pontos_originais":25,"ano":"2026","cultura":"Milho"}},{"type":"Feature","geometry":{"type":"Point","coordinates":[-52.21993655495839,-10.351760086733048]},"properties":{"Fazenda":"FE","Campo":"FE 04","produtividade":169.9752,"unidade_produtividade":"sc/ha","pontos_originais":25,"ano":"2026","cultura":"Milho"}},{"type":"Feature","geometry":{"type":"Point","coordinates":[-52.21970824561686,-10.351760951674851]},"properties":{"Fazenda":"FE","Campo":"FE 04","produtividade":179.4772,"unidade_produtividade":"sc/ha","pontos_originais":25,"ano":"2026","cultura":"Milho"}},{"type":"Feature","geometry":{"type":"Point","coordinates":[-52.21947993625522,-10.351761816454859]},"properties":{"Fazenda":"FE","Campo":"FE 04","produtividade":185.5408,"unidade_produtividade":"sc/ha","pontos_originais":25,"ano":"2026","cultura":"Milho"}},{"type":"Feature","geometry":{"type":"Point","coordinates":[-52.217881770160666,-10.351767865384737]},"properties":{"Fazenda":"FE","Campo":"FE 04","produtividade":180.7268,"unidade_produtividade":"sc/ha","pontos_originais":25,"ano":"2026","cultura":"Milho"}},{"type":"Feature","geometry":{"type":"Point","coordinates":[-52.2176534606382,-10.351768728870404]},"properties":{"Fazenda":"FE","Campo":"FE 04","produtividade":184.24920000000003,"unidade_produtividade":"sc/ha","pontos_originais":25,"ano":"2026","cultura":"Milho"}},{"type":"Feature","geometry":{"type":"Point","coordinates":[-52.21742515109568,-10.35176959219428]},"properties":{"Fazenda":"FE","Campo":"FE 04","produtividade":187.28440000000003,"unidade_produtividade":"sc/ha","pontos_originais":25,"ano":"2026","cultura":"Milho"}},{"type":"Feature","geometry":{"type":"Point","coordinates":[-52.21833838914531,-10.35176613792802]},"properties":{"Fazenda":"FE","Campo":"FE 04","produtividade":178.49919999999997,"unidade_produtividade":"sc/ha","pontos_originais":25,"ano":"2026","cultura":"Milho"}},{"type":"Feature","geometry":{"type":"Point","coordinates":[-52.218110079663035,-10.351767001737274]},"properties":{"Fazenda":"FE","Campo":"FE 04","produtividade":179.02040000000005,"unidade_produtividade":"sc/ha","pontos_originais":25,"ano":"2026","cultura":"Milho"}},{"type":"Feature","geometry":{"type":"Point","coordinates":[-52.22039404755576,-10.351984414260398]},"properties":{"Fazenda":"FE","Campo":"FE 04","produtividade":145.54479999999998,"unidade_produtividade":"sc/ha","pontos_originais":25,"ano":"2026","cultura":"Milho"}},{"type":"Feature","geometry":{"type":"Point","coordinates":[-52.220165738091055,-10.35198527954508]},"properties":{"Fazenda":"FE","Campo":"FE 04","produtividade":156.18959999999998,"unidade_produtividade":"sc/ha","pontos_originais":25,"ano":"2026","cultura":"Milho"}},{"type":"Feature","geometry":{"type":"Point","coordinates":[-52.219937428606215,-10.351986144667968]},"properties":{"Fazenda":"FE","Campo":"FE 04","produtividade":168.4192,"unidade_produtividade":"sc/ha","pontos_originais":25,"ano":"2026","cultura":"Milho"}},{"type":"Feature","geometry":{"type":"Point","coordinates":[-52.219709119101296,-10.351987009629061]},"properties":{"Fazenda":"FE","Campo":"FE 04","produtividade":180.24720000000002,"unidade_produtividade":"sc/ha","pontos_originais":25,"ano":"2026","cultura":"Milho"}},{"type":"Feature","geometry":{"type":"Point","coordinates":[-52.221078975829045,-10.351981817435572]},"properties":{"Fazenda":"FE","Campo":"FE 04","produtividade":118.37880000000001,"unidade_produtividade":"sc/ha","pontos_originais":25,"ano":"2026","cultura":"Milho"}},{"type":"Feature","geometry":{"type":"Point","coordinates":[-52.22085066642474,-10.351982683205641]},"properties":{"Fazenda":"FE","Campo":"FE 04","produtividade":131.46359999999999,"unidade_produtividade":"sc/ha","pontos_originais":25,"ano":"2026","cultura":"Milho"}},{"type":"Feature","geometry":{"type":"Point","coordinates":[-52.22062235700031,-10.351983548813916]},"properties":{"Fazenda":"FE","Campo":"FE 04","produtividade":140.63959999999997,"unidade_produtividade":"sc/ha","pontos_originais":25,"ano":"2026","cultura":"Milho"}},{"type":"Feature","geometry":{"type":"Point","coordinates":[-52.21605616428887,-10.35200082700223]},"properties":{"Fazenda":"FE","Campo":"FE 04","produtividade":184.502,"unidade_produtividade":"sc/ha","pontos_originais":25,"ano":"2026","cultura":"Milho"}},{"type":"Feature","geometry":{"type":"Point","coordinates":[-52.21582785444246,-10.352001689212779]},"properties":{"Fazenda":"FE","Campo":"FE 04","produtividade":182.23440000000002,"unidade_produtividade":"sc/ha","pontos_originais":25,"ano":"2026","cultura":"Milho"}},{"type":"Feature","geometry":{"type":"Point","coordinates":[-52.21559954457596,-10.352002551261535]},"properties":{"Fazenda":"FE","Campo":"FE 04","produtividade":180.62720000000002,"unidade_produtividade":"sc/ha","pontos_originais":25,"ano":"2026","cultura":"Milho"}},{"type":"Feature","geometry":{"type":"Point","coordinates":[-52.215371234689435,-10.352003413148493]},"properties":{"Fazenda":"FE","Campo":"FE 04","produtividade":179.34720000000002,"unidade_produtividade":"sc/ha","pontos_originais":25,"ano":"2026","cultura":"Milho"}},{"type":"Feature","geometry":{"type":"Point","coordinates":[-52.21674109370778,-10.351998239399796]},"properties":{"Fazenda":"FE","Campo":"FE 04","produtividade":185.58039999999997,"unidade_produtividade":"sc/ha","pontos_originais":25,"ano":"2026","cultura":"Milho"}},{"type":"Feature","geometry":{"type":"Point","coordinates":[-52.216512783921544,-10.351999102095736]},"properties":{"Fazenda":"FE","Campo":"FE 04","produtividade":184.71959999999999,"unidade_produtividade":"sc/ha","pontos_originais":25,"ano":"2026","cultura":"Milho"}},{"type":"Feature","geometry":{"type":"Point","coordinates":[-52.216284474115234,-10.351999964629883]},"properties":{"Fazenda":"FE","Campo":"FE 04","produtividade":184.34480000000002,"unidade_produtividade":"sc/ha","pontos_originais":25,"ano":"2026","cultura":"Milho"}},{"type":"Feature","geometry":{"type":"Point","coordinates":[-52.214457994942904,-10.352006859078347]},"properties":{"Fazenda":"FE","Campo":"FE 04","produtividade":161.2328,"unidade_produtividade":"sc/ha","pontos_originais":25,"ano":"2026","cultura":"Milho"}},{"type":"Feature","geometry":{"type":"Point","coordinates":[-52.21468630490959,-10.35200599783858]},"properties":{"Fazenda":"FE","Campo":"FE 04","produtividade":171.70919999999998,"unidade_produtividade":"sc/ha","pontos_originais":25,"ano":"2026","cultura":"Milho"}},{"type":"Feature","geometry":{"type":"Point","coordinates":[-52.21422968495618,-10.352007720156315]},"properties":{"Fazenda":"FE","Campo":"FE 04","produtividade":153.25879999999998,"unidade_produtividade":"sc/ha","pontos_originais":25,"ano":"2026","cultura":"Milho"}},{"type":"Feature","geometry":{"type":"Point","coordinates":[-52.21400137494943,-10.352008581072491]},"properties":{"Fazenda":"FE","Campo":"FE 04","produtividade":150.286,"unidade_produtividade":"sc/ha","pontos_originais":25,"ano":"2026","cultura":"Milho"}},{"type":"Feature","geometry":{"type":"Point","coordinates":[-52.21514292478287,-10.352004274873655]},"properties":{"Fazenda":"FE","Campo":"FE 04","produtividade":180.58599999999998,"unidade_produtividade":"sc/ha","pontos_originais":25,"ano":"2026","cultura":"Milho"}},{"type":"Feature","geometry":{"type":"Point","coordinates":[-52.21491461485626,-10.352005136437013]},"properties":{"Fazenda":"FE","Campo":"FE 04","produtividade":180.62240000000003,"unidade_produtividade":"sc/ha","pontos_originais":25,"ano":"2026","cultura":"Milho"}},{"type":"Feature","geometry":{"type":"Point","coordinates":[-52.21902419046579,-10.351989603541558]},"properties":{"Fazenda":"FE","Campo":"FE 04","produtividade":184.8472,"unidade_produtividade":"sc/ha","pontos_originais":25,"ano":"2026","cultura":"Milho"}},{"type":"Feature","geometry":{"type":"Point","coordinates":[-52.218795880880414,-10.351990467855465]},"properties":{"Fazenda":"FE","Campo":"FE 04","produtividade":183.44600000000003,"unidade_produtividade":"sc/ha","pontos_originais":25,"ano":"2026","cultura":"Milho"}},{"type":"Feature","geometry":{"type":"Point","coordinates":[-52.218567571274924,-10.351991332007577]},"properties":{"Fazenda":"FE","Campo":"FE 04","produtividade":180.79,"unidade_produtividade":"sc/ha","pontos_originais":25,"ano":"2026","cultura":"Milho"}},{"type":"Feature","geometry":{"type":"Point","coordinates":[-52.21833926164933,-10.351992195997891]},"properties":{"Fazenda":"FE","Campo":"FE 04","produtividade":182.0584,"unidade_produtividade":"sc/ha","pontos_originais":25,"ano":"2026","cultura":"Milho"}},{"type":"Feature","geometry":{"type":"Point","coordinates":[-52.219480809576226,-10.351987874428357]},"properties":{"Fazenda":"FE","Campo":"FE 04","produtividade":186.7496,"unidade_produtividade":"sc/ha","pontos_originais":25,"ano":"2026","cultura":"Milho"}},{"type":"Feature","geometry":{"type":"Point","coordinates":[-52.21925250003106,-10.351988739065852]},"properties":{"Fazenda":"FE","Campo":"FE 04","produtividade":186.6384,"unidade_produtividade":"sc/ha","pontos_originais":25,"ano":"2026","cultura":"Milho"}},{"type":"Feature","geometry":{"type":"Point","coordinates":[-52.217426022946064,-10.351995650341188]},"properties":{"Fazenda":"FE","Campo":"FE 04","produtividade":187.42320000000004,"unidade_produtividade":"sc/ha","pontos_originais":25,"ano":"2026","cultura":"Milho"}},{"type":"Feature","geometry":{"type":"Point","coordinates":[-52.217654332652025,-10.351994786998059]},"properties":{"Fazenda":"FE","Campo":"FE 04","produtividade":186.0188,"unidade_produtividade":"sc/ha","pontos_originais":25,"ano":"2026","cultura":"Milho"}},{"type":"Feature","geometry":{"type":"Point","coordinates":[-52.217197713220045,-10.351996513522522]},"properties":{"Fazenda":"FE","Campo":"FE 04","produtividade":188.68120000000008,"unidade_produtividade":"sc/ha","pontos_originais":25,"ano":"2026","cultura":"Milho"}},{"type":"Feature","geometry":{"type":"Point","coordinates":[-52.21696940347397,-10.351997376542055]},"properties":{"Fazenda":"FE","Campo":"FE 04","produtividade":187.71080000000006,"unidade_produtividade":"sc/ha","pontos_originais":25,"ano":"2026","cultura":"Milho"}},{"type":"Feature","geometry":{"type":"Point","coordinates":[-52.21811095200366,-10.35199305982641]},"properties":{"Fazenda":"FE","Campo":"FE 04","produtividade":182.9492,"unidade_produtividade":"sc/ha","pontos_originais":25,"ano":"2026","cultura":"Milho"}},{"type":"Feature","geometry":{"type":"Point","coordinates":[-52.217882642337884,-10.351993923493135]},"properties":{"Fazenda":"FE","Campo":"FE 04","produtividade":184.64320000000004,"unidade_produtividade":"sc/ha","pontos_originais":25,"ano":"2026","cultura":"Milho"}},{"type":"Feature","geometry":{"type":"Point","coordinates":[-52.213103036849894,-10.351929077651926]},"properties":{"Fazenda":"FE","Campo":"FE 04","produtividade":155.655,"unidade_produtividade":"sc/ha","pontos_originais":6,"ano":"2026","cultura":"Milho"}},{"type":"Feature","geometry":{"type":"Point","coordinates":[-52.21292797019454,-10.351922201807216]},"properties":{"Fazenda":"FE","Campo":"FE 04","produtividade":157.67000000000002,"unidade_produtividade":"sc/ha","pontos_originais":2,"ano":"2026","cultura":"Milho"}},{"type":"Feature","geometry":{"type":"Point","coordinates":[-52.221282872977504,-10.35202625633037]},"properties":{"Fazenda":"FE","Campo":"FE 04","produtividade":109.62076923076923,"unidade_produtividade":"sc/ha","pontos_originais":13,"ano":"2026","cultura":"Milho"}},{"type":"Feature","geometry":{"type":"Point","coordinates":[-52.21378211909382,-10.35198906213896]},"properties":{"Fazenda":"FE","Campo":"FE 04","produtividade":150.6565,"unidade_produtividade":"sc/ha","pontos_originais":20,"ano":"2026","cultura":"Milho"}},{"type":"Feature","geometry":{"type":"Point","coordinates":[-52.213544581059246,-10.351965090725056]},"properties":{"Fazenda":"FE","Campo":"FE 04","produtividade":152.012,"unidade_produtividade":"sc/ha","pontos_originais":15,"ano":"2026","cultura":"Milho"}},{"type":"Feature","geometry":{"type":"Point","coordinates":[-52.21331618413353,-10.351943345302818]},"properties":{"Fazenda":"FE","Campo":"FE 04","produtividade":153.527,"unidade_produtividade":"sc/ha","pontos_originais":10,"ano":"2026","cultura":"Milho"}},{"type":"Feature","geometry":{"type":"Point","coordinates":[-52.213086397250834,-10.351559906091891]},"properties":{"Fazenda":"FE","Campo":"FE 04","produtividade":164.49319999999997,"unidade_produtividade":"sc/ha","pontos_originais":25,"ano":"2026","cultura":"Milho"}},{"type":"Feature","geometry":{"type":"Point","coordinates":[-52.212858087470806,-10.351560766160713]},"properties":{"Fazenda":"FE","Campo":"FE 04","produtividade":167.1984,"unidade_produtividade":"sc/ha","pontos_originais":25,"ano":"2026","cultura":"Milho"}},{"type":"Feature","geometry":{"type":"Point","coordinates":[-52.212629777670784,-10.351561626067742]},"properties":{"Fazenda":"FE","Campo":"FE 04","produtividade":171.17999999999995,"unidade_produtividade":"sc/ha","pontos_originais":25,"ano":"2026","cultura":"Milho"}},{"type":"Feature","geometry":{"type":"Point","coordinates":[-52.21240146785077,-10.35156248581298]},"properties":{"Fazenda":"FE","Campo":"FE 04","produtividade":174.14120000000005,"unidade_produtividade":"sc/ha","pontos_originais":25,"ano":"2026","cultura":"Milho"}},{"type":"Feature","geometry":{"type":"Point","coordinates":[-52.21377132647081,-10.351557324914683]},"properties":{"Fazenda":"FE","Campo":"FE 04","produtividade":168.07319999999999,"unidade_produtividade":"sc/ha","pontos_originais":25,"ano":"2026","cultura":"Milho"}},{"type":"Feature","geometry":{"type":"Point","coordinates":[-52.213543016750826,-10.351558185468875]},"properties":{"Fazenda":"FE","Campo":"FE 04","produtividade":164.5464,"unidade_produtividade":"sc/ha","pontos_originais":25,"ano":"2026","cultura":"Milho"}},{"type":"Feature","geometry":{"type":"Point","coordinates":[-52.21331470701083,-10.35155904586128]},"properties":{"Fazenda":"FE","Campo":"FE 04","produtividade":164.08520000000004,"unidade_produtividade":"sc/ha","pontos_originais":25,"ano":"2026","cultura":"Milho"}},{"type":"Feature","geometry":{"type":"Point","coordinates":[-52.21149201907744,-10.351562141215041]},"properties":{"Fazenda":"FE","Campo":"FE 04","produtividade":164.1441666666667,"unidade_produtividade":"sc/ha","pontos_originais":24,"ano":"2026","cultura":"Milho"}},{"type":"Feature","geometry":{"type":"Point","coordinates":[-52.211716538270714,-10.351565064077954]},"properties":{"Fazenda":"FE","Campo":"FE 04","produtividade":164.69639999999998,"unidade_produtividade":"sc/ha","pontos_originais":25,"ano":"2026","cultura":"Milho"}},{"type":"Feature","geometry":{"type":"Point","coordinates":[-52.21126462453935,-10.351540588816986]},"properties":{"Fazenda":"FE","Campo":"FE 04","produtividade":167.11736842105265,"unidade_produtividade":"sc/ha","pontos_originais":19,"ano":"2026","cultura":"Milho"}},{"type":"Feature","geometry":{"type":"Point","coordinates":[-52.21103143506163,-10.35152242914895]},"properties":{"Fazenda":"FE","Campo":"FE 04","produtividade":171.16733333333332,"unidade_produtividade":"sc/ha","pontos_originais":15,"ano":"2026","cultura":"Milho"}},{"type":"Feature","geometry":{"type":"Point","coordinates":[-52.21217315801073,-10.351563345396432]},"properties":{"Fazenda":"FE","Campo":"FE 04","produtividade":172.8348,"unidade_produtividade":"sc/ha","pontos_originais":25,"ano":"2026","cultura":"Milho"}},{"type":"Feature","geometry":{"type":"Point","coordinates":[-52.211944848150715,-10.351564204818088]},"properties":{"Fazenda":"FE","Campo":"FE 04","produtividade":167.56680000000003,"unidade_produtividade":"sc/ha","pontos_originais":25,"ano":"2026","cultura":"Milho"}},{"type":"Feature","geometry":{"type":"Point","coordinates":[-52.215826113049346,-10.351549572646384]},"properties":{"Fazenda":"FE","Campo":"FE 04","produtividade":186.9896,"unidade_produtividade":"sc/ha","pontos_originais":25,"ano":"2026","cultura":"Milho"}},{"type":"Feature","geometry":{"type":"Point","coordinates":[-52.21605442256896,-10.351548710474287]},"properties":{"Fazenda":"FE","Campo":"FE 04","produtividade":186.4816,"unidade_produtividade":"sc/ha","pontos_originais":25,"ano":"2026","cultura":"Milho"}},{"type":"Feature","geometry":{"type":"Point","coordinates":[-52.21559780350968,-10.35155043465669]},"properties":{"Fazenda":"FE","Campo":"FE 04","produtividade":188.10479999999998,"unidade_produtividade":"sc/ha","pontos_originais":25,"ano":"2026","cultura":"Milho"}},{"type":"Feature","geometry":{"type":"Point","coordinates":[-52.21536949394996,-10.351551296505203]},"properties":{"Fazenda":"FE","Campo":"FE 04","produtividade":188.1084,"unidade_produtividade":"sc/ha","pontos_originais":25,"ano":"2026","cultura":"Milho"}},{"type":"Feature","geometry":{"type":"Point","coordinates":[-52.216739351007455,-10.351546122987264]},"properties":{"Fazenda":"FE","Campo":"FE 04","produtividade":186.50120000000004,"unidade_produtividade":"sc/ha","pontos_originais":25,"ano":"2026","cultura":"Milho"}},{"type":"Feature","geometry":{"type":"Point","coordinates":[-52.21651104154802,-10.35154698564473]},"properties":{"Fazenda":"FE","Campo":"FE 04","produtividade":185.54919999999998,"unidade_produtividade":"sc/ha","pontos_originais":25,"ano":"2026","cultura":"Milho"}},{"type":"Feature","geometry":{"type":"Point","coordinates":[-52.21628273206853,-10.351547848140404]},"properties":{"Fazenda":"FE","Campo":"FE 04","produtividade":186.30079999999998,"unidade_produtividade":"sc/ha","pontos_originais":25,"ano":"2026","cultura":"Milho"}},{"type":"Feature","geometry":{"type":"Point","coordinates":[-52.21445625551063,-10.351554742281362]},"properties":{"Fazenda":"FE","Campo":"FE 04","produtividade":181.14399999999998,"unidade_produtividade":"sc/ha","pontos_originais":25,"ano":"2026","cultura":"Milho"}},{"type":"Feature","geometry":{"type":"Point","coordinates":[-52.21422794585071,-10.351555603320929]},"properties":{"Fazenda":"FE","Campo":"FE 04","produtividade":178.51840000000004,"unidade_produtividade":"sc/ha","pontos_originais":25,"ano":"2026","cultura":"Milho"}},{"type":"Feature","geometry":{"type":"Point","coordinates":[-52.213999636170776,-10.351556464198698]},"properties":{"Fazenda":"FE","Campo":"FE 04","produtividade":174.1644,"unidade_produtividade":"sc/ha","pontos_originais":25,"ano":"2026","cultura":"Milho"}},{"type":"Feature","geometry":{"type":"Point","coordinates":[-52.21514118437017,-10.351552158191929]},"properties":{"Fazenda":"FE","Campo":"FE 04","produtividade":187.21079999999998,"unidade_produtividade":"sc/ha","pontos_originais":25,"ano":"2026","cultura":"Milho"}},{"type":"Feature","geometry":{"type":"Point","coordinates":[-52.21491287477038,-10.351553019716864]},"properties":{"Fazenda":"FE","Campo":"FE 04","produtividade":185.51399999999998,"unidade_produtividade":"sc/ha","pontos_originais":25,"ano":"2026","cultura":"Milho"}},{"type":"Feature","geometry":{"type":"Point","coordinates":[-52.2146845651505,-10.351553881080006]},"properties":{"Fazenda":"FE","Campo":"FE 04","produtividade":183.59560000000002,"unidade_produtividade":"sc/ha","pontos_originais":25,"ano":"2026","cultura":"Milho"}},{"type":"Feature","geometry":{"type":"Point","coordinates":[-52.216967660446834,-10.351545260168011]},"properties":{"Fazenda":"FE","Campo":"FE 04","produtividade":187.24319999999997,"unidade_produtividade":"sc/ha","pontos_originais":25,"ano":"2026","cultura":"Milho"}},{"type":"Feature","geometry":{"type":"Point","coordinates":[-52.2176525886445,-10.351542670739516]},"properties":{"Fazenda":"FE","Campo":"FE 04","produtividade":183.14839999999995,"unidade_produtividade":"sc/ha","pontos_originais":25,"ano":"2026","cultura":"Milho"}},{"type":"Feature","geometry":{"type":"Point","coordinates":[-52.21742427926535,-10.351543534044135]},"properties":{"Fazenda":"FE","Campo":"FE 04","produtividade":186.92680000000001,"unidade_produtividade":"sc/ha","pontos_originais":25,"ano":"2026","cultura":"Milho"}},{"type":"Feature","geometry":{"type":"Point","coordinates":[-52.21719596986613,-10.351544397186967]},"properties":{"Fazenda":"FE","Campo":"FE 04","produtividade":187.39880000000002,"unidade_produtividade":"sc/ha","pontos_originais":25,"ano":"2026","cultura":"Milho"}},{"type":"Feature","geometry":{"type":"Point","coordinates":[-52.21993568133068,-10.351534028794886]},"properties":{"Fazenda":"FE","Campo":"FE 04","produtividade":166.57760000000002,"unidade_produtividade":"sc/ha","pontos_originais":25,"ano":"2026","cultura":"Milho"}},{"type":"Feature","geometry":{"type":"Point","coordinates":[-52.219707372152556,-10.351534893717401]},"properties":{"Fazenda":"FE","Campo":"FE 04","produtividade":175.1808,"unidade_produtividade":"sc/ha","pontos_originais":25,"ano":"2026","cultura":"Milho"}},{"type":"Feature","geometry":{"type":"Point","coordinates":[-52.219479062954285,-10.351535758478123]},"properties":{"Fazenda":"FE","Campo":"FE 04","produtividade":181.53160000000008,"unidade_produtividade":"sc/ha","pontos_originais":25,"ano":"2026","cultura":"Milho"}},{"type":"Feature","geometry":{"type":"Point","coordinates":[-52.21925075373592,-10.35153662307706]},"properties":{"Fazenda":"FE","Campo":"FE 04","produtividade":183.6384,"unidade_produtividade":"sc/ha","pontos_originais":25,"ano":"2026","cultura":"Milho"}},{"type":"Feature","geometry":{"type":"Point","coordinates":[-52.22059619643124,-10.351576737839732]},"properties":{"Fazenda":"FE","Campo":"FE 04","produtividade":133.39846153846153,"unidade_produtividade":"sc/ha","pontos_originais":13,"ano":"2026","cultura":"Milho"}},{"type":"Feature","geometry":{"type":"Point","coordinates":[-52.22039229962658,-10.351532298464496]},"properties":{"Fazenda":"FE","Campo":"FE 04","produtividade":137.4544,"unidade_produtividade":"sc/ha","pontos_originais":25,"ano":"2026","cultura":"Milho"}},{"type":"Feature","geometry":{"type":"Point","coordinates":[-52.22016399048869,-10.351533163710585]},"properties":{"Fazenda":"FE","Campo":"FE 04","produtividade":153.988,"unidade_produtividade":"sc/ha","pontos_originais":25,"ano":"2026","cultura":"Milho"}},{"type":"Feature","geometry":{"type":"Point","coordinates":[-52.21833751666139,-10.35154007985491]},"properties":{"Fazenda":"FE","Campo":"FE 04","produtividade":178.59840000000003,"unidade_produtividade":"sc/ha","pontos_originais":25,"ano":"2026","cultura":"Milho"}},{"type":"Feature","geometry":{"type":"Point","coordinates":[-52.21856582596018,-10.351539215903129]},"properties":{"Fazenda":"FE","Campo":"FE 04","produtividade":176.54120000000003,"unidade_produtividade":"sc/ha","pontos_originais":25,"ano":"2026","cultura":"Milho"}},{"type":"Feature","geometry":{"type":"Point","coordinates":[-52.21810920734251,-10.351540943644899]},"properties":{"Fazenda":"FE","Campo":"FE 04","produtividade":180.36079999999998,"unidade_produtividade":"sc/ha","pontos_originais":25,"ano":"2026","cultura":"Milho"}},{"type":"Feature","geometry":{"type":"Point","coordinates":[-52.21788089800355,-10.3515418072731]},"properties":{"Fazenda":"FE","Campo":"FE 04","produtividade":181.2248,"unidade_produtividade":"sc/ha","pontos_originais":25,"ano":"2026","cultura":"Milho"}},{"type":"Feature","geometry":{"type":"Point","coordinates":[-52.21902244449744,-10.351537487514205]},"properties":{"Fazenda":"FE","Campo":"FE 04","produtividade":183.36239999999998,"unidade_produtividade":"sc/ha","pontos_originais":25,"ano":"2026","cultura":"Milho"}},{"type":"Feature","geometry":{"type":"Point","coordinates":[-52.21879413523885,-10.351538351789564]},"properties":{"Fazenda":"FE","Campo":"FE 04","produtividade":179.78599999999994,"unidade_produtividade":"sc/ha","pontos_originais":25,"ano":"2026","cultura":"Milho"}},{"type":"Feature","geometry":{"type":"Point","coordinates":[-52.2207579438893,-10.351621336888698]},"properties":{"Fazenda":"FE","Campo":"FE 04","produtividade":131.03,"unidade_produtividade":"sc/ha","pontos_originais":1,"ano":"2026","cultura":"Milho"}},{"type":"Feature","geometry":{"type":"Point","coordinates":[-52.21196255723629,-10.351716729929777]},"properties":{"Fazenda":"FE","Campo":"FE 04","produtividade":166.465,"unidade_produtividade":"sc/ha","pontos_originais":8,"ano":"2026","cultura":"Milho"}},{"type":"Feature","geometry":{"type":"Point","coordinates":[-52.211762720912425,-10.35170052741964]},"properties":{"Fazenda":"FE","Campo":"FE 04","produtividade":163.74,"unidade_produtividade":"sc/ha","pontos_originais":3,"ano":"2026","cultura":"Milho"}},{"type":"Feature","geometry":{"type":"Point","coordinates":[-52.219021571543415,-10.351311429495668]},"properties":{"Fazenda":"FE","Campo":"FE 04","produtividade":179.79919999999998,"unidade_produtividade":"sc/ha","pontos_originais":25,"ano":"2026","cultura":"Milho"}},{"type":"Feature","geometry":{"type":"Point","coordinates":[-52.21879326244825,-10.35131229375175]},"properties":{"Fazenda":"FE","Campo":"FE 04","produtividade":176.5984,"unidade_produtividade":"sc/ha","pontos_originais":25,"ano":"2026","cultura":"Milho"}},{"type":"Feature","geometry":{"type":"Point","coordinates":[-52.218564953332944,-10.351313157846048]},"properties":{"Fazenda":"FE","Campo":"FE 04","produtividade":174.496,"unidade_produtividade":"sc/ha","pontos_originais":25,"ano":"2026","cultura":"Milho"}},{"type":"Feature","geometry":{"type":"Point","coordinates":[-52.21833664419755,-10.351314021778558]},"properties":{"Fazenda":"FE","Campo":"FE 04","produtividade":174.984,"unidade_produtividade":"sc/ha","pontos_originais":25,"ano":"2026","cultura":"Milho"}},{"type":"Feature","geometry":{"type":"Point","coordinates":[-52.21970649870833,-10.351308835756711]},"properties":{"Fazenda":"FE","Campo":"FE 04","produtividade":171.96880000000002,"unidade_produtividade":"sc/ha","pontos_originais":25,"ano":"2026","cultura":"Milho"}},{"type":"Feature","geometry":{"type":"Point","coordinates":[-52.219478189673474,-10.35130970049815]},"properties":{"Fazenda":"FE","Campo":"FE 04","produtividade":176.99719999999996,"unidade_produtividade":"sc/ha","pontos_originais":25,"ano":"2026","cultura":"Milho"}},{"type":"Feature","geometry":{"type":"Point","coordinates":[-52.219249880618506,-10.351310565077801]},"properties":{"Fazenda":"FE","Campo":"FE 04","produtividade":179.99760000000003,"unidade_produtividade":"sc/ha","pontos_originais":25,"ano":"2026","cultura":"Milho"}},{"type":"Feature","geometry":{"type":"Point","coordinates":[-52.2174234074551,-10.351317475890745]},"properties":{"Fazenda":"FE","Campo":"FE 04","produtividade":185.88400000000004,"unidade_produtividade":"sc/ha","pontos_originais":25,"ano":"2026","cultura":"Milho"}},{"type":"Feature","geometry":{"type":"Point","coordinates":[-52.217651716670844,-10.351316612605379]},"properties":{"Fazenda":"FE","Campo":"FE 04","produtividade":184.82679999999996,"unidade_produtividade":"sc/ha","pontos_originais":25,"ano":"2026","cultura":"Milho"}},{"type":"Feature","geometry":{"type":"Point","coordinates":[-52.21719509821928,-10.35131833901433]},"properties":{"Fazenda":"FE","Campo":"FE 04","produtividade":186.5756,"unidade_produtividade":"sc/ha","pontos_originais":25,"ano":"2026","cultura":"Milho"}},{"type":"Feature","geometry":{"type":"Point","coordinates":[-52.21696678896339,-10.35131920197613]},"properties":{"Fazenda":"FE","Campo":"FE 04","produtividade":186.76319999999998,"unidade_produtividade":"sc/ha","pontos_originais":25,"ano":"2026","cultura":"Milho"}},{"type":"Feature","geometry":{"type":"Point","coordinates":[-52.21810833504209,-10.351314885549286]},"properties":{"Fazenda":"FE","Campo":"FE 04","produtividade":179.89520000000002,"unidade_produtividade":"sc/ha","pontos_originais":25,"ano":"2026","cultura":"Milho"}},{"type":"Feature","geometry":{"type":"Point","coordinates":[-52.21788002586649,-10.351315749158227]},"properties":{"Fazenda":"FE","Campo":"FE 04","produtividade":184.15640000000002,"unidade_produtividade":"sc/ha","pontos_originais":25,"ano":"2026","cultura":"Milho"}},{"type":"Feature","geometry":{"type":"Point","coordinates":[-52.21125905105224,-10.351340723440453]},"properties":{"Fazenda":"FE","Campo":"FE 04","produtividade":172.75839999999997,"unidade_produtividade":"sc/ha","pontos_originais":25,"ano":"2026","cultura":"Milho"}},{"type":"Feature","geometry":{"type":"Point","coordinates":[-52.21103074127568,-10.35134158219579]},"properties":{"Fazenda":"FE","Campo":"FE 04","produtividade":175.02920000000003,"unidade_produtividade":"sc/ha","pontos_originais":25,"ano":"2026","cultura":"Milho"}},{"type":"Feature","geometry":{"type":"Point","coordinates":[-52.210802431479145,-10.351342440789342]},"properties":{"Fazenda":"FE","Campo":"FE 04","produtividade":178.2936,"unidade_produtividade":"sc/ha","pontos_originais":25,"ano":"2026","cultura":"Milho"}},{"type":"Feature","geometry":{"type":"Point","coordinates":[-52.210574121662646,-10.35134329922111]},"properties":{"Fazenda":"FE","Campo":"FE 04","produtividade":176.93399999999997,"unidade_produtividade":"sc/ha","pontos_originais":25,"ano":"2026","cultura":"Milho"}},{"type":"Feature","geometry":{"type":"Point","coordinates":[-52.21194398026199,-10.351338146203707]},"properties":{"Fazenda":"FE","Campo":"FE 04","produtividade":175.48680000000004,"unidade_produtividade":"sc/ha","pontos_originais":25,"ano":"2026","cultura":"Milho"}},{"type":"Feature","geometry":{"type":"Point","coordinates":[-52.21171567054538,-10.351339005444407]},"properties":{"Fazenda":"FE","Campo":"FE 04","produtividade":172.9156,"unidade_produtividade":"sc/ha","pontos_originais":25,"ano":"2026","cultura":"Milho"}},{"type":"Feature","geometry":{"type":"Point","coordinates":[-52.211487360808796,-10.351339864523325]},"properties":{"Fazenda":"FE","Campo":"FE 04","produtividade":170.64239999999998,"unidade_produtividade":"sc/ha","pontos_originais":25,"ano":"2026","cultura":"Milho"}},{"type":"Feature","geometry":{"type":"Point","coordinates":[-52.20967208113115,-10.35129017374296]},"properties":{"Fazenda":"FE","Campo":"FE 04","produtividade":167.20666666666668,"unidade_produtividade":"sc/ha","pontos_originais":12,"ano":"2026","cultura":"Milho"}},{"type":"Feature","geometry":{"type":"Point","coordinates":[-52.220336911185065,-10.351378786766286]},"properties":{"Fazenda":"FE","Campo":"FE 04","produtividade":137.51,"unidade_produtividade":"sc/ha","pontos_originais":5,"ano":"2026","cultura":"Milho"}},{"type":"Feature","geometry":{"type":"Point","coordinates":[-52.209894748219725,-10.351306291810603]},"properties":{"Fazenda":"FE","Campo":"FE 04","produtividade":169.97500000000002,"unidade_produtividade":"sc/ha","pontos_originais":16,"ano":"2026","cultura":"Milho"}},{"type":"Feature","geometry":{"type":"Point","coordinates":[-52.22015230311443,-10.351322217514026]},"properties":{"Fazenda":"FE","Campo":"FE 04","produtividade":150.61952380952383,"unidade_produtividade":"sc/ha","pontos_originais":21,"ano":"2026","cultura":"Milho"}},{"type":"Feature","geometry":{"type":"Point","coordinates":[-52.219934807723085,-10.351307970853487]},"properties":{"Fazenda":"FE","Campo":"FE 04","produtividade":163.47439999999997,"unidade_produtividade":"sc/ha","pontos_originais":25,"ano":"2026","cultura":"Milho"}},{"type":"Feature","geometry":{"type":"Point","coordinates":[-52.21034581182618,-10.351344157491084]},"properties":{"Fazenda":"FE","Campo":"FE 04","produtividade":174.97,"unidade_produtividade":"sc/ha","pontos_originais":25,"ano":"2026","cultura":"Milho"}},{"type":"Feature","geometry":{"type":"Point","coordinates":[-52.21012178470567,-10.351327775730194]},"properties":{"Fazenda":"FE","Campo":"FE 04","produtividade":172.50047619047618,"unidade_produtividade":"sc/ha","pontos_originais":21,"ano":"2026","cultura":"Milho"}},{"type":"Feature","geometry":{"type":"Point","coordinates":[-52.21308552854512,-10.351333847573375]},"properties":{"Fazenda":"FE","Campo":"FE 04","produtividade":174.2716,"unidade_produtividade":"sc/ha","pontos_originais":25,"ano":"2026","cultura":"Milho"}},{"type":"Feature","geometry":{"type":"Point","coordinates":[-52.212857218928505,-10.351334707623016]},"properties":{"Fazenda":"FE","Campo":"FE 04","produtividade":175.0832,"unidade_produtividade":"sc/ha","pontos_originais":25,"ano":"2026","cultura":"Milho"}},{"type":"Feature","geometry":{"type":"Point","coordinates":[-52.21262890929188,-10.35133556751087]},"properties":{"Fazenda":"FE","Campo":"FE 04","produtividade":178.39040000000006,"unidade_produtividade":"sc/ha","pontos_originais":25,"ano":"2026","cultura":"Milho"}},{"type":"Feature","geometry":{"type":"Point","coordinates":[-52.21240059963524,-10.351336427236934]},"properties":{"Fazenda":"FE","Campo":"FE 04","produtividade":179.92119999999994,"unidade_produtividade":"sc/ha","pontos_originais":25,"ano":"2026","cultura":"Milho"}},{"type":"Feature","geometry":{"type":"Point","coordinates":[-52.213770457274926,-10.351331266453736]},"properties":{"Fazenda":"FE","Campo":"FE 04","produtividade":177.78600000000003,"unidade_produtividade":"sc/ha","pontos_originais":25,"ano":"2026","cultura":"Milho"}},{"type":"Feature","geometry":{"type":"Point","coordinates":[-52.21399876681149,-10.351330405756947]},"properties":{"Fazenda":"FE","Campo":"FE 04","produtividade":181.71959999999999,"unidade_produtividade":"sc/ha","pontos_originais":25,"ano":"2026","cultura":"Milho"}},{"type":"Feature","geometry":{"type":"Point","coordinates":[-52.213542147718336,-10.351332126988737]},"properties":{"Fazenda":"FE","Campo":"FE 04","produtividade":175.7752,"unidade_produtividade":"sc/ha","pontos_originais":25,"ano":"2026","cultura":"Milho"}},{"type":"Feature","geometry":{"type":"Point","coordinates":[-52.21331383814174,-10.35133298736195]},"properties":{"Fazenda":"FE","Campo":"FE 04","produtividade":174.62519999999998,"unidade_produtividade":"sc/ha","pontos_originais":25,"ano":"2026","cultura":"Milho"}},{"type":"Feature","geometry":{"type":"Point","coordinates":[-52.21217228995862,-10.351337286801213]},"properties":{"Fazenda":"FE","Campo":"FE 04","produtividade":178.74839999999998,"unidade_produtividade":"sc/ha","pontos_originais":25,"ano":"2026","cultura":"Milho"}},{"type":"Feature","geometry":{"type":"Point","coordinates":[-52.216053551739094,-10.351322652205459]},"properties":{"Fazenda":"FE","Campo":"FE 04","produtividade":184.54039999999998,"unidade_produtividade":"sc/ha","pontos_originais":25,"ano":"2026","cultura":"Milho"}},{"type":"Feature","geometry":{"type":"Point","coordinates":[-52.21582524238288,-10.351323514358326]},"properties":{"Fazenda":"FE","Campo":"FE 04","produtividade":183.6372,"unidade_produtividade":"sc/ha","pontos_originais":25,"ano":"2026","cultura":"Milho"}},{"type":"Feature","geometry":{"type":"Point","coordinates":[-52.21559693300661,-10.351324376349405]},"properties":{"Fazenda":"FE","Campo":"FE 04","produtividade":184.27799999999996,"unidade_produtividade":"sc/ha","pontos_originais":25,"ano":"2026","cultura":"Milho"}},{"type":"Feature","geometry":{"type":"Point","coordinates":[-52.21536862361027,-10.3513252381787]},"properties":{"Fazenda":"FE","Campo":"FE 04","produtividade":183.86919999999998,"unidade_produtividade":"sc/ha","pontos_originais":25,"ano":"2026","cultura":"Milho"}},{"type":"Feature","geometry":{"type":"Point","coordinates":[-52.21673847968742,-10.351320064776141]},"properties":{"Fazenda":"FE","Campo":"FE 04","produtividade":186.63639999999998,"unidade_produtividade":"sc/ha","pontos_originais":25,"ano":"2026","cultura":"Milho"}},{"type":"Feature","geometry":{"type":"Point","coordinates":[-52.216510170391366,-10.351320927414363]},"properties":{"Fazenda":"FE","Campo":"FE 04","produtividade":186.5336,"unidade_produtividade":"sc/ha","pontos_originais":25,"ano":"2026","cultura":"Milho"}},{"type":"Feature","geometry":{"type":"Point","coordinates":[-52.21628186107526,-10.351321789890806]},"properties":{"Fazenda":"FE","Campo":"FE 04","produtividade":185.66479999999996,"unidade_produtividade":"sc/ha","pontos_originais":25,"ano":"2026","cultura":"Milho"}},{"type":"Feature","geometry":{"type":"Point","coordinates":[-52.21445538582455,-10.351328683878013]},"properties":{"Fazenda":"FE","Campo":"FE 04","produtividade":184.82639999999995,"unidade_produtividade":"sc/ha","pontos_originais":25,"ano":"2026","cultura":"Milho"}},{"type":"Feature","geometry":{"type":"Point","coordinates":[-52.21468369530105,-10.351327822695865]},"properties":{"Fazenda":"FE","Campo":"FE 04","produtividade":184.15559999999996,"unidade_produtividade":"sc/ha","pontos_originais":25,"ano":"2026","cultura":"Milho"}},{"type":"Feature","geometry":{"type":"Point","coordinates":[-52.21422707632802,-10.351329544898372]},"properties":{"Fazenda":"FE","Campo":"FE 04","produtividade":183.66039999999998,"unidade_produtividade":"sc/ha","pontos_originais":25,"ano":"2026","cultura":"Milho"}},{"type":"Feature","geometry":{"type":"Point","coordinates":[-52.21514031419389,-10.351326099846206]},"properties":{"Fazenda":"FE","Campo":"FE 04","produtividade":185.1496,"unidade_produtividade":"sc/ha","pontos_originais":25,"ano":"2026","cultura":"Milho"}},{"type":"Feature","geometry":{"type":"Point","coordinates":[-52.21491200475748,-10.351326961351926]},"properties":{"Fazenda":"FE","Campo":"FE 04","produtividade":184.0084,"unidade_produtividade":"sc/ha","pontos_originais":25,"ano":"2026","cultura":"Milho"}},{"type":"Feature","geometry":{"type":"Point","coordinates":[-52.210574641804456,-10.351478934459212]},"properties":{"Fazenda":"FE","Campo":"FE 04","produtividade":175.85399999999998,"unidade_produtividade":"sc/ha","pontos_originais":5,"ano":"2026","cultura":"Milho"}},{"type":"Feature","geometry":{"type":"Point","coordinates":[-52.21080303842655,-10.351500681886911]},"properties":{"Fazenda":"FE","Campo":"FE 04","produtividade":175.392,"unidade_produtividade":"sc/ha","pontos_originais":10,"ano":"2026","cultura":"Milho"}},{"type":"Feature","geometry":{"type":"Point","coordinates":[-52.210573254774296,-10.351117240488561]},"properties":{"Fazenda":"FE","Campo":"FE 04","produtividade":177.87760000000003,"unidade_produtividade":"sc/ha","pontos_originais":25,"ano":"2026","cultura":"Milho"}},{"type":"Feature","geometry":{"type":"Point","coordinates":[-52.21080156442739,-10.351116382075944]},"properties":{"Fazenda":"FE","Campo":"FE 04","produtividade":181.8416,"unidade_produtividade":"sc/ha","pontos_originais":25,"ano":"2026","cultura":"Milho"}},{"type":"Feature","geometry":{"type":"Point","coordinates":[-52.21034494510123,-10.351118098739393]},"properties":{"Fazenda":"FE","Campo":"FE 04","produtividade":175.74359999999993,"unidade_produtividade":"sc/ha","pontos_originais":25,"ano":"2026","cultura":"Milho"}},{"type":"Feature","geometry":{"type":"Point","coordinates":[-52.210116635408205,-10.351118956828447]},"properties":{"Fazenda":"FE","Campo":"FE 04","produtividade":172.7872,"unidade_produtividade":"sc/ha","pontos_originais":25,"ano":"2026","cultura":"Milho"}},{"type":"Feature","geometry":{"type":"Point","coordinates":[-52.211258183673706,-10.351114664765348]},"properties":{"Fazenda":"FE","Campo":"FE 04","produtividade":180.66120000000004,"unidade_produtividade":"sc/ha","pontos_originais":25,"ano":"2026","cultura":"Milho"}},{"type":"Feature","geometry":{"type":"Point","coordinates":[-52.211486493266854,-10.351113805867376]},"properties":{"Fazenda":"FE","Campo":"FE 04","produtividade":178.50359999999998,"unidade_produtividade":"sc/ha","pontos_originais":25,"ano":"2026","cultura":"Milho"}},{"type":"Feature","geometry":{"type":"Point","coordinates":[-52.21102987406053,-10.351115523501537]},"properties":{"Fazenda":"FE","Campo":"FE 04","produtividade":180.40519999999998,"unidade_produtividade":"sc/ha","pontos_originais":25,"ano":"2026","cultura":"Milho"}},{"type":"Feature","geometry":{"type":"Point","coordinates":[-52.209203396436514,-10.35112238756681]},"properties":{"Fazenda":"FE","Campo":"FE 04","produtividade":160.2652,"unidade_produtividade":"sc/ha","pontos_originais":25,"ano":"2026","cultura":"Milho"}},{"type":"Feature","geometry":{"type":"Point","coordinates":[-52.20898101244075,-10.351115359568023]},"properties":{"Fazenda":"FE","Campo":"FE 04","produtividade":156.92652173913046,"unidade_produtividade":"sc/ha","pontos_originais":23,"ano":"2026","cultura":"Milho"}},{"type":"Feature","geometry":{"type":"Point","coordinates":[-52.20875427174984,-10.351093932212489]},"properties":{"Fazenda":"FE","Campo":"FE 04","produtividade":153.5711111111111,"unidade_produtividade":"sc/ha","pontos_originais":18,"ano":"2026","cultura":"Milho"}},{"type":"Feature","geometry":{"type":"Point","coordinates":[-52.21990952174511,-10.351127217648411]},"properties":{"Fazenda":"FE","Campo":"FE 04","produtividade":162.27846153846153,"unidade_produtividade":"sc/ha","pontos_originais":13,"ano":"2026","cultura":"Milho"}},{"type":"Feature","geometry":{"type":"Point","coordinates":[-52.22007126890854,-10.351171817081049]},"properties":{"Fazenda":"FE","Campo":"FE 04","produtividade":152.42,"unidade_produtividade":"sc/ha","pontos_originais":1,"ano":"2026","cultura":"Milho"}},{"type":"Feature","geometry":{"type":"Point","coordinates":[-52.20988832569518,-10.351119814755716]},"properties":{"Fazenda":"FE","Campo":"FE 04","produtividade":170.27439999999999,"unidade_produtividade":"sc/ha","pontos_originais":25,"ano":"2026","cultura":"Milho"}},{"type":"Feature","geometry":{"type":"Point","coordinates":[-52.20966001596224,-10.3511206725212]},"properties":{"Fazenda":"FE","Campo":"FE 04","produtividade":168.8532,"unidade_produtividade":"sc/ha","pontos_originais":25,"ano":"2026","cultura":"Milho"}},{"type":"Feature","geometry":{"type":"Point","coordinates":[-52.20943170620936,-10.3511215301249]},"properties":{"Fazenda":"FE","Campo":"FE 04","produtividade":165.6392,"unidade_produtividade":"sc/ha","pontos_originais":25,"ano":"2026","cultura":"Milho"}},{"type":"Feature","geometry":{"type":"Point","coordinates":[-52.21354127870586,-10.351106068505356]},"properties":{"Fazenda":"FE","Campo":"FE 04","produtividade":179.0784,"unidade_produtividade":"sc/ha","pontos_originais":25,"ano":"2026","cultura":"Milho"}},{"type":"Feature","geometry":{"type":"Point","coordinates":[-52.21331296929266,-10.35110692885938]},"properties":{"Fazenda":"FE","Campo":"FE 04","produtividade":183.1236,"unidade_produtividade":"sc/ha","pontos_originais":25,"ano":"2026","cultura":"Milho"}},{"type":"Feature","geometry":{"type":"Point","coordinates":[-52.21308465985943,-10.351107789051621]},"properties":{"Fazenda":"FE","Campo":"FE 04","produtividade":186.6464,"unidade_produtividade":"sc/ha","pontos_originais":25,"ano":"2026","cultura":"Milho"}},{"type":"Feature","geometry":{"type":"Point","coordinates":[-52.2128563504062,-10.35110864908208]},"properties":{"Fazenda":"FE","Campo":"FE 04","produtividade":189.16719999999998,"unidade_produtividade":"sc/ha","pontos_originais":25,"ano":"2026","cultura":"Milho"}},{"type":"Feature","geometry":{"type":"Point","coordinates":[-52.21422620682538,-10.35110348647258]},"properties":{"Fazenda":"FE","Campo":"FE 04","produtividade":178.2296,"unidade_produtividade":"sc/ha","pontos_originais":25,"ano":"2026","cultura":"Milho"}},{"type":"Feature","geometry":{"type":"Point","coordinates":[-52.21445451615851,-10.35110262547142]},"properties":{"Fazenda":"FE","Campo":"FE 04","produtividade":179.34640000000002,"unidade_produtividade":"sc/ha","pontos_originais":25,"ano":"2026","cultura":"Milho"}},{"type":"Feature","geometry":{"type":"Point","coordinates":[-52.213997897472225,-10.351104347311953]},"properties":{"Fazenda":"FE","Campo":"FE 04","produtividade":177.5764,"unidade_produtividade":"sc/ha","pontos_originais":25,"ano":"2026","cultura":"Milho"}},{"type":"Feature","geometry":{"type":"Point","coordinates":[-52.213769588099055,-10.351105207989544]},"properties":{"Fazenda":"FE","Campo":"FE 04","produtividade":178.06079999999997,"unidade_produtividade":"sc/ha","pontos_originais":25,"ano":"2026","cultura":"Milho"}},{"type":"Feature","geometry":{"type":"Point","coordinates":[-52.212171421926506,-10.351111228202758]},"properties":{"Fazenda":"FE","Campo":"FE 04","produtividade":185.9756,"unidade_produtividade":"sc/ha","pontos_originais":25,"ano":"2026","cultura":"Milho"}},{"type":"Feature","geometry":{"type":"Point","coordinates":[-52.21194311239329,-10.35111208758608]},"properties":{"Fazenda":"FE","Campo":"FE 04","produtividade":183.55560000000003,"unidade_produtividade":"sc/ha","pontos_originais":25,"ano":"2026","cultura":"Milho"}},{"type":"Feature","geometry":{"type":"Point","coordinates":[-52.21171480284008,-10.351112946807621]},"properties":{"Fazenda":"FE","Campo":"FE 04","produtividade":180.53279999999998,"unidade_produtividade":"sc/ha","pontos_originais":25,"ano":"2026","cultura":"Milho"}},{"type":"Feature","geometry":{"type":"Point","coordinates":[-52.21262804093298,-10.351109508950758]},"properties":{"Fazenda":"FE","Campo":"FE 04","produtividade":190.25120000000004,"unidade_produtividade":"sc/ha","pontos_originais":25,"ano":"2026","cultura":"Milho"}},{"type":"Feature","geometry":{"type":"Point","coordinates":[-52.21239973143974,-10.351110368657649]},"properties":{"Fazenda":"FE","Campo":"FE 04","produtividade":188.136,"unidade_produtividade":"sc/ha","pontos_originais":25,"ano":"2026","cultura":"Milho"}},{"type":"Feature","geometry":{"type":"Point","coordinates":[-52.216052680929295,-10.35109659393339]},"properties":{"Fazenda":"FE","Campo":"FE 04","produtividade":185.2112,"unidade_produtividade":"sc/ha","pontos_originais":25,"ano":"2026","cultura":"Milho"}},{"type":"Feature","geometry":{"type":"Point","coordinates":[-52.21628099010207,-10.351095731637965]},"properties":{"Fazenda":"FE","Campo":"FE 04","produtividade":185.53000000000003,"unidade_produtividade":"sc/ha","pontos_originais":25,"ano":"2026","cultura":"Milho"}},{"type":"Feature","geometry":{"type":"Point","coordinates":[-52.21582437173646,-10.35109745606703]},"properties":{"Fazenda":"FE","Campo":"FE 04","produtividade":185.5468,"unidade_produtividade":"sc/ha","pontos_originais":25,"ano":"2026","cultura":"Milho"}},{"type":"Feature","geometry":{"type":"Point","coordinates":[-52.215596062523566,-10.351098318038881]},"properties":{"Fazenda":"FE","Campo":"FE 04","produtividade":184.96479999999997,"unidade_produtividade":"sc/ha","pontos_originais":25,"ano":"2026","cultura":"Milho"}},{"type":"Feature","geometry":{"type":"Point","coordinates":[-52.21696591750002,-10.351093143781009]},"properties":{"Fazenda":"FE","Campo":"FE 04","produtividade":186.17039999999997,"unidade_produtividade":"sc/ha","pontos_originais":25,"ano":"2026","cultura":"Milho"}},{"type":"Feature","geometry":{"type":"Point","coordinates":[-52.21673760838743,-10.351094006561775]},"properties":{"Fazenda":"FE","Campo":"FE 04","produtividade":185.8564,"unidade_produtividade":"sc/ha","pontos_originais":25,"ano":"2026","cultura":"Milho"}},{"type":"Feature","geometry":{"type":"Point","coordinates":[-52.216509299254795,-10.351094869180761]},"properties":{"Fazenda":"FE","Campo":"FE 04","produtividade":186.13320000000004,"unidade_produtividade":"sc/ha","pontos_originais":25,"ano":"2026","cultura":"Milho"}},{"type":"Feature","geometry":{"type":"Point","coordinates":[-52.214682825471584,-10.351101764308478]},"properties":{"Fazenda":"FE","Campo":"FE 04","produtividade":181.45960000000002,"unidade_produtividade":"sc/ha","pontos_originais":25,"ano":"2026","cultura":"Milho"}},{"type":"Feature","geometry":{"type":"Point","coordinates":[-52.215367753290636,-10.351099179848957]},"properties":{"Fazenda":"FE","Campo":"FE 04","produtividade":184.65959999999998,"unidade_produtividade":"sc/ha","pontos_originais":25,"ano":"2026","cultura":"Milho"}},{"type":"Feature","geometry":{"type":"Point","coordinates":[-52.215139444037675,-10.351100041497245]},"properties":{"Fazenda":"FE","Campo":"FE 04","produtividade":184.63520000000005,"unidade_produtividade":"sc/ha","pontos_originais":25,"ano":"2026","cultura":"Milho"}},{"type":"Feature","geometry":{"type":"Point","coordinates":[-52.214911134764655,-10.351100902983756]},"properties":{"Fazenda":"FE","Campo":"FE 04","produtividade":183.0728,"unidade_produtividade":"sc/ha","pontos_originais":25,"ano":"2026","cultura":"Milho"}},{"type":"Feature","geometry":{"type":"Point","coordinates":[-52.21902069860952,-10.351085371473891]},"properties":{"Fazenda":"FE","Campo":"FE 04","produtividade":173.48279999999994,"unidade_produtividade":"sc/ha","pontos_originais":25,"ano":"2026","cultura":"Milho"}},{"type":"Feature","geometry":{"type":"Point","coordinates":[-52.2192490075212,-10.351084507075305]},"properties":{"Fazenda":"FE","Campo":"FE 04","produtividade":173.16240000000002,"unidade_produtividade":"sc/ha","pontos_originais":25,"ano":"2026","cultura":"Milho"}},{"type":"Feature","geometry":{"type":"Point","coordinates":[-52.21879238967773,-10.3510862357107]},"properties":{"Fazenda":"FE","Campo":"FE 04","produtividade":172.68560000000002,"unidade_produtividade":"sc/ha","pontos_originais":25,"ano":"2026","cultura":"Milho"}},{"type":"Feature","geometry":{"type":"Point","coordinates":[-52.21856408072583,-10.351087099785724]},"properties":{"Fazenda":"FE","Campo":"FE 04","produtividade":173.17879999999997,"unidade_produtividade":"sc/ha","pontos_originais":25,"ano":"2026","cultura":"Milho"}},{"type":"Feature","geometry":{"type":"Point","coordinates":[-52.21970562528424,-10.351082777792781]},"properties":{"Fazenda":"FE","Campo":"FE 04","produtividade":166.49880000000002,"unidade_produtividade":"sc/ha","pontos_originais":25,"ano":"2026","cultura":"Milho"}},{"type":"Feature","geometry":{"type":"Point","coordinates":[-52.219477316412764,-10.351083642514931]},"properties":{"Fazenda":"FE","Campo":"FE 04","produtividade":168.74039999999997,"unidade_produtividade":"sc/ha","pontos_originais":25,"ano":"2026","cultura":"Milho"}},{"type":"Feature","geometry":{"type":"Point","coordinates":[-52.2176508447173,-10.35109055446801]},"properties":{"Fazenda":"FE","Campo":"FE 04","produtividade":187.2348,"unidade_produtividade":"sc/ha","pontos_originais":25,"ano":"2026","cultura":"Milho"}},{"type":"Feature","geometry":{"type":"Point","coordinates":[-52.21742253566495,-10.351091417734121]},"properties":{"Fazenda":"FE","Campo":"FE 04","produtividade":187.0436,"unidade_produtividade":"sc/ha","pontos_originais":25,"ano":"2026","cultura":"Milho"}},{"type":"Feature","geometry":{"type":"Point","coordinates":[-52.21719422659251,-10.351092280838456]},"properties":{"Fazenda":"FE","Campo":"FE 04","produtividade":186.52399999999994,"unidade_produtividade":"sc/ha","pontos_originais":25,"ano":"2026","cultura":"Milho"}},{"type":"Feature","geometry":{"type":"Point","coordinates":[-52.218335771753836,-10.351087963698967]},"properties":{"Fazenda":"FE","Campo":"FE 04","produtividade":176.7396,"unidade_produtividade":"sc/ha","pontos_originais":25,"ano":"2026","cultura":"Milho"}},{"type":"Feature","geometry":{"type":"Point","coordinates":[-52.21810746276173,-10.35108882745043]},"properties":{"Fazenda":"FE","Campo":"FE 04","produtividade":183.1108,"unidade_produtividade":"sc/ha","pontos_originais":25,"ano":"2026","cultura":"Milho"}},{"type":"Feature","geometry":{"type":"Point","coordinates":[-52.217879153749564,-10.35108969104011]},"properties":{"Fazenda":"FE","Campo":"FE 04","produtividade":186.32960000000003,"unidade_produtividade":"sc/ha","pontos_originais":25,"ano":"2026","cultura":"Milho"}},{"type":"Feature","geometry":{"type":"Point","coordinates":[-52.2094518447584,-10.351270009565907]},"properties":{"Fazenda":"FE","Campo":"FE 04","produtividade":162.3642857142857,"unidade_produtividade":"sc/ha","pontos_originais":7,"ano":"2026","cultura":"Milho"}},{"type":"Feature","geometry":{"type":"Point","coordinates":[-52.20927240894216,-10.351257765662368]},"properties":{"Fazenda":"FE","Campo":"FE 04","produtividade":157.95,"unidade_produtividade":"sc/ha","pontos_originais":2,"ano":"2026","cultura":"Milho"}},{"type":"Feature","geometry":{"type":"Point","coordinates":[-52.2215390939453,-10.352884316576814]},"properties":{"Fazenda":"FE","Campo":"FE 04","produtividade":151.5448,"unidade_produtividade":"sc/ha","pontos_originais":25,"ano":"2026","cultura":"Milho"}},{"type":"Feature","geometry":{"type":"Point","coordinates":[-52.22176740394282,-10.35288345024408]},"properties":{"Fazenda":"FE","Campo":"FE 04","produtividade":154.04319999999998,"unidade_produtividade":"sc/ha","pontos_originais":25,"ano":"2026","cultura":"Milho"}},{"type":"Feature","geometry":{"type":"Point","coordinates":[-52.22131078392766,-10.352885182747734]},"properties":{"Fazenda":"FE","Campo":"FE 04","produtividade":147.9472,"unidade_produtividade":"sc/ha","pontos_originais":25,"ano":"2026","cultura":"Milho"}},{"type":"Feature","geometry":{"type":"Point","coordinates":[-52.221082473889844,-10.352886048756845]},"properties":{"Fazenda":"FE","Campo":"FE 04","produtividade":148.9716,"unidade_produtividade":"sc/ha","pontos_originais":25,"ano":"2026","cultura":"Milho"}},{"type":"Feature","geometry":{"type":"Point","coordinates":[-52.22222402387739,-10.352881717093192]},"properties":{"Fazenda":"FE","Campo":"FE 04","produtividade":142.25400000000002,"unidade_produtividade":"sc/ha","pontos_originais":25,"ano":"2026","cultura":"Milho"}},{"type":"Feature","geometry":{"type":"Point","coordinates":[-52.22245233381444,-10.352880850275035]},"properties":{"Fazenda":"FE","Campo":"FE 04","produtividade":135.58360000000002,"unidade_produtividade":"sc/ha","pontos_originais":25,"ano":"2026","cultura":"Milho"}},{"type":"Feature","geometry":{"type":"Point","coordinates":[-52.22199571392019,-10.352882583749542]},"properties":{"Fazenda":"FE","Campo":"FE 04","produtividade":151.386,"unidade_produtividade":"sc/ha","pontos_originais":25,"ano":"2026","cultura":"Milho"}},{"type":"Feature","geometry":{"type":"Point","coordinates":[-52.22016923353727,-10.35288951117519]},"properties":{"Fazenda":"FE","Campo":"FE 04","produtividade":154.9712,"unidade_produtividade":"sc/ha","pontos_originais":25,"ano":"2026","cultura":"Milho"}},{"type":"Feature","geometry":{"type":"Point","coordinates":[-52.219940923398816,-10.352890376375246]},"properties":{"Fazenda":"FE","Campo":"FE 04","produtividade":159.476,"unidade_produtividade":"sc/ha","pontos_originais":25,"ano":"2026","cultura":"Milho"}},{"type":"Feature","geometry":{"type":"Point","coordinates":[-52.219712613240226,-10.352891241413502]},"properties":{"Fazenda":"FE","Campo":"FE 04","produtividade":169.6916,"unidade_produtividade":"sc/ha","pontos_originais":25,"ano":"2026","cultura":"Milho"}},{"type":"Feature","geometry":{"type":"Point","coordinates":[-52.21948430306153,-10.35289210628994]},"properties":{"Fazenda":"FE","Campo":"FE 04","produtividade":177.80199999999996,"unidade_produtividade":"sc/ha","pontos_originais":25,"ano":"2026","cultura":"Milho"}},{"type":"Feature","geometry":{"type":"Point","coordinates":[-52.220854163831916,-10.352886914604147]},"properties":{"Fazenda":"FE","Campo":"FE 04","produtividade":151.65520000000004,"unidade_produtividade":"sc/ha","pontos_originais":25,"ano":"2026","cultura":"Milho"}},{"type":"Feature","geometry":{"type":"Point","coordinates":[-52.22062585375384,-10.352887780289636]},"properties":{"Fazenda":"FE","Campo":"FE 04","produtividade":152.9224,"unidade_produtividade":"sc/ha","pontos_originais":25,"ano":"2026","cultura":"Milho"}},{"type":"Feature","geometry":{"type":"Point","coordinates":[-52.22039754365563,-10.352888645813318]},"properties":{"Fazenda":"FE","Campo":"FE 04","produtividade":153.8216,"unidade_produtividade":"sc/ha","pontos_originais":25,"ano":"2026","cultura":"Milho"}},{"type":"Feature","geometry":{"type":"Point","coordinates":[-52.21583133746929,-10.352905922306707]},"properties":{"Fazenda":"FE","Campo":"FE 04","produtividade":192.5652,"unidade_produtividade":"sc/ha","pontos_originais":25,"ano":"2026","cultura":"Milho"}},{"type":"Feature","geometry":{"type":"Point","coordinates":[-52.21605964796936,-10.352905060019241]},"properties":{"Fazenda":"FE","Campo":"FE 04","produtividade":192.9932,"unidade_produtividade":"sc/ha","pontos_originais":25,"ano":"2026","cultura":"Milho"}},{"type":"Feature","geometry":{"type":"Point","coordinates":[-52.21560302694915,-10.352906784432356]},"properties":{"Fazenda":"FE","Campo":"FE 04","produtividade":191.74040000000002,"unidade_produtividade":"sc/ha","pontos_originais":25,"ano":"2026","cultura":"Milho"}},{"type":"Feature","geometry":{"type":"Point","coordinates":[-52.21537471640896,-10.352907646396199]},"properties":{"Fazenda":"FE","Campo":"FE 04","produtividade":189.76399999999998,"unidade_produtividade":"sc/ha","pontos_originais":25,"ano":"2026","cultura":"Milho"}},{"type":"Feature","geometry":{"type":"Point","coordinates":[-52.21651626890934,-10.35290333495888]},"properties":{"Fazenda":"FE","Campo":"FE 04","produtividade":192.06160000000003,"unidade_produtividade":"sc/ha","pontos_originais":25,"ano":"2026","cultura":"Milho"}},{"type":"Feature","geometry":{"type":"Point","coordinates":[-52.216744579349225,-10.352902472185983]},"properties":{"Fazenda":"FE","Campo":"FE 04","produtividade":192.0636,"unidade_produtividade":"sc/ha","pontos_originais":25,"ano":"2026","cultura":"Milho"}},{"type":"Feature","geometry":{"type":"Point","coordinates":[-52.21628795844938,-10.352904197569964]},"properties":{"Fazenda":"FE","Campo":"FE 04","produtividade":192.25239999999997,"unidade_produtividade":"sc/ha","pontos_originais":25,"ano":"2026","cultura":"Milho"}},{"type":"Feature","geometry":{"type":"Point","coordinates":[-52.2144614740478,-10.352911092633446]},"properties":{"Fazenda":"FE","Campo":"FE 04","produtividade":165.77039999999997,"unidade_produtividade":"sc/ha","pontos_originais":25,"ano":"2026","cultura":"Milho"}},{"type":"Feature","geometry":{"type":"Point","coordinates":[-52.214233163407435,-10.35291195378823]},"properties":{"Fazenda":"FE","Campo":"FE 04","produtividade":166.1,"unidade_produtividade":"sc/ha","pontos_originais":25,"ano":"2026","cultura":"Milho"}},{"type":"Feature","geometry":{"type":"Point","coordinates":[-52.214039801536444,-10.352920661646255]},"properties":{"Fazenda":"FE","Campo":"FE 04","produtividade":173.13176470588235,"unidade_produtividade":"sc/ha","pontos_originais":17,"ano":"2026","cultura":"Milho"}},{"type":"Feature","geometry":{"type":"Point","coordinates":[-52.222656231650454,-10.352925288208818]},"properties":{"Fazenda":"FE","Campo":"FE 04","produtividade":138.84230769230768,"unidade_produtividade":"sc/ha","pontos_originais":13,"ano":"2026","cultura":"Milho"}},{"type":"Feature","geometry":{"type":"Point","coordinates":[-52.21514640584872,-10.35290850819823]},"properties":{"Fazenda":"FE","Campo":"FE 04","produtividade":189.29120000000003,"unidade_produtividade":"sc/ha","pontos_originais":25,"ano":"2026","cultura":"Milho"}},{"type":"Feature","geometry":{"type":"Point","coordinates":[-52.21491809526847,-10.352909369838446]},"properties":{"Fazenda":"FE","Campo":"FE 04","produtividade":184.9856,"unidade_produtividade":"sc/ha","pontos_originais":25,"ano":"2026","cultura":"Milho"}},{"type":"Feature","geometry":{"type":"Point","coordinates":[-52.214689784668145,-10.352910231316853]},"properties":{"Fazenda":"FE","Campo":"FE 04","produtividade":173.5932,"unidade_produtividade":"sc/ha","pontos_originais":25,"ano":"2026","cultura":"Milho"}},{"type":"Feature","geometry":{"type":"Point","coordinates":[-52.21857106214559,-10.352895564177595]},"properties":{"Fazenda":"FE","Campo":"FE 04","produtividade":180.8908,"unidade_produtividade":"sc/ha","pontos_originais":25,"ano":"2026","cultura":"Milho"}},{"type":"Feature","geometry":{"type":"Point","coordinates":[-52.21879937240474,-10.352894699948395]},"properties":{"Fazenda":"FE","Campo":"FE 04","produtividade":181.49680000000004,"unidade_produtividade":"sc/ha","pontos_originais":25,"ano":"2026","cultura":"Milho"}},{"type":"Feature","geometry":{"type":"Point","coordinates":[-52.218342751866345,-10.352896428244978]},"properties":{"Fazenda":"FE","Campo":"FE 04","produtividade":180.57800000000003,"unidade_produtividade":"sc/ha","pontos_originais":25,"ano":"2026","cultura":"Milho"}},{"type":"Feature","geometry":{"type":"Point","coordinates":[-52.218114441567025,-10.352897292150555]},"properties":{"Fazenda":"FE","Campo":"FE 04","produtividade":182.45120000000003,"unidade_produtividade":"sc/ha","pontos_originais":25,"ano":"2026","cultura":"Milho"}},{"type":"Feature","geometry":{"type":"Point","coordinates":[-52.2192559928627,-10.35289297100457]},"properties":{"Fazenda":"FE","Campo":"FE 04","produtividade":182.22080000000003,"unidade_produtividade":"sc/ha","pontos_originais":25,"ano":"2026","cultura":"Milho"}},{"type":"Feature","geometry":{"type":"Point","coordinates":[-52.21902768264376,-10.352893835557389]},"properties":{"Fazenda":"FE","Campo":"FE 04","produtividade":182.80879999999996,"unidade_produtividade":"sc/ha","pontos_originais":25,"ano":"2026","cultura":"Milho"}},{"type":"Feature","geometry":{"type":"Point","coordinates":[-52.2172012001688,-10.352900746154749]},"properties":{"Fazenda":"FE","Campo":"FE 04","produtividade":192.22679999999997,"unidade_produtividade":"sc/ha","pontos_originais":25,"ano":"2026","cultura":"Milho"}},{"type":"Feature","geometry":{"type":"Point","coordinates":[-52.21697288976907,-10.352901609251271]},"properties":{"Fazenda":"FE","Campo":"FE 04","produtividade":192.5528,"unidade_produtividade":"sc/ha","pontos_originais":25,"ano":"2026","cultura":"Milho"}},{"type":"Feature","geometry":{"type":"Point","coordinates":[-52.21788613124759,-10.352898155894323]},"properties":{"Fazenda":"FE","Campo":"FE 04","produtividade":185.51440000000002,"unidade_produtividade":"sc/ha","pontos_originais":25,"ano":"2026","cultura":"Milho"}},{"type":"Feature","geometry":{"type":"Point","coordinates":[-52.21765782090808,-10.352899019476276]},"properties":{"Fazenda":"FE","Campo":"FE 04","produtividade":189.12520000000004,"unidade_produtividade":"sc/ha","pontos_originais":25,"ano":"2026","cultura":"Milho"}},{"type":"Feature","geometry":{"type":"Point","coordinates":[-52.21742951054849,-10.352899882896418]},"properties":{"Fazenda":"FE","Campo":"FE 04","produtividade":191.09480000000002,"unidade_produtividade":"sc/ha","pontos_originais":25,"ano":"2026","cultura":"Milho"}},{"type":"Feature","geometry":{"type":"Point","coordinates":[-52.22281797999236,-10.352969886106548]},"properties":{"Fazenda":"FE","Campo":"FE 04","produtividade":133.06,"unidade_produtividade":"sc/ha","pontos_originais":1,"ano":"2026","cultura":"Milho"}},{"type":"Feature","geometry":{"type":"Point","coordinates":[-52.21765694881394,-10.352672961361577]},"properties":{"Fazenda":"FE","Campo":"FE 04","produtividade":184.65160000000003,"unidade_produtividade":"sc/ha","pontos_originais":25,"ano":"2026","cultura":"Milho"}},{"type":"Feature","geometry":{"type":"Point","coordinates":[-52.21742863861777,-10.35267382476247]},"properties":{"Fazenda":"FE","Campo":"FE 04","produtividade":185.61999999999998,"unidade_produtividade":"sc/ha","pontos_originais":25,"ano":"2026","cultura":"Milho"}},{"type":"Feature","geometry":{"type":"Point","coordinates":[-52.2172003284015,-10.35267468800155]},"properties":{"Fazenda":"FE","Campo":"FE 04","produtividade":187.44719999999995,"unidade_produtividade":"sc/ha","pontos_originais":25,"ano":"2026","cultura":"Milho"}},{"type":"Feature","geometry":{"type":"Point","coordinates":[-52.21697201816519,-10.352675551078825]},"properties":{"Fazenda":"FE","Campo":"FE 04","produtividade":187.59560000000005,"unidade_produtividade":"sc/ha","pontos_originais":25,"ano":"2026","cultura":"Milho"}},{"type":"Feature","geometry":{"type":"Point","coordinates":[-52.21834187928195,-10.352670370188067]},"properties":{"Fazenda":"FE","Campo":"FE 04","produtividade":182.17919999999995,"unidade_produtividade":"sc/ha","pontos_originais":25,"ano":"2026","cultura":"Milho"}},{"type":"Feature","geometry":{"type":"Point","coordinates":[-52.218113569146034,-10.35267123407438]},"properties":{"Fazenda":"FE","Campo":"FE 04","produtividade":181.92000000000004,"unidade_produtividade":"sc/ha","pontos_originais":25,"ano":"2026","cultura":"Milho"}},{"type":"Feature","geometry":{"type":"Point","coordinates":[-52.21788525899003,-10.352672097798882]},"properties":{"Fazenda":"FE","Campo":"FE 04","produtividade":182.25639999999999,"unidade_produtividade":"sc/ha","pontos_originais":25,"ano":"2026","cultura":"Milho"}},{"type":"Feature","geometry":{"type":"Point","coordinates":[-52.21605877701914,-10.352679001769848]},"properties":{"Fazenda":"FE","Campo":"FE 04","produtividade":192.39679999999996,"unidade_produtividade":"sc/ha","pontos_originais":25,"ano":"2026","cultura":"Milho"}},{"type":"Feature","geometry":{"type":"Point","coordinates":[-52.21628708733576,-10.352678139339808]},"properties":{"Fazenda":"FE","Campo":"FE 04","produtividade":191.7096,"unidade_produtividade":"sc/ha","pontos_originais":25,"ano":"2026","cultura":"Milho"}},{"type":"Feature","geometry":{"type":"Point","coordinates":[-52.21583046668249,-10.352679864038084]},"properties":{"Fazenda":"FE","Campo":"FE 04","produtividade":192.1088,"unidade_produtividade":"sc/ha","pontos_originais":25,"ano":"2026","cultura":"Milho"}},{"type":"Feature","geometry":{"type":"Point","coordinates":[-52.21560215632576,-10.352680726144513]},"properties":{"Fazenda":"FE","Campo":"FE 04","produtividade":190.842,"unidade_produtividade":"sc/ha","pontos_originais":25,"ano":"2026","cultura":"Milho"}},{"type":"Feature","geometry":{"type":"Point","coordinates":[-52.21674370790876,-10.352676413994294]},"properties":{"Fazenda":"FE","Campo":"FE 04","produtividade":188.89600000000007,"unidade_produtividade":"sc/ha","pontos_originais":25,"ano":"2026","cultura":"Milho"}},{"type":"Feature","geometry":{"type":"Point","coordinates":[-52.2165153976323,-10.352677276747952]},"properties":{"Fazenda":"FE","Campo":"FE 04","produtividade":190.25480000000007,"unidade_produtividade":"sc/ha","pontos_originais":25,"ano":"2026","cultura":"Milho"}},{"type":"Feature","geometry":{"type":"Point","coordinates":[-52.22062497953525,-10.35266172242557]},"properties":{"Fazenda":"FE","Campo":"FE 04","produtividade":158.1968,"unidade_produtividade":"sc/ha","pontos_originais":25,"ano":"2026","cultura":"Milho"}},{"type":"Feature","geometry":{"type":"Point","coordinates":[-52.22039666960045,-10.352662587929949]},"properties":{"Fazenda":"FE","Campo":"FE 04","produtividade":157.37840000000003,"unidade_produtividade":"sc/ha","pontos_originais":25,"ano":"2026","cultura":"Milho"}},{"type":"Feature","geometry":{"type":"Point","coordinates":[-52.220168359645534,-10.352663453272523]},"properties":{"Fazenda":"FE","Campo":"FE 04","produtividade":155.8392,"unidade_produtividade":"sc/ha","pontos_originais":25,"ano":"2026","cultura":"Milho"}},{"type":"Feature","geometry":{"type":"Point","coordinates":[-52.219940049670484,-10.352664318453288]},"properties":{"Fazenda":"FE","Campo":"FE 04","produtividade":159.022,"unidade_produtividade":"sc/ha","pontos_originais":25,"ano":"2026","cultura":"Milho"}},{"type":"Feature","geometry":{"type":"Point","coordinates":[-52.221309909218824,-10.352659124941589]},"properties":{"Fazenda":"FE","Campo":"FE 04","produtividade":143.87520000000004,"unidade_produtividade":"sc/ha","pontos_originais":25,"ano":"2026","cultura":"Milho"}},{"type":"Feature","geometry":{"type":"Point","coordinates":[-52.221081599344444,-10.352659990931388]},"properties":{"Fazenda":"FE","Campo":"FE 04","produtividade":148.81520000000003,"unidade_produtividade":"sc/ha","pontos_originais":25,"ano":"2026","cultura":"Milho"}},{"type":"Feature","geometry":{"type":"Point","coordinates":[-52.220853289449906,-10.35266085675938]},"properties":{"Fazenda":"FE","Campo":"FE 04","produtividade":154.4528,"unidade_produtividade":"sc/ha","pontos_originais":25,"ano":"2026","cultura":"Milho"}},{"type":"Feature","geometry":{"type":"Point","coordinates":[-52.219026809569115,-10.35266777755829]},"properties":{"Fazenda":"FE","Campo":"FE 04","produtividade":183.278,"unidade_produtividade":"sc/ha","pontos_originais":25,"ano":"2026","cultura":"Milho"}},{"type":"Feature","geometry":{"type":"Point","coordinates":[-52.21925511962462,-10.35266691302475]},"properties":{"Fazenda":"FE","Campo":"FE 04","produtividade":181.99519999999995,"unidade_produtividade":"sc/ha","pontos_originais":25,"ano":"2026","cultura":"Milho"}},{"type":"Feature","geometry":{"type":"Point","coordinates":[-52.218798499493495,-10.352668641930025]},"properties":{"Fazenda":"FE","Campo":"FE 04","produtividade":182.90640000000002,"unidade_produtividade":"sc/ha","pontos_originais":25,"ano":"2026","cultura":"Milho"}},{"type":"Feature","geometry":{"type":"Point","coordinates":[-52.21857018939778,-10.35266950613995]},"properties":{"Fazenda":"FE","Campo":"FE 04","produtividade":183.49199999999996,"unidade_produtividade":"sc/ha","pontos_originais":25,"ano":"2026","cultura":"Milho"}},{"type":"Feature","geometry":{"type":"Point","coordinates":[-52.21971173967531,-10.352665183472249]},"properties":{"Fazenda":"FE","Campo":"FE 04","produtividade":168.53,"unidade_produtividade":"sc/ha","pontos_originais":25,"ano":"2026","cultura":"Milho"}},{"type":"Feature","geometry":{"type":"Point","coordinates":[-52.21948342966003,-10.352666048329406]},"properties":{"Fazenda":"FE","Campo":"FE 04","produtividade":177.27000000000004,"unidade_produtividade":"sc/ha","pontos_originais":25,"ano":"2026","cultura":"Milho"}},{"type":"Feature","geometry":{"type":"Point","coordinates":[-52.21468891469846,-10.352684172952143]},"properties":{"Fazenda":"FE","Campo":"FE 04","produtividade":168.50839999999997,"unidade_produtividade":"sc/ha","pontos_originais":25,"ano":"2026","cultura":"Milho"}},{"type":"Feature","geometry":{"type":"Point","coordinates":[-52.21446060424154,-10.35268503424953]},"properties":{"Fazenda":"FE","Campo":"FE 04","produtividade":159.53840000000002,"unidade_produtividade":"sc/ha","pontos_originais":25,"ano":"2026","cultura":"Milho"}},{"type":"Feature","geometry":{"type":"Point","coordinates":[-52.214232293764574,-10.352685895385115]},"properties":{"Fazenda":"FE","Campo":"FE 04","produtividade":157.46720000000002,"unidade_produtividade":"sc/ha","pontos_originais":25,"ano":"2026","cultura":"Milho"}},{"type":"Feature","geometry":{"type":"Point","coordinates":[-52.21405671043702,-10.352696991157272]},"properties":{"Fazenda":"FE","Campo":"FE 04","produtividade":164.08615384615385,"unidade_produtividade":"sc/ha","pontos_originais":13,"ano":"2026","cultura":"Milho"}},{"type":"Feature","geometry":{"type":"Point","coordinates":[-52.21537384594902,-10.352681588089135]},"properties":{"Fazenda":"FE","Campo":"FE 04","produtividade":189.7152,"unidade_produtividade":"sc/ha","pontos_originais":25,"ano":"2026","cultura":"Milho"}},{"type":"Feature","geometry":{"type":"Point","coordinates":[-52.2151455355522,-10.352682449871946]},"properties":{"Fazenda":"FE","Campo":"FE 04","produtividade":190.60040000000004,"unidade_produtividade":"sc/ha","pontos_originais":25,"ano":"2026","cultura":"Milho"}},{"type":"Feature","geometry":{"type":"Point","coordinates":[-52.21491722513533,-10.35268331149295]},"properties":{"Fazenda":"FE","Campo":"FE 04","produtividade":187.60080000000002,"unidade_produtividade":"sc/ha","pontos_originais":25,"ano":"2026","cultura":"Milho"}},{"type":"Feature","geometry":{"type":"Point","coordinates":[-52.22153821907306,-10.352658258789981]},"properties":{"Fazenda":"FE","Campo":"FE 04","produtividade":143.0548,"unidade_produtividade":"sc/ha","pontos_originais":25,"ano":"2026","cultura":"Milho"}},{"type":"Feature","geometry":{"type":"Point","coordinates":[-52.22221233497967,-10.35267077115185]},"properties":{"Fazenda":"FE","Campo":"FE 04","produtividade":115.47190476190474,"unidade_produtividade":"sc/ha","pontos_originais":21,"ano":"2026","cultura":"Milho"}},{"type":"Feature","geometry":{"type":"Point","coordinates":[-52.2219948387211,-10.352656526001349]},"properties":{"Fazenda":"FE","Campo":"FE 04","produtividade":126.6828,"unidade_produtividade":"sc/ha","pontos_originais":25,"ano":"2026","cultura":"Milho"}},{"type":"Feature","geometry":{"type":"Point","coordinates":[-52.221766528907146,-10.352657392476567]},"properties":{"Fazenda":"FE","Campo":"FE 04","produtividade":136.5016,"unidade_produtividade":"sc/ha","pontos_originais":25,"ano":"2026","cultura":"Milho"}},{"type":"Feature","geometry":{"type":"Point","coordinates":[-52.22239694409889,-10.352727339085543]},"properties":{"Fazenda":"FE","Campo":"FE 04","produtividade":115.86800000000001,"unidade_produtividade":"sc/ha","pontos_originais":5,"ano":"2026","cultura":"Milho"}},{"type":"Feature","geometry":{"type":"Point","coordinates":[-52.21651365513841,-10.352225160316381]},"properties":{"Fazenda":"FE","Campo":"FE 04","produtividade":182.25480000000005,"unidade_produtividade":"sc/ha","pontos_originais":25,"ano":"2026","cultura":"Milho"}},{"type":"Feature","geometry":{"type":"Point","coordinates":[-52.21628534516868,-10.352226022869761]},"properties":{"Fazenda":"FE","Campo":"FE 04","produtividade":182.30919999999995,"unidade_produtividade":"sc/ha","pontos_originais":25,"ano":"2026","cultura":"Milho"}},{"type":"Feature","geometry":{"type":"Point","coordinates":[-52.21605703517889,-10.352226885261343]},"properties":{"Fazenda":"FE","Campo":"FE 04","produtividade":183.42880000000002,"unidade_produtividade":"sc/ha","pontos_originais":25,"ano":"2026","cultura":"Milho"}},{"type":"Feature","geometry":{"type":"Point","coordinates":[-52.2158287251691,-10.352227747491122]},"properties":{"Fazenda":"FE","Campo":"FE 04","produtividade":181.688,"unidade_produtividade":"sc/ha","pontos_originais":25,"ano":"2026","cultura":"Milho"}},{"type":"Feature","geometry":{"type":"Point","coordinates":[-52.21719858492714,-10.352222571685438]},"properties":{"Fazenda":"FE","Campo":"FE 04","produtividade":184.08519999999996,"unidade_produtividade":"sc/ha","pontos_originais":25,"ano":"2026","cultura":"Milho"}},{"type":"Feature","geometry":{"type":"Point","coordinates":[-52.21697027501761,-10.35222343472422]},"properties":{"Fazenda":"FE","Campo":"FE 04","produtividade":182.84839999999994,"unidade_produtividade":"sc/ha","pontos_originais":25,"ano":"2026","cultura":"Milho"}},{"type":"Feature","geometry":{"type":"Point","coordinates":[-52.21674196508805,-10.352224297601202]},"properties":{"Fazenda":"FE","Campo":"FE 04","produtividade":182.66479999999999,"unidade_produtividade":"sc/ha","pontos_originais":25,"ano":"2026","cultura":"Milho"}},{"type":"Feature","geometry":{"type":"Point","coordinates":[-52.21491548492925,-10.35223119479223]},"properties":{"Fazenda":"FE","Campo":"FE 04","produtividade":181.8116,"unidade_produtividade":"sc/ha","pontos_originais":25,"ano":"2026","cultura":"Milho"}},{"type":"Feature","geometry":{"type":"Point","coordinates":[-52.21514379501927,-10.352230333209654]},"properties":{"Fazenda":"FE","Campo":"FE 04","produtividade":181.8024,"unidade_produtividade":"sc/ha","pontos_originais":25,"ano":"2026","cultura":"Milho"}},{"type":"Feature","geometry":{"type":"Point","coordinates":[-52.214687174819176,-10.352232056213008]},"properties":{"Fazenda":"FE","Campo":"FE 04","produtividade":168.9788,"unidade_produtividade":"sc/ha","pontos_originais":25,"ano":"2026","cultura":"Milho"}},{"type":"Feature","geometry":{"type":"Point","coordinates":[-52.21445886468909,-10.352232917471982]},"properties":{"Fazenda":"FE","Campo":"FE 04","produtividade":156.02160000000003,"unidade_produtividade":"sc/ha","pontos_originais":25,"ano":"2026","cultura":"Milho"}},{"type":"Feature","geometry":{"type":"Point","coordinates":[-52.215600415139185,-10.352228609559104]},"properties":{"Fazenda":"FE","Campo":"FE 04","produtividade":180.13999999999996,"unidade_produtividade":"sc/ha","pontos_originais":25,"ano":"2026","cultura":"Milho"}},{"type":"Feature","geometry":{"type":"Point","coordinates":[-52.21537210508925,-10.352229471465277]},"properties":{"Fazenda":"FE","Campo":"FE 04","produtividade":179.7048,"unidade_produtividade":"sc/ha","pontos_originais":25,"ano":"2026","cultura":"Milho"}},{"type":"Feature","geometry":{"type":"Point","coordinates":[-52.21925337320883,-10.352214797055392]},"properties":{"Fazenda":"FE","Campo":"FE 04","produtividade":186.53799999999995,"unidade_produtividade":"sc/ha","pontos_originais":25,"ano":"2026","cultura":"Milho"}},{"type":"Feature","geometry":{"type":"Point","coordinates":[-52.21948168291738,-10.35221393239861]},"properties":{"Fazenda":"FE","Campo":"FE 04","produtividade":185.52199999999996,"unidade_produtividade":"sc/ha","pontos_originais":25,"ano":"2026","cultura":"Milho"}},{"type":"Feature","geometry":{"type":"Point","coordinates":[-52.21902506348013,-10.352215661550376]},"properties":{"Fazenda":"FE","Campo":"FE 04","produtividade":187.0387999999999,"unidade_produtividade":"sc/ha","pontos_originais":25,"ano":"2026","cultura":"Milho"}},{"type":"Feature","geometry":{"type":"Point","coordinates":[-52.21879675373132,-10.352216525883557]},"properties":{"Fazenda":"FE","Campo":"FE 04","produtividade":185.83640000000003,"unidade_produtividade":"sc/ha","pontos_originais":25,"ano":"2026","cultura":"Milho"}},{"type":"Feature","geometry":{"type":"Point","coordinates":[-52.2201666119224,-10.352211337457469]},"properties":{"Fazenda":"FE","Campo":"FE 04","produtividade":154.74200000000002,"unidade_produtividade":"sc/ha","pontos_originais":25,"ano":"2026","cultura":"Milho"}},{"type":"Feature","geometry":{"type":"Point","coordinates":[-52.21993830227419,-10.352212202599649]},"properties":{"Fazenda":"FE","Campo":"FE 04","produtividade":165.53239999999997,"unidade_produtividade":"sc/ha","pontos_originais":25,"ano":"2026","cultura":"Milho"}},{"type":"Feature","geometry":{"type":"Point","coordinates":[-52.21970999260585,-10.352213067580028]},"properties":{"Fazenda":"FE","Campo":"FE 04","produtividade":176.27320000000003,"unidade_produtividade":"sc/ha","pontos_originais":25,"ano":"2026","cultura":"Milho"}},{"type":"Feature","geometry":{"type":"Point","coordinates":[-52.21788351453518,-10.352219981598289]},"properties":{"Fazenda":"FE","Campo":"FE 04","produtividade":184.95880000000005,"unidade_produtividade":"sc/ha","pontos_originais":25,"ano":"2026","cultura":"Milho"}},{"type":"Feature","geometry":{"type":"Point","coordinates":[-52.217655204685926,-10.352220845122472]},"properties":{"Fazenda":"FE","Campo":"FE 04","produtividade":184.78719999999998,"unidade_produtividade":"sc/ha","pontos_originais":25,"ano":"2026","cultura":"Milho"}},{"type":"Feature","geometry":{"type":"Point","coordinates":[-52.217426894816555,-10.352221708484858]},"properties":{"Fazenda":"FE","Campo":"FE 04","produtividade":184.31759999999994,"unidade_produtividade":"sc/ha","pontos_originais":25,"ano":"2026","cultura":"Milho"}},{"type":"Feature","geometry":{"type":"Point","coordinates":[-52.21856844396244,-10.35221739005494]},"properties":{"Fazenda":"FE","Campo":"FE 04","produtividade":184.03400000000002,"unidade_produtividade":"sc/ha","pontos_originais":25,"ano":"2026","cultura":"Milho"}},{"type":"Feature","geometry":{"type":"Point","coordinates":[-52.21834013417343,-10.352218254064526]},"properties":{"Fazenda":"FE","Campo":"FE 04","produtividade":183.32199999999997,"unidade_produtividade":"sc/ha","pontos_originais":25,"ano":"2026","cultura":"Milho"}},{"type":"Feature","geometry":{"type":"Point","coordinates":[-52.21811182436435,-10.352219117912307]},"properties":{"Fazenda":"FE","Campo":"FE 04","produtividade":183.31040000000002,"unidade_produtividade":"sc/ha","pontos_originais":25,"ano":"2026","cultura":"Milho"}},{"type":"Feature","geometry":{"type":"Point","coordinates":[-52.218341006717665,-10.352444312127913]},"properties":{"Fazenda":"FE","Campo":"FE 04","produtividade":182.91800000000003,"unidade_produtividade":"sc/ha","pontos_originais":25,"ano":"2026","cultura":"Milho"}},{"type":"Feature","geometry":{"type":"Point","coordinates":[-52.21856931667005,-10.352443448099063]},"properties":{"Fazenda":"FE","Campo":"FE 04","produtividade":184.6408,"unidade_produtividade":"sc/ha","pontos_originais":25,"ano":"2026","cultura":"Milho"}},{"type":"Feature","geometry":{"type":"Point","coordinates":[-52.218112696745166,-10.352445175994962]},"properties":{"Fazenda":"FE","Campo":"FE 04","produtividade":182.4072,"unidade_produtividade":"sc/ha","pontos_originais":25,"ano":"2026","cultura":"Milho"}},{"type":"Feature","geometry":{"type":"Point","coordinates":[-52.21788438675259,-10.352446039700208]},"properties":{"Fazenda":"FE","Campo":"FE 04","produtividade":183.24040000000002,"unidade_produtividade":"sc/ha","pontos_originais":25,"ano":"2026","cultura":"Milho"}},{"type":"Feature","geometry":{"type":"Point","coordinates":[-52.21902593651456,-10.352441719555951]},"properties":{"Fazenda":"FE","Campo":"FE 04","produtividade":185.99000000000004,"unidade_produtividade":"sc/ha","pontos_originais":25,"ano":"2026","cultura":"Milho"}},{"type":"Feature","geometry":{"type":"Point","coordinates":[-52.21925424640666,-10.35244085504169]},"properties":{"Fazenda":"FE","Campo":"FE 04","produtividade":185.05480000000003,"unidade_produtividade":"sc/ha","pontos_originais":25,"ano":"2026","cultura":"Milho"}},{"type":"Feature","geometry":{"type":"Point","coordinates":[-52.21879762660237,-10.352442583908411]},"properties":{"Fazenda":"FE","Campo":"FE 04","produtividade":185.52,"unidade_produtividade":"sc/ha","pontos_originais":25,"ano":"2026","cultura":"Milho"}},{"type":"Feature","geometry":{"type":"Point","coordinates":[-52.21697114658137,-10.352449492903142]},"properties":{"Fazenda":"FE","Campo":"FE 04","produtividade":182.688,"unidade_produtividade":"sc/ha","pontos_originais":25,"ano":"2026","cultura":"Milho"}},{"type":"Feature","geometry":{"type":"Point","coordinates":[-52.21674283648837,-10.352450355799368]},"properties":{"Fazenda":"FE","Campo":"FE 04","produtividade":183.8532,"unidade_produtividade":"sc/ha","pontos_originais":25,"ano":"2026","cultura":"Milho"}},{"type":"Feature","geometry":{"type":"Point","coordinates":[-52.216514526375306,-10.352451218533789]},"properties":{"Fazenda":"FE","Campo":"FE 04","produtividade":184.1104,"unidade_produtividade":"sc/ha","pontos_originais":25,"ano":"2026","cultura":"Milho"}},{"type":"Feature","geometry":{"type":"Point","coordinates":[-52.216286216242196,-10.352452081106403]},"properties":{"Fazenda":"FE","Campo":"FE 04","produtividade":185.0952,"unidade_produtividade":"sc/ha","pontos_originais":25,"ano":"2026","cultura":"Milho"}},{"type":"Feature","geometry":{"type":"Point","coordinates":[-52.217656076739885,-10.352446903243647]},"properties":{"Fazenda":"FE","Campo":"FE 04","produtividade":182.4688,"unidade_produtividade":"sc/ha","pontos_originais":25,"ano":"2026","cultura":"Milho"}},{"type":"Feature","geometry":{"type":"Point","coordinates":[-52.21742776670712,-10.352447766625284]},"properties":{"Fazenda":"FE","Campo":"FE 04","produtividade":182.40400000000002,"unidade_produtividade":"sc/ha","pontos_originais":25,"ano":"2026","cultura":"Milho"}},{"type":"Feature","geometry":{"type":"Point","coordinates":[-52.21719945665428,-10.352448629845114]},"properties":{"Fazenda":"FE","Campo":"FE 04","produtividade":182.58200000000005,"unidade_produtividade":"sc/ha","pontos_originais":25,"ano":"2026","cultura":"Milho"}},{"type":"Feature","geometry":{"type":"Point","coordinates":[-52.221309034530144,-10.352433067132202]},"properties":{"Fazenda":"FE","Campo":"FE 04","produtividade":132.28439999999998,"unidade_produtividade":"sc/ha","pontos_originais":25,"ano":"2026","cultura":"Milho"}},{"type":"Feature","geometry":{"type":"Point","coordinates":[-52.221080724819174,-10.352433933102688]},"properties":{"Fazenda":"FE","Campo":"FE 04","produtividade":142.02920000000003,"unidade_produtividade":"sc/ha","pontos_originais":25,"ano":"2026","cultura":"Milho"}},{"type":"Feature","geometry":{"type":"Point","coordinates":[-52.22085241508807,-10.352434798911375]},"properties":{"Fazenda":"FE","Campo":"FE 04","produtividade":148.90879999999999,"unidade_produtividade":"sc/ha","pontos_originais":25,"ano":"2026","cultura":"Milho"}},{"type":"Feature","geometry":{"type":"Point","coordinates":[-52.22062410533681,-10.352435664558259]},"properties":{"Fazenda":"FE","Campo":"FE 04","produtividade":154.7084,"unidade_produtividade":"sc/ha","pontos_originais":25,"ano":"2026","cultura":"Milho"}},{"type":"Feature","geometry":{"type":"Point","coordinates":[-52.21423055453895,-10.352233778569154]},"properties":{"Fazenda":"FE","Campo":"FE 04","produtividade":147.0356,"unidade_produtividade":"sc/ha","pontos_originais":25,"ano":"2026","cultura":"Milho"}},{"type":"Feature","geometry":{"type":"Point","coordinates":[-52.22176565389164,-10.352431334705816]},"properties":{"Fazenda":"FE","Campo":"FE 04","produtividade":115.0784,"unidade_produtividade":"sc/ha","pontos_originais":25,"ano":"2026","cultura":"Milho"}},{"type":"Feature","geometry":{"type":"Point","coordinates":[-52.21407062874158,-10.352206123942219]},"properties":{"Fazenda":"FE","Campo":"FE 04","produtividade":144.63125,"unidade_produtividade":"sc/ha","pontos_originais":8,"ano":"2026","cultura":"Milho"}},{"type":"Feature","geometry":{"type":"Point","coordinates":[-52.22153734422095,-10.352432200999909]},"properties":{"Fazenda":"FE","Campo":"FE 04","produtividade":125.7184,"unidade_produtividade":"sc/ha","pontos_originais":25,"ano":"2026","cultura":"Milho"}},{"type":"Feature","geometry":{"type":"Point","coordinates":[-52.21993917596228,-10.352438260528091]},"properties":{"Fazenda":"FE","Campo":"FE 04","produtividade":161.4848,"unidade_produtividade":"sc/ha","pontos_originais":25,"ano":"2026","cultura":"Milho"}},{"type":"Feature","geometry":{"type":"Point","coordinates":[-52.21971086613053,-10.352439125527757]},"properties":{"Fazenda":"FE","Campo":"FE 04","produtividade":169.79760000000002,"unidade_produtividade":"sc/ha","pontos_originais":25,"ano":"2026","cultura":"Milho"}},{"type":"Feature","geometry":{"type":"Point","coordinates":[-52.219482556278656,-10.352439990365628]},"properties":{"Fazenda":"FE","Campo":"FE 04","produtividade":180.4532,"unidade_produtividade":"sc/ha","pontos_originais":25,"ano":"2026","cultura":"Milho"}},{"type":"Feature","geometry":{"type":"Point","coordinates":[-52.22039579556544,-10.352436530043338]},"properties":{"Fazenda":"FE","Campo":"FE 04","produtividade":154.7052,"unidade_produtividade":"sc/ha","pontos_originais":25,"ano":"2026","cultura":"Milho"}},{"type":"Feature","geometry":{"type":"Point","coordinates":[-52.22016748577393,-10.352437395366614]},"properties":{"Fazenda":"FE","Campo":"FE 04","produtividade":154.5876,"unidade_produtividade":"sc/ha","pontos_originais":25,"ano":"2026","cultura":"Milho"}},{"type":"Feature","geometry":{"type":"Point","coordinates":[-52.215372975509105,-10.352455529778824]},"properties":{"Fazenda":"FE","Campo":"FE 04","produtividade":186.42280000000002,"unidade_produtividade":"sc/ha","pontos_originais":25,"ano":"2026","cultura":"Milho"}},{"type":"Feature","geometry":{"type":"Point","coordinates":[-52.21560128572244,-10.35245466785343]},"properties":{"Fazenda":"FE","Campo":"FE 04","produtividade":186.38800000000003,"unidade_produtividade":"sc/ha","pontos_originais":25,"ano":"2026","cultura":"Milho"}},{"type":"Feature","geometry":{"type":"Point","coordinates":[-52.21514466527571,-10.352456391542418]},"properties":{"Fazenda":"FE","Campo":"FE 04","produtividade":188.07480000000004,"unidade_produtividade":"sc/ha","pontos_originais":25,"ano":"2026","cultura":"Milho"}},{"type":"Feature","geometry":{"type":"Point","coordinates":[-52.214916355022275,-10.352457253144213]},"properties":{"Fazenda":"FE","Campo":"FE 04","produtividade":186.9,"unidade_produtividade":"sc/ha","pontos_originais":25,"ano":"2026","cultura":"Milho"}},{"type":"Feature","geometry":{"type":"Point","coordinates":[-52.216057906088984,-10.352452943517216]},"properties":{"Fazenda":"FE","Campo":"FE 04","produtividade":186.392,"unidade_produtividade":"sc/ha","pontos_originais":25,"ano":"2026","cultura":"Milho"}},{"type":"Feature","geometry":{"type":"Point","coordinates":[-52.215829595915736,-10.352453805766222]},"properties":{"Fazenda":"FE","Campo":"FE 04","produtividade":186.408,"unidade_produtividade":"sc/ha","pontos_originais":25,"ano":"2026","cultura":"Milho"}},{"type":"Feature","geometry":{"type":"Point","coordinates":[-52.2140773798806,-10.352477372528309]},"properties":{"Fazenda":"FE","Campo":"FE 04","produtividade":153.24625,"unidade_produtividade":"sc/ha","pontos_originais":8,"ano":"2026","cultura":"Milho"}},{"type":"Feature","geometry":{"type":"Point","coordinates":[-52.221969551383886,-10.35247577312013]},"properties":{"Fazenda":"FE","Campo":"FE 04","produtividade":108.86923076923078,"unidade_produtividade":"sc/ha","pontos_originais":13,"ano":"2026","cultura":"Milho"}},{"type":"Feature","geometry":{"type":"Point","coordinates":[-52.2146880447488,-10.352458114584195]},"properties":{"Fazenda":"FE","Campo":"FE 04","produtividade":169.70199999999997,"unidade_produtividade":"sc/ha","pontos_originais":25,"ano":"2026","cultura":"Milho"}},{"type":"Feature","geometry":{"type":"Point","coordinates":[-52.21445973445529,-10.352458975862376]},"properties":{"Fazenda":"FE","Campo":"FE 04","produtividade":158.18599999999998,"unidade_produtividade":"sc/ha","pontos_originais":25,"ano":"2026","cultura":"Milho"}},{"type":"Feature","geometry":{"type":"Point","coordinates":[-52.21423142414175,-10.352459836978749]},"properties":{"Fazenda":"FE","Campo":"FE 04","produtividade":151.6032,"unidade_produtividade":"sc/ha","pontos_originais":25,"ano":"2026","cultura":"Milho"}},{"type":"Feature","geometry":{"type":"Point","coordinates":[-52.222131299431176,-10.35252037140164]},"properties":{"Fazenda":"FE","Campo":"FE 04","produtividade":107.7,"unidade_produtividade":"sc/ha","pontos_originais":1,"ano":"2026","cultura":"Milho"}},{"type":"Feature","geometry":{"type":"Point","coordinates":[-52.22144462073017,-10.352070854995628]},"properties":{"Fazenda":"FE","Campo":"FE 04","produtividade":105.45,"unidade_produtividade":"sc/ha","pontos_originais":1,"ano":"2026","cultura":"Milho"}},{"type":"Feature","geometry":{"type":"Point","coordinates":[-52.220851540746324,-10.352208741060128]},"properties":{"Fazenda":"FE","Campo":"FE 04","produtividade":140.03359999999998,"unidade_produtividade":"sc/ha","pontos_originais":25,"ano":"2026","cultura":"Milho"}},{"type":"Feature","geometry":{"type":"Point","coordinates":[-52.22062323115848,-10.352209606687708]},"properties":{"Fazenda":"FE","Campo":"FE 04","produtividade":146.5128,"unidade_produtividade":"sc/ha","pontos_originais":25,"ano":"2026","cultura":"Milho"}},{"type":"Feature","geometry":{"type":"Point","coordinates":[-52.22039492155052,-10.352210472153486]},"properties":{"Fazenda":"FE","Campo":"FE 04","produtividade":148.8924,"unidade_produtividade":"sc/ha","pontos_originais":25,"ano":"2026","cultura":"Milho"}},{"type":"Feature","geometry":{"type":"Point","coordinates":[-52.221308159861586,-10.352207009319574]},"properties":{"Fazenda":"FE","Campo":"FE 04","produtividade":118.0124,"unidade_produtividade":"sc/ha","pontos_originais":25,"ano":"2026","cultura":"Milho"}},{"type":"Feature","geometry":{"type":"Point","coordinates":[-52.22152565583109,-10.352221254973461]},"properties":{"Fazenda":"FE","Campo":"FE 04","produtividade":109.55142857142857,"unidade_produtividade":"sc/ha","pontos_originais":21,"ano":"2026","cultura":"Milho"}},{"type":"Feature","geometry":{"type":"Point","coordinates":[-52.22107985031402,-10.352207875270752]},"properties":{"Fazenda":"FE","Campo":"FE 04","produtividade":130.4788,"unidade_produtividade":"sc/ha","pontos_originais":25,"ano":"2026","cultura":"Milho"}},{"type":"Feature","geometry":{"type":"Point","coordinates":[-52.2217102646008,-10.352277823346718]},"properties":{"Fazenda":"FE","Campo":"FE 04","produtividade":105.03399999999999,"unidade_produtividade":"sc/ha","pontos_originais":5,"ano":"2026","cultura":"Milho"}},{"type":"Feature","geometry":{"type":"Point","coordinates":[-52.208287561502054,-10.350447638925786]},"properties":{"Fazenda":"FE","Campo":"FE 04","produtividade":175.36720000000003,"unidade_produtividade":"sc/ha","pontos_originais":25,"ano":"2026","cultura":"Milho"}},{"type":"Feature","geometry":{"type":"Point","coordinates":[-52.2085158708645,-10.350446782188337]},"properties":{"Fazenda":"FE","Campo":"FE 04","produtividade":177.03959999999998,"unidade_produtividade":"sc/ha","pontos_originais":25,"ano":"2026","cultura":"Milho"}},{"type":"Feature","geometry":{"type":"Point","coordinates":[-52.2080592521197,-10.35044849550146]},"properties":{"Fazenda":"FE","Campo":"FE 04","produtividade":175.3932,"unidade_produtividade":"sc/ha","pontos_originais":25,"ano":"2026","cultura":"Milho"}},{"type":"Feature","geometry":{"type":"Point","coordinates":[-52.2078309427174,-10.350449351915357]},"properties":{"Fazenda":"FE","Campo":"FE 04","produtividade":172.37560000000002,"unidade_produtividade":"sc/ha","pontos_originais":25,"ano":"2026","cultura":"Milho"}},{"type":"Feature","geometry":{"type":"Point","coordinates":[-52.209200798832214,-10.35044421100535]},"properties":{"Fazenda":"FE","Campo":"FE 04","produtividade":188.0668,"unidade_produtividade":"sc/ha","pontos_originais":25,"ano":"2026","cultura":"Milho"}},{"type":"Feature","geometry":{"type":"Point","coordinates":[-52.20897248952958,-10.350445068228119]},"properties":{"Fazenda":"FE","Campo":"FE 04","produtividade":185.81600000000003,"unidade_produtividade":"sc/ha","pontos_originais":25,"ano":"2026","cultura":"Milho"}},{"type":"Feature","geometry":{"type":"Point","coordinates":[-52.20874418020701,-10.350445925289113]},"properties":{"Fazenda":"FE","Campo":"FE 04","produtividade":181.18560000000002,"unidade_produtividade":"sc/ha","pontos_originais":25,"ano":"2026","cultura":"Milho"}},{"type":"Feature","geometry":{"type":"Point","coordinates":[-52.20691770490905,-10.350452775953213]},"properties":{"Fazenda":"FE","Campo":"FE 04","produtividade":152.69119999999998,"unidade_produtividade":"sc/ha","pontos_originais":25,"ano":"2026","cultura":"Milho"}},{"type":"Feature","geometry":{"type":"Point","coordinates":[-52.2066893954072,-10.350453631558242]},"properties":{"Fazenda":"FE","Campo":"FE 04","produtividade":150.33360000000002,"unidade_produtividade":"sc/ha","pontos_originais":25,"ano":"2026","cultura":"Milho"}},{"type":"Feature","geometry":{"type":"Point","coordinates":[-52.20646108588543,-10.350454487001493]},"properties":{"Fazenda":"FE","Campo":"FE 04","produtividade":151.09200000000004,"unidade_produtividade":"sc/ha","pontos_originais":25,"ano":"2026","cultura":"Milho"}},{"type":"Feature","geometry":{"type":"Point","coordinates":[-52.206232776343775,-10.350455342282974]},"properties":{"Fazenda":"FE","Campo":"FE 04","produtividade":148.7968,"unidade_produtividade":"sc/ha","pontos_originais":25,"ano":"2026","cultura":"Milho"}},{"type":"Feature","geometry":{"type":"Point","coordinates":[-52.2076026332952,-10.350450208167484]},"properties":{"Fazenda":"FE","Campo":"FE 04","produtividade":166.52439999999999,"unidade_produtividade":"sc/ha","pontos_originais":25,"ano":"2026","cultura":"Milho"}},{"type":"Feature","geometry":{"type":"Point","coordinates":[-52.20737432385305,-10.350451064257832]},"properties":{"Fazenda":"FE","Campo":"FE 04","produtividade":159.0828,"unidade_produtividade":"sc/ha","pontos_originais":25,"ano":"2026","cultura":"Milho"}},{"type":"Feature","geometry":{"type":"Point","coordinates":[-52.20714601439102,-10.35045192018641]},"properties":{"Fazenda":"FE","Campo":"FE 04","produtividade":152.6016,"unidade_produtividade":"sc/ha","pontos_originais":25,"ano":"2026","cultura":"Milho"}},{"type":"Feature","geometry":{"type":"Point","coordinates":[-52.211255581657944,-10.350436488720607]},"properties":{"Fazenda":"FE","Campo":"FE 04","produtividade":191.02599999999998,"unidade_produtividade":"sc/ha","pontos_originais":25,"ano":"2026","cultura":"Milho"}},{"type":"Feature","geometry":{"type":"Point","coordinates":[-52.21148389076097,-10.350435629880105]},"properties":{"Fazenda":"FE","Campo":"FE 04","produtividade":191.66400000000002,"unidade_produtividade":"sc/ha","pontos_originais":25,"ano":"2026","cultura":"Milho"}},{"type":"Feature","geometry":{"type":"Point","coordinates":[-52.21102727253493,-10.35043734739934]},"properties":{"Fazenda":"FE","Campo":"FE 04","produtividade":190.23999999999995,"unidade_produtividade":"sc/ha","pontos_originais":25,"ano":"2026","cultura":"Milho"}},{"type":"Feature","geometry":{"type":"Point","coordinates":[-52.210798963391966,-10.350438205916298]},"properties":{"Fazenda":"FE","Campo":"FE 04","produtividade":188.87999999999997,"unidade_produtividade":"sc/ha","pontos_originais":25,"ano":"2026","cultura":"Milho"}},{"type":"Feature","geometry":{"type":"Point","coordinates":[-52.21194050890705,-10.350433911713774]},"properties":{"Fazenda":"FE","Campo":"FE 04","produtividade":189.38159999999996,"unidade_produtividade":"sc/ha","pontos_originais":25,"ano":"2026","cultura":"Milho"}},{"type":"Feature","geometry":{"type":"Point","coordinates":[-52.212168817950115,-10.35043305238795]},"properties":{"Fazenda":"FE","Campo":"FE 04","produtividade":187.03960000000004,"unidade_produtividade":"sc/ha","pontos_originais":25,"ano":"2026","cultura":"Milho"}},{"type":"Feature","geometry":{"type":"Point","coordinates":[-52.21171219984401,-10.350434770877827]},"properties":{"Fazenda":"FE","Campo":"FE 04","produtividade":191.22640000000004,"unidade_produtividade":"sc/ha","pontos_originais":25,"ano":"2026","cultura":"Milho"}},{"type":"Feature","geometry":{"type":"Point","coordinates":[-52.2098857266204,-10.350441638366396]},"properties":{"Fazenda":"FE","Campo":"FE 04","produtividade":184.87239999999997,"unidade_produtividade":"sc/ha","pontos_originais":25,"ano":"2026","cultura":"Milho"}},{"type":"Feature","geometry":{"type":"Point","coordinates":[-52.20965741737762,-10.350442496074487]},"properties":{"Fazenda":"FE","Campo":"FE 04","produtividade":184.70680000000002,"unidade_produtividade":"sc/ha","pontos_originais":25,"ano":"2026","cultura":"Milho"}},{"type":"Feature","geometry":{"type":"Point","coordinates":[-52.20942910811488,-10.350443353620804]},"properties":{"Fazenda":"FE","Campo":"FE 04","produtividade":187.03719999999998,"unidade_produtividade":"sc/ha","pontos_originais":25,"ano":"2026","cultura":"Milho"}},{"type":"Feature","geometry":{"type":"Point","coordinates":[-52.21057065422903,-10.350439064271484]},"properties":{"Fazenda":"FE","Campo":"FE 04","produtividade":187.93439999999995,"unidade_produtividade":"sc/ha","pontos_originais":25,"ano":"2026","cultura":"Milho"}},{"type":"Feature","geometry":{"type":"Point","coordinates":[-52.21034234504612,-10.350439922464895]},"properties":{"Fazenda":"FE","Campo":"FE 04","produtividade":186.8004,"unidade_produtividade":"sc/ha","pontos_originais":25,"ano":"2026","cultura":"Milho"}},{"type":"Feature","geometry":{"type":"Point","coordinates":[-52.21011403584325,-10.350440780496534]},"properties":{"Fazenda":"FE","Campo":"FE 04","produtividade":185.95120000000003,"unidade_produtividade":"sc/ha","pontos_originais":25,"ano":"2026","cultura":"Milho"}},{"type":"Feature","geometry":{"type":"Point","coordinates":[-52.21719161183264,-10.350414106291396]},"properties":{"Fazenda":"FE","Campo":"FE 04","produtividade":186.86000000000004,"unidade_produtividade":"sc/ha","pontos_originais":25,"ano":"2026","cultura":"Milho"}},{"type":"Feature","geometry":{"type":"Point","coordinates":[-52.217419920414926,-10.35041324324481]},"properties":{"Fazenda":"FE","Campo":"FE 04","produtividade":187.43519999999992,"unidade_produtividade":"sc/ha","pontos_originais":25,"ano":"2026","cultura":"Milho"}},{"type":"Feature","geometry":{"type":"Point","coordinates":[-52.216963303230294,-10.350414969176207]},"properties":{"Fazenda":"FE","Campo":"FE 04","produtividade":187.9592,"unidade_produtividade":"sc/ha","pontos_originais":25,"ano":"2026","cultura":"Milho"}},{"type":"Feature","geometry":{"type":"Point","coordinates":[-52.21673499460789,-10.35041583189925]},"properties":{"Fazenda":"FE","Campo":"FE 04","produtividade":189.34,"unidade_produtividade":"sc/ha","pontos_originais":25,"ano":"2026","cultura":"Milho"}},{"type":"Feature","geometry":{"type":"Point","coordinates":[-52.21810484604127,-10.350410653134428]},"properties":{"Fazenda":"FE","Campo":"FE 04","produtividade":191.58679999999995,"unidade_produtividade":"sc/ha","pontos_originais":25,"ano":"2026","cultura":"Milho"}},{"type":"Feature","geometry":{"type":"Point","coordinates":[-52.21787653751925,-10.350411516666327]},"properties":{"Fazenda":"FE","Campo":"FE 04","produtividade":190.50279999999998,"unidade_produtividade":"sc/ha","pontos_originais":25,"ano":"2026","cultura":"Milho"}},{"type":"Feature","geometry":{"type":"Point","coordinates":[-52.21764822897713,-10.350412380036454]},"properties":{"Fazenda":"FE","Campo":"FE 04","produtividade":191.28719999999998,"unidade_produtividade":"sc/ha","pontos_originais":25,"ano":"2026","cultura":"Milho"}},{"type":"Feature","geometry":{"type":"Point","coordinates":[-52.21582175991755,-10.350419281173696]},"properties":{"Fazenda":"FE","Campo":"FE 04","produtividade":187.1304,"unidade_produtividade":"sc/ha","pontos_originais":25,"ano":"2026","cultura":"Milho"}},{"type":"Feature","geometry":{"type":"Point","coordinates":[-52.21559345119482,-10.35042014308788]},"properties":{"Fazenda":"FE","Campo":"FE 04","produtividade":183.4948,"unidade_produtividade":"sc/ha","pontos_originais":25,"ano":"2026","cultura":"Milho"}},{"type":"Feature","geometry":{"type":"Point","coordinates":[-52.215365142452036,-10.35042100484029]},"properties":{"Fazenda":"FE","Campo":"FE 04","produtividade":181.1384,"unidade_produtividade":"sc/ha","pontos_originais":25,"ano":"2026","cultura":"Milho"}},{"type":"Feature","geometry":{"type":"Point","coordinates":[-52.21513683368923,-10.35042186643093]},"properties":{"Fazenda":"FE","Campo":"FE 04","produtividade":179.582,"unidade_produtividade":"sc/ha","pontos_originais":25,"ano":"2026","cultura":"Milho"}},{"type":"Feature","geometry":{"type":"Point","coordinates":[-52.21650668596538,-10.350416694460518]},"properties":{"Fazenda":"FE","Campo":"FE 04","produtividade":188.68759999999997,"unidade_produtividade":"sc/ha","pontos_originais":25,"ano":"2026","cultura":"Milho"}},{"type":"Feature","geometry":{"type":"Point","coordinates":[-52.216278377302835,-10.350417556860016]},"properties":{"Fazenda":"FE","Campo":"FE 04","produtividade":188.28,"unidade_produtividade":"sc/ha","pontos_originais":25,"ano":"2026","cultura":"Milho"}},{"type":"Feature","geometry":{"type":"Point","coordinates":[-52.21605006862021,-10.350418419097743]},"properties":{"Fazenda":"FE","Campo":"FE 04","produtividade":189.96400000000003,"unidade_produtividade":"sc/ha","pontos_originais":25,"ano":"2026","cultura":"Milho"}},{"type":"Feature","geometry":{"type":"Point","coordinates":[-52.205547847599426,-10.35045790715676]},"properties":{"Fazenda":"FE","Campo":"FE 04","produtividade":143.1652,"unidade_produtividade":"sc/ha","pontos_originais":25,"ano":"2026","cultura":"Milho"}},{"type":"Feature","geometry":{"type":"Point","coordinates":[-52.2053254638638,-10.350450876570283]},"properties":{"Fazenda":"FE","Campo":"FE 04","produtividade":146.48043478260868,"unidade_produtividade":"sc/ha","pontos_originais":23,"ano":"2026","cultura":"Milho"}},{"type":"Feature","geometry":{"type":"Point","coordinates":[-52.20509593494221,-10.350433423000787]},"properties":{"Fazenda":"FE","Campo":"FE 04","produtividade":147.23631578947368,"unidade_produtividade":"sc/ha","pontos_originais":19,"ano":"2026","cultura":"Milho"}},{"type":"Feature","geometry":{"type":"Point","coordinates":[-52.20486925693802,-10.350412004906763]},"properties":{"Fazenda":"FE","Campo":"FE 04","produtividade":147.64142857142858,"unidade_produtividade":"sc/ha","pontos_originais":14,"ano":"2026","cultura":"Milho"}},{"type":"Feature","geometry":{"type":"Point","coordinates":[-52.206004466782225,-10.350456197402675]},"properties":{"Fazenda":"FE","Campo":"FE 04","produtividade":145.7696,"unidade_produtividade":"sc/ha","pontos_originais":25,"ano":"2026","cultura":"Milho"}},{"type":"Feature","geometry":{"type":"Point","coordinates":[-52.20577615720078,-10.350457052360605]},"properties":{"Fazenda":"FE","Campo":"FE 04","produtividade":143.08360000000002,"unidade_produtividade":"sc/ha","pontos_originais":25,"ano":"2026","cultura":"Milho"}},{"type":"Feature","geometry":{"type":"Point","coordinates":[-52.21878977148678,-10.35040806156811]},"properties":{"Fazenda":"FE","Campo":"FE 04","produtividade":171.5176,"unidade_produtividade":"sc/ha","pontos_originais":25,"ano":"2026","cultura":"Milho"}},{"type":"Feature","geometry":{"type":"Point","coordinates":[-52.21856146302503,-10.35040892558532]},"properties":{"Fazenda":"FE","Campo":"FE 04","produtividade":183.8152,"unidade_produtividade":"sc/ha","pontos_originais":25,"ano":"2026","cultura":"Milho"}},{"type":"Feature","geometry":{"type":"Point","coordinates":[-52.21833315454321,-10.350409789440759]},"properties":{"Fazenda":"FE","Campo":"FE 04","produtividade":190.31920000000002,"unidade_produtividade":"sc/ha","pontos_originais":25,"ano":"2026","cultura":"Milho"}},{"type":"Feature","geometry":{"type":"Point","coordinates":[-52.20463435022433,-10.35039350695148]},"properties":{"Fazenda":"FE","Campo":"FE 04","produtividade":146.101,"unidade_produtividade":"sc/ha","pontos_originais":10,"ano":"2026","cultura":"Milho"}},{"type":"Feature","geometry":{"type":"Point","coordinates":[-52.2044059543325,-10.350371755007005]},"properties":{"Fazenda":"FE","Campo":"FE 04","produtividade":145.506,"unidade_produtividade":"sc/ha","pontos_originais":5,"ano":"2026","cultura":"Milho"}},{"type":"Feature","geometry":{"type":"Point","coordinates":[-52.21899892746263,-10.350426306634834]},"properties":{"Fazenda":"FE","Campo":"FE 04","produtividade":166.26947368421054,"unidade_produtividade":"sc/ha","pontos_originais":19,"ano":"2026","cultura":"Milho"}},{"type":"Feature","geometry":{"type":"Point","coordinates":[-52.21445190728053,-10.350424450232214]},"properties":{"Fazenda":"FE","Campo":"FE 04","produtividade":179.796,"unidade_produtividade":"sc/ha","pontos_originais":25,"ano":"2026","cultura":"Milho"}},{"type":"Feature","geometry":{"type":"Point","coordinates":[-52.21422359843755,-10.350425311175764]},"properties":{"Fazenda":"FE","Campo":"FE 04","produtividade":179.9716,"unidade_produtividade":"sc/ha","pontos_originais":25,"ano":"2026","cultura":"Milho"}},{"type":"Feature","geometry":{"type":"Point","coordinates":[-52.21399528957457,-10.350426171957542]},"properties":{"Fazenda":"FE","Campo":"FE 04","produtividade":178.92,"unidade_produtividade":"sc/ha","pontos_originais":25,"ano":"2026","cultura":"Milho"}},{"type":"Feature","geometry":{"type":"Point","coordinates":[-52.21376698069156,-10.350427032577548]},"properties":{"Fazenda":"FE","Campo":"FE 04","produtividade":180.1408,"unidade_produtividade":"sc/ha","pontos_originais":25,"ano":"2026","cultura":"Milho"}},{"type":"Feature","geometry":{"type":"Point","coordinates":[-52.21490852490635,-10.350422727859797]},"properties":{"Fazenda":"FE","Campo":"FE 04","produtividade":179.704,"unidade_produtividade":"sc/ha","pontos_originais":25,"ano":"2026","cultura":"Milho"}},{"type":"Feature","geometry":{"type":"Point","coordinates":[-52.21468021610345,-10.35042358912689]},"properties":{"Fazenda":"FE","Campo":"FE 04","produtividade":180.38800000000003,"unidade_produtividade":"sc/ha","pontos_originais":25,"ano":"2026","cultura":"Milho"}},{"type":"Feature","geometry":{"type":"Point","coordinates":[-52.21285374495932,-10.350430473439841]},"properties":{"Fazenda":"FE","Campo":"FE 04","produtividade":188.46959999999996,"unidade_produtividade":"sc/ha","pontos_originais":25,"ano":"2026","cultura":"Milho"}},{"type":"Feature","geometry":{"type":"Point","coordinates":[-52.2130820539224,-10.350429613466927]},"properties":{"Fazenda":"FE","Campo":"FE 04","produtividade":187.00239999999997,"unidade_produtividade":"sc/ha","pontos_originais":25,"ano":"2026","cultura":"Milho"}},{"type":"Feature","geometry":{"type":"Point","coordinates":[-52.212625435976236,-10.350431333250986]},"properties":{"Fazenda":"FE","Campo":"FE 04","produtividade":186.72159999999994,"unidade_produtividade":"sc/ha","pontos_originais":25,"ano":"2026","cultura":"Milho"}},{"type":"Feature","geometry":{"type":"Point","coordinates":[-52.212397126973194,-10.350432192900357]},"properties":{"Fazenda":"FE","Campo":"FE 04","produtividade":185.73520000000005,"unidade_produtividade":"sc/ha","pontos_originais":25,"ano":"2026","cultura":"Milho"}},{"type":"Feature","geometry":{"type":"Point","coordinates":[-52.21353867178851,-10.35042789303578]},"properties":{"Fazenda":"FE","Campo":"FE 04","produtividade":181.15679999999998,"unidade_produtividade":"sc/ha","pontos_originais":25,"ano":"2026","cultura":"Milho"}},{"type":"Feature","geometry":{"type":"Point","coordinates":[-52.21331036286546,-10.350428753332242]},"properties":{"Fazenda":"FE","Campo":"FE 04","produtividade":183.7976,"unidade_produtividade":"sc/ha","pontos_originais":25,"ano":"2026","cultura":"Milho"}},{"type":"Feature","geometry":{"type":"Point","coordinates":[-52.20988486030208,-10.35021557956348]},"properties":{"Fazenda":"FE","Campo":"FE 04","produtividade":187.18439999999995,"unidade_produtividade":"sc/ha","pontos_originais":25,"ano":"2026","cultura":"Milho"}},{"type":"Feature","geometry":{"type":"Point","coordinates":[-52.20965655122267,-10.35021643725244]},"properties":{"Fazenda":"FE","Campo":"FE 04","produtividade":187.50920000000005,"unidade_produtividade":"sc/ha","pontos_originais":25,"ano":"2026","cultura":"Milho"}},{"type":"Feature","geometry":{"type":"Point","coordinates":[-52.209428242123295,-10.350217294779629]},"properties":{"Fazenda":"FE","Campo":"FE 04","produtividade":188.95679999999996,"unidade_produtividade":"sc/ha","pontos_originais":25,"ano":"2026","cultura":"Milho"}},{"type":"Feature","geometry":{"type":"Point","coordinates":[-52.20919993300399,-10.35021815214505]},"properties":{"Fazenda":"FE","Campo":"FE 04","produtividade":189.13119999999998,"unidade_produtividade":"sc/ha","pontos_originais":25,"ano":"2026","cultura":"Milho"}},{"type":"Feature","geometry":{"type":"Point","coordinates":[-52.210569787420546,-10.350213005525982]},"properties":{"Fazenda":"FE","Campo":"FE 04","produtividade":189.76519999999996,"unidade_produtividade":"sc/ha","pontos_originais":25,"ano":"2026","cultura":"Milho"}},{"type":"Feature","geometry":{"type":"Point","coordinates":[-52.21079809642009,-10.350212147189941]},"properties":{"Fazenda":"FE","Campo":"FE 04","produtividade":190.60439999999994,"unidade_produtividade":"sc/ha","pontos_originais":25,"ano":"2026","cultura":"Milho"}},{"type":"Feature","geometry":{"type":"Point","coordinates":[-52.210341478401,-10.35021386370025]},"properties":{"Fazenda":"FE","Campo":"FE 04","produtividade":188.42519999999996,"unidade_produtividade":"sc/ha","pontos_originais":25,"ano":"2026","cultura":"Milho"}},{"type":"Feature","geometry":{"type":"Point","coordinates":[-52.21011316936152,-10.350214721712748]},"properties":{"Fazenda":"FE","Campo":"FE 04","produtividade":188.35000000000002,"unidade_produtividade":"sc/ha","pontos_originais":25,"ano":"2026","cultura":"Milho"}},{"type":"Feature","geometry":{"type":"Point","coordinates":[-52.208515005526436,-10.35022072327069]},"properties":{"Fazenda":"FE","Campo":"FE 04","produtividade":186.30919999999998,"unidade_produtividade":"sc/ha","pontos_originais":25,"ano":"2026","cultura":"Milho"}},{"type":"Feature","geometry":{"type":"Point","coordinates":[-52.20828669632738,-10.350221579989032]},"properties":{"Fazenda":"FE","Campo":"FE 04","produtividade":184.42519999999996,"unidade_produtividade":"sc/ha","pontos_originais":25,"ano":"2026","cultura":"Milho"}},{"type":"Feature","geometry":{"type":"Point","coordinates":[-52.20805838710839,-10.350222436545598]},"properties":{"Fazenda":"FE","Campo":"FE 04","produtividade":183.53200000000004,"unidade_produtividade":"sc/ha","pontos_originais":25,"ano":"2026","cultura":"Milho"}},{"type":"Feature","geometry":{"type":"Point","coordinates":[-52.207830077869474,-10.350223292940397]},"properties":{"Fazenda":"FE","Campo":"FE 04","produtividade":181.3592,"unidade_produtividade":"sc/ha","pontos_originais":25,"ano":"2026","cultura":"Milho"}},{"type":"Feature","geometry":{"type":"Point","coordinates":[-52.20897162386475,-10.350219009348702]},"properties":{"Fazenda":"FE","Campo":"FE 04","produtividade":188.7924,"unidade_produtividade":"sc/ha","pontos_originais":25,"ano":"2026","cultura":"Milho"}},{"type":"Feature","geometry":{"type":"Point","coordinates":[-52.20874331470555,-10.35021986639058]},"properties":{"Fazenda":"FE","Campo":"FE 04","produtividade":188.35760000000002,"unidade_produtividade":"sc/ha","pontos_originais":25,"ano":"2026","cultura":"Milho"}},{"type":"Feature","geometry":{"type":"Point","coordinates":[-52.21285287651705,-10.350204414885953]},"properties":{"Fazenda":"FE","Campo":"FE 04","produtividade":188.65960000000004,"unidade_produtividade":"sc/ha","pontos_originais":25,"ano":"2026","cultura":"Milho"}},{"type":"Feature","geometry":{"type":"Point","coordinates":[-52.21262456769736,-10.350205274677917]},"properties":{"Fazenda":"FE","Campo":"FE 04","produtividade":186.61239999999995,"unidade_produtividade":"sc/ha","pontos_originais":25,"ano":"2026","cultura":"Milho"}},{"type":"Feature","geometry":{"type":"Point","coordinates":[-52.21239625885766,-10.350206134308115]},"properties":{"Fazenda":"FE","Campo":"FE 04","produtividade":184.50840000000005,"unidade_produtividade":"sc/ha","pontos_originais":25,"ano":"2026","cultura":"Milho"}},{"type":"Feature","geometry":{"type":"Point","coordinates":[-52.212167949997955,-10.350206993776537]},"properties":{"Fazenda":"FE","Campo":"FE 04","produtividade":185.32079999999993,"unidade_produtividade":"sc/ha","pontos_originais":25,"ano":"2026","cultura":"Milho"}},{"type":"Feature","geometry":{"type":"Point","coordinates":[-52.2135378028561,-10.350201834539444]},"properties":{"Fazenda":"FE","Campo":"FE 04","produtividade":183.5664,"unidade_produtividade":"sc/ha","pontos_originais":25,"ano":"2026","cultura":"Milho"}},{"type":"Feature","geometry":{"type":"Point","coordinates":[-52.21330949409642,-10.350202694816717]},"properties":{"Fazenda":"FE","Campo":"FE 04","produtividade":187.00359999999998,"unidade_produtividade":"sc/ha","pontos_originais":25,"ano":"2026","cultura":"Milho"}},{"type":"Feature","geometry":{"type":"Point","coordinates":[-52.21308118531674,-10.350203554932218]},"properties":{"Fazenda":"FE","Campo":"FE 04","produtividade":187.81200000000004,"unidade_produtividade":"sc/ha","pontos_originais":25,"ano":"2026","cultura":"Milho"}},{"type":"Feature","geometry":{"type":"Point","coordinates":[-52.21125471435931,-10.350210430032552]},"properties":{"Fazenda":"FE","Campo":"FE 04","produtividade":193.03640000000004,"unidade_produtividade":"sc/ha","pontos_originais":25,"ano":"2026","cultura":"Milho"}},{"type":"Feature","geometry":{"type":"Point","coordinates":[-52.21148302329895,-10.350209571211202]},"properties":{"Fazenda":"FE","Campo":"FE 04","produtividade":191.41480000000004,"unidade_produtividade":"sc/ha","pontos_originais":25,"ano":"2026","cultura":"Milho"}},{"type":"Feature","geometry":{"type":"Point","coordinates":[-52.211026405399686,-10.350211288692133]},"properties":{"Fazenda":"FE","Campo":"FE 04","produtividade":192.2188,"unidade_produtividade":"sc/ha","pontos_originais":25,"ano":"2026","cultura":"Milho"}},{"type":"Feature","geometry":{"type":"Point","coordinates":[-52.21193964111827,-10.350207853083198]},"properties":{"Fazenda":"FE","Campo":"FE 04","produtividade":187.73080000000004,"unidade_produtividade":"sc/ha","pontos_originais":25,"ano":"2026","cultura":"Milho"}},{"type":"Feature","geometry":{"type":"Point","coordinates":[-52.2117113322186,-10.350208712228085]},"properties":{"Fazenda":"FE","Campo":"FE 04","produtividade":190.0992,"unidade_produtividade":"sc/ha","pontos_originais":25,"ano":"2026","cultura":"Milho"}},{"type":"Feature","geometry":{"type":"Point","coordinates":[-52.20394873155685,-10.350215220970957]},"properties":{"Fazenda":"FE","Campo":"FE 04","produtividade":146.70399999999998,"unidade_produtividade":"sc/ha","pontos_originais":20,"ano":"2026","cultura":"Milho"}},{"type":"Feature","geometry":{"type":"Point","coordinates":[-52.20417712734016,-10.350236973256315]},"properties":{"Fazenda":"FE","Campo":"FE 04","produtividade":145.03119999999998,"unidade_produtividade":"sc/ha","pontos_originais":25,"ano":"2026","cultura":"Milho"}},{"type":"Feature","geometry":{"type":"Point","coordinates":[-52.2037203357866,-10.350193468519983]},"properties":{"Fazenda":"FE","Campo":"FE 04","produtividade":148.27533333333335,"unidade_produtividade":"sc/ha","pontos_originais":15,"ano":"2026","cultura":"Milho"}},{"type":"Feature","geometry":{"type":"Point","coordinates":[-52.21875857405109,-10.350212259798438]},"properties":{"Fazenda":"FE","Campo":"FE 04","produtividade":163.85133333333332,"unidade_produtividade":"sc/ha","pontos_originais":15,"ano":"2026","cultura":"Milho"}},{"type":"Feature","geometry":{"type":"Point","coordinates":[-52.20486205595217,-10.350234411351622]},"properties":{"Fazenda":"FE","Campo":"FE 04","produtividade":146.54520000000002,"unidade_produtividade":"sc/ha","pontos_originais":25,"ano":"2026","cultura":"Milho"}},{"type":"Feature","geometry":{"type":"Point","coordinates":[-52.204633746434695,-10.350235265481624]},"properties":{"Fazenda":"FE","Campo":"FE 04","produtividade":146.282,"unidade_produtividade":"sc/ha","pontos_originais":25,"ano":"2026","cultura":"Milho"}},{"type":"Feature","geometry":{"type":"Point","coordinates":[-52.20440543689736,-10.350236119449853]},"properties":{"Fazenda":"FE","Campo":"FE 04","produtividade":145.9148,"unidade_produtividade":"sc/ha","pontos_originais":25,"ano":"2026","cultura":"Milho"}},{"type":"Feature","geometry":{"type":"Point","coordinates":[-52.21787566548262,-10.350185458535258]},"properties":{"Fazenda":"FE","Campo":"FE 04","produtividade":189.6168,"unidade_produtividade":"sc/ha","pontos_originais":25,"ano":"2026","cultura":"Milho"}},{"type":"Feature","geometry":{"type":"Point","coordinates":[-52.21764735710391,-10.350186321886124]},"properties":{"Fazenda":"FE","Campo":"FE 04","produtividade":187.5968,"unidade_produtividade":"sc/ha","pontos_originais":25,"ano":"2026","cultura":"Milho"}},{"type":"Feature","geometry":{"type":"Point","coordinates":[-52.21741904870507,-10.350187185075228]},"properties":{"Fazenda":"FE","Campo":"FE 04","produtividade":187.38400000000001,"unidade_produtividade":"sc/ha","pontos_originais":25,"ano":"2026","cultura":"Milho"}},{"type":"Feature","geometry":{"type":"Point","coordinates":[-52.217190740286185,-10.350188048102563]},"properties":{"Fazenda":"FE","Campo":"FE 04","produtividade":188.8052,"unidade_produtividade":"sc/ha","pontos_originais":25,"ano":"2026","cultura":"Milho"}},{"type":"Feature","geometry":{"type":"Point","coordinates":[-52.218560590498306,-10.350182867512041]},"properties":{"Fazenda":"FE","Campo":"FE 04","produtividade":173.63359999999997,"unidade_produtividade":"sc/ha","pontos_originais":25,"ano":"2026","cultura":"Milho"}},{"type":"Feature","geometry":{"type":"Point","coordinates":[-52.21833228217983,-10.350183731348215]},"properties":{"Fazenda":"FE","Campo":"FE 04","produtividade":181.68120000000002,"unidade_produtividade":"sc/ha","pontos_originais":25,"ano":"2026","cultura":"Milho"}},{"type":"Feature","geometry":{"type":"Point","coordinates":[-52.21810397384129,-10.35018459502262]},"properties":{"Fazenda":"FE","Campo":"FE 04","produtividade":189.18079999999998,"unidade_produtividade":"sc/ha","pontos_originais":25,"ano":"2026","cultura":"Milho"}},{"type":"Feature","geometry":{"type":"Point","coordinates":[-52.206916840714676,-10.35022671690188]},"properties":{"Fazenda":"FE","Campo":"FE 04","produtividade":166.3484,"unidade_produtividade":"sc/ha","pontos_originais":25,"ano":"2026","cultura":"Milho"}},{"type":"Feature","geometry":{"type":"Point","coordinates":[-52.20714515003323,-10.350225861154165]},"properties":{"Fazenda":"FE","Campo":"FE 04","produtividade":168.1668,"unidade_produtividade":"sc/ha","pontos_originais":25,"ano":"2026","cultura":"Milho"}},{"type":"Feature","geometry":{"type":"Point","coordinates":[-52.20668853137617,-10.350227572487825]},"properties":{"Fazenda":"FE","Campo":"FE 04","produtividade":162.7168,"unidade_produtividade":"sc/ha","pontos_originais":25,"ano":"2026","cultura":"Milho"}},{"type":"Feature","geometry":{"type":"Point","coordinates":[-52.20646022201779,-10.350228427911997]},"properties":{"Fazenda":"FE","Campo":"FE 04","produtividade":161.1112,"unidade_produtividade":"sc/ha","pontos_originais":25,"ano":"2026","cultura":"Milho"}},{"type":"Feature","geometry":{"type":"Point","coordinates":[-52.20760176861064,-10.350224149173425]},"properties":{"Fazenda":"FE","Campo":"FE 04","produtividade":177.7004,"unidade_produtividade":"sc/ha","pontos_originais":25,"ano":"2026","cultura":"Milho"}},{"type":"Feature","geometry":{"type":"Point","coordinates":[-52.207373459331905,-10.35022500524468]},"properties":{"Fazenda":"FE","Campo":"FE 04","produtividade":172.15560000000002,"unidade_produtividade":"sc/ha","pontos_originais":25,"ano":"2026","cultura":"Milho"}},{"type":"Feature","geometry":{"type":"Point","coordinates":[-52.20554698438531,-10.350231847990981]},"properties":{"Fazenda":"FE","Campo":"FE 04","produtividade":148.87480000000002,"unidade_produtividade":"sc/ha","pontos_originais":25,"ano":"2026","cultura":"Milho"}},{"type":"Feature","geometry":{"type":"Point","coordinates":[-52.205318674927476,-10.350232702606299]},"properties":{"Fazenda":"FE","Campo":"FE 04","produtividade":147.26440000000002,"unidade_produtividade":"sc/ha","pontos_originais":25,"ano":"2026","cultura":"Milho"}},{"type":"Feature","geometry":{"type":"Point","coordinates":[-52.20509036544976,-10.350233557059841]},"properties":{"Fazenda":"FE","Campo":"FE 04","produtividade":147.2312,"unidade_produtividade":"sc/ha","pontos_originais":25,"ano":"2026","cultura":"Milho"}},{"type":"Feature","geometry":{"type":"Point","coordinates":[-52.20623191263953,-10.350229283174402]},"properties":{"Fazenda":"FE","Campo":"FE 04","produtividade":157.11760000000004,"unidade_produtividade":"sc/ha","pontos_originais":25,"ano":"2026","cultura":"Milho"}},{"type":"Feature","geometry":{"type":"Point","coordinates":[-52.20600360324133,-10.350230138275032]},"properties":{"Fazenda":"FE","Campo":"FE 04","produtividade":155.64719999999997,"unidade_produtividade":"sc/ha","pontos_originais":25,"ano":"2026","cultura":"Milho"}},{"type":"Feature","geometry":{"type":"Point","coordinates":[-52.20577529382327,-10.350230993213893]},"properties":{"Fazenda":"FE","Campo":"FE 04","produtividade":151.27319999999997,"unidade_produtividade":"sc/ha","pontos_originais":25,"ano":"2026","cultura":"Milho"}},{"type":"Feature","geometry":{"type":"Point","coordinates":[-52.214222729015,-10.350199252737013]},"properties":{"Fazenda":"FE","Campo":"FE 04","produtividade":176.29640000000003,"unidade_produtividade":"sc/ha","pontos_originais":25,"ano":"2026","cultura":"Milho"}},{"type":"Feature","geometry":{"type":"Point","coordinates":[-52.21399442031537,-10.350200113499593]},"properties":{"Fazenda":"FE","Campo":"FE 04","produtividade":177.70120000000003,"unidade_produtividade":"sc/ha","pontos_originais":25,"ano":"2026","cultura":"Milho"}},{"type":"Feature","geometry":{"type":"Point","coordinates":[-52.21376611159575,-10.350200974100403]},"properties":{"Fazenda":"FE","Campo":"FE 04","produtividade":181.13760000000002,"unidade_produtividade":"sc/ha","pontos_originais":25,"ano":"2026","cultura":"Milho"}},{"type":"Feature","geometry":{"type":"Point","coordinates":[-52.21627750640987,-10.350191498594222]},"properties":{"Fazenda":"FE","Campo":"FE 04","produtividade":190.57479999999998,"unidade_produtividade":"sc/ha","pontos_originais":25,"ano":"2026","cultura":"Milho"}},{"type":"Feature","geometry":{"type":"Point","coordinates":[-52.21650581490905,-10.35019063621396]},"properties":{"Fazenda":"FE","Campo":"FE 04","produtividade":191.2776,"unidade_produtividade":"sc/ha","pontos_originais":25,"ano":"2026","cultura":"Milho"}},{"type":"Feature","geometry":{"type":"Point","coordinates":[-52.216049197890634,-10.350192360812716]},"properties":{"Fazenda":"FE","Campo":"FE 04","produtividade":189.90439999999998,"unidade_produtividade":"sc/ha","pontos_originais":25,"ano":"2026","cultura":"Milho"}},{"type":"Feature","geometry":{"type":"Point","coordinates":[-52.21582088935133,-10.350193222869443]},"properties":{"Fazenda":"FE","Campo":"FE 04","produtividade":187.66359999999997,"unidade_produtividade":"sc/ha","pontos_originais":25,"ano":"2026","cultura":"Milho"}},{"type":"Feature","geometry":{"type":"Point","coordinates":[-52.21696243184719,-10.350188910968129]},"properties":{"Fazenda":"FE","Campo":"FE 04","produtividade":191.16240000000002,"unidade_produtividade":"sc/ha","pontos_originais":25,"ano":"2026","cultura":"Milho"}},{"type":"Feature","geometry":{"type":"Point","coordinates":[-52.21673412338818,-10.35018977367193]},"properties":{"Fazenda":"FE","Campo":"FE 04","produtividade":191.84279999999998,"unidade_produtividade":"sc/ha","pontos_originais":25,"ano":"2026","cultura":"Milho"}},{"type":"Feature","geometry":{"type":"Point","coordinates":[-52.21490765499366,-10.350196669478665]},"properties":{"Fazenda":"FE","Campo":"FE 04","produtividade":181.12000000000003,"unidade_produtividade":"sc/ha","pontos_originais":25,"ano":"2026","cultura":"Milho"}},{"type":"Feature","geometry":{"type":"Point","coordinates":[-52.21467934635414,-10.350197530726552]},"properties":{"Fazenda":"FE","Campo":"FE 04","produtividade":177.64520000000002,"unidade_produtividade":"sc/ha","pontos_originais":25,"ano":"2026","cultura":"Milho"}},{"type":"Feature","geometry":{"type":"Point","coordinates":[-52.21445103769458,-10.350198391812668]},"properties":{"Fazenda":"FE","Campo":"FE 04","produtividade":176.71719999999996,"unidade_produtividade":"sc/ha","pontos_originais":25,"ano":"2026","cultura":"Milho"}},{"type":"Feature","geometry":{"type":"Point","coordinates":[-52.21559258079199,-10.3501940847644]},"properties":{"Fazenda":"FE","Campo":"FE 04","produtividade":184.03239999999997,"unidade_produtividade":"sc/ha","pontos_originais":25,"ano":"2026","cultura":"Milho"}},{"type":"Feature","geometry":{"type":"Point","coordinates":[-52.21536427221259,-10.35019494649759]},"properties":{"Fazenda":"FE","Campo":"FE 04","produtividade":182.26319999999998,"unidade_produtividade":"sc/ha","pontos_originais":25,"ano":"2026","cultura":"Milho"}},{"type":"Feature","geometry":{"type":"Point","coordinates":[-52.21513596361315,-10.350195808069014]},"properties":{"Fazenda":"FE","Campo":"FE 04","produtividade":182.3152,"unidade_produtividade":"sc/ha","pontos_originais":25,"ano":"2026","cultura":"Milho"}},{"type":"Feature","geometry":{"type":"Point","coordinates":[-52.21011230289973,-10.34998866292573]},"properties":{"Fazenda":"FE","Campo":"FE 04","produtividade":187.09440000000004,"unidade_produtividade":"sc/ha","pontos_originais":25,"ano":"2026","cultura":"Milho"}},{"type":"Feature","geometry":{"type":"Point","coordinates":[-52.209883994003675,-10.349989520757328]},"properties":{"Fazenda":"FE","Campo":"FE 04","produtividade":186.26120000000003,"unidade_produtividade":"sc/ha","pontos_originais":25,"ano":"2026","cultura":"Milho"}},{"type":"Feature","geometry":{"type":"Point","coordinates":[-52.20965568508764,-10.349990378427158]},"properties":{"Fazenda":"FE","Campo":"FE 04","produtividade":185.646,"unidade_produtividade":"sc/ha","pontos_originais":25,"ano":"2026","cultura":"Milho"}},{"type":"Feature","geometry":{"type":"Point","coordinates":[-52.20942737615166,-10.349991235935219]},"properties":{"Fazenda":"FE","Campo":"FE 04","produtividade":188.8752,"unidade_produtividade":"sc/ha","pontos_originais":25,"ano":"2026","cultura":"Milho"}},{"type":"Feature","geometry":{"type":"Point","coordinates":[-52.2107972294682,-10.349986088460346]},"properties":{"Fazenda":"FE","Campo":"FE 04","produtividade":184.6028,"unidade_produtividade":"sc/ha","pontos_originais":25,"ano":"2026","cultura":"Milho"}},{"type":"Feature","geometry":{"type":"Point","coordinates":[-52.21056892063202,-10.349986946777243]},"properties":{"Fazenda":"FE","Campo":"FE 04","produtividade":187.95120000000003,"unidade_produtividade":"sc/ha","pontos_originais":25,"ano":"2026","cultura":"Milho"}},{"type":"Feature","geometry":{"type":"Point","coordinates":[-52.21034061177586,-10.349987804932367]},"properties":{"Fazenda":"FE","Campo":"FE 04","produtividade":188.16080000000002,"unidade_produtividade":"sc/ha","pontos_originais":25,"ano":"2026","cultura":"Milho"}},{"type":"Feature","geometry":{"type":"Point","coordinates":[-52.2085141402083,-10.349994664349808]},"properties":{"Fazenda":"FE","Campo":"FE 04","produtividade":189.1096,"unidade_produtividade":"sc/ha","pontos_originais":25,"ano":"2026","cultura":"Milho"}},{"type":"Feature","geometry":{"type":"Point","coordinates":[-52.20874244922405,-10.349993807488811]},"properties":{"Fazenda":"FE","Campo":"FE 04","produtividade":189.89919999999998,"unidade_produtividade":"sc/ha","pontos_originais":25,"ano":"2026","cultura":"Milho"}},{"type":"Feature","geometry":{"type":"Point","coordinates":[-52.20828583117262,-10.349995521049037]},"properties":{"Fazenda":"FE","Campo":"FE 04","produtividade":188.034,"unidade_produtividade":"sc/ha","pontos_originais":25,"ano":"2026","cultura":"Milho"}},{"type":"Feature","geometry":{"type":"Point","coordinates":[-52.208057522116995,-10.349996377586502]},"properties":{"Fazenda":"FE","Campo":"FE 04","produtividade":186.93079999999998,"unidade_produtividade":"sc/ha","pontos_originais":25,"ano":"2026","cultura":"Milho"}},{"type":"Feature","geometry":{"type":"Point","coordinates":[-52.209199067195726,-10.349992093281516]},"properties":{"Fazenda":"FE","Campo":"FE 04","produtividade":190.07039999999998,"unidade_produtividade":"sc/ha","pontos_originais":25,"ano":"2026","cultura":"Milho"}},{"type":"Feature","geometry":{"type":"Point","coordinates":[-52.208970758219856,-10.349992950466044]},"properties":{"Fazenda":"FE","Campo":"FE 04","produtividade":190.26199999999997,"unidade_produtividade":"sc/ha","pontos_originais":25,"ano":"2026","cultura":"Milho"}},{"type":"Feature","geometry":{"type":"Point","coordinates":[-52.213080316731094,-10.349977496394269]},"properties":{"Fazenda":"FE","Campo":"FE 04","produtividade":186.57160000000007,"unidade_produtividade":"sc/ha","pontos_originais":25,"ano":"2026","cultura":"Milho"}},{"type":"Feature","geometry":{"type":"Point","coordinates":[-52.21285200809478,-10.349978356328823]},"properties":{"Fazenda":"FE","Campo":"FE 04","produtividade":184.87080000000003,"unidade_produtividade":"sc/ha","pontos_originais":25,"ano":"2026","cultura":"Milho"}},{"type":"Feature","geometry":{"type":"Point","coordinates":[-52.212623699438446,-10.34997921610161]},"properties":{"Fazenda":"FE","Campo":"FE 04","produtividade":184.4188,"unidade_produtividade":"sc/ha","pontos_originais":25,"ano":"2026","cultura":"Milho"}},{"type":"Feature","geometry":{"type":"Point","coordinates":[-52.21239539076213,-10.349980075712635]},"properties":{"Fazenda":"FE","Campo":"FE 04","produtividade":186.1916,"unidade_produtividade":"sc/ha","pontos_originais":25,"ano":"2026","cultura":"Milho"}},{"type":"Feature","geometry":{"type":"Point","coordinates":[-52.213765242519976,-10.349974915620018]},"properties":{"Fazenda":"FE","Campo":"FE 04","produtividade":183.93839999999997,"unidade_produtividade":"sc/ha","pontos_originais":25,"ano":"2026","cultura":"Milho"}},{"type":"Feature","geometry":{"type":"Point","coordinates":[-52.21353693394371,-10.34997577603987]},"properties":{"Fazenda":"FE","Campo":"FE 04","produtividade":186.07359999999997,"unidade_produtividade":"sc/ha","pontos_originais":25,"ano":"2026","cultura":"Milho"}},{"type":"Feature","geometry":{"type":"Point","coordinates":[-52.21330862534739,-10.349976636297951]},"properties":{"Fazenda":"FE","Campo":"FE 04","produtividade":187.83879999999996,"unidade_produtividade":"sc/ha","pontos_originais":25,"ano":"2026","cultura":"Milho"}},{"type":"Feature","geometry":{"type":"Point","coordinates":[-52.21148215585694,-10.349983512539064]},"properties":{"Fazenda":"FE","Campo":"FE 04","produtividade":189.72679999999997,"unidade_produtividade":"sc/ha","pontos_originais":25,"ano":"2026","cultura":"Milho"}},{"type":"Feature","geometry":{"type":"Point","coordinates":[-52.2117104646132,-10.349982653575104]},"properties":{"Fazenda":"FE","Campo":"FE 04","produtividade":189.66999999999996,"unidade_produtividade":"sc/ha","pontos_originais":25,"ano":"2026","cultura":"Milho"}},{"type":"Feature","geometry":{"type":"Point","coordinates":[-52.21125384708066,-10.349984371341257]},"properties":{"Fazenda":"FE","Campo":"FE 04","produtividade":187.5368,"unidade_produtividade":"sc/ha","pontos_originais":25,"ano":"2026","cultura":"Milho"}},{"type":"Feature","geometry":{"type":"Point","coordinates":[-52.2110255382844,-10.349985229981682]},"properties":{"Fazenda":"FE","Campo":"FE 04","produtividade":185.15759999999997,"unidade_produtividade":"sc/ha","pontos_originais":25,"ano":"2026","cultura":"Milho"}},{"type":"Feature","geometry":{"type":"Point","coordinates":[-52.21216708206582,-10.349980935161888]},"properties":{"Fazenda":"FE","Campo":"FE 04","produtividade":187.07280000000003,"unidade_produtividade":"sc/ha","pontos_originais":25,"ano":"2026","cultura":"Milho"}},{"type":"Feature","geometry":{"type":"Point","coordinates":[-52.211938773349495,-10.349981794449382]},"properties":{"Fazenda":"FE","Campo":"FE 04","produtividade":188.62479999999996,"unidade_produtividade":"sc/ha","pontos_originais":25,"ano":"2026","cultura":"Milho"}},{"type":"Feature","geometry":{"type":"Point","coordinates":[-52.20417626512618,-10.350010913972977]},"properties":{"Fazenda":"FE","Campo":"FE 04","produtividade":146.00039999999998,"unidade_produtividade":"sc/ha","pontos_originais":25,"ano":"2026","cultura":"Milho"}},{"type":"Feature","geometry":{"type":"Point","coordinates":[-52.204404574520005,-10.350010060185564]},"properties":{"Fazenda":"FE","Campo":"FE 04","produtividade":147.422,"unidade_produtividade":"sc/ha","pontos_originais":25,"ano":"2026","cultura":"Milho"}},{"type":"Feature","geometry":{"type":"Point","coordinates":[-52.20394795571251,-10.350011767598629]},"properties":{"Fazenda":"FE","Campo":"FE 04","produtividade":148.12480000000002,"unidade_produtividade":"sc/ha","pontos_originais":25,"ano":"2026","cultura":"Milho"}},{"type":"Feature","geometry":{"type":"Point","coordinates":[-52.20371964627896,-10.350012621062508]},"properties":{"Fazenda":"FE","Campo":"FE 04","produtividade":150.65880000000004,"unidade_produtividade":"sc/ha","pontos_originais":25,"ano":"2026","cultura":"Milho"}},{"type":"Feature","geometry":{"type":"Point","coordinates":[-52.20486119324805,-10.350008352125428]},"properties":{"Fazenda":"FE","Campo":"FE 04","produtividade":147.42599999999996,"unidade_produtividade":"sc/ha","pontos_originais":25,"ano":"2026","cultura":"Milho"}},{"type":"Feature","geometry":{"type":"Point","coordinates":[-52.20508950258227,-10.35000749785271]},"properties":{"Fazenda":"FE","Campo":"FE 04","produtividade":145.886,"unidade_produtividade":"sc/ha","pontos_originais":25,"ano":"2026","cultura":"Milho"}},{"type":"Feature","geometry":{"type":"Point","coordinates":[-52.204632883893964,-10.350009206236383]},"properties":{"Fazenda":"FE","Campo":"FE 04","produtividade":147.89759999999998,"unidade_produtividade":"sc/ha","pontos_originais":25,"ano":"2026","cultura":"Milho"}},{"type":"Feature","geometry":{"type":"Point","coordinates":[-52.20349133682556,-10.35001347436462]},"properties":{"Fazenda":"FE","Campo":"FE 04","produtividade":152.8864,"unidade_produtividade":"sc/ha","pontos_originais":25,"ano":"2026","cultura":"Milho"}},{"type":"Feature","geometry":{"type":"Point","coordinates":[-52.20328043056531,-10.35001641545756]},"properties":{"Fazenda":"FE","Campo":"FE 04","produtividade":152.9061904761905,"unidade_produtividade":"sc/ha","pontos_originais":21,"ano":"2026","cultura":"Milho"}},{"type":"Feature","geometry":{"type":"Point","coordinates":[-52.207144285695364,-10.349999802118681]},"properties":{"Fazenda":"FE","Campo":"FE 04","produtividade":181.28999999999996,"unidade_produtividade":"sc/ha","pontos_originais":25,"ano":"2026","cultura":"Milho"}},{"type":"Feature","geometry":{"type":"Point","coordinates":[-52.20691597654017,-10.35000065784731]},"properties":{"Fazenda":"FE","Campo":"FE 04","produtividade":177.98959999999997,"unidade_produtividade":"sc/ha","pontos_originais":25,"ano":"2026","cultura":"Milho"}},{"type":"Feature","geometry":{"type":"Point","coordinates":[-52.20668766736504,-10.350001513414172]},"properties":{"Fazenda":"FE","Campo":"FE 04","produtividade":173.326,"unidade_produtividade":"sc/ha","pontos_originais":25,"ano":"2026","cultura":"Milho"}},{"type":"Feature","geometry":{"type":"Point","coordinates":[-52.206459358170044,-10.350002368819261]},"properties":{"Fazenda":"FE","Campo":"FE 04","produtividade":168.78879999999998,"unidade_produtividade":"sc/ha","pontos_originais":25,"ano":"2026","cultura":"Milho"}},{"type":"Feature","geometry":{"type":"Point","coordinates":[-52.20782921304148,-10.349997233962197]},"properties":{"Fazenda":"FE","Campo":"FE 04","produtividade":185.85999999999996,"unidade_produtividade":"sc/ha","pontos_originais":25,"ano":"2026","cultura":"Milho"}},{"type":"Feature","geometry":{"type":"Point","coordinates":[-52.207600903946,-10.349998090176125]},"properties":{"Fazenda":"FE","Campo":"FE 04","produtividade":185.6904,"unidade_produtividade":"sc/ha","pontos_originais":25,"ano":"2026","cultura":"Milho"}},{"type":"Feature","geometry":{"type":"Point","coordinates":[-52.20737259483064,-10.349998946228288]},"properties":{"Fazenda":"FE","Campo":"FE 04","produtividade":183.10440000000003,"unidade_produtividade":"sc/ha","pontos_originais":25,"ano":"2026","cultura":"Milho"}},{"type":"Feature","geometry":{"type":"Point","coordinates":[-52.20577443046566,-10.350004934063941]},"properties":{"Fazenda":"FE","Campo":"FE 04","produtividade":159.916,"unidade_produtividade":"sc/ha","pontos_originais":25,"ano":"2026","cultura":"Milho"}},{"type":"Feature","geometry":{"type":"Point","coordinates":[-52.205546121191084,-10.350005788821964]},"properties":{"Fazenda":"FE","Campo":"FE 04","produtividade":154.02880000000002,"unidade_produtividade":"sc/ha","pontos_originais":25,"ano":"2026","cultura":"Milho"}},{"type":"Feature","geometry":{"type":"Point","coordinates":[-52.20531781189663,-10.35000664341822]},"properties":{"Fazenda":"FE","Campo":"FE 04","produtividade":147.6572,"unidade_produtividade":"sc/ha","pontos_originais":25,"ano":"2026","cultura":"Milho"}},{"type":"Feature","geometry":{"type":"Point","coordinates":[-52.20623104895513,-10.350003224062592]},"properties":{"Fazenda":"FE","Campo":"FE 04","produtividade":166.92359999999996,"unidade_produtividade":"sc/ha","pontos_originais":25,"ano":"2026","cultura":"Milho"}},{"type":"Feature","geometry":{"type":"Point","coordinates":[-52.20600273972033,-10.35000407914415]},"properties":{"Fazenda":"FE","Campo":"FE 04","produtividade":165.4232,"unidade_produtividade":"sc/ha","pontos_originais":25,"ano":"2026","cultura":"Milho"}},{"type":"Feature","geometry":{"type":"Point","coordinates":[-52.20349194002947,-10.350171715903384]},"properties":{"Fazenda":"FE","Campo":"FE 04","produtividade":151.226,"unidade_produtividade":"sc/ha","pontos_originais":10,"ano":"2026","cultura":"Milho"}},{"type":"Feature","geometry":{"type":"Point","coordinates":[-52.203300108283614,-10.350158869003875]},"properties":{"Fazenda":"FE","Campo":"FE 04","produtividade":153.02,"unidade_produtividade":"sc/ha","pontos_originais":5,"ano":"2026","cultura":"Milho"}},{"type":"Feature","geometry":{"type":"Point","coordinates":[-52.214221859612465,-10.349973194295023]},"properties":{"Fazenda":"FE","Campo":"FE 04","produtividade":178.38679999999997,"unidade_produtividade":"sc/ha","pontos_originais":25,"ano":"2026","cultura":"Milho"}},{"type":"Feature","geometry":{"type":"Point","coordinates":[-52.21399355107623,-10.349974055038404]},"properties":{"Fazenda":"FE","Campo":"FE 04","produtividade":180.64000000000004,"unidade_produtividade":"sc/ha","pontos_originais":25,"ano":"2026","cultura":"Milho"}},{"type":"Feature","geometry":{"type":"Point","coordinates":[-52.21833140983658,-10.34995767325243]},"properties":{"Fazenda":"FE","Campo":"FE 04","produtividade":174.6096,"unidade_produtividade":"sc/ha","pontos_originais":25,"ano":"2026","cultura":"Milho"}},{"type":"Feature","geometry":{"type":"Point","coordinates":[-52.21852669989651,-10.350006256855353]},"properties":{"Fazenda":"FE","Campo":"FE 04","produtividade":170.51727272727274,"unidade_produtividade":"sc/ha","pontos_originais":11,"ano":"2026","cultura":"Milho"}},{"type":"Feature","geometry":{"type":"Point","coordinates":[-52.21810310166139,-10.34995853690757]},"properties":{"Fazenda":"FE","Campo":"FE 04","produtividade":179.9248,"unidade_produtividade":"sc/ha","pontos_originais":25,"ano":"2026","cultura":"Milho"}},{"type":"Feature","geometry":{"type":"Point","coordinates":[-52.214906785101014,-10.349970611094298]},"properties":{"Fazenda":"FE","Campo":"FE 04","produtividade":184.90600000000003,"unidade_produtividade":"sc/ha","pontos_originais":25,"ano":"2026","cultura":"Milho"}},{"type":"Feature","geometry":{"type":"Point","coordinates":[-52.21513509355713,-10.349969749703858]},"properties":{"Fazenda":"FE","Campo":"FE 04","produtividade":186.8972,"unidade_produtividade":"sc/ha","pontos_originais":25,"ano":"2026","cultura":"Milho"}},{"type":"Feature","geometry":{"type":"Point","coordinates":[-52.21467847662488,-10.34997147232297]},"properties":{"Fazenda":"FE","Campo":"FE 04","produtividade":182.21239999999997,"unidade_produtividade":"sc/ha","pontos_originais":25,"ano":"2026","cultura":"Milho"}},{"type":"Feature","geometry":{"type":"Point","coordinates":[-52.21445016812868,-10.349972333389879]},"properties":{"Fazenda":"FE","Campo":"FE 04","produtividade":179.30999999999997,"unidade_produtividade":"sc/ha","pontos_originais":25,"ano":"2026","cultura":"Milho"}},{"type":"Feature","geometry":{"type":"Point","coordinates":[-52.217189868759796,-10.349961989910494]},"properties":{"Fazenda":"FE","Campo":"FE 04","produtividade":186.82440000000003,"unidade_produtividade":"sc/ha","pontos_originais":25,"ano":"2026","cultura":"Milho"}},{"type":"Feature","geometry":{"type":"Point","coordinates":[-52.216961560484194,-10.34996285275681]},"properties":{"Fazenda":"FE","Campo":"FE 04","produtividade":190.3584,"unidade_produtividade":"sc/ha","pontos_originais":25,"ano":"2026","cultura":"Milho"}},{"type":"Feature","geometry":{"type":"Point","coordinates":[-52.216733252188526,-10.349963715441367]},"properties":{"Fazenda":"FE","Campo":"FE 04","produtividade":189.7584,"unidade_produtividade":"sc/ha","pontos_originais":25,"ano":"2026","cultura":"Milho"}},{"type":"Feature","geometry":{"type":"Point","coordinates":[-52.21650494387277,-10.349964577964164]},"properties":{"Fazenda":"FE","Campo":"FE 04","produtividade":187.93280000000001,"unidade_produtividade":"sc/ha","pontos_originais":25,"ano":"2026","cultura":"Milho"}},{"type":"Feature","geometry":{"type":"Point","coordinates":[-52.21787479346614,-10.349959400400946]},"properties":{"Fazenda":"FE","Campo":"FE 04","produtividade":184.66040000000004,"unidade_produtividade":"sc/ha","pontos_originais":25,"ano":"2026","cultura":"Milho"}},{"type":"Feature","geometry":{"type":"Point","coordinates":[-52.21764648525076,-10.34996026373256]},"properties":{"Fazenda":"FE","Campo":"FE 04","produtividade":185.5104,"unidade_produtividade":"sc/ha","pontos_originais":25,"ano":"2026","cultura":"Milho"}},{"type":"Feature","geometry":{"type":"Point","coordinates":[-52.217418177015304,-10.34996112690241]},"properties":{"Fazenda":"FE","Campo":"FE 04","produtividade":186.2084,"unidade_produtividade":"sc/ha","pontos_originais":25,"ano":"2026","cultura":"Milho"}},{"type":"Feature","geometry":{"type":"Point","coordinates":[-52.21559171040921,-10.349968026437686]},"properties":{"Fazenda":"FE","Campo":"FE 04","produtividade":187.26,"unidade_produtividade":"sc/ha","pontos_originais":25,"ano":"2026","cultura":"Milho"}},{"type":"Feature","geometry":{"type":"Point","coordinates":[-52.215820018805196,-10.349967164561951]},"properties":{"Fazenda":"FE","Campo":"FE 04","produtividade":186.34079999999997,"unidade_produtividade":"sc/ha","pontos_originais":25,"ano":"2026","cultura":"Milho"}},{"type":"Feature","geometry":{"type":"Point","coordinates":[-52.21536340199319,-10.349968888151654]},"properties":{"Fazenda":"FE","Campo":"FE 04","produtividade":185.4752,"unidade_produtividade":"sc/ha","pontos_originais":25,"ano":"2026","cultura":"Milho"}},{"type":"Feature","geometry":{"type":"Point","coordinates":[-52.21627663553697,-10.349965440325189]},"properties":{"Fazenda":"FE","Campo":"FE 04","produtividade":185.7652,"unidade_produtividade":"sc/ha","pontos_originais":25,"ano":"2026","cultura":"Milho"}},{"type":"Feature","geometry":{"type":"Point","coordinates":[-52.216048327181106,-10.349966302524452]},"properties":{"Fazenda":"FE","Campo":"FE 04","produtividade":186.5172000000001,"unidade_produtividade":"sc/ha","pontos_originais":25,"ano":"2026","cultura":"Milho"}},{"type":"Feature","geometry":{"type":"Point","coordinates":[-52.21011576886657,-10.350892898054381]},"properties":{"Fazenda":"FE","Campo":"FE 04","produtividade":174.72320000000002,"unidade_produtividade":"sc/ha","pontos_originais":25,"ano":"2026","cultura":"Milho"}},{"type":"Feature","geometry":{"type":"Point","coordinates":[-52.21034407839624,-10.350892039984467]},"properties":{"Fazenda":"FE","Campo":"FE 04","produtividade":179.77,"unidade_produtividade":"sc/ha","pontos_originais":25,"ano":"2026","cultura":"Milho"}},{"type":"Feature","geometry":{"type":"Point","coordinates":[-52.20988745931698,-10.350893755962515]},"properties":{"Fazenda":"FE","Campo":"FE 04","produtividade":173.31040000000002,"unidade_produtividade":"sc/ha","pontos_originais":25,"ano":"2026","cultura":"Milho"}},{"type":"Feature","geometry":{"type":"Point","coordinates":[-52.209659149747424,-10.350894613708865]},"properties":{"Fazenda":"FE","Campo":"FE 04","produtividade":172.0428,"unidade_produtividade":"sc/ha","pontos_originais":25,"ano":"2026","cultura":"Milho"}},{"type":"Feature","geometry":{"type":"Point","coordinates":[-52.21080069739563,-10.3508903233593]},"properties":{"Fazenda":"FE","Campo":"FE 04","produtividade":186.37519999999998,"unidade_produtividade":"sc/ha","pontos_originais":25,"ano":"2026","cultura":"Milho"}},{"type":"Feature","geometry":{"type":"Point","coordinates":[-52.21102900686537,-10.350889464804045]},"properties":{"Fazenda":"FE","Campo":"FE 04","produtividade":185.94120000000004,"unidade_produtividade":"sc/ha","pontos_originais":25,"ano":"2026","cultura":"Milho"}},{"type":"Feature","geometry":{"type":"Point","coordinates":[-52.2105723879059,-10.350891181752775]},"properties":{"Fazenda":"FE","Campo":"FE 04","produtividade":182.25079999999997,"unidade_produtividade":"sc/ha","pontos_originais":25,"ano":"2026","cultura":"Milho"}},{"type":"Feature","geometry":{"type":"Point","coordinates":[-52.208745911269716,-10.350898043076466]},"properties":{"Fazenda":"FE","Campo":"FE 04","produtividade":157.67240000000004,"unidade_produtividade":"sc/ha","pontos_originais":25,"ano":"2026","cultura":"Milho"}},{"type":"Feature","geometry":{"type":"Point","coordinates":[-52.20851760160044,-10.350898900013915]},"properties":{"Fazenda":"FE","Campo":"FE 04","produtividade":154.68879999999996,"unidade_produtividade":"sc/ha","pontos_originais":25,"ano":"2026","cultura":"Milho"}},{"type":"Feature","geometry":{"type":"Point","coordinates":[-52.20828929191124,-10.350899756789579]},"properties":{"Fazenda":"FE","Campo":"FE 04","produtividade":150.5728,"unidade_produtividade":"sc/ha","pontos_originais":25,"ano":"2026","cultura":"Milho"}},{"type":"Feature","geometry":{"type":"Point","coordinates":[-52.208060982202085,-10.350900613403462]},"properties":{"Fazenda":"FE","Campo":"FE 04","produtividade":146.81960000000004,"unidade_produtividade":"sc/ha","pontos_originais":25,"ano":"2026","cultura":"Milho"}},{"type":"Feature","geometry":{"type":"Point","coordinates":[-52.20943084015789,-10.350895471293438]},"properties":{"Fazenda":"FE","Campo":"FE 04","produtividade":170.5152,"unidade_produtividade":"sc/ha","pontos_originais":25,"ano":"2026","cultura":"Milho"}},{"type":"Feature","geometry":{"type":"Point","coordinates":[-52.20920253054845,-10.350896328716228]},"properties":{"Fazenda":"FE","Campo":"FE 04","produtividade":167.44160000000002,"unidade_produtividade":"sc/ha","pontos_originais":25,"ano":"2026","cultura":"Milho"}},{"type":"Feature","geometry":{"type":"Point","coordinates":[-52.20897422091906,-10.350897185977237]},"properties":{"Fazenda":"FE","Campo":"FE 04","produtividade":163.1404,"unidade_produtividade":"sc/ha","pontos_originais":25,"ano":"2026","cultura":"Milho"}},{"type":"Feature","geometry":{"type":"Point","coordinates":[-52.213083791193746,-10.35088173052663]},"properties":{"Fazenda":"FE","Campo":"FE 04","produtividade":185.5532,"unidade_produtividade":"sc/ha","pontos_originais":25,"ano":"2026","cultura":"Milho"}},{"type":"Feature","geometry":{"type":"Point","coordinates":[-52.212855481903915,-10.350882590537905]},"properties":{"Fazenda":"FE","Campo":"FE 04","produtividade":188.0224,"unidade_produtividade":"sc/ha","pontos_originais":25,"ano":"2026","cultura":"Milho"}},{"type":"Feature","geometry":{"type":"Point","coordinates":[-52.21262717259405,-10.350883450387405]},"properties":{"Fazenda":"FE","Campo":"FE 04","produtividade":187.4144,"unidade_produtividade":"sc/ha","pontos_originais":25,"ano":"2026","cultura":"Milho"}},{"type":"Feature","geometry":{"type":"Point","coordinates":[-52.21239886326423,-10.350884310075122]},"properties":{"Fazenda":"FE","Campo":"FE 04","produtividade":188.5412,"unidade_produtividade":"sc/ha","pontos_originais":25,"ano":"2026","cultura":"Milho"}},{"type":"Feature","geometry":{"type":"Point","coordinates":[-52.213768718943214,-10.350879149522118]},"properties":{"Fazenda":"FE","Campo":"FE 04","produtividade":176.262,"unidade_produtividade":"sc/ha","pontos_originais":25,"ano":"2026","cultura":"Milho"}},{"type":"Feature","geometry":{"type":"Point","coordinates":[-52.21399702815298,-10.350878288863724]},"properties":{"Fazenda":"FE","Campo":"FE 04","produtividade":176.63480000000004,"unidade_produtividade":"sc/ha","pontos_originais":25,"ano":"2026","cultura":"Milho"}},{"type":"Feature","geometry":{"type":"Point","coordinates":[-52.21354040971339,-10.350880010018734]},"properties":{"Fazenda":"FE","Campo":"FE 04","produtividade":178.11279999999996,"unidade_produtividade":"sc/ha","pontos_originais":25,"ano":"2026","cultura":"Milho"}},{"type":"Feature","geometry":{"type":"Point","coordinates":[-52.21331210046356,-10.35088087035357]},"properties":{"Fazenda":"FE","Campo":"FE 04","produtividade":181.66960000000003,"unidade_produtividade":"sc/ha","pontos_originais":25,"ano":"2026","cultura":"Milho"}},{"type":"Feature","geometry":{"type":"Point","coordinates":[-52.21171393515472,-10.350886888167592]},"properties":{"Fazenda":"FE","Campo":"FE 04","produtividade":189.922,"unidade_produtividade":"sc/ha","pontos_originais":25,"ano":"2026","cultura":"Milho"}},{"type":"Feature","geometry":{"type":"Point","coordinates":[-52.21148562574492,-10.350887747208192]},"properties":{"Fazenda":"FE","Campo":"FE 04","produtividade":188.5720000000001,"unidade_produtividade":"sc/ha","pontos_originais":25,"ano":"2026","cultura":"Milho"}},{"type":"Feature","geometry":{"type":"Point","coordinates":[-52.21125731631512,-10.350888606087008]},"properties":{"Fazenda":"FE","Campo":"FE 04","produtividade":188.0912,"unidade_produtividade":"sc/ha","pontos_originais":25,"ano":"2026","cultura":"Milho"}},{"type":"Feature","geometry":{"type":"Point","coordinates":[-52.212170553914376,-10.35088516960106]},"properties":{"Fazenda":"FE","Campo":"FE 04","produtividade":188.54879999999997,"unidade_produtividade":"sc/ha","pontos_originais":25,"ano":"2026","cultura":"Milho"}},{"type":"Feature","geometry":{"type":"Point","coordinates":[-52.211942244544545,-10.350886028965217]},"properties":{"Fazenda":"FE","Campo":"FE 04","produtividade":190.38639999999998,"unidade_produtividade":"sc/ha","pontos_originais":25,"ano":"2026","cultura":"Milho"}},{"type":"Feature","geometry":{"type":"Point","coordinates":[-52.207832672473025,-10.350901469855568]},"properties":{"Fazenda":"FE","Campo":"FE 04","produtividade":140.7984,"unidade_produtividade":"sc/ha","pontos_originais":25,"ano":"2026","cultura":"Milho"}},{"type":"Feature","geometry":{"type":"Point","coordinates":[-52.208528804666166,-10.351072751934073]},"properties":{"Fazenda":"FE","Campo":"FE 04","produtividade":151.06076923076924,"unidade_produtividade":"sc/ha","pontos_originais":13,"ano":"2026","cultura":"Milho"}},{"type":"Feature","geometry":{"type":"Point","coordinates":[-52.20830003506245,-10.351055448197826]},"properties":{"Fazenda":"FE","Campo":"FE 04","produtividade":148.03222222222223,"unidade_produtividade":"sc/ha","pontos_originais":9,"ano":"2026","cultura":"Milho"}},{"type":"Feature","geometry":{"type":"Point","coordinates":[-52.20808433222347,-10.35103616311884]},"properties":{"Fazenda":"FE","Campo":"FE 04","produtividade":144.8,"unidade_produtividade":"sc/ha","pontos_originais":4,"ano":"2026","cultura":"Milho"}},{"type":"Feature","geometry":{"type":"Point","coordinates":[-52.20678210180594,-10.350814983835962]},"properties":{"Fazenda":"FE","Campo":"FE 04","produtividade":141.17,"unidade_produtividade":"sc/ha","pontos_originais":1,"ano":"2026","cultura":"Milho"}},{"type":"Feature","geometry":{"type":"Point","coordinates":[-52.21947051766748,-10.350865469970326]},"properties":{"Fazenda":"FE","Campo":"FE 04","produtividade":164.32869565217385,"unidade_produtividade":"sc/ha","pontos_originais":23,"ano":"2026","cultura":"Milho"}},{"type":"Feature","geometry":{"type":"Point","coordinates":[-52.20693433712094,-10.350821948681117]},"properties":{"Fazenda":"FE","Campo":"FE 04","produtividade":131.17,"unidade_produtividade":"sc/ha","pontos_originais":6,"ano":"2026","cultura":"Milho"}},{"type":"Feature","geometry":{"type":"Point","coordinates":[-52.21924813444401,-10.350858449069564]},"properties":{"Fazenda":"FE","Campo":"FE 04","produtividade":167.11960000000002,"unidade_produtividade":"sc/ha","pontos_originais":25,"ano":"2026","cultura":"Milho"}},{"type":"Feature","geometry":{"type":"Point","coordinates":[-52.21901982569571,-10.350859313448879]},"properties":{"Fazenda":"FE","Campo":"FE 04","produtividade":170.58720000000002,"unidade_produtividade":"sc/ha","pontos_originais":25,"ano":"2026","cultura":"Milho"}},{"type":"Feature","geometry":{"type":"Point","coordinates":[-52.207604276250414,-10.350879720247326]},"properties":{"Fazenda":"FE","Campo":"FE 04","produtividade":138.19200000000004,"unidade_produtividade":"sc/ha","pontos_originais":20,"ano":"2026","cultura":"Milho"}},{"type":"Feature","geometry":{"type":"Point","coordinates":[-52.20737588004083,-10.350857970473438]},"properties":{"Fazenda":"FE","Campo":"FE 04","produtividade":136.228,"unidade_produtividade":"sc/ha","pontos_originais":15,"ano":"2026","cultura":"Milho"}},{"type":"Feature","geometry":{"type":"Point","coordinates":[-52.207147483844246,-10.35083622053391]},"properties":{"Fazenda":"FE","Campo":"FE 04","produtividade":133.969,"unidade_produtividade":"sc/ha","pontos_originais":10,"ano":"2026","cultura":"Milho"}},{"type":"Feature","geometry":{"type":"Point","coordinates":[-52.21810659050149,-10.350862769348337]},"properties":{"Fazenda":"FE","Campo":"FE 04","produtividade":186.59119999999996,"unidade_produtividade":"sc/ha","pontos_originais":25,"ano":"2026","cultura":"Milho"}},{"type":"Feature","geometry":{"type":"Point","coordinates":[-52.218334899330195,-10.350861905616139]},"properties":{"Fazenda":"FE","Campo":"FE 04","produtividade":181.28279999999995,"unidade_produtividade":"sc/ha","pontos_originais":25,"ano":"2026","cultura":"Milho"}},{"type":"Feature","geometry":{"type":"Point","coordinates":[-52.2178782816527,-10.350863632918754]},"properties":{"Fazenda":"FE","Campo":"FE 04","produtividade":187.572,"unidade_produtividade":"sc/ha","pontos_originais":25,"ano":"2026","cultura":"Milho"}},{"type":"Feature","geometry":{"type":"Point","coordinates":[-52.21764997278382,-10.350864496327397]},"properties":{"Fazenda":"FE","Campo":"FE 04","produtividade":188.4556,"unidade_produtividade":"sc/ha","pontos_originais":25,"ano":"2026","cultura":"Milho"}},{"type":"Feature","geometry":{"type":"Point","coordinates":[-52.21879151692731,-10.350860177666407]},"properties":{"Fazenda":"FE","Campo":"FE 04","produtividade":174.6036,"unidade_produtividade":"sc/ha","pontos_originais":25,"ano":"2026","cultura":"Milho"}},{"type":"Feature","geometry":{"type":"Point","coordinates":[-52.218563208138804,-10.350861041722164]},"properties":{"Fazenda":"FE","Campo":"FE 04","produtividade":177.2576,"unidade_produtividade":"sc/ha","pontos_originais":25,"ano":"2026","cultura":"Milho"}},{"type":"Feature","geometry":{"type":"Point","coordinates":[-52.21445364651247,-10.350876567061587]},"properties":{"Fazenda":"FE","Campo":"FE 04","produtividade":181.22799999999998,"unidade_produtividade":"sc/ha","pontos_originais":25,"ano":"2026","cultura":"Milho"}},{"type":"Feature","geometry":{"type":"Point","coordinates":[-52.21468195566218,-10.350875705917856]},"properties":{"Fazenda":"FE","Campo":"FE 04","produtividade":183.452,"unidade_produtividade":"sc/ha","pontos_originais":25,"ano":"2026","cultura":"Milho"}},{"type":"Feature","geometry":{"type":"Point","coordinates":[-52.21422533734274,-10.350877428043546]},"properties":{"Fazenda":"FE","Campo":"FE 04","produtividade":179.10519999999997,"unidade_produtividade":"sc/ha","pontos_originais":25,"ano":"2026","cultura":"Milho"}},{"type":"Feature","geometry":{"type":"Point","coordinates":[-52.21673673710751,-10.350867948344174]},"properties":{"Fazenda":"FE","Campo":"FE 04","produtividade":185.4348,"unidade_produtividade":"sc/ha","pontos_originais":25,"ano":"2026","cultura":"Milho"}},{"type":"Feature","geometry":{"type":"Point","coordinates":[-52.21650842813823,-10.35086881094392]},"properties":{"Fazenda":"FE","Campo":"FE 04","produtividade":185.76319999999998,"unidade_produtividade":"sc/ha","pontos_originais":25,"ano":"2026","cultura":"Milho"}},{"type":"Feature","geometry":{"type":"Point","coordinates":[-52.216280119148934,-10.350869673381887]},"properties":{"Fazenda":"FE","Campo":"FE 04","produtividade":187.65040000000002,"unidade_produtividade":"sc/ha","pontos_originais":25,"ano":"2026","cultura":"Milho"}},{"type":"Feature","geometry":{"type":"Point","coordinates":[-52.21605181013956,-10.350870535658075]},"properties":{"Fazenda":"FE","Campo":"FE 04","produtividade":187.15639999999993,"unidade_produtividade":"sc/ha","pontos_originais":25,"ano":"2026","cultura":"Milho"}},{"type":"Feature","geometry":{"type":"Point","coordinates":[-52.217421663894854,-10.350865359574259]},"properties":{"Fazenda":"FE","Campo":"FE 04","produtividade":185.8172,"unidade_produtividade":"sc/ha","pontos_originais":25,"ano":"2026","cultura":"Milho"}},{"type":"Feature","geometry":{"type":"Point","coordinates":[-52.2171933549858,-10.35086622265934]},"properties":{"Fazenda":"FE","Campo":"FE 04","produtividade":184.42600000000002,"unidade_produtividade":"sc/ha","pontos_originais":25,"ano":"2026","cultura":"Milho"}},{"type":"Feature","geometry":{"type":"Point","coordinates":[-52.2169650460567,-10.350867085582648]},"properties":{"Fazenda":"FE","Campo":"FE 04","produtividade":185.2796,"unidade_produtividade":"sc/ha","pontos_originais":25,"ano":"2026","cultura":"Milho"}},{"type":"Feature","geometry":{"type":"Point","coordinates":[-52.21513857390148,-10.350873983145048]},"properties":{"Fazenda":"FE","Campo":"FE 04","produtividade":183.52360000000002,"unidade_produtividade":"sc/ha","pontos_originais":25,"ano":"2026","cultura":"Milho"}},{"type":"Feature","geometry":{"type":"Point","coordinates":[-52.21536688299108,-10.350873121515974]},"properties":{"Fazenda":"FE","Campo":"FE 04","produtividade":183.49400000000003,"unidade_produtividade":"sc/ha","pontos_originais":25,"ano":"2026","cultura":"Milho"}},{"type":"Feature","geometry":{"type":"Point","coordinates":[-52.214910264791854,-10.350874844612342]},"properties":{"Fazenda":"FE","Campo":"FE 04","produtividade":184.07120000000003,"unidade_produtividade":"sc/ha","pontos_originais":25,"ano":"2026","cultura":"Milho"}},{"type":"Feature","geometry":{"type":"Point","coordinates":[-52.2158235011101,-10.350871397772487]},"properties":{"Fazenda":"FE","Campo":"FE 04","produtividade":185.7964,"unidade_produtividade":"sc/ha","pontos_originais":25,"ano":"2026","cultura":"Milho"}},{"type":"Feature","geometry":{"type":"Point","coordinates":[-52.2155951920606,-10.35087225972512]},"properties":{"Fazenda":"FE","Campo":"FE 04","produtividade":183.66319999999996,"unidade_produtividade":"sc/ha","pontos_originais":25,"ano":"2026","cultura":"Milho"}},{"type":"Feature","geometry":{"type":"Point","coordinates":[-52.21964410245605,-10.35091723255968]},"properties":{"Fazenda":"FE","Campo":"FE 04","produtividade":165.67,"unidade_produtividade":"sc/ha","pontos_originais":6,"ano":"2026","cultura":"Milho"}},{"type":"Feature","geometry":{"type":"Point","coordinates":[-52.213996158853746,-10.350652230412255]},"properties":{"Fazenda":"FE","Campo":"FE 04","produtividade":176.67160000000004,"unidade_produtividade":"sc/ha","pontos_originais":25,"ano":"2026","cultura":"Milho"}},{"type":"Feature","geometry":{"type":"Point","coordinates":[-52.213767849807354,-10.350653091051452]},"properties":{"Fazenda":"FE","Campo":"FE 04","produtividade":179.486,"unidade_produtividade":"sc/ha","pontos_originais":25,"ano":"2026","cultura":"Milho"}},{"type":"Feature","geometry":{"type":"Point","coordinates":[-52.21353954074094,-10.350653951528875]},"properties":{"Fazenda":"FE","Campo":"FE 04","produtividade":181.4212,"unidade_produtividade":"sc/ha","pontos_originais":25,"ano":"2026","cultura":"Milho"}},{"type":"Feature","geometry":{"type":"Point","coordinates":[-52.21331123165451,-10.350654811844526]},"properties":{"Fazenda":"FE","Campo":"FE 04","produtividade":184.8956,"unidade_produtividade":"sc/ha","pontos_originais":25,"ano":"2026","cultura":"Milho"}},{"type":"Feature","geometry":{"type":"Point","coordinates":[-52.2146810858728,-10.350649647523992]},"properties":{"Fazenda":"FE","Campo":"FE 04","produtividade":180.1728,"unidade_produtividade":"sc/ha","pontos_originais":25,"ano":"2026","cultura":"Milho"}},{"type":"Feature","geometry":{"type":"Point","coordinates":[-52.21490939483909,-10.350648786237686]},"properties":{"Fazenda":"FE","Campo":"FE 04","produtividade":181.9716,"unidade_produtividade":"sc/ha","pontos_originais":25,"ano":"2026","cultura":"Milho"}},{"type":"Feature","geometry":{"type":"Point","coordinates":[-52.21445277688648,-10.350650508648519]},"properties":{"Fazenda":"FE","Campo":"FE 04","produtividade":176.9592,"unidade_produtividade":"sc/ha","pontos_originais":25,"ano":"2026","cultura":"Milho"}},{"type":"Feature","geometry":{"type":"Point","coordinates":[-52.21422446788014,-10.350651369611276]},"properties":{"Fazenda":"FE","Campo":"FE 04","produtividade":177.16999999999996,"unidade_produtividade":"sc/ha","pontos_originais":25,"ano":"2026","cultura":"Milho"}},{"type":"Feature","geometry":{"type":"Point","coordinates":[-52.212626304275155,-10.350657391820812]},"properties":{"Fazenda":"FE","Campo":"FE 04","produtividade":186.74759999999998,"unidade_produtividade":"sc/ha","pontos_originais":25,"ano":"2026","cultura":"Milho"}},{"type":"Feature","geometry":{"type":"Point","coordinates":[-52.212397995108695,-10.350658251489358]},"properties":{"Fazenda":"FE","Campo":"FE 04","produtividade":184.39600000000002,"unidade_produtividade":"sc/ha","pontos_originais":25,"ano":"2026","cultura":"Milho"}},{"type":"Feature","geometry":{"type":"Point","coordinates":[-52.212169685922234,-10.350659110996126]},"properties":{"Fazenda":"FE","Campo":"FE 04","produtividade":184.01800000000003,"unidade_produtividade":"sc/ha","pontos_originais":25,"ano":"2026","cultura":"Milho"}},{"type":"Feature","geometry":{"type":"Point","coordinates":[-52.21194137671579,-10.350659970341116]},"properties":{"Fazenda":"FE","Campo":"FE 04","produtividade":186.39600000000002,"unidade_produtividade":"sc/ha","pontos_originais":25,"ano":"2026","cultura":"Milho"}},{"type":"Feature","geometry":{"type":"Point","coordinates":[-52.213082922548054,-10.350655671998398]},"properties":{"Fazenda":"FE","Campo":"FE 04","produtividade":188.38240000000005,"unidade_produtividade":"sc/ha","pontos_originais":25,"ano":"2026","cultura":"Milho"}},{"type":"Feature","geometry":{"type":"Point","coordinates":[-52.21285461342163,-10.350656531990493]},"properties":{"Fazenda":"FE","Campo":"FE 04","produtividade":189.45600000000002,"unidade_produtividade":"sc/ha","pontos_originais":25,"ano":"2026","cultura":"Milho"}},{"type":"Feature","geometry":{"type":"Point","coordinates":[-52.21696417463346,-10.350641027381048]},"properties":{"Fazenda":"FE","Campo":"FE 04","produtividade":186.0192,"unidade_produtividade":"sc/ha","pontos_originais":25,"ano":"2026","cultura":"Milho"}},{"type":"Feature","geometry":{"type":"Point","coordinates":[-52.21673586584766,-10.350641890123331]},"properties":{"Fazenda":"FE","Campo":"FE 04","produtividade":185.5552,"unidade_produtividade":"sc/ha","pontos_originais":25,"ano":"2026","cultura":"Milho"}},{"type":"Feature","geometry":{"type":"Point","coordinates":[-52.21650755704179,-10.35064275270384]},"properties":{"Fazenda":"FE","Campo":"FE 04","produtividade":185.49400000000006,"unidade_produtividade":"sc/ha","pontos_originais":25,"ano":"2026","cultura":"Milho"}},{"type":"Feature","geometry":{"type":"Point","coordinates":[-52.21627924821584,-10.350643615122571]},"properties":{"Fazenda":"FE","Campo":"FE 04","produtividade":185.7092,"unidade_produtividade":"sc/ha","pontos_originais":25,"ano":"2026","cultura":"Milho"}},{"type":"Feature","geometry":{"type":"Point","coordinates":[-52.21764910087044,-10.350638438183545]},"properties":{"Fazenda":"FE","Campo":"FE 04","produtividade":189.81719999999999,"unidade_produtividade":"sc/ha","pontos_originais":25,"ano":"2026","cultura":"Milho"}},{"type":"Feature","geometry":{"type":"Point","coordinates":[-52.21742079214485,-10.350639301411155]},"properties":{"Fazenda":"FE","Campo":"FE 04","produtividade":186.75480000000005,"unidade_produtividade":"sc/ha","pontos_originais":25,"ano":"2026","cultura":"Milho"}},{"type":"Feature","geometry":{"type":"Point","coordinates":[-52.217192483399195,-10.350640164476989]},"properties":{"Fazenda":"FE","Campo":"FE 04","produtividade":186.85359999999994,"unidade_produtividade":"sc/ha","pontos_originais":25,"ano":"2026","cultura":"Milho"}},{"type":"Feature","geometry":{"type":"Point","coordinates":[-52.21536601271152,-10.350647063179752]},"properties":{"Fazenda":"FE","Campo":"FE 04","produtividade":183.32719999999998,"unidade_produtividade":"sc/ha","pontos_originais":25,"ano":"2026","cultura":"Milho"}},{"type":"Feature","geometry":{"type":"Point","coordinates":[-52.215594321617694,-10.350646201408122]},"properties":{"Fazenda":"FE","Campo":"FE 04","produtividade":184.91240000000002,"unidade_produtividade":"sc/ha","pontos_originais":25,"ano":"2026","cultura":"Milho"}},{"type":"Feature","geometry":{"type":"Point","coordinates":[-52.21513770378533,-10.350647924789607]},"properties":{"Fazenda":"FE","Campo":"FE 04","produtividade":183.0184,"unidade_produtividade":"sc/ha","pontos_originais":25,"ano":"2026","cultura":"Milho"}},{"type":"Feature","geometry":{"type":"Point","coordinates":[-52.21605093936985,-10.35064447737953]},"properties":{"Fazenda":"FE","Campo":"FE 04","produtividade":186.94120000000004,"unidade_produtividade":"sc/ha","pontos_originais":25,"ano":"2026","cultura":"Milho"}},{"type":"Feature","geometry":{"type":"Point","coordinates":[-52.2158226305038,-10.350645339474713]},"properties":{"Fazenda":"FE","Campo":"FE 04","produtividade":186.94520000000003,"unidade_produtividade":"sc/ha","pontos_originais":25,"ano":"2026","cultura":"Milho"}},{"type":"Feature","geometry":{"type":"Point","coordinates":[-52.20806011715094,-10.350674554454079]},"properties":{"Fazenda":"FE","Campo":"FE 04","produtividade":159.43880000000001,"unidade_produtividade":"sc/ha","pontos_originais":25,"ano":"2026","cultura":"Milho"}},{"type":"Feature","geometry":{"type":"Point","coordinates":[-52.20828842669668,-10.3506736978593]},"properties":{"Fazenda":"FE","Campo":"FE 04","produtividade":160.73760000000001,"unidade_produtividade":"sc/ha","pontos_originais":25,"ano":"2026","cultura":"Milho"}},{"type":"Feature","geometry":{"type":"Point","coordinates":[-52.20783180758525,-10.350675410887082]},"properties":{"Fazenda":"FE","Campo":"FE 04","produtividade":156.5788,"unidade_produtividade":"sc/ha","pontos_originais":25,"ano":"2026","cultura":"Milho"}},{"type":"Feature","geometry":{"type":"Point","coordinates":[-52.20760349799966,-10.350676267158303]},"properties":{"Fazenda":"FE","Campo":"FE 04","produtividade":148.27199999999996,"unidade_produtividade":"sc/ha","pontos_originais":25,"ano":"2026","cultura":"Milho"}},{"type":"Feature","geometry":{"type":"Point","coordinates":[-52.208973355214354,-10.350671127104295]},"properties":{"Fazenda":"FE","Campo":"FE 04","produtividade":176.5532,"unidade_produtividade":"sc/ha","pontos_originais":25,"ano":"2026","cultura":"Milho"}},{"type":"Feature","geometry":{"type":"Point","coordinates":[-52.2087450457284,-10.350671984184409]},"properties":{"Fazenda":"FE","Campo":"FE 04","produtividade":170.14960000000002,"unidade_produtividade":"sc/ha","pontos_originais":25,"ano":"2026","cultura":"Milho"}},{"type":"Feature","geometry":{"type":"Point","coordinates":[-52.208516736222506,-10.350672841102744]},"properties":{"Fazenda":"FE","Campo":"FE 04","produtividade":165.5404,"unidade_produtividade":"sc/ha","pontos_originais":25,"ano":"2026","cultura":"Milho"}},{"type":"Feature","geometry":{"type":"Point","coordinates":[-52.206690259458135,-10.350679690625418]},"properties":{"Fazenda":"FE","Campo":"FE 04","produtividade":147.60160000000005,"unidade_produtividade":"sc/ha","pontos_originais":25,"ano":"2026","cultura":"Milho"}},{"type":"Feature","geometry":{"type":"Point","coordinates":[-52.206466232709374,-10.350663306245037]},"properties":{"Fazenda":"FE","Campo":"FE 04","produtividade":148.4971428571429,"unidade_produtividade":"sc/ha","pontos_originais":21,"ano":"2026","cultura":"Milho"}},{"type":"Feature","geometry":{"type":"Point","coordinates":[-52.20624156595834,-10.35064679745851]},"properties":{"Fazenda":"FE","Campo":"FE 04","produtividade":148.00000000000003,"unidade_produtividade":"sc/ha","pontos_originais":17,"ano":"2026","cultura":"Milho"}},{"type":"Feature","geometry":{"type":"Point","coordinates":[-52.20601652993705,-10.350625698993218]},"properties":{"Fazenda":"FE","Campo":"FE 04","produtividade":147.40166666666667,"unidade_produtividade":"sc/ha","pontos_originais":12,"ano":"2026","cultura":"Milho"}},{"type":"Feature","geometry":{"type":"Point","coordinates":[-52.207375188394145,-10.35067712326775]},"properties":{"Fazenda":"FE","Campo":"FE 04","produtividade":140.91319999999996,"unidade_produtividade":"sc/ha","pontos_originais":25,"ano":"2026","cultura":"Milho"}},{"type":"Feature","geometry":{"type":"Point","coordinates":[-52.20714687876872,-10.350677979215417]},"properties":{"Fazenda":"FE","Campo":"FE 04","produtividade":136.21919999999997,"unidade_produtividade":"sc/ha","pontos_originais":25,"ano":"2026","cultura":"Milho"}},{"type":"Feature","geometry":{"type":"Point","coordinates":[-52.20691856912338,-10.35067883500131]},"properties":{"Fazenda":"FE","Campo":"FE 04","produtividade":142.1692,"unidade_produtividade":"sc/ha","pontos_originais":25,"ano":"2026","cultura":"Milho"}},{"type":"Feature","geometry":{"type":"Point","coordinates":[-52.211028139690164,-10.350663406103308]},"properties":{"Fazenda":"FE","Campo":"FE 04","produtividade":190.6564,"unidade_produtividade":"sc/ha","pontos_originais":25,"ano":"2026","cultura":"Milho"}},{"type":"Feature","geometry":{"type":"Point","coordinates":[-52.211256448976535,-10.350662547405427]},"properties":{"Fazenda":"FE","Campo":"FE 04","produtividade":191.16159999999996,"unidade_produtividade":"sc/ha","pontos_originais":25,"ano":"2026","cultura":"Milho"}},{"type":"Feature","geometry":{"type":"Point","coordinates":[-52.210799830383806,-10.350664264639418]},"properties":{"Fazenda":"FE","Campo":"FE 04","produtividade":188.14239999999998,"unidade_produtividade":"sc/ha","pontos_originais":25,"ano":"2026","cultura":"Milho"}},{"type":"Feature","geometry":{"type":"Point","coordinates":[-52.210571521057474,-10.350665123013748]},"properties":{"Fazenda":"FE","Campo":"FE 04","produtividade":185.32319999999999,"unidade_produtividade":"sc/ha","pontos_originais":25,"ano":"2026","cultura":"Milho"}},{"type":"Feature","geometry":{"type":"Point","coordinates":[-52.21171306748937,-10.350660829524331]},"properties":{"Fazenda":"FE","Campo":"FE 04","produtividade":187.88600000000002,"unidade_produtividade":"sc/ha","pontos_originais":25,"ano":"2026","cultura":"Milho"}},{"type":"Feature","geometry":{"type":"Point","coordinates":[-52.21148475824295,-10.350661688545765]},"properties":{"Fazenda":"FE","Campo":"FE 04","produtividade":189.5452,"unidade_produtividade":"sc/ha","pontos_originais":25,"ano":"2026","cultura":"Milho"}},{"type":"Feature","geometry":{"type":"Point","coordinates":[-52.20965828355257,-10.350668554893298]},"properties":{"Fazenda":"FE","Campo":"FE 04","produtividade":180.24519999999995,"unidade_produtividade":"sc/ha","pontos_originais":25,"ano":"2026","cultura":"Milho"}},{"type":"Feature","geometry":{"type":"Point","coordinates":[-52.209429974126444,-10.350669412458737]},"properties":{"Fazenda":"FE","Campo":"FE 04","produtividade":181.0936,"unidade_produtividade":"sc/ha","pontos_originais":25,"ano":"2026","cultura":"Milho"}},{"type":"Feature","geometry":{"type":"Point","coordinates":[-52.209201664680364,-10.350670269862407]},"properties":{"Fazenda":"FE","Campo":"FE 04","produtividade":181.36920000000006,"unidade_produtividade":"sc/ha","pontos_originais":25,"ano":"2026","cultura":"Milho"}},{"type":"Feature","geometry":{"type":"Point","coordinates":[-52.21034321171119,-10.3506659812263]},"properties":{"Fazenda":"FE","Campo":"FE 04","produtividade":184.39479999999995,"unidade_produtividade":"sc/ha","pontos_originais":25,"ano":"2026","cultura":"Milho"}},{"type":"Feature","geometry":{"type":"Point","coordinates":[-52.210114902344934,-10.350666839277075]},"properties":{"Fazenda":"FE","Campo":"FE 04","produtividade":180.5112,"unidade_produtividade":"sc/ha","pontos_originais":25,"ano":"2026","cultura":"Milho"}},{"type":"Feature","geometry":{"type":"Point","coordinates":[-52.20988659295871,-10.350667697166076]},"properties":{"Fazenda":"FE","Campo":"FE 04","produtividade":178.8868,"unidade_produtividade":"sc/ha","pontos_originais":25,"ano":"2026","cultura":"Milho"}},{"type":"Feature","geometry":{"type":"Point","coordinates":[-52.218562335571875,-10.350634983655361]},"properties":{"Fazenda":"FE","Campo":"FE 04","produtividade":183.8312,"unidade_produtividade":"sc/ha","pontos_originais":25,"ano":"2026","cultura":"Milho"}},{"type":"Feature","geometry":{"type":"Point","coordinates":[-52.21879064419701,-10.350634119618881]},"properties":{"Fazenda":"FE","Campo":"FE 04","produtividade":174.79840000000002,"unidade_produtividade":"sc/ha","pontos_originais":25,"ano":"2026","cultura":"Milho"}},{"type":"Feature","geometry":{"type":"Point","coordinates":[-52.21833402692664,-10.35063584753007]},"properties":{"Fazenda":"FE","Campo":"FE 04","produtividade":186.74439999999998,"unidade_produtividade":"sc/ha","pontos_originais":25,"ano":"2026","cultura":"Milho"}},{"type":"Feature","geometry":{"type":"Point","coordinates":[-52.21810571826134,-10.350636711243004]},"properties":{"Fazenda":"FE","Campo":"FE 04","produtividade":189.6868,"unidade_produtividade":"sc/ha","pontos_originais":25,"ano":"2026","cultura":"Milho"}},{"type":"Feature","geometry":{"type":"Point","coordinates":[-52.219236447755584,-10.35064750275836]},"properties":{"Fazenda":"FE","Campo":"FE 04","produtividade":161.94714285714286,"unidade_produtividade":"sc/ha","pontos_originais":21,"ano":"2026","cultura":"Milho"}},{"type":"Feature","geometry":{"type":"Point","coordinates":[-52.21939975815286,-10.350707167402208]},"properties":{"Fazenda":"FE","Campo":"FE 04","produtividade":160.12333333333333,"unidade_produtividade":"sc/ha","pontos_originais":3,"ano":"2026","cultura":"Milho"}},{"type":"Feature","geometry":{"type":"Point","coordinates":[-52.21901895280202,-10.350633255420622]},"properties":{"Fazenda":"FE","Campo":"FE 04","produtividade":166.89919999999995,"unidade_produtividade":"sc/ha","pontos_originais":25,"ano":"2026","cultura":"Milho"}},{"type":"Feature","geometry":{"type":"Point","coordinates":[-52.21787740957592,-10.350637574794161]},"properties":{"Fazenda":"FE","Campo":"FE 04","produtividade":190.15960000000004,"unidade_produtividade":"sc/ha","pontos_originais":25,"ano":"2026","cultura":"Milho"}},{"type":"Feature","geometry":{"type":"Point","coordinates":[-52.21915541416999,-10.350497102019046]},"properties":{"Fazenda":"FE","Campo":"FE 04","produtividade":160.77,"unidade_produtividade":"sc/ha","pontos_originais":1,"ano":"2026","cultura":"Milho"}},{"type":"Feature","geometry":{"type":"Point","coordinates":[-52.20559402747866,-10.350593371710543]},"properties":{"Fazenda":"FE","Campo":"FE 04","produtividade":141.76,"unidade_produtividade":"sc/ha","pontos_originais":3,"ano":"2026","cultura":"Milho"}},{"type":"Feature","geometry":{"type":"Point","coordinates":[-52.20579386322033,-10.350609578166404]},"properties":{"Fazenda":"FE","Campo":"FE 04","produtividade":144.61874999999998,"unidade_produtividade":"sc/ha","pontos_originais":8,"ano":"2026","cultura":"Milho"}},{"type":"Feature","geometry":{"type":"Point","coordinates":[-52.20737000144635,-10.349320769159686]},"properties":{"Fazenda":"FE","Campo":"FE 04","produtividade":183.83839999999998,"unidade_produtividade":"sc/ha","pontos_originais":25,"ano":"2026","cultura":"Milho"}},{"type":"Feature","geometry":{"type":"Point","coordinates":[-52.20714169280118,-10.349321624992808]},"properties":{"Fazenda":"FE","Campo":"FE 04","produtividade":180.3868,"unidade_produtividade":"sc/ha","pontos_originais":25,"ano":"2026","cultura":"Milho"}},{"type":"Feature","geometry":{"type":"Point","coordinates":[-52.20691338413609,-10.349322480664172]},"properties":{"Fazenda":"FE","Campo":"FE 04","produtividade":173.8536,"unidade_produtividade":"sc/ha","pontos_originais":25,"ano":"2026","cultura":"Milho"}},{"type":"Feature","geometry":{"type":"Point","coordinates":[-52.2066850754511,-10.349323336173782]},"properties":{"Fazenda":"FE","Campo":"FE 04","produtividade":169.01960000000003,"unidade_produtividade":"sc/ha","pontos_originais":25,"ano":"2026","cultura":"Milho"}},{"type":"Feature","geometry":{"type":"Point","coordinates":[-52.2080549272624,-10.34931820068978]},"properties":{"Fazenda":"FE","Campo":"FE 04","produtividade":192.75840000000005,"unidade_produtividade":"sc/ha","pontos_originais":25,"ano":"2026","cultura":"Milho"}},{"type":"Feature","geometry":{"type":"Point","coordinates":[-52.20782661867698,-10.349319057008174]},"properties":{"Fazenda":"FE","Campo":"FE 04","produtividade":190.81560000000002,"unidade_produtividade":"sc/ha","pontos_originais":25,"ano":"2026","cultura":"Milho"}},{"type":"Feature","geometry":{"type":"Point","coordinates":[-52.207598310071624,-10.349319913164804]},"properties":{"Fazenda":"FE","Campo":"FE 04","produtividade":187.27519999999996,"unidade_produtividade":"sc/ha","pontos_originais":25,"ano":"2026","cultura":"Milho"}},{"type":"Feature","geometry":{"type":"Point","coordinates":[-52.20577184051213,-10.349326756594655]},"properties":{"Fazenda":"FE","Campo":"FE 04","produtividade":176.5952,"unidade_produtividade":"sc/ha","pontos_originais":25,"ano":"2026","cultura":"Milho"}},{"type":"Feature","geometry":{"type":"Point","coordinates":[-52.20600014927672,-10.349325901732072]},"properties":{"Fazenda":"FE","Campo":"FE 04","produtividade":175.8264,"unidade_produtividade":"sc/ha","pontos_originais":25,"ano":"2026","cultura":"Milho"}},{"type":"Feature","geometry":{"type":"Point","coordinates":[-52.20554353172766,-10.349327611295482]},"properties":{"Fazenda":"FE","Campo":"FE 04","produtividade":177.38080000000005,"unidade_produtividade":"sc/ha","pontos_originais":25,"ano":"2026","cultura":"Milho"}},{"type":"Feature","geometry":{"type":"Point","coordinates":[-52.20531522292332,-10.349328465834553]},"properties":{"Fazenda":"FE","Campo":"FE 04","produtividade":174.15399999999997,"unidade_produtividade":"sc/ha","pontos_originais":25,"ano":"2026","cultura":"Milho"}},{"type":"Feature","geometry":{"type":"Point","coordinates":[-52.206456766746186,-10.349324191521637]},"properties":{"Fazenda":"FE","Campo":"FE 04","produtividade":167.5076,"unidade_produtividade":"sc/ha","pontos_originais":25,"ano":"2026","cultura":"Milho"}},{"type":"Feature","geometry":{"type":"Point","coordinates":[-52.206228458021386,-10.349325046707733]},"properties":{"Fazenda":"FE","Campo":"FE 04","produtividade":171.51840000000004,"unidade_produtividade":"sc/ha","pontos_originais":25,"ano":"2026","cultura":"Milho"}},{"type":"Feature","geometry":{"type":"Point","coordinates":[-52.21010970363418,-10.349310486545244]},"properties":{"Fazenda":"FE","Campo":"FE 04","produtividade":184.5648,"unidade_produtividade":"sc/ha","pontos_originais":25,"ano":"2026","cultura":"Milho"}},{"type":"Feature","geometry":{"type":"Point","coordinates":[-52.2103380120202,-10.349309628609289]},"properties":{"Fazenda":"FE","Campo":"FE 04","produtividade":185.7484,"unidade_produtividade":"sc/ha","pontos_originais":25,"ano":"2026","cultura":"Milho"}},{"type":"Feature","geometry":{"type":"Point","coordinates":[-52.20988139522822,-10.349311344319435]},"properties":{"Fazenda":"FE","Campo":"FE 04","produtividade":184.2124,"unidade_produtividade":"sc/ha","pontos_originais":25,"ano":"2026","cultura":"Milho"}},{"type":"Feature","geometry":{"type":"Point","coordinates":[-52.20965308680229,-10.349312201931875]},"properties":{"Fazenda":"FE","Campo":"FE 04","produtividade":186.11120000000003,"unidade_produtividade":"sc/ha","pontos_originais":25,"ano":"2026","cultura":"Milho"}},{"type":"Feature","geometry":{"type":"Point","coordinates":[-52.211022937058424,-10.349307053830913]},"properties":{"Fazenda":"FE","Campo":"FE 04","produtividade":188.77399999999997,"unidade_produtividade":"sc/ha","pontos_originais":25,"ano":"2026","cultura":"Milho"}},{"type":"Feature","geometry":{"type":"Point","coordinates":[-52.210794628732316,-10.349307912252128]},"properties":{"Fazenda":"FE","Campo":"FE 04","produtividade":188.3868,"unidade_produtividade":"sc/ha","pontos_originais":25,"ano":"2026","cultura":"Milho"}},{"type":"Feature","geometry":{"type":"Point","coordinates":[-52.210566320386235,-10.349308770511591]},"properties":{"Fazenda":"FE","Campo":"FE 04","produtividade":187.06560000000005,"unidade_produtividade":"sc/ha","pontos_originais":25,"ano":"2026","cultura":"Milho"}},{"type":"Feature","geometry":{"type":"Point","coordinates":[-52.20873985289913,-10.349315630764073]},"properties":{"Fazenda":"FE","Campo":"FE 04","produtividade":191.3872,"unidade_produtividade":"sc/ha","pontos_originais":25,"ano":"2026","cultura":"Milho"}},{"type":"Feature","geometry":{"type":"Point","coordinates":[-52.208511544373465,-10.349316487567728]},"properties":{"Fazenda":"FE","Campo":"FE 04","produtividade":192.7216,"unidade_produtividade":"sc/ha","pontos_originais":25,"ano":"2026","cultura":"Milho"}},{"type":"Feature","geometry":{"type":"Point","coordinates":[-52.20828323582791,-10.34931734420963]},"properties":{"Fazenda":"FE","Campo":"FE 04","produtividade":193.3972,"unidade_produtividade":"sc/ha","pontos_originais":25,"ano":"2026","cultura":"Milho"}},{"type":"Feature","geometry":{"type":"Point","coordinates":[-52.209424778356414,-10.349313059382558]},"properties":{"Fazenda":"FE","Campo":"FE 04","produtividade":187.4512,"unidade_produtividade":"sc/ha","pontos_originais":25,"ano":"2026","cultura":"Milho"}},{"type":"Feature","geometry":{"type":"Point","coordinates":[-52.20919646989059,-10.349313916671486]},"properties":{"Fazenda":"FE","Campo":"FE 04","produtividade":189.4144,"unidade_produtividade":"sc/ha","pontos_originais":25,"ano":"2026","cultura":"Milho"}},{"type":"Feature","geometry":{"type":"Point","coordinates":[-52.20896816140482,-10.349314773798653]},"properties":{"Fazenda":"FE","Campo":"FE 04","produtividade":190.31399999999996,"unidade_produtividade":"sc/ha","pontos_originais":25,"ano":"2026","cultura":"Milho"}},{"type":"Feature","geometry":{"type":"Point","coordinates":[-52.21581740728707,-10.349288989620035]},"properties":{"Fazenda":"FE","Campo":"FE 04","produtividade":179.45719999999997,"unidade_produtividade":"sc/ha","pontos_originais":25,"ano":"2026","cultura":"Milho"}},{"type":"Feature","geometry":{"type":"Point","coordinates":[-52.215589099381184,-10.349289851438098]},"properties":{"Fazenda":"FE","Campo":"FE 04","produtividade":182.41639999999998,"unidade_produtividade":"sc/ha","pontos_originais":25,"ano":"2026","cultura":"Milho"}},{"type":"Feature","geometry":{"type":"Point","coordinates":[-52.21536079145527,-10.349290713094407]},"properties":{"Fazenda":"FE","Campo":"FE 04","produtividade":185.30440000000002,"unidade_produtividade":"sc/ha","pontos_originais":25,"ano":"2026","cultura":"Milho"}},{"type":"Feature","geometry":{"type":"Point","coordinates":[-52.215132483509294,-10.349291574588955]},"properties":{"Fazenda":"FE","Campo":"FE 04","produtividade":184.43680000000003,"unidade_produtividade":"sc/ha","pontos_originais":25,"ano":"2026","cultura":"Milho"}},{"type":"Feature","geometry":{"type":"Point","coordinates":[-52.21650233088434,-10.349286403195332]},"properties":{"Fazenda":"FE","Campo":"FE 04","produtividade":167.7004,"unidade_produtividade":"sc/ha","pontos_originais":25,"ano":"2026","cultura":"Milho"}},{"type":"Feature","geometry":{"type":"Point","coordinates":[-52.21627402303864,-10.349287265498651]},"properties":{"Fazenda":"FE","Campo":"FE 04","produtividade":168.748,"unidade_produtividade":"sc/ha","pontos_originais":25,"ano":"2026","cultura":"Milho"}},{"type":"Feature","geometry":{"type":"Point","coordinates":[-52.216045715172875,-10.349288127640223]},"properties":{"Fazenda":"FE","Campo":"FE 04","produtividade":172.3468,"unidade_produtividade":"sc/ha","pontos_originais":25,"ano":"2026","cultura":"Milho"}},{"type":"Feature","geometry":{"type":"Point","coordinates":[-52.21421925152504,-10.34929501894963]},"properties":{"Fazenda":"FE","Campo":"FE 04","produtividade":190.8132,"unidade_produtividade":"sc/ha","pontos_originais":25,"ano":"2026","cultura":"Milho"}},{"type":"Feature","geometry":{"type":"Point","coordinates":[-52.214447559551154,-10.349294158102094]},"properties":{"Fazenda":"FE","Campo":"FE 04","produtividade":188.31200000000004,"unidade_produtividade":"sc/ha","pontos_originais":25,"ano":"2026","cultura":"Milho"}},{"type":"Feature","geometry":{"type":"Point","coordinates":[-52.21399094347892,-10.349295879635413]},"properties":{"Fazenda":"FE","Campo":"FE 04","produtividade":192.194,"unidade_produtividade":"sc/ha","pontos_originais":25,"ano":"2026","cultura":"Milho"}},{"type":"Feature","geometry":{"type":"Point","coordinates":[-52.213762635412756,-10.349296740159438]},"properties":{"Fazenda":"FE","Campo":"FE 04","produtividade":192.07479999999998,"unidade_produtividade":"sc/ha","pontos_originais":25,"ano":"2026","cultura":"Milho"}},{"type":"Feature","geometry":{"type":"Point","coordinates":[-52.21490417554329,-10.349292435921758]},"properties":{"Fazenda":"FE","Campo":"FE 04","produtividade":184.21999999999997,"unidade_produtividade":"sc/ha","pontos_originais":25,"ano":"2026","cultura":"Milho"}},{"type":"Feature","geometry":{"type":"Point","coordinates":[-52.214675867557254,-10.349293297092801]},"properties":{"Fazenda":"FE","Campo":"FE 04","produtividade":186.20320000000004,"unidade_produtividade":"sc/ha","pontos_originais":25,"ano":"2026","cultura":"Milho"}},{"type":"Feature","geometry":{"type":"Point","coordinates":[-52.204401987507126,-10.349331882373262]},"properties":{"Fazenda":"FE","Campo":"FE 04","produtividade":152.7408,"unidade_produtividade":"sc/ha","pontos_originais":25,"ano":"2026","cultura":"Milho"}},{"type":"Feature","geometry":{"type":"Point","coordinates":[-52.20417367860342,-10.349332736103545]},"properties":{"Fazenda":"FE","Campo":"FE 04","produtividade":150.88919999999996,"unidade_produtividade":"sc/ha","pontos_originais":25,"ano":"2026","cultura":"Milho"}},{"type":"Feature","geometry":{"type":"Point","coordinates":[-52.20394536967987,-10.349333589672074]},"properties":{"Fazenda":"FE","Campo":"FE 04","produtividade":145.8428,"unidade_produtividade":"sc/ha","pontos_originais":25,"ano":"2026","cultura":"Milho"}},{"type":"Feature","geometry":{"type":"Point","coordinates":[-52.20371706073644,-10.349334443078844]},"properties":{"Fazenda":"FE","Campo":"FE 04","produtividade":140.784,"unidade_produtividade":"sc/ha","pontos_originais":25,"ano":"2026","cultura":"Milho"}},{"type":"Feature","geometry":{"type":"Point","coordinates":[-52.20508691409908,-10.349329320211867]},"properties":{"Fazenda":"FE","Campo":"FE 04","produtividade":165.0156,"unidade_produtividade":"sc/ha","pontos_originais":25,"ano":"2026","cultura":"Milho"}},{"type":"Feature","geometry":{"type":"Point","coordinates":[-52.20485860525498,-10.34933017442742]},"properties":{"Fazenda":"FE","Campo":"FE 04","produtividade":156.3156,"unidade_produtividade":"sc/ha","pontos_originais":25,"ano":"2026","cultura":"Milho"}},{"type":"Feature","geometry":{"type":"Point","coordinates":[-52.20463029639098,-10.34933102848122]},"properties":{"Fazenda":"FE","Campo":"FE 04","produtividade":152.90040000000002,"unidade_produtividade":"sc/ha","pontos_originais":25,"ano":"2026","cultura":"Milho"}},{"type":"Feature","geometry":{"type":"Point","coordinates":[-52.21718725430107,-10.349283815314843]},"properties":{"Fazenda":"FE","Campo":"FE 04","produtividade":170.8816,"unidade_produtividade":"sc/ha","pontos_originais":25,"ano":"2026","cultura":"Milho"}},{"type":"Feature","geometry":{"type":"Point","coordinates":[-52.216958946515554,-10.349284678103427]},"properties":{"Fazenda":"FE","Campo":"FE 04","produtividade":173.2152,"unidade_produtividade":"sc/ha","pontos_originais":25,"ano":"2026","cultura":"Milho"}},{"type":"Feature","geometry":{"type":"Point","coordinates":[-52.21673063870999,-10.349285540730255]},"properties":{"Fazenda":"FE","Campo":"FE 04","produtividade":169.8896,"unidade_produtividade":"sc/ha","pontos_originais":25,"ano":"2026","cultura":"Milho"}},{"type":"Feature","geometry":{"type":"Point","coordinates":[-52.20348875177313,-10.349335296323856]},"properties":{"Fazenda":"FE","Campo":"FE 04","produtividade":145.4944,"unidade_produtividade":"sc/ha","pontos_originais":25,"ano":"2026","cultura":"Milho"}},{"type":"Feature","geometry":{"type":"Point","coordinates":[-52.2176302410932,-10.349300225696854]},"properties":{"Fazenda":"FE","Campo":"FE 04","produtividade":157.8585,"unidade_produtividade":"sc/ha","pontos_originais":20,"ano":"2026","cultura":"Milho"}},{"type":"Feature","geometry":{"type":"Point","coordinates":[-52.21741556206649,-10.349282952364508]},"properties":{"Fazenda":"FE","Campo":"FE 04","produtividade":162.82800000000003,"unidade_produtividade":"sc/ha","pontos_originais":25,"ano":"2026","cultura":"Milho"}},{"type":"Feature","geometry":{"type":"Point","coordinates":[-52.21284940294795,-10.349300180638009]},"properties":{"Fazenda":"FE","Campo":"FE 04","produtividade":177.36040000000006,"unidade_produtividade":"sc/ha","pontos_originais":25,"ano":"2026","cultura":"Milho"}},{"type":"Feature","geometry":{"type":"Point","coordinates":[-52.21262109478173,-10.34930104035326]},"properties":{"Fazenda":"FE","Campo":"FE 04","produtividade":182.27360000000002,"unidade_produtividade":"sc/ha","pontos_originais":25,"ano":"2026","cultura":"Milho"}},{"type":"Feature","geometry":{"type":"Point","coordinates":[-52.21239278659554,-10.349301899906763]},"properties":{"Fazenda":"FE","Campo":"FE 04","produtividade":189.74079999999998,"unidade_produtividade":"sc/ha","pontos_originais":25,"ano":"2026","cultura":"Milho"}},{"type":"Feature","geometry":{"type":"Point","coordinates":[-52.212164478389305,-10.349302759298507]},"properties":{"Fazenda":"FE","Campo":"FE 04","produtividade":192.3584,"unidade_produtividade":"sc/ha","pontos_originais":25,"ano":"2026","cultura":"Milho"}},{"type":"Feature","geometry":{"type":"Point","coordinates":[-52.21353432732657,-10.349297600521714]},"properties":{"Fazenda":"FE","Campo":"FE 04","produtividade":192.0212,"unidade_produtividade":"sc/ha","pontos_originais":25,"ano":"2026","cultura":"Milho"}},{"type":"Feature","geometry":{"type":"Point","coordinates":[-52.21330601922037,-10.349298460722235]},"properties":{"Fazenda":"FE","Campo":"FE 04","produtividade":184.36599999999996,"unidade_produtividade":"sc/ha","pontos_originais":25,"ano":"2026","cultura":"Milho"}},{"type":"Feature","geometry":{"type":"Point","coordinates":[-52.21307771109417,-10.349299320760997]},"properties":{"Fazenda":"FE","Campo":"FE 04","produtividade":178.59760000000006,"unidade_produtividade":"sc/ha","pontos_originais":25,"ano":"2026","cultura":"Milho"}},{"type":"Feature","geometry":{"type":"Point","coordinates":[-52.21125124536457,-10.34930619524794]},"properties":{"Fazenda":"FE","Campo":"FE 04","produtividade":190.63520000000005,"unidade_produtividade":"sc/ha","pontos_originais":25,"ano":"2026","cultura":"Milho"}},{"type":"Feature","geometry":{"type":"Point","coordinates":[-52.21147955365073,-10.349305336503214]},"properties":{"Fazenda":"FE","Campo":"FE 04","produtividade":192.30560000000003,"unidade_produtividade":"sc/ha","pontos_originais":25,"ano":"2026","cultura":"Milho"}},{"type":"Feature","geometry":{"type":"Point","coordinates":[-52.21193617016311,-10.3493036185285]},"properties":{"Fazenda":"FE","Campo":"FE 04","produtividade":192.90519999999998,"unidade_produtividade":"sc/ha","pontos_originais":25,"ano":"2026","cultura":"Milho"}},{"type":"Feature","geometry":{"type":"Point","coordinates":[-52.21170786191691,-10.349304477596736]},"properties":{"Fazenda":"FE","Campo":"FE 04","produtividade":192.31799999999998,"unidade_produtividade":"sc/ha","pontos_originais":25,"ano":"2026","cultura":"Milho"}},{"type":"Feature","geometry":{"type":"Point","coordinates":[-52.203351852541886,-10.349358414136043]},"properties":{"Fazenda":"FE","Campo":"FE 04","produtividade":149.6325,"unidade_produtividade":"sc/ha","pontos_originais":4,"ano":"2026","cultura":"Milho"}},{"type":"Feature","geometry":{"type":"Point","coordinates":[-52.217796365596676,-10.349356866477454]},"properties":{"Fazenda":"FE","Campo":"FE 04","produtividade":158.35333333333332,"unidade_produtividade":"sc/ha","pontos_originais":3,"ano":"2026","cultura":"Milho"}},{"type":"Feature","geometry":{"type":"Point","coordinates":[-52.21147868628862,-10.349079277818126]},"properties":{"Fazenda":"FE","Campo":"FE 04","produtividade":197.4788000000001,"unidade_produtividade":"sc/ha","pontos_originais":25,"ano":"2026","cultura":"Milho"}},{"type":"Feature","geometry":{"type":"Point","coordinates":[-52.21125037816583,-10.34908013654369]},"properties":{"Fazenda":"FE","Campo":"FE 04","produtividade":197.73279999999994,"unidade_produtividade":"sc/ha","pontos_originais":25,"ano":"2026","cultura":"Milho"}},{"type":"Feature","geometry":{"type":"Point","coordinates":[-52.211022070023056,-10.349080995107514]},"properties":{"Fazenda":"FE","Campo":"FE 04","produtividade":197.57119999999995,"unidade_produtividade":"sc/ha","pontos_originais":25,"ano":"2026","cultura":"Milho"}},{"type":"Feature","geometry":{"type":"Point","coordinates":[-52.210793761860316,-10.34908185350958]},"properties":{"Fazenda":"FE","Campo":"FE 04","produtividade":195.8432,"unidade_produtividade":"sc/ha","pontos_originais":25,"ano":"2026","cultura":"Milho"}},{"type":"Feature","geometry":{"type":"Point","coordinates":[-52.212163610537125,-10.349076700670903]},"properties":{"Fazenda":"FE","Campo":"FE 04","produtividade":192.84400000000002,"unidade_produtividade":"sc/ha","pontos_originais":25,"ano":"2026","cultura":"Milho"}},{"type":"Feature","geometry":{"type":"Point","coordinates":[-52.21193530247429,-10.349077559881728]},"properties":{"Fazenda":"FE","Campo":"FE 04","produtividade":195.71720000000002,"unidade_produtividade":"sc/ha","pontos_originais":25,"ano":"2026","cultura":"Milho"}},{"type":"Feature","geometry":{"type":"Point","coordinates":[-52.21170699439146,-10.349078418930802]},"properties":{"Fazenda":"FE","Campo":"FE 04","produtividade":195.96520000000004,"unidade_produtividade":"sc/ha","pontos_originais":25,"ano":"2026","cultura":"Milho"}},{"type":"Feature","geometry":{"type":"Point","coordinates":[-52.20988052900963,-10.34908528550033]},"properties":{"Fazenda":"FE","Campo":"FE 04","produtividade":188.96199999999996,"unidade_produtividade":"sc/ha","pontos_originais":25,"ano":"2026","cultura":"Milho"}},{"type":"Feature","geometry":{"type":"Point","coordinates":[-52.21010883725223,-10.34908442774527]},"properties":{"Fazenda":"FE","Campo":"FE 04","produtividade":189.43319999999997,"unidade_produtividade":"sc/ha","pontos_originais":25,"ano":"2026","cultura":"Milho"}},{"type":"Feature","geometry":{"type":"Point","coordinates":[-52.209652220747074,-10.349086143093636]},"properties":{"Fazenda":"FE","Campo":"FE 04","produtividade":189.5104,"unidade_produtividade":"sc/ha","pontos_originais":25,"ano":"2026","cultura":"Milho"}},{"type":"Feature","geometry":{"type":"Point","coordinates":[-52.20942391246457,-10.349087000525191]},"properties":{"Fazenda":"FE","Campo":"FE 04","produtividade":189.092,"unidade_produtividade":"sc/ha","pontos_originais":25,"ano":"2026","cultura":"Milho"}},{"type":"Feature","geometry":{"type":"Point","coordinates":[-52.21056545367758,-10.349082711749894]},"properties":{"Fazenda":"FE","Campo":"FE 04","produtividade":192.90200000000002,"unidade_produtividade":"sc/ha","pontos_originais":25,"ano":"2026","cultura":"Milho"}},{"type":"Feature","geometry":{"type":"Point","coordinates":[-52.210337145474895,-10.349083569828458]},"properties":{"Fazenda":"FE","Campo":"FE 04","produtividade":189.64520000000002,"unidade_produtividade":"sc/ha","pontos_originais":25,"ano":"2026","cultura":"Milho"}},{"type":"Feature","geometry":{"type":"Point","coordinates":[-52.21444669006539,-10.349068099666356]},"properties":{"Fazenda":"FE","Campo":"FE 04","produtividade":186.306,"unidade_produtividade":"sc/ha","pontos_originais":25,"ano":"2026","cultura":"Milho"}},{"type":"Feature","geometry":{"type":"Point","coordinates":[-52.21421838220262,-10.349068960494685]},"properties":{"Fazenda":"FE","Campo":"FE 04","produtividade":189.01,"unidade_produtividade":"sc/ha","pontos_originais":25,"ano":"2026","cultura":"Milho"}},{"type":"Feature","geometry":{"type":"Point","coordinates":[-52.21399007431984,-10.349069821161272]},"properties":{"Fazenda":"FE","Campo":"FE 04","produtividade":188.9216,"unidade_produtividade":"sc/ha","pontos_originais":25,"ano":"2026","cultura":"Milho"}},{"type":"Feature","geometry":{"type":"Point","coordinates":[-52.21376176641704,-10.349070681666102]},"properties":{"Fazenda":"FE","Campo":"FE 04","produtividade":189.84400000000002,"unidade_produtividade":"sc/ha","pontos_originais":25,"ano":"2026","cultura":"Milho"}},{"type":"Feature","geometry":{"type":"Point","coordinates":[-52.21513161353343,-10.349065516210846]},"properties":{"Fazenda":"FE","Campo":"FE 04","produtividade":181.6708,"unidade_produtividade":"sc/ha","pontos_originais":25,"ano":"2026","cultura":"Milho"}},{"type":"Feature","geometry":{"type":"Point","coordinates":[-52.214903305730786,-10.349066377524432]},"properties":{"Fazenda":"FE","Campo":"FE 04","produtividade":182.0808,"unidade_produtividade":"sc/ha","pontos_originais":25,"ano":"2026","cultura":"Milho"}},{"type":"Feature","geometry":{"type":"Point","coordinates":[-52.2146749979081,-10.349067238676268]},"properties":{"Fazenda":"FE","Campo":"FE 04","produtividade":184.81360000000004,"unidade_produtividade":"sc/ha","pontos_originais":25,"ano":"2026","cultura":"Milho"}},{"type":"Feature","geometry":{"type":"Point","coordinates":[-52.2128485346057,-10.349074122067927]},"properties":{"Fazenda":"FE","Campo":"FE 04","produtividade":180.76280000000003,"unidade_produtividade":"sc/ha","pontos_originais":25,"ano":"2026","cultura":"Milho"}},{"type":"Feature","geometry":{"type":"Point","coordinates":[-52.21307684258856,-10.349073262210098]},"properties":{"Fazenda":"FE","Campo":"FE 04","produtividade":182.0784,"unidade_produtividade":"sc/ha","pontos_originais":25,"ano":"2026","cultura":"Milho"}},{"type":"Feature","geometry":{"type":"Point","coordinates":[-52.21262022660283,-10.349074981764002]},"properties":{"Fazenda":"FE","Campo":"FE 04","produtividade":187.28040000000001,"unidade_produtividade":"sc/ha","pontos_originais":25,"ano":"2026","cultura":"Milho"}},{"type":"Feature","geometry":{"type":"Point","coordinates":[-52.21239191857997,-10.34907584129833]},"properties":{"Fazenda":"FE","Campo":"FE 04","produtividade":191.12720000000002,"unidade_produtividade":"sc/ha","pontos_originais":25,"ano":"2026","cultura":"Milho"}},{"type":"Feature","geometry":{"type":"Point","coordinates":[-52.21353345849424,-10.349071542009183]},"properties":{"Fazenda":"FE","Campo":"FE 04","produtividade":189.72560000000001,"unidade_produtividade":"sc/ha","pontos_originais":25,"ano":"2026","cultura":"Milho"}},{"type":"Feature","geometry":{"type":"Point","coordinates":[-52.2133051505514,-10.349072402190515]},"properties":{"Fazenda":"FE","Campo":"FE 04","produtividade":184.8568,"unidade_produtividade":"sc/ha","pontos_originais":25,"ano":"2026","cultura":"Milho"}},{"type":"Feature","geometry":{"type":"Point","coordinates":[-52.20554266861295,-10.349101552113517]},"properties":{"Fazenda":"FE","Campo":"FE 04","produtividade":183.06959999999995,"unidade_produtividade":"sc/ha","pontos_originais":25,"ano":"2026","cultura":"Milho"}},{"type":"Feature","geometry":{"type":"Point","coordinates":[-52.20577097723408,-10.349100697431751]},"properties":{"Fazenda":"FE","Campo":"FE 04","produtividade":180.8076,"unidade_produtividade":"sc/ha","pontos_originais":25,"ano":"2026","cultura":"Milho"}},{"type":"Feature","geometry":{"type":"Point","coordinates":[-52.20531435997197,-10.349102406633527]},"properties":{"Fazenda":"FE","Campo":"FE 04","produtividade":181.74039999999997,"unidade_produtividade":"sc/ha","pontos_originais":25,"ano":"2026","cultura":"Milho"}},{"type":"Feature","geometry":{"type":"Point","coordinates":[-52.2050860513111,-10.349103260991779]},"properties":{"Fazenda":"FE","Campo":"FE 04","produtividade":175.7648,"unidade_produtividade":"sc/ha","pontos_originais":25,"ano":"2026","cultura":"Milho"}},{"type":"Feature","geometry":{"type":"Point","coordinates":[-52.2062275944166,-10.349098987582972]},"properties":{"Fazenda":"FE","Campo":"FE 04","produtividade":170.192,"unidade_produtividade":"sc/ha","pontos_originais":25,"ano":"2026","cultura":"Milho"}},{"type":"Feature","geometry":{"type":"Point","coordinates":[-52.20645590297805,-10.34909813241595]},"properties":{"Fazenda":"FE","Campo":"FE 04","produtividade":165.4784,"unidade_produtividade":"sc/ha","pontos_originais":25,"ano":"2026","cultura":"Milho"}},{"type":"Feature","geometry":{"type":"Point","coordinates":[-52.20599928583527,-10.349099842588238]},"properties":{"Fazenda":"FE","Campo":"FE 04","produtividade":175.726,"unidade_produtividade":"sc/ha","pontos_originais":25,"ano":"2026","cultura":"Milho"}},{"type":"Feature","geometry":{"type":"Point","coordinates":[-52.20417281646891,-10.349106676807262]},"properties":{"Fazenda":"FE","Campo":"FE 04","produtividade":158.1072,"unidade_produtividade":"sc/ha","pontos_originais":25,"ano":"2026","cultura":"Milho"}},{"type":"Feature","geometry":{"type":"Point","coordinates":[-52.203944507708705,-10.34910753035675]},"properties":{"Fazenda":"FE","Campo":"FE 04","produtividade":149.37400000000002,"unidade_produtividade":"sc/ha","pontos_originais":25,"ano":"2026","cultura":"Milho"}},{"type":"Feature","geometry":{"type":"Point","coordinates":[-52.203716198928625,-10.34910838374448]},"properties":{"Fazenda":"FE","Campo":"FE 04","produtividade":146.5112,"unidade_produtividade":"sc/ha","pontos_originais":25,"ano":"2026","cultura":"Milho"}},{"type":"Feature","geometry":{"type":"Point","coordinates":[-52.20349170963502,-10.349112990407695]},"properties":{"Fazenda":"FE","Campo":"FE 04","produtividade":149.83791666666664,"unidade_produtividade":"sc/ha","pontos_originais":24,"ano":"2026","cultura":"Milho"}},{"type":"Feature","geometry":{"type":"Point","coordinates":[-52.20485774263037,-10.349104115188277]},"properties":{"Fazenda":"FE","Campo":"FE 04","produtividade":166.416,"unidade_produtividade":"sc/ha","pontos_originais":25,"ano":"2026","cultura":"Milho"}},{"type":"Feature","geometry":{"type":"Point","coordinates":[-52.20462943392974,-10.349104969223026]},"properties":{"Fazenda":"FE","Campo":"FE 04","produtividade":161.74920000000003,"unidade_produtividade":"sc/ha","pontos_originais":25,"ano":"2026","cultura":"Milho"}},{"type":"Feature","geometry":{"type":"Point","coordinates":[-52.204401125209245,-10.349105823096021]},"properties":{"Fazenda":"FE","Campo":"FE 04","produtividade":160.51319999999996,"unidade_produtividade":"sc/ha","pontos_originais":25,"ano":"2026","cultura":"Milho"}},{"type":"Feature","geometry":{"type":"Point","coordinates":[-52.20851067913507,-10.349090428633895]},"properties":{"Fazenda":"FE","Campo":"FE 04","produtividade":187.50440000000003,"unidade_produtividade":"sc/ha","pontos_originais":25,"ano":"2026","cultura":"Milho"}},{"type":"Feature","geometry":{"type":"Point","coordinates":[-52.20828237075287,-10.34909128525669]},"properties":{"Fazenda":"FE","Campo":"FE 04","produtividade":188.42120000000003,"unidade_produtividade":"sc/ha","pontos_originais":25,"ano":"2026","cultura":"Milho"}},{"type":"Feature","geometry":{"type":"Point","coordinates":[-52.20805406235071,-10.349092141717728]},"properties":{"Fazenda":"FE","Campo":"FE 04","produtividade":189.6248,"unidade_produtividade":"sc/ha","pontos_originais":25,"ano":"2026","cultura":"Milho"}},{"type":"Feature","geometry":{"type":"Point","coordinates":[-52.20782575392865,-10.34909299801702]},"properties":{"Fazenda":"FE","Campo":"FE 04","produtividade":187.93000000000004,"unidade_produtividade":"sc/ha","pontos_originais":25,"ano":"2026","cultura":"Milho"}},{"type":"Feature","geometry":{"type":"Point","coordinates":[-52.2091956041621,-10.349087857794995]},"properties":{"Fazenda":"FE","Campo":"FE 04","produtividade":188.46640000000002,"unidade_produtividade":"sc/ha","pontos_originais":25,"ano":"2026","cultura":"Milho"}},{"type":"Feature","geometry":{"type":"Point","coordinates":[-52.208967295839685,-10.349088714903045]},"properties":{"Fazenda":"FE","Campo":"FE 04","produtividade":188.5372,"unidade_produtividade":"sc/ha","pontos_originais":25,"ano":"2026","cultura":"Milho"}},{"type":"Feature","geometry":{"type":"Point","coordinates":[-52.208738987497355,-10.349089571849348]},"properties":{"Fazenda":"FE","Campo":"FE 04","produtividade":186.94119999999998,"unidade_produtividade":"sc/ha","pontos_originais":25,"ano":"2026","cultura":"Milho"}},{"type":"Feature","geometry":{"type":"Point","coordinates":[-52.20714082854293,-10.349095565944374]},"properties":{"Fazenda":"FE","Campo":"FE 04","produtividade":181.72600000000003,"unidade_produtividade":"sc/ha","pontos_originais":25,"ano":"2026","cultura":"Milho"}},{"type":"Feature","geometry":{"type":"Point","coordinates":[-52.20691252004122,-10.349096421596652]},"properties":{"Fazenda":"FE","Campo":"FE 04","produtividade":173.456,"unidade_produtividade":"sc/ha","pontos_originais":25,"ano":"2026","cultura":"Milho"}},{"type":"Feature","geometry":{"type":"Point","coordinates":[-52.206684211519566,-10.349097277087175]},"properties":{"Fazenda":"FE","Campo":"FE 04","produtividade":167.2064,"unidade_produtividade":"sc/ha","pontos_originais":25,"ano":"2026","cultura":"Milho"}},{"type":"Feature","geometry":{"type":"Point","coordinates":[-52.20759744548666,-10.349093854154555]},"properties":{"Fazenda":"FE","Campo":"FE 04","produtividade":185.97280000000003,"unidade_produtividade":"sc/ha","pontos_originais":25,"ano":"2026","cultura":"Milho"}},{"type":"Feature","geometry":{"type":"Point","coordinates":[-52.20736913702476,-10.34909471013034]},"properties":{"Fazenda":"FE","Campo":"FE 04","produtividade":184.6868,"unidade_produtividade":"sc/ha","pontos_originais":25,"ano":"2026","cultura":"Milho"}},{"type":"Feature","geometry":{"type":"Point","coordinates":[-52.216729767590614,-10.34905948248674]},"properties":{"Fazenda":"FE","Campo":"FE 04","produtividade":165.71639999999996,"unidade_produtividade":"sc/ha","pontos_originais":25,"ano":"2026","cultura":"Milho"}},{"type":"Feature","geometry":{"type":"Point","coordinates":[-52.21695807523284,-10.349058619879154]},"properties":{"Fazenda":"FE","Campo":"FE 04","produtividade":162.3188,"unidade_produtividade":"sc/ha","pontos_originais":25,"ano":"2026","cultura":"Milho"}},{"type":"Feature","geometry":{"type":"Point","coordinates":[-52.21650145992834,-10.349060344932576]},"properties":{"Fazenda":"FE","Campo":"FE 04","produtividade":166.50120000000004,"unidade_produtividade":"sc/ha","pontos_originais":25,"ano":"2026","cultura":"Milho"}},{"type":"Feature","geometry":{"type":"Point","coordinates":[-52.21627315224598,-10.349061207216664]},"properties":{"Fazenda":"FE","Campo":"FE 04","produtividade":167.7044,"unidade_produtividade":"sc/ha","pontos_originais":25,"ano":"2026","cultura":"Milho"}},{"type":"Feature","geometry":{"type":"Point","coordinates":[-52.21739703004674,-10.349082078878157]},"properties":{"Fazenda":"FE","Campo":"FE 04","produtividade":149.0783333333333,"unidade_produtividade":"sc/ha","pontos_originais":18,"ano":"2026","cultura":"Milho"}},{"type":"Feature","geometry":{"type":"Point","coordinates":[-52.21718638285497,-10.349057757109815]},"properties":{"Fazenda":"FE","Campo":"FE 04","produtividade":154.8176,"unidade_produtividade":"sc/ha","pontos_originais":25,"ano":"2026","cultura":"Milho"}},{"type":"Feature","geometry":{"type":"Point","coordinates":[-52.21535992131605,-10.349064654735512]},"properties":{"Fazenda":"FE","Campo":"FE 04","produtividade":184.14000000000004,"unidade_produtividade":"sc/ha","pontos_originais":25,"ano":"2026","cultura":"Milho"}},{"type":"Feature","geometry":{"type":"Point","coordinates":[-52.216044844543596,-10.349062069339002]},"properties":{"Fazenda":"FE","Campo":"FE 04","produtividade":174.46479999999997,"unidade_produtividade":"sc/ha","pontos_originais":25,"ano":"2026","cultura":"Milho"}},{"type":"Feature","geometry":{"type":"Point","coordinates":[-52.21581653682112,-10.349062931299589]},"properties":{"Fazenda":"FE","Campo":"FE 04","produtividade":180.956,"unidade_produtividade":"sc/ha","pontos_originais":25,"ano":"2026","cultura":"Milho"}},{"type":"Feature","geometry":{"type":"Point","coordinates":[-52.215588229078605,-10.349063793098424]},"properties":{"Fazenda":"FE","Campo":"FE 04","produtividade":183.6484,"unidade_produtividade":"sc/ha","pontos_originais":25,"ano":"2026","cultura":"Milho"}},{"type":"Feature","geometry":{"type":"Point","coordinates":[-52.21755202368922,-10.349146799619117]},"properties":{"Fazenda":"FE","Campo":"FE 04","produtividade":149.5,"unidade_produtividade":"sc/ha","pontos_originais":1,"ano":"2026","cultura":"Milho"}},{"type":"Feature","geometry":{"type":"Point","coordinates":[-52.216043973934354,-10.348836011034539]},"properties":{"Fazenda":"FE","Campo":"FE 04","produtividade":178.19760000000005,"unidade_produtividade":"sc/ha","pontos_originais":25,"ano":"2026","cultura":"Milho"}},{"type":"Feature","geometry":{"type":"Point","coordinates":[-52.216272281473394,-10.348835148931437]},"properties":{"Fazenda":"FE","Campo":"FE 04","produtividade":173.8648,"unidade_produtividade":"sc/ha","pontos_originais":25,"ano":"2026","cultura":"Milho"}},{"type":"Feature","geometry":{"type":"Point","coordinates":[-52.21581566637523,-10.348836872975903]},"properties":{"Fazenda":"FE","Campo":"FE 04","produtividade":180.44560000000004,"unidade_produtividade":"sc/ha","pontos_originais":25,"ano":"2026","cultura":"Milho"}},{"type":"Feature","geometry":{"type":"Point","coordinates":[-52.21558735879607,-10.348837734755516]},"properties":{"Fazenda":"FE","Campo":"FE 04","produtividade":181.8364,"unidade_produtividade":"sc/ha","pontos_originais":25,"ano":"2026","cultura":"Milho"}},{"type":"Feature","geometry":{"type":"Point","coordinates":[-52.21695720397016,-10.34883256165164]},"properties":{"Fazenda":"FE","Campo":"FE 04","produtividade":147.942,"unidade_produtividade":"sc/ha","pontos_originais":25,"ano":"2026","cultura":"Milho"}},{"type":"Feature","geometry":{"type":"Point","coordinates":[-52.21672889649131,-10.348833424239988]},"properties":{"Fazenda":"FE","Campo":"FE 04","produtividade":155.7092,"unidade_produtividade":"sc/ha","pontos_originais":25,"ano":"2026","cultura":"Milho"}},{"type":"Feature","geometry":{"type":"Point","coordinates":[-52.21650058899238,-10.348834286666586]},"properties":{"Fazenda":"FE","Campo":"FE 04","produtividade":167.0816,"unidade_produtividade":"sc/ha","pontos_originais":25,"ano":"2026","cultura":"Milho"}},{"type":"Feature","geometry":{"type":"Point","coordinates":[-52.21467412827899,-10.348841180256493]},"properties":{"Fazenda":"FE","Campo":"FE 04","produtividade":183.82039999999998,"unidade_produtividade":"sc/ha","pontos_originais":25,"ano":"2026","cultura":"Milho"}},{"type":"Feature","geometry":{"type":"Point","coordinates":[-52.21444582059962,-10.348842041227376]},"properties":{"Fazenda":"FE","Campo":"FE 04","produtividade":187.80200000000002,"unidade_produtividade":"sc/ha","pontos_originais":25,"ano":"2026","cultura":"Milho"}},{"type":"Feature","geometry":{"type":"Point","coordinates":[-52.214217512900234,-10.348842902036505]},"properties":{"Fazenda":"FE","Campo":"FE 04","produtividade":188.06439999999998,"unidade_produtividade":"sc/ha","pontos_originais":25,"ano":"2026","cultura":"Milho"}},{"type":"Feature","geometry":{"type":"Point","coordinates":[-52.21398920518081,-10.348843762683892]},"properties":{"Fazenda":"FE","Campo":"FE 04","produtividade":186.4784,"unidade_produtividade":"sc/ha","pontos_originais":25,"ano":"2026","cultura":"Milho"}},{"type":"Feature","geometry":{"type":"Point","coordinates":[-52.21535905119688,-10.348838596373382]},"properties":{"Fazenda":"FE","Campo":"FE 04","produtividade":181.04080000000002,"unidade_produtividade":"sc/ha","pontos_originais":25,"ano":"2026","cultura":"Milho"}},{"type":"Feature","geometry":{"type":"Point","coordinates":[-52.21513074357761,-10.348839457829497]},"properties":{"Fazenda":"FE","Campo":"FE 04","produtividade":180.89480000000003,"unidade_produtividade":"sc/ha","pontos_originais":25,"ano":"2026","cultura":"Milho"}},{"type":"Feature","geometry":{"type":"Point","coordinates":[-52.21490243593834,-10.348840319123871]},"properties":{"Fazenda":"FE","Campo":"FE 04","produtividade":181.71880000000002,"unidade_produtividade":"sc/ha","pontos_originais":25,"ano":"2026","cultura":"Milho"}},{"type":"Feature","geometry":{"type":"Point","coordinates":[-52.20508518854301,-10.348877201768452]},"properties":{"Fazenda":"FE","Campo":"FE 04","produtividade":176.8016,"unidade_produtividade":"sc/ha","pontos_originais":25,"ano":"2026","cultura":"Milho"}},{"type":"Feature","geometry":{"type":"Point","coordinates":[-52.2053134970405,-10.348876347429254]},"properties":{"Fazenda":"FE","Campo":"FE 04","produtividade":181.18199999999996,"unidade_produtividade":"sc/ha","pontos_originais":25,"ano":"2026","cultura":"Milho"}},{"type":"Feature","geometry":{"type":"Point","coordinates":[-52.20485688002561,-10.348878055945896]},"properties":{"Fazenda":"FE","Campo":"FE 04","produtividade":170.3992,"unidade_produtividade":"sc/ha","pontos_originais":25,"ano":"2026","cultura":"Milho"}},{"type":"Feature","geometry":{"type":"Point","coordinates":[-52.20462857148836,-10.348878909961597]},"properties":{"Fazenda":"FE","Campo":"FE 04","produtividade":168.00960000000003,"unidade_produtividade":"sc/ha","pontos_originais":25,"ano":"2026","cultura":"Milho"}},{"type":"Feature","geometry":{"type":"Point","coordinates":[-52.20599842241374,-10.348873783441167]},"properties":{"Fazenda":"FE","Campo":"FE 04","produtividade":179.29640000000003,"unidade_produtividade":"sc/ha","pontos_originais":25,"ano":"2026","cultura":"Milho"}},{"type":"Feature","geometry":{"type":"Point","coordinates":[-52.20577011397588,-10.348874638265615]},"properties":{"Fazenda":"FE","Campo":"FE 04","produtividade":183.0248,"unidade_produtividade":"sc/ha","pontos_originais":25,"ano":"2026","cultura":"Milho"}},{"type":"Feature","geometry":{"type":"Point","coordinates":[-52.20554180551813,-10.348875492928311]},"properties":{"Fazenda":"FE","Campo":"FE 04","produtividade":183.8004,"unidade_produtividade":"sc/ha","pontos_originais":25,"ano":"2026","cultura":"Milho"}},{"type":"Feature","geometry":{"type":"Point","coordinates":[-52.203715337140665,-10.348882324406883]},"properties":{"Fazenda":"FE","Campo":"FE 04","produtividade":149.35560000000004,"unidade_produtividade":"sc/ha","pontos_originais":25,"ano":"2026","cultura":"Milho"}},{"type":"Feature","geometry":{"type":"Point","coordinates":[-52.20351749837654,-10.348890599177194]},"properties":{"Fazenda":"FE","Campo":"FE 04","produtividade":149.10388888888895,"unidade_produtividade":"sc/ha","pontos_originais":18,"ano":"2026","cultura":"Milho"}},{"type":"Feature","geometry":{"type":"Point","coordinates":[-52.21715956853517,-10.348870550347202]},"properties":{"Fazenda":"FE","Campo":"FE 04","produtividade":141.34142857142857,"unidade_produtividade":"sc/ha","pontos_originais":14,"ano":"2026","cultura":"Milho"}},{"type":"Feature","geometry":{"type":"Point","coordinates":[-52.20440026293122,-10.348879763815544]},"properties":{"Fazenda":"FE","Campo":"FE 04","produtividade":168.5916,"unidade_produtividade":"sc/ha","pontos_originais":25,"ano":"2026","cultura":"Milho"}},{"type":"Feature","geometry":{"type":"Point","coordinates":[-52.20417195435422,-10.34888061750774]},"properties":{"Fazenda":"FE","Campo":"FE 04","produtividade":163.9336,"unidade_produtividade":"sc/ha","pontos_originais":25,"ano":"2026","cultura":"Milho"}},{"type":"Feature","geometry":{"type":"Point","coordinates":[-52.20394364575739,-10.348881471038185]},"properties":{"Fazenda":"FE","Campo":"FE 04","produtividade":155.0724,"unidade_produtividade":"sc/ha","pontos_originais":25,"ano":"2026","cultura":"Milho"}},{"type":"Feature","geometry":{"type":"Point","coordinates":[-52.210336278949555,-10.348857511044384]},"properties":{"Fazenda":"FE","Campo":"FE 04","produtividade":195.22279999999998,"unidade_produtividade":"sc/ha","pontos_originais":25,"ano":"2026","cultura":"Milho"}},{"type":"Feature","geometry":{"type":"Point","coordinates":[-52.21010797089028,-10.34885836894206]},"properties":{"Fazenda":"FE","Campo":"FE 04","produtividade":195.426,"unidade_produtividade":"sc/ha","pontos_originais":25,"ano":"2026","cultura":"Milho"}},{"type":"Feature","geometry":{"type":"Point","coordinates":[-52.20987966281102,-10.348859226677984]},"properties":{"Fazenda":"FE","Campo":"FE 04","produtividade":194.72119999999998,"unidade_produtividade":"sc/ha","pontos_originais":25,"ano":"2026","cultura":"Milho"}},{"type":"Feature","geometry":{"type":"Point","coordinates":[-52.2096513547118,-10.34886008425216]},"properties":{"Fazenda":"FE","Campo":"FE 04","produtividade":193.4884,"unidade_produtividade":"sc/ha","pontos_originais":25,"ano":"2026","cultura":"Milho"}},{"type":"Feature","geometry":{"type":"Point","coordinates":[-52.21102120300765,-10.348854936380874]},"properties":{"Fazenda":"FE","Campo":"FE 04","produtividade":198.36120000000003,"unidade_produtividade":"sc/ha","pontos_originais":25,"ano":"2026","cultura":"Milho"}},{"type":"Feature","geometry":{"type":"Point","coordinates":[-52.210792895008254,-10.348855794763795]},"properties":{"Fazenda":"FE","Campo":"FE 04","produtividade":198.26920000000007,"unidade_produtividade":"sc/ha","pontos_originais":25,"ano":"2026","cultura":"Milho"}},{"type":"Feature","geometry":{"type":"Point","coordinates":[-52.210564586988895,-10.348856652984962]},"properties":{"Fazenda":"FE","Campo":"FE 04","produtividade":197.3836,"unidade_produtividade":"sc/ha","pontos_originais":25,"ano":"2026","cultura":"Milho"}},{"type":"Feature","geometry":{"type":"Point","coordinates":[-52.2087381221155,-10.348863512931384]},"properties":{"Fazenda":"FE","Campo":"FE 04","produtividade":188.09799999999998,"unidade_produtividade":"sc/ha","pontos_originais":25,"ano":"2026","cultura":"Milho"}},{"type":"Feature","geometry":{"type":"Point","coordinates":[-52.208966430294495,-10.348862656004203]},"properties":{"Fazenda":"FE","Campo":"FE 04","produtividade":189.18959999999998,"unidade_produtividade":"sc/ha","pontos_originais":25,"ano":"2026","cultura":"Milho"}},{"type":"Feature","geometry":{"type":"Point","coordinates":[-52.20850981391659,-10.34886436969682]},"properties":{"Fazenda":"FE","Campo":"FE 04","produtividade":189.65040000000002,"unidade_produtividade":"sc/ha","pontos_originais":25,"ano":"2026","cultura":"Milho"}},{"type":"Feature","geometry":{"type":"Point","coordinates":[-52.20828150569775,-10.348865226300507]},"properties":{"Fazenda":"FE","Campo":"FE 04","produtividade":188.5492,"unidade_produtividade":"sc/ha","pontos_originais":25,"ano":"2026","cultura":"Milho"}},{"type":"Feature","geometry":{"type":"Point","coordinates":[-52.20942304659266,-10.348860941664588]},"properties":{"Fazenda":"FE","Campo":"FE 04","produtividade":192.3184,"unidade_produtividade":"sc/ha","pontos_originais":25,"ano":"2026","cultura":"Milho"}},{"type":"Feature","geometry":{"type":"Point","coordinates":[-52.209194738453554,-10.348861798915273]},"properties":{"Fazenda":"FE","Campo":"FE 04","produtividade":189.9188,"unidade_produtividade":"sc/ha","pontos_originais":25,"ano":"2026","cultura":"Milho"}},{"type":"Feature","geometry":{"type":"Point","coordinates":[-52.21330428190243,-10.34884634365556]},"properties":{"Fazenda":"FE","Campo":"FE 04","produtividade":183.6672,"unidade_produtividade":"sc/ha","pontos_originais":25,"ano":"2026","cultura":"Milho"}},{"type":"Feature","geometry":{"type":"Point","coordinates":[-52.21307597410293,-10.348847203655957]},"properties":{"Fazenda":"FE","Campo":"FE 04","produtividade":183.11399999999998,"unidade_produtividade":"sc/ha","pontos_originais":25,"ano":"2026","cultura":"Milho"}},{"type":"Feature","geometry":{"type":"Point","coordinates":[-52.212847666283444,-10.348848063494607]},"properties":{"Fazenda":"FE","Campo":"FE 04","produtividade":182.91119999999998,"unidade_produtividade":"sc/ha","pontos_originais":25,"ano":"2026","cultura":"Milho"}},{"type":"Feature","geometry":{"type":"Point","coordinates":[-52.21261935844392,-10.348848923171506]},"properties":{"Fazenda":"FE","Campo":"FE 04","produtividade":187.30360000000002,"unidade_produtividade":"sc/ha","pontos_originais":25,"ano":"2026","cultura":"Milho"}},{"type":"Feature","geometry":{"type":"Point","coordinates":[-52.21376089744136,-10.34884462316953]},"properties":{"Fazenda":"FE","Campo":"FE 04","produtividade":186.52800000000002,"unidade_produtividade":"sc/ha","pontos_originais":25,"ano":"2026","cultura":"Milho"}},{"type":"Feature","geometry":{"type":"Point","coordinates":[-52.21353258968191,-10.348845483493417]},"properties":{"Fazenda":"FE","Campo":"FE 04","produtividade":186.12159999999997,"unidade_produtividade":"sc/ha","pontos_originais":25,"ano":"2026","cultura":"Milho"}},{"type":"Feature","geometry":{"type":"Point","coordinates":[-52.211706126885964,-10.348852360261631]},"properties":{"Fazenda":"FE","Campo":"FE 04","produtividade":197.03159999999997,"unidade_produtividade":"sc/ha","pontos_originais":25,"ano":"2026","cultura":"Milho"}},{"type":"Feature","geometry":{"type":"Point","coordinates":[-52.21193443480544,-10.348851501231723]},"properties":{"Fazenda":"FE","Campo":"FE 04","produtividade":195.63920000000002,"unidade_produtividade":"sc/ha","pontos_originais":25,"ano":"2026","cultura":"Milho"}},{"type":"Feature","geometry":{"type":"Point","coordinates":[-52.21147781894651,-10.348853219129794]},"properties":{"Fazenda":"FE","Campo":"FE 04","produtividade":198.2936,"unidade_produtividade":"sc/ha","pontos_originais":25,"ano":"2026","cultura":"Milho"}},{"type":"Feature","geometry":{"type":"Point","coordinates":[-52.21124951098707,-10.348854077836208]},"properties":{"Fazenda":"FE","Campo":"FE 04","produtividade":198.7652,"unidade_produtividade":"sc/ha","pontos_originais":25,"ano":"2026","cultura":"Milho"}},{"type":"Feature","geometry":{"type":"Point","coordinates":[-52.21239105058443,-10.34884978268666]},"properties":{"Fazenda":"FE","Campo":"FE 04","produtividade":190.75480000000005,"unidade_produtividade":"sc/ha","pontos_originais":25,"ano":"2026","cultura":"Milho"}},{"type":"Feature","geometry":{"type":"Point","coordinates":[-52.21216274270494,-10.34885064204006]},"properties":{"Fazenda":"FE","Campo":"FE 04","produtividade":193.02719999999997,"unidade_produtividade":"sc/ha","pontos_originais":25,"ano":"2026","cultura":"Milho"}},{"type":"Feature","geometry":{"type":"Point","coordinates":[-52.20736827262308,-10.34886865109776]},"properties":{"Fazenda":"FE","Campo":"FE 04","produtividade":179.80240000000006,"unidade_produtividade":"sc/ha","pontos_originais":25,"ano":"2026","cultura":"Milho"}},{"type":"Feature","geometry":{"type":"Point","coordinates":[-52.207139964304616,-10.348869506892699]},"properties":{"Fazenda":"FE","Campo":"FE 04","produtividade":180.04160000000005,"unidade_produtividade":"sc/ha","pontos_originais":25,"ano":"2026","cultura":"Milho"}},{"type":"Feature","geometry":{"type":"Point","coordinates":[-52.20691165596623,-10.348870362525894]},"properties":{"Fazenda":"FE","Campo":"FE 04","produtividade":177.3804,"unidade_produtividade":"sc/ha","pontos_originais":25,"ano":"2026","cultura":"Milho"}},{"type":"Feature","geometry":{"type":"Point","coordinates":[-52.206683347607985,-10.348871217997337]},"properties":{"Fazenda":"FE","Campo":"FE 04","produtividade":174.93160000000003,"unidade_produtividade":"sc/ha","pontos_originais":25,"ano":"2026","cultura":"Milho"}},{"type":"Feature","geometry":{"type":"Point","coordinates":[-52.20805319745895,-10.348866082742443]},"properties":{"Fazenda":"FE","Campo":"FE 04","produtividade":186.7928,"unidade_produtividade":"sc/ha","pontos_originais":25,"ano":"2026","cultura":"Milho"}},{"type":"Feature","geometry":{"type":"Point","coordinates":[-52.207824889200246,-10.348866939022633]},"properties":{"Fazenda":"FE","Campo":"FE 04","produtividade":183.17880000000002,"unidade_produtividade":"sc/ha","pontos_originais":25,"ano":"2026","cultura":"Milho"}},{"type":"Feature","geometry":{"type":"Point","coordinates":[-52.207596580921624,-10.34886779514107]},"properties":{"Fazenda":"FE","Campo":"FE 04","produtividade":180.3216,"unidade_produtividade":"sc/ha","pontos_originais":25,"ano":"2026","cultura":"Milho"}},{"type":"Feature","geometry":{"type":"Point","coordinates":[-52.20645503922979,-10.34887207330703]},"properties":{"Fazenda":"FE","Campo":"FE 04","produtividade":173.2036,"unidade_produtividade":"sc/ha","pontos_originais":25,"ano":"2026","cultura":"Milho"}},{"type":"Feature","geometry":{"type":"Point","coordinates":[-52.20622673083172,-10.348872928454972]},"properties":{"Fazenda":"FE","Campo":"FE 04","produtividade":175.26439999999994,"unidade_produtividade":"sc/ha","pontos_originais":25,"ano":"2026","cultura":"Milho"}},{"type":"Feature","geometry":{"type":"Point","coordinates":[-52.21148128843488,-10.349757453863685]},"properties":{"Fazenda":"FE","Campo":"FE 04","produtividade":185.45400000000006,"unidade_produtividade":"sc/ha","pontos_originais":25,"ano":"2026","cultura":"Milho"}},{"type":"Feature","geometry":{"type":"Point","coordinates":[-52.21170959702779,-10.349756594918889]},"properties":{"Fazenda":"FE","Campo":"FE 04","produtividade":185.93079999999998,"unidade_produtividade":"sc/ha","pontos_originais":25,"ano":"2026","cultura":"Milho"}},{"type":"Feature","geometry":{"type":"Point","coordinates":[-52.211252979821964,-10.349758312646724]},"properties":{"Fazenda":"FE","Campo":"FE 04","produtividade":183.748,"unidade_produtividade":"sc/ha","pontos_originais":25,"ano":"2026","cultura":"Milho"}},{"type":"Feature","geometry":{"type":"Point","coordinates":[-52.21102467118909,-10.349759171267998]},"properties":{"Fazenda":"FE","Campo":"FE 04","produtividade":183.72999999999996,"unidade_produtividade":"sc/ha","pontos_originais":25,"ano":"2026","cultura":"Milho"}},{"type":"Feature","geometry":{"type":"Point","coordinates":[-52.21239452268658,-10.349754017113915]},"properties":{"Fazenda":"FE","Campo":"FE 04","produtividade":183.82320000000004,"unidade_produtividade":"sc/ha","pontos_originais":25,"ano":"2026","cultura":"Milho"}},{"type":"Feature","geometry":{"type":"Point","coordinates":[-52.212166214153655,-10.349754876544003]},"properties":{"Fazenda":"FE","Campo":"FE 04","produtividade":184.8632,"unidade_produtividade":"sc/ha","pontos_originais":25,"ano":"2026","cultura":"Milho"}},{"type":"Feature","geometry":{"type":"Point","coordinates":[-52.211937905600706,-10.349755735812328]},"properties":{"Fazenda":"FE","Campo":"FE 04","produtividade":185.4912,"unidade_produtividade":"sc/ha","pontos_originais":25,"ano":"2026","cultura":"Milho"}},{"type":"Feature","geometry":{"type":"Point","coordinates":[-52.21011143645793,-10.349762604135474]},"properties":{"Fazenda":"FE","Campo":"FE 04","produtividade":184.96319999999997,"unidade_produtividade":"sc/ha","pontos_originais":25,"ano":"2026","cultura":"Milho"}},{"type":"Feature","geometry":{"type":"Point","coordinates":[-52.209883127725234,-10.349763461947937]},"properties":{"Fazenda":"FE","Campo":"FE 04","produtividade":182.5068,"unidade_produtividade":"sc/ha","pontos_originais":25,"ano":"2026","cultura":"Milho"}},{"type":"Feature","geometry":{"type":"Point","coordinates":[-52.20965481897257,-10.349764319598638]},"properties":{"Fazenda":"FE","Campo":"FE 04","produtividade":181.85560000000004,"unidade_produtividade":"sc/ha","pontos_originais":25,"ano":"2026","cultura":"Milho"}},{"type":"Feature","geometry":{"type":"Point","coordinates":[-52.20942651019996,-10.34976517708757]},"properties":{"Fazenda":"FE","Campo":"FE 04","produtividade":185.12159999999997,"unidade_produtividade":"sc/ha","pontos_originais":25,"ano":"2026","cultura":"Milho"}},{"type":"Feature","geometry":{"type":"Point","coordinates":[-52.210796362536264,-10.349760029727511]},"properties":{"Fazenda":"FE","Campo":"FE 04","produtividade":183.14080000000004,"unidade_produtividade":"sc/ha","pontos_originais":25,"ano":"2026","cultura":"Milho"}},{"type":"Feature","geometry":{"type":"Point","coordinates":[-52.210568053863454,-10.349760888025262]},"properties":{"Fazenda":"FE","Campo":"FE 04","produtividade":185.74760000000003,"unidade_produtividade":"sc/ha","pontos_originais":25,"ano":"2026","cultura":"Milho"}},{"type":"Feature","geometry":{"type":"Point","coordinates":[-52.21033974517067,-10.349761746161246]},"properties":{"Fazenda":"FE","Campo":"FE 04","produtividade":186.02720000000002,"unidade_produtividade":"sc/ha","pontos_originais":25,"ano":"2026","cultura":"Milho"}},{"type":"Feature","geometry":{"type":"Point","coordinates":[-52.214449298582814,-10.349746274963856]},"properties":{"Fazenda":"FE","Campo":"FE 04","produtividade":183.08200000000005,"unidade_produtividade":"sc/ha","pontos_originais":25,"ano":"2026","cultura":"Milho"}},{"type":"Feature","geometry":{"type":"Point","coordinates":[-52.214677606915615,-10.349745413916155]},"properties":{"Fazenda":"FE","Campo":"FE 04","produtividade":185.0192,"unidade_produtividade":"sc/ha","pontos_originais":25,"ano":"2026","cultura":"Milho"}},{"type":"Feature","geometry":{"type":"Point","coordinates":[-52.21422099022999,-10.3497471358498]},"properties":{"Fazenda":"FE","Campo":"FE 04","produtividade":182.54559999999998,"unidade_produtividade":"sc/ha","pontos_originais":25,"ano":"2026","cultura":"Milho"}},{"type":"Feature","geometry":{"type":"Point","coordinates":[-52.2139926818571,-10.349747996573981]},"properties":{"Fazenda":"FE","Campo":"FE 04","produtividade":184.66320000000005,"unidade_produtividade":"sc/ha","pontos_originais":25,"ano":"2026","cultura":"Milho"}},{"type":"Feature","geometry":{"type":"Point","coordinates":[-52.215134223521154,-10.349743691335464]},"properties":{"Fazenda":"FE","Campo":"FE 04","produtividade":188.45840000000004,"unidade_produtividade":"sc/ha","pontos_originais":25,"ano":"2026","cultura":"Milho"}},{"type":"Feature","geometry":{"type":"Point","coordinates":[-52.215362531793836,-10.349742829802473]},"properties":{"Fazenda":"FE","Campo":"FE 04","produtividade":187.28440000000003,"unidade_produtividade":"sc/ha","pontos_originais":25,"ano":"2026","cultura":"Milho"}},{"type":"Feature","geometry":{"type":"Point","coordinates":[-52.2149059152284,-10.349744552706687]},"properties":{"Fazenda":"FE","Campo":"FE 04","produtividade":187.0708,"unidade_produtividade":"sc/ha","pontos_originais":25,"ano":"2026","cultura":"Milho"}},{"type":"Feature","geometry":{"type":"Point","coordinates":[-52.21307944816544,-10.349751437853085]},"properties":{"Fazenda":"FE","Campo":"FE 04","produtividade":183.00199999999998,"unidade_produtividade":"sc/ha","pontos_originais":25,"ano":"2026","cultura":"Milho"}},{"type":"Feature","geometry":{"type":"Point","coordinates":[-52.2128511396925,-10.349752297768458]},"properties":{"Fazenda":"FE","Campo":"FE 04","produtividade":181.048,"unidade_produtividade":"sc/ha","pontos_originais":25,"ano":"2026","cultura":"Milho"}},{"type":"Feature","geometry":{"type":"Point","coordinates":[-52.21262283119953,-10.349753157522068]},"properties":{"Fazenda":"FE","Campo":"FE 04","produtividade":180.48879999999997,"unidade_produtividade":"sc/ha","pontos_originais":25,"ano":"2026","cultura":"Milho"}},{"type":"Feature","geometry":{"type":"Point","coordinates":[-52.21376437346421,-10.349748857136401]},"properties":{"Fazenda":"FE","Campo":"FE 04","produtividade":186.59600000000003,"unidade_produtividade":"sc/ha","pontos_originais":25,"ano":"2026","cultura":"Milho"}},{"type":"Feature","geometry":{"type":"Point","coordinates":[-52.2135360650513,-10.349749717537057]},"properties":{"Fazenda":"FE","Campo":"FE 04","produtividade":188.69079999999994,"unidade_produtividade":"sc/ha","pontos_originais":25,"ano":"2026","cultura":"Milho"}},{"type":"Feature","geometry":{"type":"Point","coordinates":[-52.21330775661838,-10.349750577775952]},"properties":{"Fazenda":"FE","Campo":"FE 04","produtividade":188.54839999999996,"unidade_produtividade":"sc/ha","pontos_originais":25,"ano":"2026","cultura":"Milho"}},{"type":"Feature","geometry":{"type":"Point","coordinates":[-52.20577356712792,-10.349778874910749]},"properties":{"Fazenda":"FE","Campo":"FE 04","produtividade":168.6676,"unidade_produtividade":"sc/ha","pontos_originais":25,"ano":"2026","cultura":"Milho"}},{"type":"Feature","geometry":{"type":"Point","coordinates":[-52.20554525801671,-10.349779729649708]},"properties":{"Fazenda":"FE","Campo":"FE 04","produtividade":161.1316,"unidade_produtividade":"sc/ha","pontos_originais":25,"ano":"2026","cultura":"Milho"}},{"type":"Feature","geometry":{"type":"Point","coordinates":[-52.20531694888564,-10.3497805842269]},"properties":{"Fazenda":"FE","Campo":"FE 04","produtividade":152.87,"unidade_produtividade":"sc/ha","pontos_originais":25,"ano":"2026","cultura":"Milho"}},{"type":"Feature","geometry":{"type":"Point","coordinates":[-52.205088639734676,-10.349781438642331]},"properties":{"Fazenda":"FE","Campo":"FE 04","produtividade":147.0144,"unidade_produtividade":"sc/ha","pontos_originais":25,"ano":"2026","cultura":"Milho"}},{"type":"Feature","geometry":{"type":"Point","coordinates":[-52.20645849434221,-10.34977630972329]},"properties":{"Fazenda":"FE","Campo":"FE 04","produtividade":176.52559999999997,"unidade_produtividade":"sc/ha","pontos_originais":25,"ano":"2026","cultura":"Milho"}},{"type":"Feature","geometry":{"type":"Point","coordinates":[-52.20623018529066,-10.349777164947541]},"properties":{"Fazenda":"FE","Campo":"FE 04","produtividade":176.13519999999994,"unidade_produtividade":"sc/ha","pontos_originais":25,"ano":"2026","cultura":"Milho"}},{"type":"Feature","geometry":{"type":"Point","coordinates":[-52.20600187621923,-10.349778020010026]},"properties":{"Fazenda":"FE","Campo":"FE 04","produtividade":173.01919999999998,"unidade_produtividade":"sc/ha","pontos_originais":25,"ano":"2026","cultura":"Milho"}},{"type":"Feature","geometry":{"type":"Point","coordinates":[-52.20417540293208,-10.349784854686407]},"properties":{"Fazenda":"FE","Campo":"FE 04","produtividade":148.264,"unidade_produtividade":"sc/ha","pontos_originais":25,"ano":"2026","cultura":"Milho"}},{"type":"Feature","geometry":{"type":"Point","coordinates":[-52.20440371216251,-10.349784000918032]},"properties":{"Fazenda":"FE","Campo":"FE 04","produtividade":148.71040000000002,"unidade_produtividade":"sc/ha","pontos_originais":25,"ano":"2026","cultura":"Milho"}},{"type":"Feature","geometry":{"type":"Point","coordinates":[-52.20394709368176,-10.349785708293016]},"properties":{"Fazenda":"FE","Campo":"FE 04","produtividade":149.33960000000002,"unidade_produtividade":"sc/ha","pontos_originais":25,"ano":"2026","cultura":"Milho"}},{"type":"Feature","geometry":{"type":"Point","coordinates":[-52.203718784411606,-10.349786561737856]},"properties":{"Fazenda":"FE","Campo":"FE 04","produtividade":150.006,"unidade_produtividade":"sc/ha","pontos_originais":25,"ano":"2026","cultura":"Milho"}},{"type":"Feature","geometry":{"type":"Point","coordinates":[-52.204860330563804,-10.349782292895998]},"properties":{"Fazenda":"FE","Campo":"FE 04","produtividade":146.89719999999997,"unidade_produtividade":"sc/ha","pontos_originais":25,"ano":"2026","cultura":"Milho"}},{"type":"Feature","geometry":{"type":"Point","coordinates":[-52.20463202137311,-10.349783146987896]},"properties":{"Fazenda":"FE","Campo":"FE 04","produtividade":147.40959999999998,"unidade_produtividade":"sc/ha","pontos_originais":25,"ano":"2026","cultura":"Milho"}},{"type":"Feature","geometry":{"type":"Point","coordinates":[-52.20874158376248,-10.349767748583801]},"properties":{"Fazenda":"FE","Campo":"FE 04","produtividade":192.64559999999997,"unidade_produtividade":"sc/ha","pontos_originais":25,"ano":"2026","cultura":"Milho"}},{"type":"Feature","geometry":{"type":"Point","coordinates":[-52.20851327491009,-10.349768605425686]},"properties":{"Fazenda":"FE","Campo":"FE 04","produtividade":193.20319999999995,"unidade_produtividade":"sc/ha","pontos_originais":25,"ano":"2026","cultura":"Milho"}},{"type":"Feature","geometry":{"type":"Point","coordinates":[-52.20828496603778,-10.349769462105805]},"properties":{"Fazenda":"FE","Campo":"FE 04","produtividade":193.14519999999996,"unidade_produtividade":"sc/ha","pontos_originais":25,"ano":"2026","cultura":"Milho"}},{"type":"Feature","geometry":{"type":"Point","coordinates":[-52.20805665714554,-10.349770318624167]},"properties":{"Fazenda":"FE","Campo":"FE 04","produtividade":191.49040000000002,"unidade_produtividade":"sc/ha","pontos_originais":25,"ano":"2026","cultura":"Milho"}},{"type":"Feature","geometry":{"type":"Point","coordinates":[-52.209198201407396,-10.349766034414742]},"properties":{"Fazenda":"FE","Campo":"FE 04","produtividade":188.54480000000004,"unidade_produtividade":"sc/ha","pontos_originais":25,"ano":"2026","cultura":"Milho"}},{"type":"Feature","geometry":{"type":"Point","coordinates":[-52.208969892594915,-10.349766891580154]},"properties":{"Fazenda":"FE","Campo":"FE 04","produtividade":190.94279999999998,"unidade_produtividade":"sc/ha","pontos_originais":25,"ano":"2026","cultura":"Milho"}},{"type":"Feature","geometry":{"type":"Point","coordinates":[-52.20714342137737,-10.349773743079961]},"properties":{"Fazenda":"FE","Campo":"FE 04","produtividade":182.8916,"unidade_produtividade":"sc/ha","pontos_originais":25,"ano":"2026","cultura":"Milho"}},{"type":"Feature","geometry":{"type":"Point","coordinates":[-52.20737173034929,-10.349772887208658]},"properties":{"Fazenda":"FE","Campo":"FE 04","produtividade":184.9232,"unidade_produtividade":"sc/ha","pontos_originais":25,"ano":"2026","cultura":"Milho"}},{"type":"Feature","geometry":{"type":"Point","coordinates":[-52.20691511238554,-10.349774598789503]},"properties":{"Fazenda":"FE","Campo":"FE 04","produtividade":180.62960000000004,"unidade_produtividade":"sc/ha","pontos_originais":25,"ano":"2026","cultura":"Milho"}},{"type":"Feature","geometry":{"type":"Point","coordinates":[-52.206686803373834,-10.349775454337282]},"properties":{"Fazenda":"FE","Campo":"FE 04","produtividade":179.01879999999997,"unidade_produtividade":"sc/ha","pontos_originais":25,"ano":"2026","cultura":"Milho"}},{"type":"Feature","geometry":{"type":"Point","coordinates":[-52.20782834823339,-10.349771174980761]},"properties":{"Fazenda":"FE","Campo":"FE 04","produtividade":189.688,"unidade_produtividade":"sc/ha","pontos_originais":25,"ano":"2026","cultura":"Milho"}},{"type":"Feature","geometry":{"type":"Point","coordinates":[-52.207600039301305,-10.349772031175592]},"properties":{"Fazenda":"FE","Campo":"FE 04","produtividade":187.7136,"unidade_produtividade":"sc/ha","pontos_originais":25,"ano":"2026","cultura":"Milho"}},{"type":"Feature","geometry":{"type":"Point","coordinates":[-52.21581914827909,-10.349741106251217]},"properties":{"Fazenda":"FE","Campo":"FE 04","produtividade":181.85080000000002,"unidade_produtividade":"sc/ha","pontos_originais":25,"ano":"2026","cultura":"Milho"}},{"type":"Feature","geometry":{"type":"Point","coordinates":[-52.215590840046495,-10.349741968107725]},"properties":{"Fazenda":"FE","Campo":"FE 04","produtividade":185.86480000000003,"unidade_produtividade":"sc/ha","pontos_originais":25,"ano":"2026","cultura":"Milho"}},{"type":"Feature","geometry":{"type":"Point","coordinates":[-52.218098438904825,-10.34973626081734]},"properties":{"Fazenda":"FE","Campo":"FE 04","produtividade":171.62250000000003,"unidade_produtividade":"sc/ha","pontos_originais":24,"ano":"2026","cultura":"Milho"}},{"type":"Feature","geometry":{"type":"Point","coordinates":[-52.21787392146971,-10.349733342263393]},"properties":{"Fazenda":"FE","Campo":"FE 04","produtividade":178.12079999999997,"unidade_produtividade":"sc/ha","pontos_originais":25,"ano":"2026","cultura":"Milho"}},{"type":"Feature","geometry":{"type":"Point","coordinates":[-52.2176456134177,-10.34973420557575]},"properties":{"Fazenda":"FE","Campo":"FE 04","produtividade":180.49,"unidade_produtividade":"sc/ha","pontos_originais":25,"ano":"2026","cultura":"Milho"}},{"type":"Feature","geometry":{"type":"Point","coordinates":[-52.21741730534563,-10.349735068726345]},"properties":{"Fazenda":"FE","Campo":"FE 04","produtividade":184.71200000000002,"unidade_produtividade":"sc/ha","pontos_originais":25,"ano":"2026","cultura":"Milho"}},{"type":"Feature","geometry":{"type":"Point","coordinates":[-52.20349047512157,-10.349787415020934]},"properties":{"Fazenda":"FE","Campo":"FE 04","produtividade":150.62239999999997,"unidade_produtividade":"sc/ha","pontos_originais":25,"ano":"2026","cultura":"Milho"}},{"type":"Feature","geometry":{"type":"Point","coordinates":[-52.20329711411368,-10.349796116244505]},"properties":{"Fazenda":"FE","Campo":"FE 04","produtividade":150.60117647058826,"unidade_produtividade":"sc/ha","pontos_originais":17,"ano":"2026","cultura":"Milho"}},{"type":"Feature","geometry":{"type":"Point","coordinates":[-52.218290823493696,-10.349793932282568]},"properties":{"Fazenda":"FE","Campo":"FE 04","produtividade":168.7475,"unidade_produtividade":"sc/ha","pontos_originais":8,"ano":"2026","cultura":"Milho"}},{"type":"Feature","geometry":{"type":"Point","coordinates":[-52.21650407285659,-10.349738519711122]},"properties":{"Fazenda":"FE","Campo":"FE 04","produtividade":180.3492,"unidade_produtividade":"sc/ha","pontos_originais":25,"ano":"2026","cultura":"Milho"}},{"type":"Feature","geometry":{"type":"Point","coordinates":[-52.21673238100893,-10.349737657207573]},"properties":{"Fazenda":"FE","Campo":"FE 04","produtividade":184.2964,"unidade_produtividade":"sc/ha","pontos_originais":25,"ano":"2026","cultura":"Milho"}},{"type":"Feature","geometry":{"type":"Point","coordinates":[-52.21627576468414,-10.349739382052912]},"properties":{"Fazenda":"FE","Campo":"FE 04","produtividade":179.1692,"unidade_produtividade":"sc/ha","pontos_originais":25,"ano":"2026","cultura":"Milho"}},{"type":"Feature","geometry":{"type":"Point","coordinates":[-52.216047456491644,-10.349740244232946]},"properties":{"Fazenda":"FE","Campo":"FE 04","produtividade":179.85640000000006,"unidade_produtividade":"sc/ha","pontos_originais":25,"ano":"2026","cultura":"Milho"}},{"type":"Feature","geometry":{"type":"Point","coordinates":[-52.21718899725347,-10.349735931715184]},"properties":{"Fazenda":"FE","Campo":"FE 04","produtividade":184.68759999999997,"unidade_produtividade":"sc/ha","pontos_originais":25,"ano":"2026","cultura":"Milho"}},{"type":"Feature","geometry":{"type":"Point","coordinates":[-52.21696068914125,-10.349736794542254]},"properties":{"Fazenda":"FE","Campo":"FE 04","produtividade":185.2376,"unidade_produtividade":"sc/ha","pontos_originais":25,"ano":"2026","cultura":"Milho"}},{"type":"Feature","geometry":{"type":"Point","coordinates":[-52.21536166161452,-10.34951677145006]},"properties":{"Fazenda":"FE","Campo":"FE 04","produtividade":187.39999999999998,"unidade_produtividade":"sc/ha","pontos_originais":25,"ano":"2026","cultura":"Milho"}},{"type":"Feature","geometry":{"type":"Point","coordinates":[-52.21558996970382,-10.349515909774532]},"properties":{"Fazenda":"FE","Campo":"FE 04","produtividade":185.00799999999998,"unidade_produtividade":"sc/ha","pontos_originais":25,"ano":"2026","cultura":"Milho"}},{"type":"Feature","geometry":{"type":"Point","coordinates":[-52.215133353505195,-10.349517632963831]},"properties":{"Fazenda":"FE","Campo":"FE 04","produtividade":188.612,"unidade_produtividade":"sc/ha","pontos_originais":25,"ano":"2026","cultura":"Milho"}},{"type":"Feature","geometry":{"type":"Point","coordinates":[-52.21490504537583,-10.349518494315841]},"properties":{"Fazenda":"FE","Campo":"FE 04","produtividade":187.44600000000003,"unidade_produtividade":"sc/ha","pontos_originais":25,"ano":"2026","cultura":"Milho"}},{"type":"Feature","geometry":{"type":"Point","coordinates":[-52.216046585822234,-10.349514185938203]},"properties":{"Fazenda":"FE","Campo":"FE 04","produtividade":174.1688,"unidade_produtividade":"sc/ha","pontos_originais":25,"ano":"2026","cultura":"Milho"}},{"type":"Feature","geometry":{"type":"Point","coordinates":[-52.21627489385136,-10.349513323777405]},"properties":{"Fazenda":"FE","Campo":"FE 04","produtividade":170.19,"unidade_produtividade":"sc/ha","pontos_originais":25,"ano":"2026","cultura":"Milho"}},{"type":"Feature","geometry":{"type":"Point","coordinates":[-52.21581827777305,-10.349515047937247]},"properties":{"Fazenda":"FE","Campo":"FE 04","produtividade":180.03799999999998,"unidade_produtividade":"sc/ha","pontos_originais":25,"ano":"2026","cultura":"Milho"}},{"type":"Feature","geometry":{"type":"Point","coordinates":[-52.21399181265799,-10.349521938106315]},"properties":{"Fazenda":"FE","Campo":"FE 04","produtividade":188.8492,"unidade_produtividade":"sc/ha","pontos_originais":25,"ano":"2026","cultura":"Milho"}},{"type":"Feature","geometry":{"type":"Point","coordinates":[-52.21376350442848,-10.349522798649536]},"properties":{"Fazenda":"FE","Campo":"FE 04","produtividade":190.94240000000002,"unidade_produtividade":"sc/ha","pontos_originais":25,"ano":"2026","cultura":"Milho"}},{"type":"Feature","geometry":{"type":"Point","coordinates":[-52.213535196178924,-10.349523659031004]},"properties":{"Fazenda":"FE","Campo":"FE 04","produtividade":192.77200000000002,"unidade_produtividade":"sc/ha","pontos_originais":25,"ano":"2026","cultura":"Milho"}},{"type":"Feature","geometry":{"type":"Point","coordinates":[-52.213306887909376,-10.349524519250709]},"properties":{"Fazenda":"FE","Campo":"FE 04","produtividade":189.20080000000002,"unidade_produtividade":"sc/ha","pontos_originais":25,"ano":"2026","cultura":"Milho"}},{"type":"Feature","geometry":{"type":"Point","coordinates":[-52.21467673722642,-10.349519355506096]},"properties":{"Fazenda":"FE","Campo":"FE 04","produtividade":186.92320000000004,"unidade_produtividade":"sc/ha","pontos_originais":25,"ano":"2026","cultura":"Milho"}},{"type":"Feature","geometry":{"type":"Point","coordinates":[-52.21444842905697,-10.349520216534593]},"properties":{"Fazenda":"FE","Campo":"FE 04","produtividade":186.6668,"unidade_produtividade":"sc/ha","pontos_originais":25,"ano":"2026","cultura":"Milho"}},{"type":"Feature","geometry":{"type":"Point","coordinates":[-52.214220120867495,-10.349521077401334]},"properties":{"Fazenda":"FE","Campo":"FE 04","produtividade":187.42399999999998,"unidade_produtividade":"sc/ha","pontos_originais":25,"ano":"2026","cultura":"Milho"}},{"type":"Feature","geometry":{"type":"Point","coordinates":[-52.203717922564074,-10.349560502409968]},"properties":{"Fazenda":"FE","Campo":"FE 04","produtividade":145.1328,"unidade_produtividade":"sc/ha","pontos_originais":25,"ano":"2026","cultura":"Milho"}},{"type":"Feature","geometry":{"type":"Point","coordinates":[-52.20348961343743,-10.349561355674014]},"properties":{"Fazenda":"FE","Campo":"FE 04","produtividade":145.89520000000002,"unidade_produtividade":"sc/ha","pontos_originais":25,"ano":"2026","cultura":"Milho"}},{"type":"Feature","geometry":{"type":"Point","coordinates":[-52.21786271149971,-10.349517598737155]},"properties":{"Fazenda":"FE","Campo":"FE 04","produtividade":167.21181818181816,"unidade_produtividade":"sc/ha","pontos_originais":22,"ano":"2026","cultura":"Milho"}},{"type":"Feature","geometry":{"type":"Point","coordinates":[-52.20332360175214,-10.349570196473842]},"properties":{"Fazenda":"FE","Campo":"FE 04","produtividade":148.58545454545458,"unidade_produtividade":"sc/ha","pontos_originais":11,"ano":"2026","cultura":"Milho"}},{"type":"Feature","geometry":{"type":"Point","coordinates":[-52.21764474160474,-10.349508147415705]},"properties":{"Fazenda":"FE","Campo":"FE 04","produtividade":170.0196,"unidade_produtividade":"sc/ha","pontos_originais":25,"ano":"2026","cultura":"Milho"}},{"type":"Feature","geometry":{"type":"Point","coordinates":[-52.2044028498249,-10.349557941647268]},"properties":{"Fazenda":"FE","Campo":"FE 04","produtividade":149.8988,"unidade_produtividade":"sc/ha","pontos_originais":25,"ano":"2026","cultura":"Milho"}},{"type":"Feature","geometry":{"type":"Point","coordinates":[-52.20417454075783,-10.349558795396595]},"properties":{"Fazenda":"FE","Campo":"FE 04","produtividade":148.60240000000005,"unidade_produtividade":"sc/ha","pontos_originais":25,"ano":"2026","cultura":"Milho"}},{"type":"Feature","geometry":{"type":"Point","coordinates":[-52.20394623167089,-10.349559648984162]},"properties":{"Fazenda":"FE","Campo":"FE 04","produtividade":147.0128,"unidade_produtividade":"sc/ha","pontos_originais":25,"ano":"2026","cultura":"Milho"}},{"type":"Feature","geometry":{"type":"Point","coordinates":[-52.21695981781837,-10.349510736324461]},"properties":{"Fazenda":"FE","Campo":"FE 04","produtividade":180.04119999999995,"unidade_produtividade":"sc/ha","pontos_originais":25,"ano":"2026","cultura":"Milho"}},{"type":"Feature","geometry":{"type":"Point","coordinates":[-52.21673150984943,-10.349511598970532]},"properties":{"Fazenda":"FE","Campo":"FE 04","produtividade":175.33720000000002,"unidade_produtividade":"sc/ha","pontos_originais":25,"ano":"2026","cultura":"Milho"}},{"type":"Feature","geometry":{"type":"Point","coordinates":[-52.21650320186041,-10.349512461454847]},"properties":{"Fazenda":"FE","Campo":"FE 04","produtividade":172.5192,"unidade_produtividade":"sc/ha","pontos_originais":25,"ano":"2026","cultura":"Milho"}},{"type":"Feature","geometry":{"type":"Point","coordinates":[-52.21741643369602,-10.349509010547045]},"properties":{"Fazenda":"FE","Campo":"FE 04","produtividade":177.56039999999996,"unidade_produtividade":"sc/ha","pontos_originais":25,"ano":"2026","cultura":"Milho"}},{"type":"Feature","geometry":{"type":"Point","coordinates":[-52.21718812576722,-10.349509873516633]},"properties":{"Fazenda":"FE","Campo":"FE 04","produtividade":181.8396,"unidade_produtividade":"sc/ha","pontos_originais":25,"ano":"2026","cultura":"Milho"}},{"type":"Feature","geometry":{"type":"Point","coordinates":[-52.20965395287745,-10.349538260766874]},"properties":{"Fazenda":"FE","Campo":"FE 04","produtividade":182.98680000000004,"unidade_produtividade":"sc/ha","pontos_originais":25,"ano":"2026","cultura":"Milho"}},{"type":"Feature","geometry":{"type":"Point","coordinates":[-52.2094256442682,-10.349539118236683]},"properties":{"Fazenda":"FE","Campo":"FE 04","produtividade":187.10919999999996,"unidade_produtividade":"sc/ha","pontos_originais":25,"ano":"2026","cultura":"Milho"}},{"type":"Feature","geometry":{"type":"Point","coordinates":[-52.209197335639026,-10.349539975544731]},"properties":{"Fazenda":"FE","Campo":"FE 04","produtividade":189.88279999999997,"unidade_produtividade":"sc/ha","pontos_originais":25,"ano":"2026","cultura":"Milho"}},{"type":"Feature","geometry":{"type":"Point","coordinates":[-52.2089690269899,-10.349540832691023]},"properties":{"Fazenda":"FE","Campo":"FE 04","produtividade":191.19879999999998,"unidade_produtividade":"sc/ha","pontos_originais":25,"ano":"2026","cultura":"Milho"}},{"type":"Feature","geometry":{"type":"Point","coordinates":[-52.210338878585446,-10.349535687386885]},"properties":{"Fazenda":"FE","Campo":"FE 04","produtividade":183.0756,"unidade_produtividade":"sc/ha","pontos_originais":25,"ano":"2026","cultura":"Milho"}},{"type":"Feature","geometry":{"type":"Point","coordinates":[-52.210110570036065,-10.34953654534198]},"properties":{"Fazenda":"FE","Campo":"FE 04","produtividade":182.08079999999998,"unidade_produtividade":"sc/ha","pontos_originais":25,"ano":"2026","cultura":"Milho"}},{"type":"Feature","geometry":{"type":"Point","coordinates":[-52.209882261466745,-10.349537403135304]},"properties":{"Fazenda":"FE","Campo":"FE 04","produtividade":181.87759999999997,"unidade_produtividade":"sc/ha","pontos_originais":25,"ano":"2026","cultura":"Milho"}},{"type":"Feature","geometry":{"type":"Point","coordinates":[-52.208055792194,-10.349544259658591]},"properties":{"Fazenda":"FE","Campo":"FE 04","produtividade":192.46480000000003,"unidade_produtividade":"sc/ha","pontos_originais":25,"ano":"2026","cultura":"Milho"}},{"type":"Feature","geometry":{"type":"Point","coordinates":[-52.20828410092288,-10.34954340315934]},"properties":{"Fazenda":"FE","Campo":"FE 04","produtividade":192.4652,"unidade_produtividade":"sc/ha","pontos_originais":25,"ano":"2026","cultura":"Milho"}},{"type":"Feature","geometry":{"type":"Point","coordinates":[-52.20782748344523,-10.349545115996085]},"properties":{"Fazenda":"FE","Campo":"FE 04","produtividade":191.732,"unidade_produtividade":"sc/ha","pontos_originais":25,"ano":"2026","cultura":"Milho"}},{"type":"Feature","geometry":{"type":"Point","coordinates":[-52.20759917467651,-10.349545972171816]},"properties":{"Fazenda":"FE","Campo":"FE 04","produtividade":189.1076,"unidade_produtividade":"sc/ha","pontos_originais":25,"ano":"2026","cultura":"Milho"}},{"type":"Feature","geometry":{"type":"Point","coordinates":[-52.20874071832081,-10.349541689675554]},"properties":{"Fazenda":"FE","Campo":"FE 04","produtividade":192.02160000000003,"unidade_produtividade":"sc/ha","pontos_originais":25,"ano":"2026","cultura":"Milho"}},{"type":"Feature","geometry":{"type":"Point","coordinates":[-52.208512409631815,-10.349542546498325]},"properties":{"Fazenda":"FE","Campo":"FE 04","produtividade":191.4908,"unidade_produtividade":"sc/ha","pontos_originais":25,"ano":"2026","cultura":"Milho"}},{"type":"Feature","geometry":{"type":"Point","coordinates":[-52.21239365463107,-10.349527958511958]},"properties":{"Fazenda":"FE","Campo":"FE 04","produtividade":188.0532,"unidade_produtividade":"sc/ha","pontos_originais":25,"ano":"2026","cultura":"Milho"}},{"type":"Feature","geometry":{"type":"Point","coordinates":[-52.21262196298065,-10.349527098939284]},"properties":{"Fazenda":"FE","Campo":"FE 04","produtividade":183.6644,"unidade_produtividade":"sc/ha","pontos_originais":25,"ano":"2026","cultura":"Milho"}},{"type":"Feature","geometry":{"type":"Point","coordinates":[-52.21216534626149,-10.349528817922872]},"properties":{"Fazenda":"FE","Campo":"FE 04","produtividade":188.49879999999996,"unidade_produtividade":"sc/ha","pontos_originais":25,"ano":"2026","cultura":"Milho"}},{"type":"Feature","geometry":{"type":"Point","coordinates":[-52.21193703787192,-10.349529677172034]},"properties":{"Fazenda":"FE","Campo":"FE 04","produtividade":187.73159999999996,"unidade_produtividade":"sc/ha","pontos_originais":25,"ano":"2026","cultura":"Milho"}},{"type":"Feature","geometry":{"type":"Point","coordinates":[-52.2130785796198,-10.34952537930866]},"properties":{"Fazenda":"FE","Campo":"FE 04","produtividade":181.5508,"unidade_produtividade":"sc/ha","pontos_originais":25,"ano":"2026","cultura":"Milho"}},{"type":"Feature","geometry":{"type":"Point","coordinates":[-52.212850271310224,-10.349526239204849]},"properties":{"Fazenda":"FE","Campo":"FE 04","produtividade":181.0284,"unidade_produtividade":"sc/ha","pontos_originais":25,"ano":"2026","cultura":"Milho"}},{"type":"Feature","geometry":{"type":"Point","coordinates":[-52.211023804113786,-10.349533112551073]},"properties":{"Fazenda":"FE","Campo":"FE 04","produtividade":182.21400000000003,"unidade_produtividade":"sc/ha","pontos_originais":25,"ano":"2026","cultura":"Milho"}},{"type":"Feature","geometry":{"type":"Point","coordinates":[-52.2107954956243,-10.349533970991438]},"properties":{"Fazenda":"FE","Campo":"FE 04","produtividade":182.27519999999996,"unidade_produtividade":"sc/ha","pontos_originais":25,"ano":"2026","cultura":"Milho"}},{"type":"Feature","geometry":{"type":"Point","coordinates":[-52.210567187114854,-10.349534829270041]},"properties":{"Fazenda":"FE","Campo":"FE 04","produtividade":183.3912,"unidade_produtividade":"sc/ha","pontos_originais":25,"ano":"2026","cultura":"Milho"}},{"type":"Feature","geometry":{"type":"Point","coordinates":[-52.211708729462345,-10.349530536259431]},"properties":{"Fazenda":"FE","Campo":"FE 04","produtividade":187.3384,"unidade_produtividade":"sc/ha","pontos_originais":25,"ano":"2026","cultura":"Milho"}},{"type":"Feature","geometry":{"type":"Point","coordinates":[-52.21148042103283,-10.34953139518507]},"properties":{"Fazenda":"FE","Campo":"FE 04","produtividade":187.09719999999993,"unidade_produtividade":"sc/ha","pontos_originais":25,"ano":"2026","cultura":"Milho"}},{"type":"Feature","geometry":{"type":"Point","coordinates":[-52.211252112583296,-10.34953225394895]},"properties":{"Fazenda":"FE","Campo":"FE 04","produtividade":183.412,"unidade_produtividade":"sc/ha","pontos_originais":25,"ano":"2026","cultura":"Milho"}},{"type":"Feature","geometry":{"type":"Point","coordinates":[-52.2180468425459,-10.349578966517068]},"properties":{"Fazenda":"FE","Campo":"FE 04","produtividade":166.552,"unidade_produtividade":"sc/ha","pontos_originais":5,"ano":"2026","cultura":"Milho"}},{"type":"Feature","geometry":{"type":"Point","coordinates":[-52.20463115887212,-10.349557087736178]},"properties":{"Fazenda":"FE","Campo":"FE 04","produtividade":148.79840000000002,"unidade_produtividade":"sc/ha","pontos_originais":25,"ano":"2026","cultura":"Milho"}},{"type":"Feature","geometry":{"type":"Point","coordinates":[-52.206685939402504,-10.34954939525715]},"properties":{"Fazenda":"FE","Campo":"FE 04","produtividade":173.6444,"unidade_produtividade":"sc/ha","pontos_originais":25,"ano":"2026","cultura":"Milho"}},{"type":"Feature","geometry":{"type":"Point","coordinates":[-52.20645763053425,-10.349550250624086]},"properties":{"Fazenda":"FE","Campo":"FE 04","produtividade":172.15079999999998,"unidade_produtividade":"sc/ha","pontos_originais":25,"ano":"2026","cultura":"Milho"}},{"type":"Feature","geometry":{"type":"Point","coordinates":[-52.206229321646084,-10.349551105829256]},"properties":{"Fazenda":"FE","Campo":"FE 04","produtividade":173.60080000000002,"unidade_produtividade":"sc/ha","pontos_originais":25,"ano":"2026","cultura":"Milho"}},{"type":"Feature","geometry":{"type":"Point","coordinates":[-52.206001012738035,-10.349551960872668]},"properties":{"Fazenda":"FE","Campo":"FE 04","produtividade":173.75959999999998,"unidade_produtividade":"sc/ha","pontos_originais":25,"ano":"2026","cultura":"Milho"}},{"type":"Feature","geometry":{"type":"Point","coordinates":[-52.20737086588788,-10.349546828185787]},"properties":{"Fazenda":"FE","Campo":"FE 04","produtividade":186.44800000000004,"unidade_produtividade":"sc/ha","pontos_originais":25,"ano":"2026","cultura":"Milho"}},{"type":"Feature","geometry":{"type":"Point","coordinates":[-52.20714255707932,-10.349547684038003]},"properties":{"Fazenda":"FE","Campo":"FE 04","produtividade":184.59440000000004,"unidade_produtividade":"sc/ha","pontos_originais":25,"ano":"2026","cultura":"Milho"}},{"type":"Feature","geometry":{"type":"Point","coordinates":[-52.206914248250875,-10.34954853972846]},"properties":{"Fazenda":"FE","Campo":"FE 04","produtividade":178.8676,"unidade_produtividade":"sc/ha","pontos_originais":25,"ano":"2026","cultura":"Milho"}},{"type":"Feature","geometry":{"type":"Point","coordinates":[-52.20508777690693,-10.349555379428717]},"properties":{"Fazenda":"FE","Campo":"FE 04","produtividade":154.8748,"unidade_produtividade":"sc/ha","pontos_originais":25,"ano":"2026","cultura":"Milho"}},{"type":"Feature","geometry":{"type":"Point","coordinates":[-52.20531608589453,-10.349554525032348]},"properties":{"Fazenda":"FE","Campo":"FE 04","produtividade":162.26800000000006,"unidade_produtividade":"sc/ha","pontos_originais":25,"ano":"2026","cultura":"Milho"}},{"type":"Feature","geometry":{"type":"Point","coordinates":[-52.20485946789946,-10.349556233663327]},"properties":{"Fazenda":"FE","Campo":"FE 04","produtividade":150.3392,"unidade_produtividade":"sc/ha","pontos_originais":25,"ano":"2026","cultura":"Milho"}},{"type":"Feature","geometry":{"type":"Point","coordinates":[-52.205772703810084,-10.349552815754324]},"properties":{"Fazenda":"FE","Campo":"FE 04","produtividade":171.0752,"unidade_produtividade":"sc/ha","pontos_originais":25,"ano":"2026","cultura":"Milho"}},{"type":"Feature","geometry":{"type":"Point","coordinates":[-52.20554439486225,-10.349553670474213]},"properties":{"Fazenda":"FE","Campo":"FE 04","produtividade":169.0048,"unidade_produtividade":"sc/ha","pontos_originais":25,"ano":"2026","cultura":"Milho"}},{"type":"Feature","geometry":{"type":"Point","coordinates":[-52.205994968926504,-10.34796954682051]},"properties":{"Fazenda":"FE","Campo":"FE 04","produtividade":187.2468,"unidade_produtividade":"sc/ha","pontos_originais":25,"ano":"2026","cultura":"Milho"}},{"type":"Feature","geometry":{"type":"Point","coordinates":[-52.20622327669108,-10.347968691910607]},"properties":{"Fazenda":"FE","Campo":"FE 04","produtividade":188.12799999999996,"unidade_produtividade":"sc/ha","pontos_originais":25,"ano":"2026","cultura":"Milho"}},{"type":"Feature","geometry":{"type":"Point","coordinates":[-52.20576666114204,-10.347970401568682]},"properties":{"Fazenda":"FE","Campo":"FE 04","produtividade":186.07880000000006,"unidade_produtividade":"sc/ha","pontos_originais":25,"ano":"2026","cultura":"Milho"}},{"type":"Feature","geometry":{"type":"Point","coordinates":[-52.205538353337694,-10.347971256155114]},"properties":{"Fazenda":"FE","Campo":"FE 04","produtividade":184.65759999999997,"unidade_produtividade":"sc/ha","pontos_originais":25,"ano":"2026","cultura":"Milho"}},{"type":"Feature","geometry":{"type":"Point","coordinates":[-52.20690819986541,-10.347966126210485]},"properties":{"Fazenda":"FE","Campo":"FE 04","produtividade":185.1052,"unidade_produtividade":"sc/ha","pontos_originais":25,"ano":"2026","cultura":"Milho"}},{"type":"Feature","geometry":{"type":"Point","coordinates":[-52.20667989216054,-10.347966981605593]},"properties":{"Fazenda":"FE","Campo":"FE 04","produtividade":185.59720000000002,"unidade_produtividade":"sc/ha","pontos_originais":25,"ano":"2026","cultura":"Milho"}},{"type":"Feature","geometry":{"type":"Point","coordinates":[-52.206451584435754,-10.347967836838967]},"properties":{"Fazenda":"FE","Campo":"FE 04","produtividade":188.238,"unidade_produtividade":"sc/ha","pontos_originais":25,"ano":"2026","cultura":"Milho"}},{"type":"Feature","geometry":{"type":"Point","coordinates":[-52.2046251219215,-10.347974672883499]},"properties":{"Fazenda":"FE","Campo":"FE 04","produtividade":185.24920000000003,"unidade_produtividade":"sc/ha","pontos_originais":25,"ano":"2026","cultura":"Milho"}},{"type":"Feature","geometry":{"type":"Point","coordinates":[-52.20439681401775,-10.347975526661257]},"properties":{"Fazenda":"FE","Campo":"FE 04","produtividade":174.62520000000004,"unidade_produtividade":"sc/ha","pontos_originais":25,"ano":"2026","cultura":"Milho"}},{"type":"Feature","geometry":{"type":"Point","coordinates":[-52.20416850609416,-10.347976380277274]},"properties":{"Fazenda":"FE","Campo":"FE 04","produtividade":159.6156,"unidade_produtividade":"sc/ha","pontos_originais":25,"ano":"2026","cultura":"Milho"}},{"type":"Feature","geometry":{"type":"Point","coordinates":[-52.20394019815072,-10.347977233731562]},"properties":{"Fazenda":"FE","Campo":"FE 04","produtividade":149.89999999999998,"unidade_produtividade":"sc/ha","pontos_originais":25,"ano":"2026","cultura":"Milho"}},{"type":"Feature","geometry":{"type":"Point","coordinates":[-52.20531004551345,-10.347972110579812]},"properties":{"Fazenda":"FE","Campo":"FE 04","produtividade":185.95,"unidade_produtividade":"sc/ha","pontos_originais":25,"ano":"2026","cultura":"Milho"}},{"type":"Feature","geometry":{"type":"Point","coordinates":[-52.205081737669325,-10.347972964842775]},"properties":{"Fazenda":"FE","Campo":"FE 04","produtividade":188.06400000000005,"unidade_produtividade":"sc/ha","pontos_originais":25,"ano":"2026","cultura":"Milho"}},{"type":"Feature","geometry":{"type":"Point","coordinates":[-52.20485342980535,-10.347973818944004]},"properties":{"Fazenda":"FE","Campo":"FE 04","produtividade":190.12840000000003,"unidade_produtividade":"sc/ha","pontos_originais":25,"ano":"2026","cultura":"Milho"}},{"type":"Feature","geometry":{"type":"Point","coordinates":[-52.208962968313145,-10.347958420376447]},"properties":{"Fazenda":"FE","Campo":"FE 04","produtividade":187.68520000000004,"unidade_produtividade":"sc/ha","pontos_originais":25,"ano":"2026","cultura":"Milho"}},{"type":"Feature","geometry":{"type":"Point","coordinates":[-52.209191275818796,-10.347957563363993]},"properties":{"Fazenda":"FE","Campo":"FE 04","produtividade":190.14079999999998,"unidade_produtividade":"sc/ha","pontos_originais":25,"ano":"2026","cultura":"Milho"}},{"type":"Feature","geometry":{"type":"Point","coordinates":[-52.208734660787535,-10.347959277227167]},"properties":{"Fazenda":"FE","Campo":"FE 04","produtividade":186.39079999999998,"unidade_produtividade":"sc/ha","pontos_originais":25,"ano":"2026","cultura":"Milho"}},{"type":"Feature","geometry":{"type":"Point","coordinates":[-52.20850635324201,-10.347960133916152]},"properties":{"Fazenda":"FE","Campo":"FE 04","produtividade":187.14040000000006,"unidade_produtividade":"sc/ha","pontos_originais":25,"ano":"2026","cultura":"Milho"}},{"type":"Feature","geometry":{"type":"Point","coordinates":[-52.20964789077028,-10.347955848853886]},"properties":{"Fazenda":"FE","Campo":"FE 04","produtividade":187.16400000000002,"unidade_produtividade":"sc/ha","pontos_originais":25,"ano":"2026","cultura":"Milho"}},{"type":"Feature","geometry":{"type":"Point","coordinates":[-52.20987619821609,-10.347954991356227]},"properties":{"Fazenda":"FE","Campo":"FE 04","produtividade":185.32719999999998,"unidade_produtividade":"sc/ha","pontos_originais":25,"ano":"2026","cultura":"Milho"}},{"type":"Feature","geometry":{"type":"Point","coordinates":[-52.209419583304495,-10.347956706189807]},"properties":{"Fazenda":"FE","Campo":"FE 04","produtividade":189.7616,"unidade_produtividade":"sc/ha","pontos_originais":25,"ano":"2026","cultura":"Milho"}},{"type":"Feature","geometry":{"type":"Point","coordinates":[-52.2075931228606,-10.347963559054751]},"properties":{"Fazenda":"FE","Campo":"FE 04","produtividade":188.69079999999997,"unidade_produtividade":"sc/ha","pontos_originais":25,"ano":"2026","cultura":"Milho"}},{"type":"Feature","geometry":{"type":"Point","coordinates":[-52.20736481521546,-10.347964414935063]},"properties":{"Fazenda":"FE","Campo":"FE 04","produtividade":189.41279999999998,"unidade_produtividade":"sc/ha","pontos_originais":25,"ano":"2026","cultura":"Milho"}},{"type":"Feature","geometry":{"type":"Point","coordinates":[-52.20713650755039,-10.347965270653642]},"properties":{"Fazenda":"FE","Campo":"FE 04","produtividade":187.36239999999998,"unidade_produtividade":"sc/ha","pontos_originais":25,"ano":"2026","cultura":"Milho"}},{"type":"Feature","geometry":{"type":"Point","coordinates":[-52.20827804567655,-10.347960990443402]},"properties":{"Fazenda":"FE","Campo":"FE 04","produtividade":188.47119999999998,"unidade_produtividade":"sc/ha","pontos_originais":25,"ano":"2026","cultura":"Milho"}},{"type":"Feature","geometry":{"type":"Point","coordinates":[-52.20804973809117,-10.347961846808921]},"properties":{"Fazenda":"FE","Campo":"FE 04","produtividade":187.7332,"unidade_produtividade":"sc/ha","pontos_originais":25,"ano":"2026","cultura":"Milho"}},{"type":"Feature","geometry":{"type":"Point","coordinates":[-52.207821430485836,-10.347962703012701]},"properties":{"Fazenda":"FE","Campo":"FE 04","produtividade":187.98919999999998,"unidade_produtividade":"sc/ha","pontos_originais":25,"ano":"2026","cultura":"Milho"}},{"type":"Feature","geometry":{"type":"Point","coordinates":[-52.21284419319445,-10.347943829168939]},"properties":{"Fazenda":"FE","Campo":"FE 04","produtividade":185.71559999999997,"unidade_produtividade":"sc/ha","pontos_originais":25,"ano":"2026","cultura":"Milho"}},{"type":"Feature","geometry":{"type":"Point","coordinates":[-52.21261588600832,-10.347944688769132]},"properties":{"Fazenda":"FE","Campo":"FE 04","produtividade":188.18079999999998,"unidade_produtividade":"sc/ha","pontos_originais":25,"ano":"2026","cultura":"Milho"}},{"type":"Feature","geometry":{"type":"Point","coordinates":[-52.212387578802215,-10.34794554820759]},"properties":{"Fazenda":"FE","Campo":"FE 04","produtividade":190.6332,"unidade_produtividade":"sc/ha","pontos_originais":25,"ano":"2026","cultura":"Milho"}},{"type":"Feature","geometry":{"type":"Point","coordinates":[-52.21215927157611,-10.347946407484317]},"properties":{"Fazenda":"FE","Campo":"FE 04","produtividade":190.86519999999996,"unidade_produtividade":"sc/ha","pontos_originais":25,"ano":"2026","cultura":"Milho"}},{"type":"Feature","geometry":{"type":"Point","coordinates":[-52.21352911463275,-10.34794124939797]},"properties":{"Fazenda":"FE","Campo":"FE 04","produtividade":184.77039999999997,"unidade_produtividade":"sc/ha","pontos_originais":25,"ano":"2026","cultura":"Milho"}},{"type":"Feature","geometry":{"type":"Point","coordinates":[-52.213300807506656,-10.347942109483359]},"properties":{"Fazenda":"FE","Campo":"FE 04","produtividade":184.66600000000003,"unidade_produtividade":"sc/ha","pontos_originais":25,"ano":"2026","cultura":"Milho"}},{"type":"Feature","geometry":{"type":"Point","coordinates":[-52.21307250036054,-10.347942969407015]},"properties":{"Fazenda":"FE","Campo":"FE 04","produtividade":184.69079999999997,"unidade_produtividade":"sc/ha","pontos_originais":25,"ano":"2026","cultura":"Milho"}},{"type":"Feature","geometry":{"type":"Point","coordinates":[-52.2112460424718,-10.347949842973883]},"properties":{"Fazenda":"FE","Campo":"FE 04","produtividade":186.9344,"unidade_produtividade":"sc/ha","pontos_originais":25,"ano":"2026","cultura":"Milho"}},{"type":"Feature","geometry":{"type":"Point","coordinates":[-52.21147434977784,-10.347948984344091]},"properties":{"Fazenda":"FE","Campo":"FE 04","produtividade":187.3208,"unidade_produtividade":"sc/ha","pontos_originais":25,"ano":"2026","cultura":"Milho"}},{"type":"Feature","geometry":{"type":"Point","coordinates":[-52.21101773514578,-10.347950701441944]},"properties":{"Fazenda":"FE","Campo":"FE 04","produtividade":185.7272,"unidade_produtividade":"sc/ha","pontos_originais":25,"ano":"2026","cultura":"Milho"}},{"type":"Feature","geometry":{"type":"Point","coordinates":[-52.210789427799746,-10.34795155974827]},"properties":{"Fazenda":"FE","Campo":"FE 04","produtividade":185.946,"unidade_produtividade":"sc/ha","pontos_originais":25,"ano":"2026","cultura":"Milho"}},{"type":"Feature","geometry":{"type":"Point","coordinates":[-52.211930964330016,-10.347947266599308]},"properties":{"Fazenda":"FE","Campo":"FE 04","produtividade":188.19559999999998,"unidade_produtividade":"sc/ha","pontos_originais":25,"ano":"2026","cultura":"Milho"}},{"type":"Feature","geometry":{"type":"Point","coordinates":[-52.21170265706392,-10.347948125552564]},"properties":{"Fazenda":"FE","Campo":"FE 04","produtividade":187.00840000000005,"unidade_produtividade":"sc/ha","pontos_originais":25,"ano":"2026","cultura":"Milho"}},{"type":"Feature","geometry":{"type":"Point","coordinates":[-52.21581218479222,-10.347932639648768]},"properties":{"Fazenda":"FE","Campo":"FE 04","produtividade":166.71760000000003,"unidade_produtividade":"sc/ha","pontos_originais":25,"ano":"2026","cultura":"Milho"}},{"type":"Feature","geometry":{"type":"Point","coordinates":[-52.21558387786647,-10.347933501351484]},"properties":{"Fazenda":"FE","Campo":"FE 04","produtividade":177.38999999999996,"unidade_produtividade":"sc/ha","pontos_originais":25,"ano":"2026","cultura":"Milho"}},{"type":"Feature","geometry":{"type":"Point","coordinates":[-52.21535557092062,-10.347934362892467]},"properties":{"Fazenda":"FE","Campo":"FE 04","produtividade":182.28680000000003,"unidade_produtividade":"sc/ha","pontos_originais":25,"ano":"2026","cultura":"Milho"}},{"type":"Feature","geometry":{"type":"Point","coordinates":[-52.21512726395476,-10.34793522427172]},"properties":{"Fazenda":"FE","Campo":"FE 04","produtividade":181.59080000000003,"unidade_produtividade":"sc/ha","pontos_originais":25,"ano":"2026","cultura":"Milho"}},{"type":"Feature","geometry":{"type":"Point","coordinates":[-52.203734720984926,-10.347978001704561]},"properties":{"Fazenda":"FE","Campo":"FE 04","produtividade":149.41750000000002,"unidade_produtividade":"sc/ha","pontos_originais":20,"ano":"2026","cultura":"Milho"}},{"type":"Feature","geometry":{"type":"Point","coordinates":[-52.216021339164065,-10.347950886859199]},"properties":{"Fazenda":"FE","Campo":"FE 04","produtividade":150.94894736842102,"unidade_produtividade":"sc/ha","pontos_originais":19,"ano":"2026","cultura":"Milho"}},{"type":"Feature","geometry":{"type":"Point","coordinates":[-52.21619298650176,-10.34800655589251]},"properties":{"Fazenda":"FE","Campo":"FE 04","produtividade":141.31333333333336,"unidade_produtividade":"sc/ha","pontos_originais":3,"ano":"2026","cultura":"Milho"}},{"type":"Feature","geometry":{"type":"Point","coordinates":[-52.21421403589092,-10.347938668171398]},"properties":{"Fazenda":"FE","Campo":"FE 04","produtividade":187.484,"unidade_produtividade":"sc/ha","pontos_originais":25,"ano":"2026","cultura":"Milho"}},{"type":"Feature","geometry":{"type":"Point","coordinates":[-52.21444234293692,-10.347937807439079]},"properties":{"Fazenda":"FE","Campo":"FE 04","produtividade":187.37040000000002,"unidade_produtividade":"sc/ha","pontos_originais":25,"ano":"2026","cultura":"Milho"}},{"type":"Feature","geometry":{"type":"Point","coordinates":[-52.21398572882488,-10.34793952874199]},"properties":{"Fazenda":"FE","Campo":"FE 04","produtividade":188.16159999999996,"unidade_produtividade":"sc/ha","pontos_originais":25,"ano":"2026","cultura":"Milho"}},{"type":"Feature","geometry":{"type":"Point","coordinates":[-52.213757421738826,-10.347940389150844]},"properties":{"Fazenda":"FE","Campo":"FE 04","produtividade":186.90120000000002,"unidade_produtividade":"sc/ha","pontos_originais":25,"ano":"2026","cultura":"Milho"}},{"type":"Feature","geometry":{"type":"Point","coordinates":[-52.214898956968845,-10.347936085489236]},"properties":{"Fazenda":"FE","Campo":"FE 04","produtividade":182.8648,"unidade_produtividade":"sc/ha","pontos_originais":25,"ano":"2026","cultura":"Milho"}},{"type":"Feature","geometry":{"type":"Point","coordinates":[-52.21467064996291,-10.347936946545024]},"properties":{"Fazenda":"FE","Campo":"FE 04","produtividade":185.74720000000002,"unidade_produtividade":"sc/ha","pontos_originais":25,"ano":"2026","cultura":"Milho"}},{"type":"Feature","geometry":{"type":"Point","coordinates":[-52.21056112043379,-10.347952417892857]},"properties":{"Fazenda":"FE","Campo":"FE 04","produtividade":187.02999999999997,"unidade_produtividade":"sc/ha","pontos_originais":25,"ano":"2026","cultura":"Milho"}},{"type":"Feature","geometry":{"type":"Point","coordinates":[-52.210332813047856,-10.347953275875714]},"properties":{"Fazenda":"FE","Campo":"FE 04","produtividade":187.0948,"unidade_produtividade":"sc/ha","pontos_originais":25,"ano":"2026","cultura":"Milho"}},{"type":"Feature","geometry":{"type":"Point","coordinates":[-52.21010450564193,-10.347954133696842]},"properties":{"Fazenda":"FE","Campo":"FE 04","produtividade":186.6636,"unidade_produtividade":"sc/ha","pontos_originais":25,"ano":"2026","cultura":"Milho"}},{"type":"Feature","geometry":{"type":"Point","coordinates":[-52.21467151951187,-10.348163004977751]},"properties":{"Fazenda":"FE","Campo":"FE 04","produtividade":184.13320000000004,"unidade_produtividade":"sc/ha","pontos_originais":25,"ano":"2026","cultura":"Milho"}},{"type":"Feature","geometry":{"type":"Point","coordinates":[-52.21444321232255,-10.348163865891008]},"properties":{"Fazenda":"FE","Campo":"FE 04","produtividade":185.43600000000004,"unidade_produtividade":"sc/ha","pontos_originais":25,"ano":"2026","cultura":"Milho"}},{"type":"Feature","geometry":{"type":"Point","coordinates":[-52.214214905113195,-10.348164726642533]},"properties":{"Fazenda":"FE","Campo":"FE 04","produtividade":185.89680000000004,"unidade_produtividade":"sc/ha","pontos_originais":25,"ano":"2026","cultura":"Milho"}},{"type":"Feature","geometry":{"type":"Point","coordinates":[-52.21398659788383,-10.34816558723232]},"properties":{"Fazenda":"FE","Campo":"FE 04","produtividade":186.55839999999998,"unidade_produtividade":"sc/ha","pontos_originais":25,"ano":"2026","cultura":"Milho"}},{"type":"Feature","geometry":{"type":"Point","coordinates":[-52.215356440959624,-10.348160421267552]},"properties":{"Fazenda":"FE","Campo":"FE 04","produtividade":180.8348,"unidade_produtividade":"sc/ha","pontos_originais":25,"ano":"2026","cultura":"Milho"}},{"type":"Feature","geometry":{"type":"Point","coordinates":[-52.215584748068785,-10.348159559707348]},"properties":{"Fazenda":"FE","Campo":"FE 04","produtividade":181.642,"unidade_produtividade":"sc/ha","pontos_originais":25,"ano":"2026","cultura":"Milho"}},{"type":"Feature","geometry":{"type":"Point","coordinates":[-52.215128133830405,-10.348161282666021]},"properties":{"Fazenda":"FE","Campo":"FE 04","produtividade":181.04879999999997,"unidade_produtividade":"sc/ha","pontos_originais":25,"ano":"2026","cultura":"Milho"}},{"type":"Feature","geometry":{"type":"Point","coordinates":[-52.21489982668117,-10.348162143902753]},"properties":{"Fazenda":"FE","Campo":"FE 04","produtividade":181.5616,"unidade_produtividade":"sc/ha","pontos_originais":25,"ano":"2026","cultura":"Milho"}},{"type":"Feature","geometry":{"type":"Point","coordinates":[-52.21330167607558,-10.348168168031266]},"properties":{"Fazenda":"FE","Campo":"FE 04","produtividade":183.80160000000004,"unidade_produtividade":"sc/ha","pontos_originais":25,"ano":"2026","cultura":"Milho"}},{"type":"Feature","geometry":{"type":"Point","coordinates":[-52.21307336876614,-10.348169027974109]},"properties":{"Fazenda":"FE","Campo":"FE 04","produtividade":184.46759999999998,"unidade_produtividade":"sc/ha","pontos_originais":25,"ano":"2026","cultura":"Milho"}},{"type":"Feature","geometry":{"type":"Point","coordinates":[-52.212845061436695,-10.348169887755214]},"properties":{"Fazenda":"FE","Campo":"FE 04","produtividade":184.68880000000001,"unidade_produtividade":"sc/ha","pontos_originais":25,"ano":"2026","cultura":"Milho"}},{"type":"Feature","geometry":{"type":"Point","coordinates":[-52.21261675408723,-10.348170747374583]},"properties":{"Fazenda":"FE","Campo":"FE 04","produtividade":186.74240000000006,"unidade_produtividade":"sc/ha","pontos_originais":25,"ano":"2026","cultura":"Milho"}},{"type":"Feature","geometry":{"type":"Point","coordinates":[-52.21375829063442,-10.348166447660374]},"properties":{"Fazenda":"FE","Campo":"FE 04","produtividade":185.39520000000005,"unidade_produtividade":"sc/ha","pontos_originais":25,"ano":"2026","cultura":"Milho"}},{"type":"Feature","geometry":{"type":"Point","coordinates":[-52.213529983365014,-10.348167307926692]},"properties":{"Fazenda":"FE","Campo":"FE 04","produtividade":183.46880000000004,"unidade_produtividade":"sc/ha","pontos_originais":25,"ano":"2026","cultura":"Milho"}},{"type":"Feature","geometry":{"type":"Point","coordinates":[-52.21604136222697,-10.348157836101734]},"properties":{"Fazenda":"FE","Campo":"FE 04","produtividade":159.3612,"unidade_produtividade":"sc/ha","pontos_originais":25,"ano":"2026","cultura":"Milho"}},{"type":"Feature","geometry":{"type":"Point","coordinates":[-52.21625933126304,-10.348167288621166]},"properties":{"Fazenda":"FE","Campo":"FE 04","produtividade":144.57636363636365,"unidade_produtividade":"sc/ha","pontos_originais":22,"ano":"2026","cultura":"Milho"}},{"type":"Feature","geometry":{"type":"Point","coordinates":[-52.21581305515789,-10.34815869798541]},"properties":{"Fazenda":"FE","Campo":"FE 04","produtividade":175.8312,"unidade_produtividade":"sc/ha","pontos_originais":25,"ano":"2026","cultura":"Milho"}},{"type":"Feature","geometry":{"type":"Point","coordinates":[-52.20873552608963,-10.348185336158078]},"properties":{"Fazenda":"FE","Campo":"FE 04","produtividade":187.6996,"unidade_produtividade":"sc/ha","pontos_originais":25,"ano":"2026","cultura":"Milho"}},{"type":"Feature","geometry":{"type":"Point","coordinates":[-52.20896383377856,-10.348184479288243]},"properties":{"Fazenda":"FE","Campo":"FE 04","produtividade":188.62120000000002,"unidade_produtividade":"sc/ha","pontos_originais":25,"ano":"2026","cultura":"Milho"}},{"type":"Feature","geometry":{"type":"Point","coordinates":[-52.20850721838077,-10.348186192866176]},"properties":{"Fazenda":"FE","Campo":"FE 04","produtividade":189.5688,"unidade_produtividade":"sc/ha","pontos_originais":25,"ano":"2026","cultura":"Milho"}},{"type":"Feature","geometry":{"type":"Point","coordinates":[-52.208278910651956,-10.348187049412534]},"properties":{"Fazenda":"FE","Campo":"FE 04","produtividade":191.47280000000003,"unidade_produtividade":"sc/ha","pontos_originais":25,"ano":"2026","cultura":"Milho"}},{"type":"Feature","geometry":{"type":"Point","coordinates":[-52.20964875672573,-10.34818190770831]},"properties":{"Fazenda":"FE","Campo":"FE 04","produtividade":188.84439999999998,"unidade_produtividade":"sc/ha","pontos_originais":25,"ano":"2026","cultura":"Milho"}},{"type":"Feature","geometry":{"type":"Point","coordinates":[-52.20942044909661,-10.348182765063356]},"properties":{"Fazenda":"FE","Campo":"FE 04","produtividade":191.672,"unidade_produtividade":"sc/ha","pontos_originais":25,"ano":"2026","cultura":"Milho"}},{"type":"Feature","geometry":{"type":"Point","coordinates":[-52.209192141447566,-10.34818362225667]},"properties":{"Fazenda":"FE","Campo":"FE 04","produtividade":190.6232,"unidade_produtividade":"sc/ha","pontos_originais":25,"ano":"2026","cultura":"Milho"}},{"type":"Feature","geometry":{"type":"Point","coordinates":[-52.20736567953749,-10.348190473980596]},"properties":{"Fazenda":"FE","Campo":"FE 04","produtividade":187.79080000000002,"unidade_produtividade":"sc/ha","pontos_originais":25,"ano":"2026","cultura":"Milho"}},{"type":"Feature","geometry":{"type":"Point","coordinates":[-52.20713737170908,-10.348191329718263]},"properties":{"Fazenda":"FE","Campo":"FE 04","produtividade":184.23359999999997,"unidade_produtividade":"sc/ha","pontos_originais":25,"ano":"2026","cultura":"Milho"}},{"type":"Feature","geometry":{"type":"Point","coordinates":[-52.20690906386076,-10.348192185294192]},"properties":{"Fazenda":"FE","Campo":"FE 04","produtividade":182.37080000000003,"unidade_produtividade":"sc/ha","pontos_originais":25,"ano":"2026","cultura":"Milho"}},{"type":"Feature","geometry":{"type":"Point","coordinates":[-52.20668075599253,-10.348193040708386]},"properties":{"Fazenda":"FE","Campo":"FE 04","produtividade":182.35879999999997,"unidade_produtividade":"sc/ha","pontos_originais":25,"ano":"2026","cultura":"Milho"}},{"type":"Feature","geometry":{"type":"Point","coordinates":[-52.20805060290322,-10.348187905797156]},"properties":{"Fazenda":"FE","Campo":"FE 04","produtividade":190.95879999999997,"unidade_produtividade":"sc/ha","pontos_originais":25,"ano":"2026","cultura":"Milho"}},{"type":"Feature","geometry":{"type":"Point","coordinates":[-52.207822295134555,-10.348188762020039]},"properties":{"Fazenda":"FE","Campo":"FE 04","produtividade":189.53799999999995,"unidade_produtividade":"sc/ha","pontos_originais":25,"ano":"2026","cultura":"Milho"}},{"type":"Feature","geometry":{"type":"Point","coordinates":[-52.20759398734599,-10.348189618081188]},"properties":{"Fazenda":"FE","Campo":"FE 04","produtividade":188.8244,"unidade_produtividade":"sc/ha","pontos_originais":25,"ano":"2026","cultura":"Milho"}},{"type":"Feature","geometry":{"type":"Point","coordinates":[-52.21170352448946,-10.348174184234688]},"properties":{"Fazenda":"FE","Campo":"FE 04","produtividade":189.82840000000004,"unidade_produtividade":"sc/ha","pontos_originais":25,"ano":"2026","cultura":"Milho"}},{"type":"Feature","geometry":{"type":"Point","coordinates":[-52.21193183191889,-10.34817332526227]},"properties":{"Fazenda":"FE","Campo":"FE 04","produtividade":189.37519999999998,"unidade_produtividade":"sc/ha","pontos_originais":25,"ano":"2026","cultura":"Milho"}},{"type":"Feature","geometry":{"type":"Point","coordinates":[-52.211475217040025,-10.348175043045373]},"properties":{"Fazenda":"FE","Campo":"FE 04","produtividade":189.8924,"unidade_produtividade":"sc/ha","pontos_originais":25,"ano":"2026","cultura":"Milho"}},{"type":"Feature","geometry":{"type":"Point","coordinates":[-52.21124690957065,-10.348175901694322]},"properties":{"Fazenda":"FE","Campo":"FE 04","produtividade":188.4836,"unidade_produtividade":"sc/ha","pontos_originais":25,"ano":"2026","cultura":"Milho"}},{"type":"Feature","geometry":{"type":"Point","coordinates":[-52.212388446717775,-10.348171606832214]},"properties":{"Fazenda":"FE","Campo":"FE 04","produtividade":188.7152,"unidade_produtividade":"sc/ha","pontos_originais":25,"ano":"2026","cultura":"Milho"}},{"type":"Feature","geometry":{"type":"Point","coordinates":[-52.212160139328326,-10.34817246612811]},"properties":{"Fazenda":"FE","Campo":"FE 04","produtividade":189.13519999999997,"unidade_produtividade":"sc/ha","pontos_originais":25,"ano":"2026","cultura":"Milho"}},{"type":"Feature","geometry":{"type":"Point","coordinates":[-52.21033367949333,-10.34817933467274]},"properties":{"Fazenda":"FE","Campo":"FE 04","produtividade":192.7556,"unidade_produtividade":"sc/ha","pontos_originais":25,"ano":"2026","cultura":"Milho"}},{"type":"Feature","geometry":{"type":"Point","coordinates":[-52.21010537192407,-10.348180192513002]},"properties":{"Fazenda":"FE","Campo":"FE 04","produtividade":190.44,"unidade_produtividade":"sc/ha","pontos_originais":25,"ano":"2026","cultura":"Milho"}},{"type":"Feature","geometry":{"type":"Point","coordinates":[-52.20987706433489,-10.348181050191522]},"properties":{"Fazenda":"FE","Campo":"FE 04","produtividade":188.48399999999998,"unidade_produtividade":"sc/ha","pontos_originais":25,"ano":"2026","cultura":"Milho"}},{"type":"Feature","geometry":{"type":"Point","coordinates":[-52.211018602081275,-10.348176760181534]},"properties":{"Fazenda":"FE","Campo":"FE 04","produtividade":188.12599999999995,"unidade_produtividade":"sc/ha","pontos_originais":25,"ano":"2026","cultura":"Milho"}},{"type":"Feature","geometry":{"type":"Point","coordinates":[-52.210790294571915,-10.348177618507007]},"properties":{"Fazenda":"FE","Campo":"FE 04","produtividade":189.51280000000003,"unidade_produtividade":"sc/ha","pontos_originais":25,"ano":"2026","cultura":"Milho"}},{"type":"Feature","geometry":{"type":"Point","coordinates":[-52.2105619870426,-10.348178476670741]},"properties":{"Fazenda":"FE","Campo":"FE 04","produtividade":192.60879999999997,"unidade_produtividade":"sc/ha","pontos_originais":25,"ano":"2026","cultura":"Milho"}},{"type":"Feature","geometry":{"type":"Point","coordinates":[-52.20371275189595,-10.34820414637466]},"properties":{"Fazenda":"FE","Campo":"FE 04","produtividade":157.06240000000003,"unidade_produtividade":"sc/ha","pontos_originais":25,"ano":"2026","cultura":"Milho"}},{"type":"Feature","geometry":{"type":"Point","coordinates":[-52.20599583226847,-10.348195605980534]},"properties":{"Fazenda":"FE","Campo":"FE 04","produtividade":189.67120000000003,"unidade_produtividade":"sc/ha","pontos_originais":25,"ano":"2026","cultura":"Milho"}},{"type":"Feature","geometry":{"type":"Point","coordinates":[-52.20576752432067,-10.34819646074777]},"properties":{"Fazenda":"FE","Campo":"FE 04","produtividade":187.1636,"unidade_produtividade":"sc/ha","pontos_originais":25,"ano":"2026","cultura":"Milho"}},{"type":"Feature","geometry":{"type":"Point","coordinates":[-52.20553921635298,-10.34819731535327]},"properties":{"Fazenda":"FE","Campo":"FE 04","produtividade":182.7052,"unidade_produtividade":"sc/ha","pontos_originais":25,"ano":"2026","cultura":"Milho"}},{"type":"Feature","geometry":{"type":"Point","coordinates":[-52.20531090836539,-10.348198169797032]},"properties":{"Fazenda":"FE","Campo":"FE 04","produtividade":184.6512,"unidade_produtividade":"sc/ha","pontos_originais":25,"ano":"2026","cultura":"Milho"}},{"type":"Feature","geometry":{"type":"Point","coordinates":[-52.20645244810442,-10.34819389596084]},"properties":{"Fazenda":"FE","Campo":"FE 04","produtividade":186.9736,"unidade_produtividade":"sc/ha","pontos_originais":25,"ano":"2026","cultura":"Milho"}},{"type":"Feature","geometry":{"type":"Point","coordinates":[-52.20622414019639,-10.348194751051556]},"properties":{"Fazenda":"FE","Campo":"FE 04","produtividade":190.51760000000002,"unidade_produtividade":"sc/ha","pontos_originais":25,"ano":"2026","cultura":"Milho"}},{"type":"Feature","geometry":{"type":"Point","coordinates":[-52.204397676216324,-10.34820158595468]},"properties":{"Fazenda":"FE","Campo":"FE 04","produtividade":174.35640000000004,"unidade_produtividade":"sc/ha","pontos_originais":25,"ano":"2026","cultura":"Milho"}},{"type":"Feature","geometry":{"type":"Point","coordinates":[-52.20462598428341,-10.34820073215788]},"properties":{"Fazenda":"FE","Campo":"FE 04","produtividade":183.20159999999993,"unidade_produtividade":"sc/ha","pontos_originais":25,"ano":"2026","cultura":"Milho"}},{"type":"Feature","geometry":{"type":"Point","coordinates":[-52.20416936812938,-10.348202439589748]},"properties":{"Fazenda":"FE","Campo":"FE 04","produtividade":161.5764,"unidade_produtividade":"sc/ha","pontos_originais":25,"ano":"2026","cultura":"Milho"}},{"type":"Feature","geometry":{"type":"Point","coordinates":[-52.20394106002258,-10.348203293063074]},"properties":{"Fazenda":"FE","Campo":"FE 04","produtividade":155.34879999999998,"unidade_produtividade":"sc/ha","pontos_originais":25,"ano":"2026","cultura":"Milho"}},{"type":"Feature","geometry":{"type":"Point","coordinates":[-52.20508260035795,-10.348199024079051]},"properties":{"Fazenda":"FE","Campo":"FE 04","produtividade":187.1056,"unidade_produtividade":"sc/ha","pontos_originais":25,"ano":"2026","cultura":"Milho"}},{"type":"Feature","geometry":{"type":"Point","coordinates":[-52.2048542923306,-10.348199878199337]},"properties":{"Fazenda":"FE","Campo":"FE 04","produtividade":186.88479999999996,"unidade_produtividade":"sc/ha","pontos_originais":25,"ano":"2026","cultura":"Milho"}},{"type":"Feature","geometry":{"type":"Point","coordinates":[-52.21558300768416,-10.34770744299238]},"properties":{"Fazenda":"FE","Campo":"FE 04","produtividade":166.02,"unidade_produtividade":"sc/ha","pontos_originais":25,"ano":"2026","cultura":"Milho"}},{"type":"Feature","geometry":{"type":"Point","coordinates":[-52.2157886034453,-10.347737750506544]},"properties":{"Fazenda":"FE","Campo":"FE 04","produtividade":156.59124999999997,"unidade_produtividade":"sc/ha","pontos_originais":16,"ano":"2026","cultura":"Milho"}},{"type":"Feature","geometry":{"type":"Point","coordinates":[-52.21535470090168,-10.347708304514144]},"properties":{"Fazenda":"FE","Campo":"FE 04","produtividade":174.17840000000004,"unidade_produtividade":"sc/ha","pontos_originais":25,"ano":"2026","cultura":"Milho"}},{"type":"Feature","geometry":{"type":"Point","coordinates":[-52.21512639409915,-10.347709165874178]},"properties":{"Fazenda":"FE","Campo":"FE 04","produtividade":180.55719999999997,"unidade_produtividade":"sc/ha","pontos_originais":25,"ano":"2026","cultura":"Milho"}},{"type":"Feature","geometry":{"type":"Point","coordinates":[-52.2041676440788,-10.347750320961568]},"properties":{"Fazenda":"FE","Campo":"FE 04","produtividade":156.88040000000004,"unidade_produtividade":"sc/ha","pontos_originais":25,"ano":"2026","cultura":"Milho"}},{"type":"Feature","geometry":{"type":"Point","coordinates":[-52.20393933629869,-10.347751174396818]},"properties":{"Fazenda":"FE","Campo":"FE 04","produtividade":154.69160000000002,"unidade_produtividade":"sc/ha","pontos_originais":25,"ano":"2026","cultura":"Milho"}},{"type":"Feature","geometry":{"type":"Point","coordinates":[-52.20375997622026,-10.347758303682761]},"properties":{"Fazenda":"FE","Campo":"FE 04","produtividade":155.74642857142857,"unidade_produtividade":"sc/ha","pontos_originais":14,"ano":"2026","cultura":"Milho"}},{"type":"Feature","geometry":{"type":"Point","coordinates":[-52.21594864666949,-10.34779648755949]},"properties":{"Fazenda":"FE","Campo":"FE 04","produtividade":149.54,"unidade_produtividade":"sc/ha","pontos_originais":1,"ano":"2026","cultura":"Milho"}},{"type":"Feature","geometry":{"type":"Point","coordinates":[-52.214213166688644,-10.34771260969703]},"properties":{"Fazenda":"FE","Campo":"FE 04","produtividade":190.9284,"unidade_produtividade":"sc/ha","pontos_originais":25,"ano":"2026","cultura":"Milho"}},{"type":"Feature","geometry":{"type":"Point","coordinates":[-52.21398485978594,-10.347713470248419]},"properties":{"Fazenda":"FE","Campo":"FE 04","produtividade":190.43960000000004,"unidade_produtividade":"sc/ha","pontos_originais":25,"ano":"2026","cultura":"Milho"}},{"type":"Feature","geometry":{"type":"Point","coordinates":[-52.213756552863245,-10.34771433063808]},"properties":{"Fazenda":"FE","Campo":"FE 04","produtividade":188.65320000000003,"unidade_produtividade":"sc/ha","pontos_originais":25,"ano":"2026","cultura":"Milho"}},{"type":"Feature","geometry":{"type":"Point","coordinates":[-52.21352824592048,-10.34771519086601]},"properties":{"Fazenda":"FE","Campo":"FE 04","produtividade":187.43040000000005,"unidade_produtividade":"sc/ha","pontos_originais":25,"ano":"2026","cultura":"Milho"}},{"type":"Feature","geometry":{"type":"Point","coordinates":[-52.21489808727658,-10.347710027072486]},"properties":{"Fazenda":"FE","Campo":"FE 04","produtividade":183.104,"unidade_produtividade":"sc/ha","pontos_originais":25,"ano":"2026","cultura":"Milho"}},{"type":"Feature","geometry":{"type":"Point","coordinates":[-52.21466978043397,-10.347710888109061]},"properties":{"Fazenda":"FE","Campo":"FE 04","produtividade":185.59199999999998,"unidade_produtividade":"sc/ha","pontos_originais":25,"ano":"2026","cultura":"Milho"}},{"type":"Feature","geometry":{"type":"Point","coordinates":[-52.21444147357133,-10.347711748983912]},"properties":{"Fazenda":"FE","Campo":"FE 04","produtividade":189.78720000000004,"unidade_produtividade":"sc/ha","pontos_originais":25,"ano":"2026","cultura":"Milho"}},{"type":"Feature","geometry":{"type":"Point","coordinates":[-52.20622241320565,-10.34774263276642]},"properties":{"Fazenda":"FE","Campo":"FE 04","produtividade":187.96439999999996,"unidade_produtividade":"sc/ha","pontos_originais":25,"ano":"2026","cultura":"Milho"}},{"type":"Feature","geometry":{"type":"Point","coordinates":[-52.20645072078699,-10.347741777713859]},"properties":{"Fazenda":"FE","Campo":"FE 04","produtividade":188.6416,"unidade_produtividade":"sc/ha","pontos_originais":25,"ano":"2026","cultura":"Milho"}},{"type":"Feature","geometry":{"type":"Point","coordinates":[-52.205994105604404,-10.347743487657251]},"properties":{"Fazenda":"FE","Campo":"FE 04","produtividade":188.0736,"unidade_produtividade":"sc/ha","pontos_originais":25,"ano":"2026","cultura":"Milho"}},{"type":"Feature","geometry":{"type":"Point","coordinates":[-52.20576579798328,-10.347744342386354]},"properties":{"Fazenda":"FE","Campo":"FE 04","produtividade":186.39520000000002,"unidade_produtividade":"sc/ha","pontos_originais":25,"ano":"2026","cultura":"Milho"}},{"type":"Feature","geometry":{"type":"Point","coordinates":[-52.20690733588998,-10.347740067123539]},"properties":{"Fazenda":"FE","Campo":"FE 04","produtividade":187.2668,"unidade_produtividade":"sc/ha","pontos_originais":25,"ano":"2026","cultura":"Milho"}},{"type":"Feature","geometry":{"type":"Point","coordinates":[-52.207135643411604,-10.347739211585782]},"properties":{"Fazenda":"FE","Campo":"FE 04","produtividade":188.9664,"unidade_produtividade":"sc/ha","pontos_originais":25,"ano":"2026","cultura":"Milho"}},{"type":"Feature","geometry":{"type":"Point","coordinates":[-52.20667902834841,-10.347740922499565]},"properties":{"Fazenda":"FE","Campo":"FE 04","produtividade":187.79360000000005,"unidade_produtividade":"sc/ha","pontos_originais":25,"ano":"2026","cultura":"Milho"}},{"type":"Feature","geometry":{"type":"Point","coordinates":[-52.20485256729996,-10.34774775968544]},"properties":{"Fazenda":"FE","Campo":"FE 04","produtividade":183.95919999999998,"unidade_produtividade":"sc/ha","pontos_originais":25,"ano":"2026","cultura":"Milho"}},{"type":"Feature","geometry":{"type":"Point","coordinates":[-52.20462425957945,-10.347748613605882]},"properties":{"Fazenda":"FE","Campo":"FE 04","produtividade":176.12599999999998,"unidade_produtividade":"sc/ha","pontos_originais":25,"ano":"2026","cultura":"Milho"}},{"type":"Feature","geometry":{"type":"Point","coordinates":[-52.204395951839054,-10.34774946736459]},"properties":{"Fazenda":"FE","Campo":"FE 04","produtividade":165.766,"unidade_produtividade":"sc/ha","pontos_originais":25,"ano":"2026","cultura":"Milho"}},{"type":"Feature","geometry":{"type":"Point","coordinates":[-52.20553749034227,-10.347745196953724]},"properties":{"Fazenda":"FE","Campo":"FE 04","produtividade":189.5532,"unidade_produtividade":"sc/ha","pontos_originais":25,"ano":"2026","cultura":"Milho"}},{"type":"Feature","geometry":{"type":"Point","coordinates":[-52.20530918268138,-10.347746051359357]},"properties":{"Fazenda":"FE","Campo":"FE 04","produtividade":190.59159999999997,"unidade_produtividade":"sc/ha","pontos_originais":25,"ano":"2026","cultura":"Milho"}},{"type":"Feature","geometry":{"type":"Point","coordinates":[-52.20508087500061,-10.347746905603264]},"properties":{"Fazenda":"FE","Campo":"FE 04","produtividade":189.28040000000001,"unidade_produtividade":"sc/ha","pontos_originais":25,"ano":"2026","cultura":"Milho"}},{"type":"Feature","geometry":{"type":"Point","coordinates":[-52.209875332117235,-10.347728932517693]},"properties":{"Fazenda":"FE","Campo":"FE 04","produtividade":182.0816,"unidade_produtividade":"sc/ha","pontos_originais":25,"ano":"2026","cultura":"Milho"}},{"type":"Feature","geometry":{"type":"Point","coordinates":[-52.209647024834766,-10.347729789996222]},"properties":{"Fazenda":"FE","Campo":"FE 04","produtividade":183.94680000000005,"unidade_produtividade":"sc/ha","pontos_originais":25,"ano":"2026","cultura":"Milho"}},{"type":"Feature","geometry":{"type":"Point","coordinates":[-52.20941871753232,-10.347730647313018]},"properties":{"Fazenda":"FE","Campo":"FE 04","produtividade":185.946,"unidade_produtividade":"sc/ha","pontos_originais":25,"ano":"2026","cultura":"Milho"}},{"type":"Feature","geometry":{"type":"Point","coordinates":[-52.20919041020997,-10.34773150446808]},"properties":{"Fazenda":"FE","Campo":"FE 04","produtividade":188.05800000000002,"unidade_produtividade":"sc/ha","pontos_originais":25,"ano":"2026","cultura":"Milho"}},{"type":"Feature","geometry":{"type":"Point","coordinates":[-52.21056025384492,-10.34772635911174]},"properties":{"Fazenda":"FE","Campo":"FE 04","produtividade":184.78360000000004,"unidade_produtividade":"sc/ha","pontos_originais":25,"ano":"2026","cultura":"Milho"}},{"type":"Feature","geometry":{"type":"Point","coordinates":[-52.2103319466223,-10.347727217075455]},"properties":{"Fazenda":"FE","Campo":"FE 04","produtividade":184.07319999999999,"unidade_produtividade":"sc/ha","pontos_originais":25,"ano":"2026","cultura":"Milho"}},{"type":"Feature","geometry":{"type":"Point","coordinates":[-52.21010363937976,-10.34772807487744]},"properties":{"Fazenda":"FE","Campo":"FE 04","produtividade":183.2676,"unidade_produtividade":"sc/ha","pontos_originais":25,"ano":"2026","cultura":"Milho"}},{"type":"Feature","geometry":{"type":"Point","coordinates":[-52.20827718072107,-10.347734931471035]},"properties":{"Fazenda":"FE","Campo":"FE 04","produtividade":187.84239999999997,"unidade_produtividade":"sc/ha","pontos_originais":25,"ano":"2026","cultura":"Milho"}},{"type":"Feature","geometry":{"type":"Point","coordinates":[-52.2085054881232,-10.347734074962894]},"properties":{"Fazenda":"FE","Campo":"FE 04","produtividade":186.4352,"unidade_produtividade":"sc/ha","pontos_originais":25,"ano":"2026","cultura":"Milho"}},{"type":"Feature","geometry":{"type":"Point","coordinates":[-52.20804887329901,-10.347735787817447]},"properties":{"Fazenda":"FE","Campo":"FE 04","produtividade":186.7948,"unidade_produtividade":"sc/ha","pontos_originais":25,"ano":"2026","cultura":"Milho"}},{"type":"Feature","geometry":{"type":"Point","coordinates":[-52.20782056585703,-10.347736644002127]},"properties":{"Fazenda":"FE","Campo":"FE 04","produtividade":187.48760000000001,"unidade_produtividade":"sc/ha","pontos_originais":25,"ano":"2026","cultura":"Milho"}},{"type":"Feature","geometry":{"type":"Point","coordinates":[-52.208962102867645,-10.347732361461414]},"properties":{"Fazenda":"FE","Campo":"FE 04","produtividade":186.8464,"unidade_produtividade":"sc/ha","pontos_originais":25,"ano":"2026","cultura":"Milho"}},{"type":"Feature","geometry":{"type":"Point","coordinates":[-52.208733795505374,-10.347733218293017]},"properties":{"Fazenda":"FE","Campo":"FE 04","produtividade":186.56119999999999,"unidade_produtividade":"sc/ha","pontos_originais":25,"ano":"2026","cultura":"Milho"}},{"type":"Feature","geometry":{"type":"Point","coordinates":[-52.21261501794942,-10.347718630160443]},"properties":{"Fazenda":"FE","Campo":"FE 04","produtividade":188.3664,"unidade_produtividade":"sc/ha","pontos_originais":25,"ano":"2026","cultura":"Milho"}},{"type":"Feature","geometry":{"type":"Point","coordinates":[-52.21284332497219,-10.347717770579429]},"properties":{"Fazenda":"FE","Campo":"FE 04","produtividade":186.5656,"unidade_produtividade":"sc/ha","pontos_originais":25,"ano":"2026","cultura":"Milho"}},{"type":"Feature","geometry":{"type":"Point","coordinates":[-52.21238671090666,-10.34771948957973]},"properties":{"Fazenda":"FE","Campo":"FE 04","produtividade":190.61320000000003,"unidade_produtividade":"sc/ha","pontos_originais":25,"ano":"2026","cultura":"Milho"}},{"type":"Feature","geometry":{"type":"Point","coordinates":[-52.212158403843866,-10.347720348837283]},"properties":{"Fazenda":"FE","Campo":"FE 04","produtividade":190.25639999999999,"unidade_produtividade":"sc/ha","pontos_originais":25,"ano":"2026","cultura":"Milho"}},{"type":"Feature","geometry":{"type":"Point","coordinates":[-52.213299938957725,-10.347716050932213]},"properties":{"Fazenda":"FE","Campo":"FE 04","produtividade":187.5356,"unidade_produtividade":"sc/ha","pontos_originais":25,"ano":"2026","cultura":"Milho"}},{"type":"Feature","geometry":{"type":"Point","coordinates":[-52.21307163197497,-10.347716910836684]},"properties":{"Fazenda":"FE","Campo":"FE 04","produtividade":185.99160000000003,"unidade_produtividade":"sc/ha","pontos_originais":25,"ano":"2026","cultura":"Milho"}},{"type":"Feature","geometry":{"type":"Point","coordinates":[-52.21124517539292,-10.347723784250206]},"properties":{"Fazenda":"FE","Campo":"FE 04","produtividade":184.14320000000004,"unidade_produtividade":"sc/ha","pontos_originais":25,"ano":"2026","cultura":"Milho"}},{"type":"Feature","geometry":{"type":"Point","coordinates":[-52.211016868230224,-10.347724642699113]},"properties":{"Fazenda":"FE","Campo":"FE 04","produtividade":184.74720000000002,"unidade_produtividade":"sc/ha","pontos_originais":25,"ano":"2026","cultura":"Milho"}},{"type":"Feature","geometry":{"type":"Point","coordinates":[-52.21078856104755,-10.347725500986291]},"properties":{"Fazenda":"FE","Campo":"FE 04","produtividade":184.5056,"unidade_produtividade":"sc/ha","pontos_originais":25,"ano":"2026","cultura":"Milho"}},{"type":"Feature","geometry":{"type":"Point","coordinates":[-52.21193009676111,-10.347721207933112]},"properties":{"Fazenda":"FE","Campo":"FE 04","produtividade":184.99759999999998,"unidade_produtividade":"sc/ha","pontos_originais":25,"ano":"2026","cultura":"Milho"}},{"type":"Feature","geometry":{"type":"Point","coordinates":[-52.21170178965836,-10.347722066867206]},"properties":{"Fazenda":"FE","Campo":"FE 04","produtividade":183.29719999999998,"unidade_produtividade":"sc/ha","pontos_originais":25,"ano":"2026","cultura":"Milho"}},{"type":"Feature","geometry":{"type":"Point","coordinates":[-52.21147348253563,-10.347722925639571]},"properties":{"Fazenda":"FE","Campo":"FE 04","produtividade":182.05880000000005,"unidade_produtividade":"sc/ha","pontos_originais":25,"ano":"2026","cultura":"Milho"}},{"type":"Feature","geometry":{"type":"Point","coordinates":[-52.20759225839513,-10.347737500025076]},"properties":{"Fazenda":"FE","Campo":"FE 04","produtividade":188.31080000000003,"unidade_produtividade":"sc/ha","pontos_originais":25,"ano":"2026","cultura":"Milho"}},{"type":"Feature","geometry":{"type":"Point","coordinates":[-52.20736395091333,-10.347738355886294]},"properties":{"Fazenda":"FE","Campo":"FE 04","produtividade":189.70640000000003,"unidade_produtividade":"sc/ha","pontos_originais":25,"ano":"2026","cultura":"Milho"}},{"type":"Feature","geometry":{"type":"Point","coordinates":[-52.20462339725726,-10.347522554325026]},"properties":{"Fazenda":"FE","Campo":"FE 04","produtividade":172.3692,"unidade_produtividade":"sc/ha","pontos_originais":25,"ano":"2026","cultura":"Milho"}},{"type":"Feature","geometry":{"type":"Point","coordinates":[-52.20439508968022,-10.347523408064687]},"properties":{"Fazenda":"FE","Campo":"FE 04","produtividade":164.39559999999997,"unidade_produtividade":"sc/ha","pontos_originais":25,"ano":"2026","cultura":"Milho"}},{"type":"Feature","geometry":{"type":"Point","coordinates":[-52.204166782083306,-10.347524261642622]},"properties":{"Fazenda":"FE","Campo":"FE 04","produtividade":160.49200000000002,"unidade_produtividade":"sc/ha","pontos_originais":25,"ano":"2026","cultura":"Milho"}},{"type":"Feature","geometry":{"type":"Point","coordinates":[-52.20393847446651,-10.34752511505883]},"properties":{"Fazenda":"FE","Campo":"FE 04","produtividade":158.7668,"unidade_produtividade":"sc/ha","pontos_originais":25,"ano":"2026","cultura":"Milho"}},{"type":"Feature","geometry":{"type":"Point","coordinates":[-52.205308319869204,-10.34751999213567]},"properties":{"Fazenda":"FE","Campo":"FE 04","produtividade":187.4072,"unidade_produtividade":"sc/ha","pontos_originais":25,"ano":"2026","cultura":"Milho"}},{"type":"Feature","geometry":{"type":"Point","coordinates":[-52.20508001235174,-10.347520846360517]},"properties":{"Fazenda":"FE","Campo":"FE 04","produtividade":183.86719999999997,"unidade_produtividade":"sc/ha","pontos_originais":25,"ano":"2026","cultura":"Milho"}},{"type":"Feature","geometry":{"type":"Point","coordinates":[-52.20485170481445,-10.347521700423634]},"properties":{"Fazenda":"FE","Campo":"FE 04","produtividade":178.20719999999997,"unidade_produtividade":"sc/ha","pontos_originais":25,"ano":"2026","cultura":"Milho"}},{"type":"Feature","geometry":{"type":"Point","coordinates":[-52.20378443144149,-10.347542645480672]},"properties":{"Fazenda":"FE","Campo":"FE 04","produtividade":160.1775,"unidade_produtividade":"sc/ha","pontos_originais":8,"ano":"2026","cultura":"Milho"}},{"type":"Feature","geometry":{"type":"Point","coordinates":[-52.21261414991052,-10.347492571548516]},"properties":{"Fazenda":"FE","Campo":"FE 04","produtividade":193.19479999999996,"unidade_produtividade":"sc/ha","pontos_originais":25,"ano":"2026","cultura":"Milho"}},{"type":"Feature","geometry":{"type":"Point","coordinates":[-52.21284245676995,-10.34749171198668]},"properties":{"Fazenda":"FE","Campo":"FE 04","produtividade":191.94080000000002,"unidade_produtividade":"sc/ha","pontos_originais":25,"ano":"2026","cultura":"Milho"}},{"type":"Feature","geometry":{"type":"Point","coordinates":[-52.21238584303108,-10.34749343094863]},"properties":{"Fazenda":"FE","Campo":"FE 04","produtividade":194.888,"unidade_produtividade":"sc/ha","pontos_originais":25,"ano":"2026","cultura":"Milho"}},{"type":"Feature","geometry":{"type":"Point","coordinates":[-52.212157536131635,-10.347494290187015]},"properties":{"Fazenda":"FE","Campo":"FE 04","produtividade":192.85879999999997,"unidade_produtividade":"sc/ha","pontos_originais":25,"ano":"2026","cultura":"Milho"}},{"type":"Feature","geometry":{"type":"Point","coordinates":[-52.213527377228246,-10.347489132330814]},"properties":{"Fazenda":"FE","Campo":"FE 04","produtividade":191.1484,"unidade_produtividade":"sc/ha","pontos_originais":25,"ano":"2026","cultura":"Milho"}},{"type":"Feature","geometry":{"type":"Point","coordinates":[-52.21329907042884,-10.347489992377827]},"properties":{"Fazenda":"FE","Campo":"FE 04","produtividade":191.31520000000003,"unidade_produtividade":"sc/ha","pontos_originais":25,"ano":"2026","cultura":"Milho"}},{"type":"Feature","geometry":{"type":"Point","coordinates":[-52.213070763609394,-10.34749085226312]},"properties":{"Fazenda":"FE","Campo":"FE 04","produtividade":192.1428,"unidade_produtividade":"sc/ha","pontos_originais":25,"ano":"2026","cultura":"Milho"}},{"type":"Feature","geometry":{"type":"Point","coordinates":[-52.21124430833402,-10.347497725523294]},"properties":{"Fazenda":"FE","Campo":"FE 04","produtividade":185.14639999999997,"unidade_produtividade":"sc/ha","pontos_originais":25,"ano":"2026","cultura":"Milho"}},{"type":"Feature","geometry":{"type":"Point","coordinates":[-52.21101600133465,-10.34749858395305]},"properties":{"Fazenda":"FE","Campo":"FE 04","produtividade":184.28080000000003,"unidade_produtividade":"sc/ha","pontos_originais":25,"ano":"2026","cultura":"Milho"}},{"type":"Feature","geometry":{"type":"Point","coordinates":[-52.21078769431533,-10.347499442221078]},"properties":{"Fazenda":"FE","Campo":"FE 04","produtividade":185.53800000000004,"unidade_produtividade":"sc/ha","pontos_originais":25,"ano":"2026","cultura":"Milho"}},{"type":"Feature","geometry":{"type":"Point","coordinates":[-52.21055938727603,-10.347500300327376]},"properties":{"Fazenda":"FE","Campo":"FE 04","produtividade":185.3528,"unidade_produtividade":"sc/ha","pontos_originais":25,"ano":"2026","cultura":"Milho"}},{"type":"Feature","geometry":{"type":"Point","coordinates":[-52.21192922921221,-10.347495149263676]},"properties":{"Fazenda":"FE","Campo":"FE 04","produtividade":184.78200000000004,"unidade_produtividade":"sc/ha","pontos_originais":25,"ano":"2026","cultura":"Milho"}},{"type":"Feature","geometry":{"type":"Point","coordinates":[-52.2117009222728,-10.347496008178608]},"properties":{"Fazenda":"FE","Campo":"FE 04","produtividade":181.8516,"unidade_produtividade":"sc/ha","pontos_originais":25,"ano":"2026","cultura":"Milho"}},{"type":"Feature","geometry":{"type":"Point","coordinates":[-52.2114726153134,-10.347496866931815]},"properties":{"Fazenda":"FE","Campo":"FE 04","produtividade":180.5304,"unidade_produtividade":"sc/ha","pontos_originais":25,"ano":"2026","cultura":"Milho"}},{"type":"Feature","geometry":{"type":"Point","coordinates":[-52.21535383090278,-10.347482246132584]},"properties":{"Fazenda":"FE","Campo":"FE 04","produtividade":164.32240000000002,"unidade_produtividade":"sc/ha","pontos_originais":25,"ano":"2026","cultura":"Milho"}},{"type":"Feature","geometry":{"type":"Point","coordinates":[-52.21555772468677,-10.347526689088992]},"properties":{"Fazenda":"FE","Campo":"FE 04","produtividade":158.76076923076923,"unidade_produtividade":"sc/ha","pontos_originais":13,"ano":"2026","cultura":"Milho"}},{"type":"Feature","geometry":{"type":"Point","coordinates":[-52.21512552426358,-10.3474831074734]},"properties":{"Fazenda":"FE","Campo":"FE 04","produtividade":171.93000000000004,"unidade_produtividade":"sc/ha","pontos_originais":25,"ano":"2026","cultura":"Milho"}},{"type":"Feature","geometry":{"type":"Point","coordinates":[-52.21421229750642,-10.347486551219417]},"properties":{"Fazenda":"FE","Campo":"FE 04","produtividade":188.26199999999997,"unidade_produtividade":"sc/ha","pontos_originais":25,"ano":"2026","cultura":"Milho"}},{"type":"Feature","geometry":{"type":"Point","coordinates":[-52.21398399076705,-10.347487411751608]},"properties":{"Fazenda":"FE","Campo":"FE 04","produtividade":189.40200000000002,"unidade_produtividade":"sc/ha","pontos_originais":25,"ano":"2026","cultura":"Milho"}},{"type":"Feature","geometry":{"type":"Point","coordinates":[-52.21375568400766,-10.347488272122074]},"properties":{"Fazenda":"FE","Campo":"FE 04","produtividade":190.93960000000004,"unidade_produtividade":"sc/ha","pontos_originais":25,"ano":"2026","cultura":"Milho"}},{"type":"Feature","geometry":{"type":"Point","coordinates":[-52.21489721760434,-10.347483968652494]},"properties":{"Fazenda":"FE","Campo":"FE 04","produtividade":182.8552,"unidade_produtividade":"sc/ha","pontos_originais":25,"ano":"2026","cultura":"Milho"}},{"type":"Feature","geometry":{"type":"Point","coordinates":[-52.21466891092505,-10.347484829669861]},"properties":{"Fazenda":"FE","Campo":"FE 04","produtividade":184.91799999999995,"unidade_produtividade":"sc/ha","pontos_originais":25,"ano":"2026","cultura":"Milho"}},{"type":"Feature","geometry":{"type":"Point","coordinates":[-52.214440604225736,-10.347485690525502]},"properties":{"Fazenda":"FE","Campo":"FE 04","produtividade":186.59759999999997,"unidade_produtividade":"sc/ha","pontos_originais":25,"ano":"2026","cultura":"Milho"}},{"type":"Feature","geometry":{"type":"Point","coordinates":[-52.20690647193444,-10.347514008033356]},"properties":{"Fazenda":"FE","Campo":"FE 04","produtividade":188.84480000000002,"unidade_produtividade":"sc/ha","pontos_originais":25,"ano":"2026","cultura":"Milho"}},{"type":"Feature","geometry":{"type":"Point","coordinates":[-52.20667816455622,-10.3475148633903]},"properties":{"Fazenda":"FE","Campo":"FE 04","produtividade":187.37520000000004,"unidade_produtividade":"sc/ha","pontos_originais":25,"ano":"2026","cultura":"Milho"}},{"type":"Feature","geometry":{"type":"Point","coordinates":[-52.206449857158134,-10.347515718585512]},"properties":{"Fazenda":"FE","Campo":"FE 04","produtividade":185.53,"unidade_produtividade":"sc/ha","pontos_originais":25,"ano":"2026","cultura":"Milho"}},{"type":"Feature","geometry":{"type":"Point","coordinates":[-52.20622154974012,-10.347516573619]},"properties":{"Fazenda":"FE","Campo":"FE 04","produtividade":181.88119999999992,"unidade_produtividade":"sc/ha","pontos_originais":25,"ano":"2026","cultura":"Milho"}},{"type":"Feature","geometry":{"type":"Point","coordinates":[-52.2075913939496,-10.347511440992166]},"properties":{"Fazenda":"FE","Campo":"FE 04","produtividade":185.9996,"unidade_produtividade":"sc/ha","pontos_originais":25,"ano":"2026","cultura":"Milho"}},{"type":"Feature","geometry":{"type":"Point","coordinates":[-52.20736308663113,-10.347512296834289]},"properties":{"Fazenda":"FE","Campo":"FE 04","produtividade":186.7988,"unidade_produtividade":"sc/ha","pontos_originais":25,"ano":"2026","cultura":"Milho"}},{"type":"Feature","geometry":{"type":"Point","coordinates":[-52.20713477929273,-10.347513152514686]},"properties":{"Fazenda":"FE","Campo":"FE 04","produtividade":187.59599999999998,"unidade_produtividade":"sc/ha","pontos_originais":25,"ano":"2026","cultura":"Milho"}},{"type":"Feature","geometry":{"type":"Point","coordinates":[-52.205536627366754,-10.347519137749094]},"properties":{"Fazenda":"FE","Campo":"FE 04","produtividade":186.44600000000003,"unidade_produtividade":"sc/ha","pontos_originais":25,"ano":"2026","cultura":"Milho"}},{"type":"Feature","geometry":{"type":"Point","coordinates":[-52.20599324230221,-10.34751742849076]},"properties":{"Fazenda":"FE","Campo":"FE 04","produtividade":182.1168,"unidade_produtividade":"sc/ha","pontos_originais":25,"ano":"2026","cultura":"Milho"}},{"type":"Feature","geometry":{"type":"Point","coordinates":[-52.20576493484444,-10.347518283200792]},"properties":{"Fazenda":"FE","Campo":"FE 04","produtividade":183.04359999999997,"unidade_produtividade":"sc/ha","pontos_originais":25,"ano":"2026","cultura":"Milho"}},{"type":"Feature","geometry":{"type":"Point","coordinates":[-52.20987446603834,-10.347502873675923]},"properties":{"Fazenda":"FE","Campo":"FE 04","produtividade":183.21639999999996,"unidade_produtividade":"sc/ha","pontos_originais":25,"ano":"2026","cultura":"Milho"}},{"type":"Feature","geometry":{"type":"Point","coordinates":[-52.20964615891921,-10.34750373113532]},"properties":{"Fazenda":"FE","Campo":"FE 04","produtividade":183.61599999999999,"unidade_produtividade":"sc/ha","pontos_originais":25,"ano":"2026","cultura":"Milho"}},{"type":"Feature","geometry":{"type":"Point","coordinates":[-52.2094178517801,-10.34750458843299]},"properties":{"Fazenda":"FE","Campo":"FE 04","produtividade":184.9184,"unidade_produtividade":"sc/ha","pontos_originais":25,"ano":"2026","cultura":"Milho"}},{"type":"Feature","geometry":{"type":"Point","coordinates":[-52.209189544621076,-10.34750544556893]},"properties":{"Fazenda":"FE","Campo":"FE 04","produtividade":186.83040000000005,"unidade_produtividade":"sc/ha","pontos_originais":25,"ano":"2026","cultura":"Milho"}},{"type":"Feature","geometry":{"type":"Point","coordinates":[-52.21033108021677,-10.347501158271955]},"properties":{"Fazenda":"FE","Campo":"FE 04","produtividade":186.3068,"unidade_produtividade":"sc/ha","pontos_originais":25,"ano":"2026","cultura":"Milho"}},{"type":"Feature","geometry":{"type":"Point","coordinates":[-52.210102773137535,-10.347502016054802]},"properties":{"Fazenda":"FE","Campo":"FE 04","produtividade":185.7012,"unidade_produtividade":"sc/ha","pontos_originais":25,"ano":"2026","cultura":"Milho"}},{"type":"Feature","geometry":{"type":"Point","coordinates":[-52.20827631578552,-10.347508872495425]},"properties":{"Fazenda":"FE","Campo":"FE 04","produtividade":186.116,"unidade_produtividade":"sc/ha","pontos_originais":25,"ano":"2026","cultura":"Milho"}},{"type":"Feature","geometry":{"type":"Point","coordinates":[-52.208504623024304,-10.34750801600639]},"properties":{"Fazenda":"FE","Campo":"FE 04","produtividade":187.6264,"unidade_produtividade":"sc/ha","pontos_originais":25,"ano":"2026","cultura":"Milho"}},{"type":"Feature","geometry":{"type":"Point","coordinates":[-52.20804800852681,-10.347509728822734]},"properties":{"Fazenda":"FE","Campo":"FE 04","produtividade":184.91240000000002,"unidade_produtividade":"sc/ha","pontos_originais":25,"ano":"2026","cultura":"Milho"}},{"type":"Feature","geometry":{"type":"Point","coordinates":[-52.20781970124816,-10.347510584988314]},"properties":{"Fazenda":"FE","Campo":"FE 04","produtividade":184.5212,"unidade_produtividade":"sc/ha","pontos_originais":25,"ano":"2026","cultura":"Milho"}},{"type":"Feature","geometry":{"type":"Point","coordinates":[-52.20896123744209,-10.347506302543145]},"properties":{"Fazenda":"FE","Campo":"FE 04","produtividade":186.67839999999995,"unidade_produtividade":"sc/ha","pontos_originais":25,"ano":"2026","cultura":"Milho"}},{"type":"Feature","geometry":{"type":"Point","coordinates":[-52.20873293024318,-10.347507159355633]},"properties":{"Fazenda":"FE","Campo":"FE 04","produtividade":187.6116,"unidade_produtividade":"sc/ha","pontos_originais":25,"ano":"2026","cultura":"Milho"}},{"type":"Feature","geometry":{"type":"Point","coordinates":[-52.213760028485716,-10.348618564669714]},"properties":{"Fazenda":"FE","Campo":"FE 04","produtividade":184.73279999999994,"unidade_produtividade":"sc/ha","pontos_originais":25,"ano":"2026","cultura":"Milho"}},{"type":"Feature","geometry":{"type":"Point","coordinates":[-52.213988336061796,-10.34861770420327]},"properties":{"Fazenda":"FE","Campo":"FE 04","produtividade":184.20520000000005,"unidade_produtividade":"sc/ha","pontos_originais":25,"ano":"2026","cultura":"Milho"}},{"type":"Feature","geometry":{"type":"Point","coordinates":[-52.21353172088958,-10.348619424974412]},"properties":{"Fazenda":"FE","Campo":"FE 04","produtividade":186.4888,"unidade_produtividade":"sc/ha","pontos_originais":25,"ano":"2026","cultura":"Milho"}},{"type":"Feature","geometry":{"type":"Point","coordinates":[-52.21330341327346,-10.348620285117368]},"properties":{"Fazenda":"FE","Campo":"FE 04","produtividade":187.04680000000005,"unidade_produtividade":"sc/ha","pontos_originais":25,"ano":"2026","cultura":"Milho"}},{"type":"Feature","geometry":{"type":"Point","coordinates":[-52.21467325866991,-10.348615121833486]},"properties":{"Fazenda":"FE","Campo":"FE 04","produtividade":183.896,"unidade_produtividade":"sc/ha","pontos_originais":25,"ano":"2026","cultura":"Milho"}},{"type":"Feature","geometry":{"type":"Point","coordinates":[-52.2144449511539,-10.348615982785159]},"properties":{"Fazenda":"FE","Campo":"FE 04","produtividade":186.412,"unidade_produtividade":"sc/ha","pontos_originais":25,"ano":"2026","cultura":"Milho"}},{"type":"Feature","geometry":{"type":"Point","coordinates":[-52.21421664361787,-10.348616843575089]},"properties":{"Fazenda":"FE","Campo":"FE 04","produtividade":185.0356,"unidade_produtividade":"sc/ha","pontos_originais":25,"ano":"2026","cultura":"Milho"}},{"type":"Feature","geometry":{"type":"Point","coordinates":[-52.2123901826089,-10.34862372407175]},"properties":{"Fazenda":"FE","Campo":"FE 04","produtividade":189.32160000000005,"unidade_produtividade":"sc/ha","pontos_originais":25,"ano":"2026","cultura":"Milho"}},{"type":"Feature","geometry":{"type":"Point","coordinates":[-52.21216187489273,-10.348624583405984]},"properties":{"Fazenda":"FE","Campo":"FE 04","produtividade":191.19960000000006,"unidade_produtividade":"sc/ha","pontos_originais":25,"ano":"2026","cultura":"Milho"}},{"type":"Feature","geometry":{"type":"Point","coordinates":[-52.21193356715661,-10.348625442578474]},"properties":{"Fazenda":"FE","Campo":"FE 04","produtividade":192.7252,"unidade_produtividade":"sc/ha","pontos_originais":25,"ano":"2026","cultura":"Milho"}},{"type":"Feature","geometry":{"type":"Point","coordinates":[-52.21170525940049,-10.34862630158922]},"properties":{"Fazenda":"FE","Campo":"FE 04","produtividade":194.33280000000005,"unidade_produtividade":"sc/ha","pontos_originais":25,"ano":"2026","cultura":"Milho"}},{"type":"Feature","geometry":{"type":"Point","coordinates":[-52.21307510563733,-10.34862114509858]},"properties":{"Fazenda":"FE","Campo":"FE 04","produtividade":187.75319999999996,"unidade_produtividade":"sc/ha","pontos_originais":25,"ano":"2026","cultura":"Milho"}},{"type":"Feature","geometry":{"type":"Point","coordinates":[-52.212846797981186,-10.348622004918047]},"properties":{"Fazenda":"FE","Campo":"FE 04","produtividade":188.6472,"unidade_produtividade":"sc/ha","pontos_originais":25,"ano":"2026","cultura":"Milho"}},{"type":"Feature","geometry":{"type":"Point","coordinates":[-52.21261849030504,-10.34862286457577]},"properties":{"Fazenda":"FE","Campo":"FE 04","produtividade":188.0152,"unidade_produtividade":"sc/ha","pontos_originais":25,"ano":"2026","cultura":"Milho"}},{"type":"Feature","geometry":{"type":"Point","coordinates":[-52.216728025412074,-10.348607365989995]},"properties":{"Fazenda":"FE","Campo":"FE 04","produtividade":142.5716,"unidade_produtividade":"sc/ha","pontos_originais":25,"ano":"2026","cultura":"Milho"}},{"type":"Feature","geometry":{"type":"Point","coordinates":[-52.21691084550973,-10.348651887597745]},"properties":{"Fazenda":"FE","Campo":"FE 04","produtividade":139.339,"unidade_produtividade":"sc/ha","pontos_originais":10,"ano":"2026","cultura":"Milho"}},{"type":"Feature","geometry":{"type":"Point","coordinates":[-52.21649971807651,-10.348608228397355]},"properties":{"Fazenda":"FE","Campo":"FE 04","produtividade":158.04080000000005,"unidade_produtividade":"sc/ha","pontos_originais":25,"ano":"2026","cultura":"Milho"}},{"type":"Feature","geometry":{"type":"Point","coordinates":[-52.21627141072086,-10.348609090642972]},"properties":{"Fazenda":"FE","Campo":"FE 04","produtividade":174.76719999999995,"unidade_produtividade":"sc/ha","pontos_originais":25,"ano":"2026","cultura":"Milho"}},{"type":"Feature","geometry":{"type":"Point","coordinates":[-52.20417109225943,-10.348654558204977]},"properties":{"Fazenda":"FE","Campo":"FE 04","produtividade":166.77360000000002,"unidade_produtividade":"sc/ha","pontos_originais":25,"ano":"2026","cultura":"Milho"}},{"type":"Feature","geometry":{"type":"Point","coordinates":[-52.203942783825916,-10.348655411716386]},"properties":{"Fazenda":"FE","Campo":"FE 04","produtividade":159.06920000000002,"unidade_produtividade":"sc/ha","pontos_originais":25,"ano":"2026","cultura":"Milho"}},{"type":"Feature","geometry":{"type":"Point","coordinates":[-52.20371447537258,-10.348656265066046]},"properties":{"Fazenda":"FE","Campo":"FE 04","produtividade":152.84160000000003,"unidade_produtividade":"sc/ha","pontos_originais":25,"ano":"2026","cultura":"Milho"}},{"type":"Feature","geometry":{"type":"Point","coordinates":[-52.20354328709988,-10.348668207944998]},"properties":{"Fazenda":"FE","Campo":"FE 04","produtividade":151.49916666666667,"unidade_produtividade":"sc/ha","pontos_originais":12,"ano":"2026","cultura":"Milho"}},{"type":"Feature","geometry":{"type":"Point","coordinates":[-52.21535818109774,-10.34861253800801]},"properties":{"Fazenda":"FE","Campo":"FE 04","produtividade":180.54319999999998,"unidade_produtividade":"sc/ha","pontos_originais":25,"ano":"2026","cultura":"Milho"}},{"type":"Feature","geometry":{"type":"Point","coordinates":[-52.215129873641864,-10.348613399444911]},"properties":{"Fazenda":"FE","Campo":"FE 04","produtividade":180.11720000000003,"unidade_produtividade":"sc/ha","pontos_originais":25,"ano":"2026","cultura":"Milho"}},{"type":"Feature","geometry":{"type":"Point","coordinates":[-52.21490156616589,-10.348614260720069]},"properties":{"Fazenda":"FE","Campo":"FE 04","produtividade":181.3516,"unidade_produtividade":"sc/ha","pontos_originais":25,"ano":"2026","cultura":"Milho"}},{"type":"Feature","geometry":{"type":"Point","coordinates":[-52.216043103345186,-10.348609952726845]},"properties":{"Fazenda":"FE","Campo":"FE 04","produtividade":180.72799999999998,"unidade_produtividade":"sc/ha","pontos_originais":25,"ano":"2026","cultura":"Milho"}},{"type":"Feature","geometry":{"type":"Point","coordinates":[-52.215814795949406,-10.348610814648975]},"properties":{"Fazenda":"FE","Campo":"FE 04","produtividade":180.23639999999995,"unidade_produtividade":"sc/ha","pontos_originais":25,"ano":"2026","cultura":"Milho"}},{"type":"Feature","geometry":{"type":"Point","coordinates":[-52.21558648853359,-10.348611676409366]},"properties":{"Fazenda":"FE","Campo":"FE 04","produtividade":180.61599999999999,"unidade_produtividade":"sc/ha","pontos_originais":25,"ano":"2026","cultura":"Milho"}},{"type":"Feature","geometry":{"type":"Point","coordinates":[-52.2080523325871,-10.348640023763922]},"properties":{"Fazenda":"FE","Campo":"FE 04","produtividade":188.94880000000003,"unidade_produtividade":"sc/ha","pontos_originais":25,"ano":"2026","cultura":"Milho"}},{"type":"Feature","geometry":{"type":"Point","coordinates":[-52.20782402449176,-10.348640880025005]},"properties":{"Fazenda":"FE","Campo":"FE 04","produtividade":185.6644,"unidade_produtividade":"sc/ha","pontos_originais":25,"ano":"2026","cultura":"Milho"}},{"type":"Feature","geometry":{"type":"Point","coordinates":[-52.20759571637648,-10.348641736124348]},"properties":{"Fazenda":"FE","Campo":"FE 04","produtividade":183.26719999999997,"unidade_produtividade":"sc/ha","pontos_originais":25,"ano":"2026","cultura":"Milho"}},{"type":"Feature","geometry":{"type":"Point","coordinates":[-52.20736740824131,-10.348642592061942]},"properties":{"Fazenda":"FE","Campo":"FE 04","produtividade":182.68400000000003,"unidade_produtividade":"sc/ha","pontos_originais":25,"ano":"2026","cultura":"Milho"}},{"type":"Feature","geometry":{"type":"Point","coordinates":[-52.20873725675361,-10.348637454010186]},"properties":{"Fazenda":"FE","Campo":"FE 04","produtividade":189.30600000000007,"unidade_produtividade":"sc/ha","pontos_originais":25,"ano":"2026","cultura":"Milho"}},{"type":"Feature","geometry":{"type":"Point","coordinates":[-52.20850894871805,-10.34863831075651]},"properties":{"Fazenda":"FE","Campo":"FE 04","produtividade":191.9332,"unidade_produtividade":"sc/ha","pontos_originais":25,"ano":"2026","cultura":"Milho"}},{"type":"Feature","geometry":{"type":"Point","coordinates":[-52.20828064066255,-10.348639167341087]},"properties":{"Fazenda":"FE","Campo":"FE 04","produtividade":191.81920000000002,"unidade_produtividade":"sc/ha","pontos_originais":25,"ano":"2026","cultura":"Milho"}},{"type":"Feature","geometry":{"type":"Point","coordinates":[-52.20645417550145,-10.348646014194872]},"properties":{"Fazenda":"FE","Campo":"FE 04","produtividade":180.11919999999998,"unidade_produtividade":"sc/ha","pontos_originais":25,"ano":"2026","cultura":"Milho"}},{"type":"Feature","geometry":{"type":"Point","coordinates":[-52.20668248371626,-10.348645158904255]},"properties":{"Fazenda":"FE","Campo":"FE 04","produtividade":179.42680000000001,"unidade_produtividade":"sc/ha","pontos_originais":25,"ano":"2026","cultura":"Milho"}},{"type":"Feature","geometry":{"type":"Point","coordinates":[-52.20622586726671,-10.348646869323739]},"properties":{"Fazenda":"FE","Campo":"FE 04","produtividade":181.072,"unidade_produtividade":"sc/ha","pontos_originais":25,"ano":"2026","cultura":"Milho"}},{"type":"Feature","geometry":{"type":"Point","coordinates":[-52.205997559012104,-10.348647724290863]},"properties":{"Fazenda":"FE","Campo":"FE 04","produtividade":182.41640000000004,"unidade_produtividade":"sc/ha","pontos_originais":25,"ano":"2026","cultura":"Milho"}},{"type":"Feature","geometry":{"type":"Point","coordinates":[-52.20713910008618,-10.348643447837794]},"properties":{"Fazenda":"FE","Campo":"FE 04","produtividade":181.4624,"unidade_produtividade":"sc/ha","pontos_originais":25,"ano":"2026","cultura":"Milho"}},{"type":"Feature","geometry":{"type":"Point","coordinates":[-52.206910791911156,-10.348644303451895]},"properties":{"Fazenda":"FE","Campo":"FE 04","produtividade":180.75880000000004,"unidade_produtividade":"sc/ha","pontos_originais":25,"ano":"2026","cultura":"Milho"}},{"type":"Feature","geometry":{"type":"Point","coordinates":[-52.211020336012204,-10.348628877650999]},"properties":{"Fazenda":"FE","Campo":"FE 04","produtividade":197.5884,"unidade_produtividade":"sc/ha","pontos_originais":25,"ano":"2026","cultura":"Milho"}},{"type":"Feature","geometry":{"type":"Point","coordinates":[-52.210792028176165,-10.348629736014768]},"properties":{"Fazenda":"FE","Campo":"FE 04","produtividade":198.38999999999996,"unidade_produtividade":"sc/ha","pontos_originais":25,"ano":"2026","cultura":"Milho"}},{"type":"Feature","geometry":{"type":"Point","coordinates":[-52.21056372032016,-10.348630594216793]},"properties":{"Fazenda":"FE","Campo":"FE 04","produtividade":199.92040000000006,"unidade_produtividade":"sc/ha","pontos_originais":25,"ano":"2026","cultura":"Milho"}},{"type":"Feature","geometry":{"type":"Point","coordinates":[-52.21033541244418,-10.348631452257074]},"properties":{"Fazenda":"FE","Campo":"FE 04","produtividade":199.0092,"unidade_produtividade":"sc/ha","pontos_originais":25,"ano":"2026","cultura":"Milho"}},{"type":"Feature","geometry":{"type":"Point","coordinates":[-52.21147695162436,-10.348627160438223]},"properties":{"Fazenda":"FE","Campo":"FE 04","produtividade":194.908,"unidade_produtividade":"sc/ha","pontos_originais":25,"ano":"2026","cultura":"Milho"}},{"type":"Feature","geometry":{"type":"Point","coordinates":[-52.21124864382829,-10.348628019125483]},"properties":{"Fazenda":"FE","Campo":"FE 04","produtividade":195.58200000000005,"unidade_produtividade":"sc/ha","pontos_originais":25,"ano":"2026","cultura":"Milho"}},{"type":"Feature","geometry":{"type":"Point","coordinates":[-52.209422180740695,-10.34863488280075]},"properties":{"Fazenda":"FE","Campo":"FE 04","produtividade":193.16440000000006,"unidade_produtividade":"sc/ha","pontos_originais":25,"ano":"2026","cultura":"Milho"}},{"type":"Feature","geometry":{"type":"Point","coordinates":[-52.2096504886965,-10.348634025407447]},"properties":{"Fazenda":"FE","Campo":"FE 04","produtividade":193.87239999999997,"unidade_produtividade":"sc/ha","pontos_originais":25,"ano":"2026","cultura":"Milho"}},{"type":"Feature","geometry":{"type":"Point","coordinates":[-52.20919387276494,-10.348635740032307]},"properties":{"Fazenda":"FE","Campo":"FE 04","produtividade":190.84599999999998,"unidade_produtividade":"sc/ha","pontos_originais":25,"ano":"2026","cultura":"Milho"}},{"type":"Feature","geometry":{"type":"Point","coordinates":[-52.20896556476926,-10.34863659710212]},"properties":{"Fazenda":"FE","Campo":"FE 04","produtividade":190.22760000000002,"unidade_produtividade":"sc/ha","pontos_originais":25,"ano":"2026","cultura":"Milho"}},{"type":"Feature","geometry":{"type":"Point","coordinates":[-52.21010710454825,-10.34863231013561]},"properties":{"Fazenda":"FE","Campo":"FE 04","produtividade":198.39759999999998,"unidade_produtividade":"sc/ha","pontos_originais":25,"ano":"2026","cultura":"Milho"}},{"type":"Feature","geometry":{"type":"Point","coordinates":[-52.20987879663235,-10.348633167852402]},"properties":{"Fazenda":"FE","Campo":"FE 04","produtividade":195.68400000000003,"unidade_produtividade":"sc/ha","pontos_originais":25,"ano":"2026","cultura":"Milho"}},{"type":"Feature","geometry":{"type":"Point","coordinates":[-52.20508432579478,-10.34865114254189]},"properties":{"Fazenda":"FE","Campo":"FE 04","produtividade":180.7852,"unidade_produtividade":"sc/ha","pontos_originais":25,"ano":"2026","cultura":"Milho"}},{"type":"Feature","geometry":{"type":"Point","coordinates":[-52.204856017440754,-10.348651996700282]},"properties":{"Fazenda":"FE","Campo":"FE 04","produtividade":177.07319999999999,"unidade_produtividade":"sc/ha","pontos_originais":25,"ano":"2026","cultura":"Milho"}},{"type":"Feature","geometry":{"type":"Point","coordinates":[-52.20462770906683,-10.348652850696926]},"properties":{"Fazenda":"FE","Campo":"FE 04","produtividade":174.53639999999996,"unidade_produtividade":"sc/ha","pontos_originais":25,"ano":"2026","cultura":"Milho"}},{"type":"Feature","geometry":{"type":"Point","coordinates":[-52.204399400673054,-10.348653704531825]},"properties":{"Fazenda":"FE","Campo":"FE 04","produtividade":173.23440000000002,"unidade_produtividade":"sc/ha","pontos_originais":25,"ano":"2026","cultura":"Milho"}},{"type":"Feature","geometry":{"type":"Point","coordinates":[-52.205769250737596,-10.348648579096237]},"properties":{"Fazenda":"FE","Campo":"FE 04","produtividade":183.14919999999998,"unidade_produtividade":"sc/ha","pontos_originais":25,"ano":"2026","cultura":"Milho"}},{"type":"Feature","geometry":{"type":"Point","coordinates":[-52.205540942443214,-10.348649433739867]},"properties":{"Fazenda":"FE","Campo":"FE 04","produtividade":182.68560000000002,"unidade_produtividade":"sc/ha","pontos_originais":25,"ano":"2026","cultura":"Milho"}},{"type":"Feature","geometry":{"type":"Point","coordinates":[-52.20531263412893,-10.348650288221751]},"properties":{"Fazenda":"FE","Campo":"FE 04","produtividade":181.72039999999998,"unidade_produtividade":"sc/ha","pontos_originais":25,"ano":"2026","cultura":"Milho"}},{"type":"Feature","geometry":{"type":"Point","coordinates":[-52.20713823588767,-10.348417388779646]},"properties":{"Fazenda":"FE","Campo":"FE 04","produtividade":182.51239999999999,"unidade_produtividade":"sc/ha","pontos_originais":25,"ano":"2026","cultura":"Milho"}},{"type":"Feature","geometry":{"type":"Point","coordinates":[-52.20736654387943,-10.348416533022887]},"properties":{"Fazenda":"FE","Campo":"FE 04","produtividade":183.76120000000003,"unidade_produtividade":"sc/ha","pontos_originais":25,"ano":"2026","cultura":"Milho"}},{"type":"Feature","geometry":{"type":"Point","coordinates":[-52.20690992787602,-10.348418244374663]},"properties":{"Fazenda":"FE","Campo":"FE 04","produtividade":182.60760000000005,"unidade_produtividade":"sc/ha","pontos_originais":25,"ano":"2026","cultura":"Milho"}},{"type":"Feature","geometry":{"type":"Point","coordinates":[-52.20668161984444,-10.348419099807941]},"properties":{"Fazenda":"FE","Campo":"FE 04","produtividade":183.36239999999998,"unidade_produtividade":"sc/ha","pontos_originais":25,"ano":"2026","cultura":"Milho"}},{"type":"Feature","geometry":{"type":"Point","coordinates":[-52.2080514677352,-10.348413964782157]},"properties":{"Fazenda":"FE","Campo":"FE 04","produtividade":189.12480000000002,"unidade_produtividade":"sc/ha","pontos_originais":25,"ano":"2026","cultura":"Milho"}},{"type":"Feature","geometry":{"type":"Point","coordinates":[-52.207823159803205,-10.348414821024141]},"properties":{"Fazenda":"FE","Campo":"FE 04","produtividade":185.63479999999998,"unidade_produtividade":"sc/ha","pontos_originais":25,"ano":"2026","cultura":"Milho"}},{"type":"Feature","geometry":{"type":"Point","coordinates":[-52.20759485185129,-10.348415677104382]},"properties":{"Fazenda":"FE","Campo":"FE 04","produtividade":183.93559999999994,"unidade_produtividade":"sc/ha","pontos_originais":25,"ano":"2026","cultura":"Milho"}},{"type":"Feature","geometry":{"type":"Point","coordinates":[-52.205768387519186,-10.34842251992362]},"properties":{"Fazenda":"FE","Campo":"FE 04","produtividade":183.6675999999999,"unidade_produtividade":"sc/ha","pontos_originais":25,"ano":"2026","cultura":"Milho"}},{"type":"Feature","geometry":{"type":"Point","coordinates":[-52.20554007938815,-10.348423374548188]},"properties":{"Fazenda":"FE","Campo":"FE 04","produtividade":180.1968,"unidade_produtividade":"sc/ha","pontos_originais":25,"ano":"2026","cultura":"Milho"}},{"type":"Feature","geometry":{"type":"Point","coordinates":[-52.20531177123722,-10.348424229011009]},"properties":{"Fazenda":"FE","Campo":"FE 04","produtividade":179.05840000000003,"unidade_produtividade":"sc/ha","pontos_originais":25,"ano":"2026","cultura":"Milho"}},{"type":"Feature","geometry":{"type":"Point","coordinates":[-52.205083463066394,-10.34842508331209]},"properties":{"Fazenda":"FE","Campo":"FE 04","produtividade":180.7316,"unidade_produtividade":"sc/ha","pontos_originais":25,"ano":"2026","cultura":"Milho"}},{"type":"Feature","geometry":{"type":"Point","coordinates":[-52.20645331179298,-10.348419955079473]},"properties":{"Fazenda":"FE","Campo":"FE 04","produtividade":186.4352,"unidade_produtividade":"sc/ha","pontos_originais":25,"ano":"2026","cultura":"Milho"}},{"type":"Feature","geometry":{"type":"Point","coordinates":[-52.20622500372159,-10.348420810189268]},"properties":{"Fazenda":"FE","Campo":"FE 04","produtividade":187.6,"unidade_produtividade":"sc/ha","pontos_originais":25,"ano":"2026","cultura":"Milho"}},{"type":"Feature","geometry":{"type":"Point","coordinates":[-52.20599669563034,-10.348421665137316]},"properties":{"Fazenda":"FE","Campo":"FE 04","produtividade":186.07279999999994,"unidade_produtividade":"sc/ha","pontos_originais":25,"ano":"2026","cultura":"Milho"}},{"type":"Feature","geometry":{"type":"Point","coordinates":[-52.21010623822618,-10.348406251325923]},"properties":{"Fazenda":"FE","Campo":"FE 04","produtividade":196.9664,"unidade_produtividade":"sc/ha","pontos_originais":25,"ano":"2026","cultura":"Milho"}},{"type":"Feature","geometry":{"type":"Point","coordinates":[-52.210334545958766,-10.348405393466527]},"properties":{"Fazenda":"FE","Campo":"FE 04","produtividade":197.4048,"unidade_produtividade":"sc/ha","pontos_originais":25,"ano":"2026","cultura":"Milho"}},{"type":"Feature","geometry":{"type":"Point","coordinates":[-52.20987793047365,-10.348407109023583]},"properties":{"Fazenda":"FE","Campo":"FE 04","produtividade":195.5164,"unidade_produtividade":"sc/ha","pontos_originais":25,"ano":"2026","cultura":"Milho"}},{"type":"Feature","geometry":{"type":"Point","coordinates":[-52.209649622701136,-10.3484079665595]},"properties":{"Fazenda":"FE","Campo":"FE 04","produtividade":193.446,"unidade_produtividade":"sc/ha","pontos_originais":25,"ano":"2026","cultura":"Milho"}},{"type":"Feature","geometry":{"type":"Point","coordinates":[-52.21079116136408,-10.348403677262507]},"properties":{"Fazenda":"FE","Campo":"FE 04","produtividade":192.5724,"unidade_produtividade":"sc/ha","pontos_originais":25,"ano":"2026","cultura":"Milho"}},{"type":"Feature","geometry":{"type":"Point","coordinates":[-52.211019469036756,-10.348402818917885]},"properties":{"Fazenda":"FE","Campo":"FE 04","produtividade":190.59720000000002,"unidade_produtividade":"sc/ha","pontos_originais":25,"ano":"2026","cultura":"Milho"}},{"type":"Feature","geometry":{"type":"Point","coordinates":[-52.210562853671426,-10.348404535445386]},"properties":{"Fazenda":"FE","Campo":"FE 04","produtividade":196.90480000000002,"unidade_produtividade":"sc/ha","pontos_originais":25,"ano":"2026","cultura":"Milho"}},{"type":"Feature","geometry":{"type":"Point","coordinates":[-52.20873639141164,-10.348411395085753]},"properties":{"Fazenda":"FE","Campo":"FE 04","produtividade":189.52000000000004,"unidade_produtividade":"sc/ha","pontos_originais":25,"ano":"2026","cultura":"Milho"}},{"type":"Feature","geometry":{"type":"Point","coordinates":[-52.20850808353944,-10.348412251812961]},"properties":{"Fazenda":"FE","Campo":"FE 04","produtividade":190.7612,"unidade_produtividade":"sc/ha","pontos_originais":25,"ano":"2026","cultura":"Milho"}},{"type":"Feature","geometry":{"type":"Point","coordinates":[-52.20827977564728,-10.348413108378429]},"properties":{"Fazenda":"FE","Campo":"FE 04","produtividade":191.6128,"unidade_produtividade":"sc/ha","pontos_originais":25,"ano":"2026","cultura":"Milho"}},{"type":"Feature","geometry":{"type":"Point","coordinates":[-52.20942131490867,-10.348408823933674]},"properties":{"Fazenda":"FE","Campo":"FE 04","produtividade":193.4736,"unidade_produtividade":"sc/ha","pontos_originais":25,"ano":"2026","cultura":"Milho"}},{"type":"Feature","geometry":{"type":"Point","coordinates":[-52.20919300709629,-10.348409681146109]},"properties":{"Fazenda":"FE","Campo":"FE 04","produtividade":190.43520000000007,"unidade_produtividade":"sc/ha","pontos_originais":25,"ano":"2026","cultura":"Milho"}},{"type":"Feature","geometry":{"type":"Point","coordinates":[-52.208964699263944,-10.348410538196799]},"properties":{"Fazenda":"FE","Campo":"FE 04","produtividade":190.33320000000003,"unidade_produtividade":"sc/ha","pontos_originais":25,"ano":"2026","cultura":"Milho"}},{"type":"Feature","geometry":{"type":"Point","coordinates":[-52.21467238908087,-10.348389063407238]},"properties":{"Fazenda":"FE","Campo":"FE 04","produtividade":183.94800000000004,"unidade_produtividade":"sc/ha","pontos_originais":25,"ano":"2026","cultura":"Milho"}},{"type":"Feature","geometry":{"type":"Point","coordinates":[-52.214444081728224,-10.348389924339704]},"properties":{"Fazenda":"FE","Campo":"FE 04","produtividade":185.60359999999997,"unidade_produtividade":"sc/ha","pontos_originais":25,"ano":"2026","cultura":"Milho"}},{"type":"Feature","geometry":{"type":"Point","coordinates":[-52.21421577435552,-10.34839078511043]},"properties":{"Fazenda":"FE","Campo":"FE 04","produtividade":185.11919999999995,"unidade_produtividade":"sc/ha","pontos_originais":25,"ano":"2026","cultura":"Milho"}},{"type":"Feature","geometry":{"type":"Point","coordinates":[-52.21398746696278,-10.348391645719417]},"properties":{"Fazenda":"FE","Campo":"FE 04","produtividade":184.5216,"unidade_produtividade":"sc/ha","pontos_originais":25,"ano":"2026","cultura":"Milho"}},{"type":"Feature","geometry":{"type":"Point","coordinates":[-52.21535731101865,-10.348386479639403]},"properties":{"Fazenda":"FE","Campo":"FE 04","produtividade":180.85399999999998,"unidade_produtividade":"sc/ha","pontos_originais":25,"ano":"2026","cultura":"Milho"}},{"type":"Feature","geometry":{"type":"Point","coordinates":[-52.2151290037261,-10.348387341057084]},"properties":{"Fazenda":"FE","Campo":"FE 04","produtividade":180.51519999999996,"unidade_produtividade":"sc/ha","pontos_originais":25,"ano":"2026","cultura":"Milho"}},{"type":"Feature","geometry":{"type":"Point","coordinates":[-52.214900696413515,-10.348388202313034]},"properties":{"Fazenda":"FE","Campo":"FE 04","produtividade":181.14079999999998,"unidade_produtividade":"sc/ha","pontos_originais":25,"ano":"2026","cultura":"Milho"}},{"type":"Feature","geometry":{"type":"Point","coordinates":[-52.21307423719172,-10.348395086537964]},"properties":{"Fazenda":"FE","Campo":"FE 04","produtividade":186.46560000000002,"unidade_produtividade":"sc/ha","pontos_originais":25,"ano":"2026","cultura":"Milho"}},{"type":"Feature","geometry":{"type":"Point","coordinates":[-52.213302544664515,-10.348394226575937]},"properties":{"Fazenda":"FE","Campo":"FE 04","produtividade":185.49360000000007,"unidade_produtividade":"sc/ha","pontos_originais":25,"ano":"2026","cultura":"Milho"}},{"type":"Feature","geometry":{"type":"Point","coordinates":[-52.21284592969892,-10.34839594633825]},"properties":{"Fazenda":"FE","Campo":"FE 04","produtividade":187.96640000000002,"unidade_produtividade":"sc/ha","pontos_originais":25,"ano":"2026","cultura":"Milho"}},{"type":"Feature","geometry":{"type":"Point","coordinates":[-52.212617622186116,-10.348396805976792]},"properties":{"Fazenda":"FE","Campo":"FE 04","produtividade":190.048,"unidade_produtividade":"sc/ha","pontos_originais":25,"ano":"2026","cultura":"Milho"}},{"type":"Feature","geometry":{"type":"Point","coordinates":[-52.213759159550044,-10.348392506166665]},"properties":{"Fazenda":"FE","Campo":"FE 04","produtividade":184.1492,"unidade_produtividade":"sc/ha","pontos_originais":25,"ano":"2026","cultura":"Milho"}},{"type":"Feature","geometry":{"type":"Point","coordinates":[-52.213530852117295,-10.34839336645217]},"properties":{"Fazenda":"FE","Campo":"FE 04","produtividade":184.87600000000003,"unidade_produtividade":"sc/ha","pontos_originais":25,"ano":"2026","cultura":"Milho"}},{"type":"Feature","geometry":{"type":"Point","coordinates":[-52.20439853843477,-10.348427645244872]},"properties":{"Fazenda":"FE","Campo":"FE 04","produtividade":174.40519999999998,"unidade_produtividade":"sc/ha","pontos_originais":25,"ano":"2026","cultura":"Milho"}},{"type":"Feature","geometry":{"type":"Point","coordinates":[-52.20417023018448,-10.348428498898981]},"properties":{"Fazenda":"FE","Campo":"FE 04","produtividade":163.78080000000003,"unidade_produtividade":"sc/ha","pontos_originais":25,"ano":"2026","cultura":"Milho"}},{"type":"Feature","geometry":{"type":"Point","coordinates":[-52.20394192191432,-10.34842935239135]},"properties":{"Fazenda":"FE","Campo":"FE 04","produtividade":157.83679999999998,"unidade_produtividade":"sc/ha","pontos_originais":25,"ano":"2026","cultura":"Milho"}},{"type":"Feature","geometry":{"type":"Point","coordinates":[-52.20371361362433,-10.348430205721968]},"properties":{"Fazenda":"FE","Campo":"FE 04","produtividade":154.88199999999998,"unidade_produtividade":"sc/ha","pontos_originais":25,"ano":"2026","cultura":"Milho"}},{"type":"Feature","geometry":{"type":"Point","coordinates":[-52.20485515487573,-10.348425937451426]},"properties":{"Fazenda":"FE","Campo":"FE 04","produtividade":181.32879999999997,"unidade_produtividade":"sc/ha","pontos_originais":25,"ano":"2026","cultura":"Milho"}},{"type":"Feature","geometry":{"type":"Point","coordinates":[-52.20462684666518,-10.348426791429022]},"properties":{"Fazenda":"FE","Campo":"FE 04","produtividade":179.46039999999996,"unidade_produtividade":"sc/ha","pontos_originais":25,"ano":"2026","cultura":"Milho"}},{"type":"Feature","geometry":{"type":"Point","coordinates":[-52.21604223277603,-10.34838389441591]},"properties":{"Fazenda":"FE","Campo":"FE 04","produtividade":174.6936,"unidade_produtividade":"sc/ha","pontos_originais":25,"ano":"2026","cultura":"Milho"}},{"type":"Feature","geometry":{"type":"Point","coordinates":[-52.21627053998837,-10.348383032351267]},"properties":{"Fazenda":"FE","Campo":"FE 04","produtividade":158.78719999999998,"unidade_produtividade":"sc/ha","pontos_originais":25,"ano":"2026","cultura":"Milho"}},{"type":"Feature","geometry":{"type":"Point","coordinates":[-52.215813925543635,-10.348384756318813]},"properties":{"Fazenda":"FE","Campo":"FE 04","produtividade":181.68159999999997,"unidade_produtividade":"sc/ha","pontos_originais":25,"ano":"2026","cultura":"Milho"}},{"type":"Feature","geometry":{"type":"Point","coordinates":[-52.21558561829117,-10.348385618059977]},"properties":{"Fazenda":"FE","Campo":"FE 04","produtividade":179.55200000000002,"unidade_produtividade":"sc/ha","pontos_originais":25,"ano":"2026","cultura":"Milho"}},{"type":"Feature","geometry":{"type":"Point","coordinates":[-52.20356365630437,-10.34845014291648]},"properties":{"Fazenda":"FE","Campo":"FE 04","produtividade":154.8928571428571,"unidade_produtividade":"sc/ha","pontos_originais":7,"ano":"2026","cultura":"Milho"}},{"type":"Feature","geometry":{"type":"Point","coordinates":[-52.216666504712954,-10.34844181992984]},"properties":{"Fazenda":"FE","Campo":"FE 04","produtividade":128.865,"unidade_produtividade":"sc/ha","pontos_originais":6,"ano":"2026","cultura":"Milho"}},{"type":"Feature","geometry":{"type":"Point","coordinates":[-52.216495056576825,-10.34838595213472]},"properties":{"Fazenda":"FE","Campo":"FE 04","produtividade":139.88041666666666,"unidade_produtividade":"sc/ha","pontos_originais":24,"ano":"2026","cultura":"Milho"}},{"type":"Feature","geometry":{"type":"Point","coordinates":[-52.21170439193497,-10.348400242913577]},"properties":{"Fazenda":"FE","Campo":"FE 04","produtividade":193.12800000000004,"unidade_produtividade":"sc/ha","pontos_originais":25,"ano":"2026","cultura":"Milho"}},{"type":"Feature","geometry":{"type":"Point","coordinates":[-52.211476084322214,-10.34840110174342]},"properties":{"Fazenda":"FE","Campo":"FE 04","produtividade":192.08719999999997,"unidade_produtividade":"sc/ha","pontos_originais":25,"ano":"2026","cultura":"Milho"}},{"type":"Feature","geometry":{"type":"Point","coordinates":[-52.21124777668946,-10.348401960411522]},"properties":{"Fazenda":"FE","Campo":"FE 04","produtividade":190.25320000000002,"unidade_produtividade":"sc/ha","pontos_originais":25,"ano":"2026","cultura":"Milho"}},{"type":"Feature","geometry":{"type":"Point","coordinates":[-52.212389314653336,-10.348397665453598]},"properties":{"Fazenda":"FE","Campo":"FE 04","produtividade":191.36280000000002,"unidade_produtividade":"sc/ha","pontos_originais":25,"ano":"2026","cultura":"Milho"}},{"type":"Feature","geometry":{"type":"Point","coordinates":[-52.21216100710054,-10.348398524768665]},"properties":{"Fazenda":"FE","Campo":"FE 04","produtividade":192.52720000000002,"unidade_produtividade":"sc/ha","pontos_originais":25,"ano":"2026","cultura":"Milho"}},{"type":"Feature","geometry":{"type":"Point","coordinates":[-52.21193269952775,-10.348399383921988]},"properties":{"Fazenda":"FE","Campo":"FE 04","produtividade":192.5192,"unidade_produtividade":"sc/ha","pontos_originais":25,"ano":"2026","cultura":"Milho"}},{"type":"Feature","geometry":{"type":"Point","coordinates":[-52.20357611166019,-10.348295082034456]},"properties":{"Fazenda":"FE","Campo":"FE 04","produtividade":159.9,"unidade_produtividade":"sc/ha","pontos_originais":1,"ano":"2026","cultura":"Milho"}},{"type":"Feature","geometry":{"type":"Point","coordinates":[-52.216441204340526,-10.348235447818894]},"properties":{"Fazenda":"FE","Campo":"FE 04","produtividade":137.1025,"unidade_produtividade":"sc/ha","pontos_originais":4,"ano":"2026","cultura":"Milho"}},{"type":"Feature","geometry":{"type":"Point","coordinates":[-52.21283898416105,-10.346587477583308]},"properties":{"Fazenda":"FE","Campo":"FE 04","produtividade":187.86399999999998,"unidade_produtividade":"sc/ha","pontos_originais":25,"ano":"2026","cultura":"Milho"}},{"type":"Feature","geometry":{"type":"Point","coordinates":[-52.21306729034719,-10.34658661793647]},"properties":{"Fazenda":"FE","Campo":"FE 04","produtividade":186.28999999999996,"unidade_produtividade":"sc/ha","pontos_originais":25,"ano":"2026","cultura":"Milho"}},{"type":"Feature","geometry":{"type":"Point","coordinates":[-52.21261067795489,-10.346588337068438]},"properties":{"Fazenda":"FE","Campo":"FE 04","produtividade":189.5504,"unidade_produtividade":"sc/ha","pontos_originais":25,"ano":"2026","cultura":"Milho"}},{"type":"Feature","geometry":{"type":"Point","coordinates":[-52.212382371728744,-10.346589196391855]},"properties":{"Fazenda":"FE","Campo":"FE 04","produtividade":188.75799999999998,"unidade_produtividade":"sc/ha","pontos_originais":25,"ano":"2026","cultura":"Milho"}},{"type":"Feature","geometry":{"type":"Point","coordinates":[-52.213752208785564,-10.34658403802568]},"properties":{"Fazenda":"FE","Campo":"FE 04","produtividade":172.7936,"unidade_produtividade":"sc/ha","pontos_originais":25,"ano":"2026","cultura":"Milho"}},{"type":"Feature","geometry":{"type":"Point","coordinates":[-52.213523902659446,-10.346584898157653]},"properties":{"Fazenda":"FE","Campo":"FE 04","produtividade":178.0616,"unidade_produtividade":"sc/ha","pontos_originais":25,"ano":"2026","cultura":"Milho"}},{"type":"Feature","geometry":{"type":"Point","coordinates":[-52.213295596513305,-10.346585758127919]},"properties":{"Fazenda":"FE","Campo":"FE 04","produtividade":182.91480000000007,"unidade_produtividade":"sc/ha","pontos_originais":25,"ano":"2026","cultura":"Milho"}},{"type":"Feature","geometry":{"type":"Point","coordinates":[-52.21146914662427,-10.346592632068411]},"properties":{"Fazenda":"FE","Campo":"FE 04","produtividade":185.0984,"unidade_produtividade":"sc/ha","pontos_originais":25,"ano":"2026","cultura":"Milho"}},{"type":"Feature","geometry":{"type":"Point","coordinates":[-52.21124084029818,-10.346593490583267]},"properties":{"Fazenda":"FE","Campo":"FE 04","produtividade":186.87240000000003,"unidade_produtividade":"sc/ha","pontos_originais":25,"ano":"2026","cultura":"Milho"}},{"type":"Feature","geometry":{"type":"Point","coordinates":[-52.211012533952115,-10.346594348936414]},"properties":{"Fazenda":"FE","Campo":"FE 04","produtividade":189.62440000000004,"unidade_produtividade":"sc/ha","pontos_originais":25,"ano":"2026","cultura":"Milho"}},{"type":"Feature","geometry":{"type":"Point","coordinates":[-52.21078422758608,-10.34659520712785]},"properties":{"Fazenda":"FE","Campo":"FE 04","produtividade":189.43720000000002,"unidade_produtividade":"sc/ha","pontos_originais":25,"ano":"2026","cultura":"Milho"}},{"type":"Feature","geometry":{"type":"Point","coordinates":[-52.21215406548263,-10.346590055553563]},"properties":{"Fazenda":"FE","Campo":"FE 04","produtividade":187.20279999999994,"unidade_produtividade":"sc/ha","pontos_originais":25,"ano":"2026","cultura":"Milho"}},{"type":"Feature","geometry":{"type":"Point","coordinates":[-52.211925759216484,-10.346590914553554]},"properties":{"Fazenda":"FE","Campo":"FE 04","produtividade":186.05960000000002,"unidade_produtividade":"sc/ha","pontos_originais":25,"ano":"2026","cultura":"Milho"}},{"type":"Feature","geometry":{"type":"Point","coordinates":[-52.211697452930366,-10.346591773391838]},"properties":{"Fazenda":"FE","Campo":"FE 04","produtividade":185.54800000000003,"unidade_produtividade":"sc/ha","pontos_originais":25,"ano":"2026","cultura":"Milho"}},{"type":"Feature","geometry":{"type":"Point","coordinates":[-52.20553231278739,-10.346388841677397]},"properties":{"Fazenda":"FE","Campo":"FE 04","produtividade":192.94920000000002,"unidade_produtividade":"sc/ha","pontos_originais":25,"ano":"2026","cultura":"Milho"}},{"type":"Feature","geometry":{"type":"Point","coordinates":[-52.20530400610645,-10.346389695968664]},"properties":{"Fazenda":"FE","Campo":"FE 04","produtividade":192.18400000000003,"unidade_produtividade":"sc/ha","pontos_originais":25,"ano":"2026","cultura":"Milho"}},{"type":"Feature","geometry":{"type":"Point","coordinates":[-52.205075699405626,-10.346390550098223]},"properties":{"Fazenda":"FE","Campo":"FE 04","produtividade":188.968,"unidade_produtividade":"sc/ha","pontos_originais":25,"ano":"2026","cultura":"Milho"}},{"type":"Feature","geometry":{"type":"Point","coordinates":[-52.204847392684954,-10.346391404066066]},"properties":{"Fazenda":"FE","Campo":"FE 04","produtividade":183.59480000000002,"unidade_produtividade":"sc/ha","pontos_originais":25,"ano":"2026","cultura":"Milho"}},{"type":"Feature","geometry":{"type":"Point","coordinates":[-52.20621723271087,-10.346386277833338]},"properties":{"Fazenda":"FE","Campo":"FE 04","produtividade":188.0468,"unidade_produtividade":"sc/ha","pontos_originais":25,"ano":"2026","cultura":"Milho"}},{"type":"Feature","geometry":{"type":"Point","coordinates":[-52.2059889260896,-10.346387132609735]},"properties":{"Fazenda":"FE","Campo":"FE 04","produtividade":188.5384,"unidade_produtividade":"sc/ha","pontos_originais":25,"ano":"2026","cultura":"Milho"}},{"type":"Feature","geometry":{"type":"Point","coordinates":[-52.20576061944843,-10.346387987224421]},"properties":{"Fazenda":"FE","Campo":"FE 04","produtividade":190.79320000000004,"unidade_produtividade":"sc/ha","pontos_originais":25,"ano":"2026","cultura":"Milho"}},{"type":"Feature","geometry":{"type":"Point","coordinates":[-52.20402548832675,-10.346394477017828]},"properties":{"Fazenda":"FE","Campo":"FE 04","produtividade":162.01600000000002,"unidade_produtividade":"sc/ha","pontos_originais":5,"ano":"2026","cultura":"Milho"}},{"type":"Feature","geometry":{"type":"Point","coordinates":[-52.21441946649248,-10.346606641210675]},"properties":{"Fazenda":"FE","Campo":"FE 04","produtividade":163.35888888888888,"unidade_produtividade":"sc/ha","pontos_originais":18,"ano":"2026","cultura":"Milho"}},{"type":"Feature","geometry":{"type":"Point","coordinates":[-52.20416247240368,-10.346393964999347]},"properties":{"Fazenda":"FE","Campo":"FE 04","produtividade":166.1712,"unidade_produtividade":"sc/ha","pontos_originais":25,"ano":"2026","cultura":"Milho"}},{"type":"Feature","geometry":{"type":"Point","coordinates":[-52.2142088209777,-10.346582317276603]},"properties":{"Fazenda":"FE","Campo":"FE 04","produtividade":164.1724,"unidade_produtividade":"sc/ha","pontos_originais":25,"ano":"2026","cultura":"Milho"}},{"type":"Feature","geometry":{"type":"Point","coordinates":[-52.21398051489164,-10.346583177731995]},"properties":{"Fazenda":"FE","Campo":"FE 04","produtividade":166.43399999999997,"unidade_produtividade":"sc/ha","pontos_originais":25,"ano":"2026","cultura":"Milho"}},{"type":"Feature","geometry":{"type":"Point","coordinates":[-52.20461908594439,-10.346392257872205]},"properties":{"Fazenda":"FE","Campo":"FE 04","produtividade":177.61360000000002,"unidade_produtividade":"sc/ha","pontos_originais":25,"ano":"2026","cultura":"Milho"}},{"type":"Feature","geometry":{"type":"Point","coordinates":[-52.20439077918396,-10.346393111516633]},"properties":{"Fazenda":"FE","Campo":"FE 04","produtividade":171.21079999999995,"unidade_produtividade":"sc/ha","pontos_originais":25,"ano":"2026","cultura":"Milho"}},{"type":"Feature","geometry":{"type":"Point","coordinates":[-52.20713132301634,-10.346608916197935]},"properties":{"Fazenda":"FE","Campo":"FE 04","produtividade":184.19639999999998,"unidade_produtividade":"sc/ha","pontos_originais":25,"ano":"2026","cultura":"Milho"}},{"type":"Feature","geometry":{"type":"Point","coordinates":[-52.206903016311344,-10.346609771640253]},"properties":{"Fazenda":"FE","Campo":"FE 04","produtividade":185.15879999999999,"unidade_produtividade":"sc/ha","pontos_originais":25,"ano":"2026","cultura":"Milho"}},{"type":"Feature","geometry":{"type":"Point","coordinates":[-52.20667470958643,-10.346610626920866]},"properties":{"Fazenda":"FE","Campo":"FE 04","produtividade":183.29440000000002,"unidade_produtividade":"sc/ha","pontos_originais":25,"ano":"2026","cultura":"Milho"}},{"type":"Feature","geometry":{"type":"Point","coordinates":[-52.206446402841635,-10.346611482039764]},"properties":{"Fazenda":"FE","Campo":"FE 04","produtividade":184.44600000000003,"unidade_produtividade":"sc/ha","pontos_originais":25,"ano":"2026","cultura":"Milho"}},{"type":"Feature","geometry":{"type":"Point","coordinates":[-52.20781624301185,-10.34660634890069]},"properties":{"Fazenda":"FE","Campo":"FE 04","produtividade":186.35320000000004,"unidade_produtividade":"sc/ha","pontos_originais":25,"ano":"2026","cultura":"Milho"}},{"type":"Feature","geometry":{"type":"Point","coordinates":[-52.20758793636661,-10.346607204828151]},"properties":{"Fazenda":"FE","Campo":"FE 04","produtividade":186.34920000000002,"unidade_produtividade":"sc/ha","pontos_originais":25,"ano":"2026","cultura":"Milho"}},{"type":"Feature","geometry":{"type":"Point","coordinates":[-52.20735962970142,-10.346608060593896]},"properties":{"Fazenda":"FE","Campo":"FE 04","produtividade":184.7976,"unidade_produtividade":"sc/ha","pontos_originais":25,"ano":"2026","cultura":"Milho"}},{"type":"Feature","geometry":{"type":"Point","coordinates":[-52.205533175663504,-10.34661490089821]},"properties":{"Fazenda":"FE","Campo":"FE 04","produtividade":193.69080000000002,"unidade_produtividade":"sc/ha","pontos_originais":25,"ano":"2026","cultura":"Milho"}},{"type":"Feature","geometry":{"type":"Point","coordinates":[-52.20576148248786,-10.346614046426168]},"properties":{"Fazenda":"FE","Campo":"FE 04","produtividade":192.04360000000005,"unidade_produtividade":"sc/ha","pontos_originais":25,"ano":"2026","cultura":"Milho"}},{"type":"Feature","geometry":{"type":"Point","coordinates":[-52.20530486881923,-10.346615755208541]},"properties":{"Fazenda":"FE","Campo":"FE 04","produtividade":190.3772,"unidade_produtividade":"sc/ha","pontos_originais":25,"ano":"2026","cultura":"Milho"}},{"type":"Feature","geometry":{"type":"Point","coordinates":[-52.2050765619551,-10.346616609357154]},"properties":{"Fazenda":"FE","Campo":"FE 04","produtividade":186.02640000000002,"unidade_produtividade":"sc/ha","pontos_originais":25,"ano":"2026","cultura":"Milho"}},{"type":"Feature","geometry":{"type":"Point","coordinates":[-52.206218096076924,-10.346612336996943]},"properties":{"Fazenda":"FE","Campo":"FE 04","produtividade":185.07399999999998,"unidade_produtividade":"sc/ha","pontos_originais":25,"ano":"2026","cultura":"Milho"}},{"type":"Feature","geometry":{"type":"Point","coordinates":[-52.20598978929233,-10.346613191792413]},"properties":{"Fazenda":"FE","Campo":"FE 04","produtividade":189.36880000000002,"unidade_produtividade":"sc/ha","pontos_originais":25,"ano":"2026","cultura":"Milho"}},{"type":"Feature","geometry":{"type":"Point","coordinates":[-52.2100993083682,-10.346597780731882]},"properties":{"Fazenda":"FE","Campo":"FE 04","produtividade":187.31,"unidade_produtividade":"sc/ha","pontos_originais":25,"ano":"2026","cultura":"Milho"}},{"type":"Feature","geometry":{"type":"Point","coordinates":[-52.20987100192231,-10.34659863827647]},"properties":{"Fazenda":"FE","Campo":"FE 04","produtividade":188.24599999999995,"unidade_produtividade":"sc/ha","pontos_originais":25,"ano":"2026","cultura":"Milho"}},{"type":"Feature","geometry":{"type":"Point","coordinates":[-52.20964269545648,-10.34659949565934]},"properties":{"Fazenda":"FE","Campo":"FE 04","produtividade":188.2112,"unidade_produtividade":"sc/ha","pontos_originais":25,"ano":"2026","cultura":"Milho"}},{"type":"Feature","geometry":{"type":"Point","coordinates":[-52.20941438897068,-10.346600352880502]},"properties":{"Fazenda":"FE","Campo":"FE 04","produtividade":190.64,"unidade_produtividade":"sc/ha","pontos_originais":25,"ano":"2026","cultura":"Milho"}},{"type":"Feature","geometry":{"type":"Point","coordinates":[-52.210555921200104,-10.346596065157573]},"properties":{"Fazenda":"FE","Campo":"FE 04","produtividade":188.0672,"unidade_produtividade":"sc/ha","pontos_originais":25,"ano":"2026","cultura":"Milho"}},{"type":"Feature","geometry":{"type":"Point","coordinates":[-52.210327614794124,-10.346596923025583]},"properties":{"Fazenda":"FE","Campo":"FE 04","produtividade":187.14960000000002,"unidade_produtividade":"sc/ha","pontos_originais":25,"ano":"2026","cultura":"Milho"}},{"type":"Feature","geometry":{"type":"Point","coordinates":[-52.208501162828085,-10.346603780148032]},"properties":{"Fazenda":"FE","Campo":"FE 04","produtividade":189.57,"unidade_produtividade":"sc/ha","pontos_originais":25,"ano":"2026","cultura":"Milho"}},{"type":"Feature","geometry":{"type":"Point","coordinates":[-52.20872946939366,-10.346602923573716]},"properties":{"Fazenda":"FE","Campo":"FE 04","produtividade":190.83520000000004,"unidade_produtividade":"sc/ha","pontos_originais":25,"ano":"2026","cultura":"Milho"}},{"type":"Feature","geometry":{"type":"Point","coordinates":[-52.2082728562426,-10.346604636560631]},"properties":{"Fazenda":"FE","Campo":"FE 04","produtividade":188.46279999999996,"unidade_produtividade":"sc/ha","pontos_originais":25,"ano":"2026","cultura":"Milho"}},{"type":"Feature","geometry":{"type":"Point","coordinates":[-52.20804454963719,-10.346605492811516]},"properties":{"Fazenda":"FE","Campo":"FE 04","produtividade":187.83799999999997,"unidade_produtividade":"sc/ha","pontos_originais":25,"ano":"2026","cultura":"Milho"}},{"type":"Feature","geometry":{"type":"Point","coordinates":[-52.20918608246494,-10.346601209939955]},"properties":{"Fazenda":"FE","Campo":"FE 04","produtividade":192.32840000000004,"unidade_produtividade":"sc/ha","pontos_originais":25,"ano":"2026","cultura":"Milho"}},{"type":"Feature","geometry":{"type":"Point","coordinates":[-52.20895777593927,-10.34660206683769]},"properties":{"Fazenda":"FE","Campo":"FE 04","produtividade":192.44400000000002,"unidade_produtividade":"sc/ha","pontos_originais":25,"ano":"2026","cultura":"Milho"}},{"type":"Feature","geometry":{"type":"Point","coordinates":[-52.20416333429987,-10.346620024334479]},"properties":{"Fazenda":"FE","Campo":"FE 04","produtividade":165.04679999999996,"unidade_produtividade":"sc/ha","pontos_originais":25,"ano":"2026","cultura":"Milho"}},{"type":"Feature","geometry":{"type":"Point","coordinates":[-52.20400351942823,-10.34662062169515]},"properties":{"Fazenda":"FE","Campo":"FE 04","produtividade":161.504,"unidade_produtividade":"sc/ha","pontos_originais":10,"ano":"2026","cultura":"Milho"}},{"type":"Feature","geometry":{"type":"Point","coordinates":[-52.2048482550711,-10.346617463344055]},"properties":{"Fazenda":"FE","Campo":"FE 04","produtividade":180.2864,"unidade_produtividade":"sc/ha","pontos_originais":25,"ano":"2026","cultura":"Milho"}},{"type":"Feature","geometry":{"type":"Point","coordinates":[-52.20461994816722,-10.346618317169243]},"properties":{"Fazenda":"FE","Campo":"FE 04","produtividade":176.01840000000004,"unidade_produtividade":"sc/ha","pontos_originais":25,"ano":"2026","cultura":"Milho"}},{"type":"Feature","geometry":{"type":"Point","coordinates":[-52.20439164124348,-10.346619170832714]},"properties":{"Fazenda":"FE","Campo":"FE 04","produtividade":169.62120000000002,"unidade_produtividade":"sc/ha","pontos_originais":25,"ano":"2026","cultura":"Milho"}},{"type":"Feature","geometry":{"type":"Point","coordinates":[-52.21457445841674,-10.346671363602528]},"properties":{"Fazenda":"FE","Campo":"FE 04","produtividade":164.78,"unidade_produtividade":"sc/ha","pontos_originais":1,"ano":"2026","cultura":"Milho"}},{"type":"Feature","geometry":{"type":"Point","coordinates":[-52.2082719914067,-10.346378577568835]},"properties":{"Fazenda":"FE","Campo":"FE 04","produtividade":188.89079999999998,"unidade_produtividade":"sc/ha","pontos_originais":25,"ano":"2026","cultura":"Milho"}},{"type":"Feature","geometry":{"type":"Point","coordinates":[-52.20850029782886,-10.346377721175347]},"properties":{"Fazenda":"FE","Campo":"FE 04","produtividade":189.76679999999996,"unidade_produtividade":"sc/ha","pontos_originais":25,"ano":"2026","cultura":"Milho"}},{"type":"Feature","geometry":{"type":"Point","coordinates":[-52.20804368496459,-10.346379433800621]},"properties":{"Fazenda":"FE","Campo":"FE 04","produtividade":189.33839999999998,"unidade_produtividade":"sc/ha","pontos_originais":25,"ano":"2026","cultura":"Milho"}},{"type":"Feature","geometry":{"type":"Point","coordinates":[-52.20781537850258,-10.346380289870693]},"properties":{"Fazenda":"FE","Campo":"FE 04","produtividade":187.98719999999997,"unidade_produtividade":"sc/ha","pontos_originais":25,"ano":"2026","cultura":"Milho"}},{"type":"Feature","geometry":{"type":"Point","coordinates":[-52.209185216975754,-10.346375151024617]},"properties":{"Fazenda":"FE","Campo":"FE 04","produtividade":190.76239999999999,"unidade_produtividade":"sc/ha","pontos_originais":25,"ano":"2026","cultura":"Milho"}},{"type":"Feature","geometry":{"type":"Point","coordinates":[-52.20895691061341,-10.346376007903237]},"properties":{"Fazenda":"FE","Campo":"FE 04","produtividade":191.972,"unidade_produtividade":"sc/ha","pontos_originais":25,"ano":"2026","cultura":"Milho"}},{"type":"Feature","geometry":{"type":"Point","coordinates":[-52.2087286042311,-10.346376864620147]},"properties":{"Fazenda":"FE","Campo":"FE 04","produtividade":191.25120000000004,"unidade_produtividade":"sc/ha","pontos_originais":25,"ano":"2026","cultura":"Milho"}},{"type":"Feature","geometry":{"type":"Point","coordinates":[-52.20690215245532,-10.346383712533889]},"properties":{"Fazenda":"FE","Campo":"FE 04","produtividade":188.47719999999998,"unidade_produtividade":"sc/ha","pontos_originais":25,"ano":"2026","cultura":"Milho"}},{"type":"Feature","geometry":{"type":"Point","coordinates":[-52.20667384589374,-10.346384567795415]},"properties":{"Fazenda":"FE","Campo":"FE 04","produtividade":188.38120000000004,"unidade_produtividade":"sc/ha","pontos_originais":25,"ano":"2026","cultura":"Milho"}},{"type":"Feature","geometry":{"type":"Point","coordinates":[-52.20644553931227,-10.34638542289523]},"properties":{"Fazenda":"FE","Campo":"FE 04","produtividade":188.7012,"unidade_produtividade":"sc/ha","pontos_originais":25,"ano":"2026","cultura":"Milho"}},{"type":"Feature","geometry":{"type":"Point","coordinates":[-52.207587072020644,-10.346381145779057]},"properties":{"Fazenda":"FE","Campo":"FE 04","produtividade":187.80160000000004,"unidade_produtividade":"sc/ha","pontos_originais":25,"ano":"2026","cultura":"Milho"}},{"type":"Feature","geometry":{"type":"Point","coordinates":[-52.20735876551878,-10.346382001525708]},"properties":{"Fazenda":"FE","Campo":"FE 04","produtividade":187.66760000000002,"unidade_produtividade":"sc/ha","pontos_originais":25,"ano":"2026","cultura":"Milho"}},{"type":"Feature","geometry":{"type":"Point","coordinates":[-52.20713045899701,-10.346382857110653]},"properties":{"Fazenda":"FE","Campo":"FE 04","produtividade":188.248,"unidade_produtividade":"sc/ha","pontos_originais":25,"ano":"2026","cultura":"Milho"}},{"type":"Feature","geometry":{"type":"Point","coordinates":[-52.21123997333916,-10.34636743184017]},"properties":{"Fazenda":"FE","Campo":"FE 04","produtividade":188.35080000000002,"unidade_produtividade":"sc/ha","pontos_originais":25,"ano":"2026","cultura":"Milho"}},{"type":"Feature","geometry":{"type":"Point","coordinates":[-52.21146827950192,-10.346366573344467]},"properties":{"Fazenda":"FE","Campo":"FE 04","produtividade":188.26,"unidade_produtividade":"sc/ha","pontos_originais":25,"ano":"2026","cultura":"Milho"}},{"type":"Feature","geometry":{"type":"Point","coordinates":[-52.21101166715643,-10.34636829017416]},"properties":{"Fazenda":"FE","Campo":"FE 04","produtividade":189.95080000000002,"unidade_produtividade":"sc/ha","pontos_originais":25,"ano":"2026","cultura":"Milho"}},{"type":"Feature","geometry":{"type":"Point","coordinates":[-52.21078336095371,-10.346369148346445]},"properties":{"Fazenda":"FE","Campo":"FE 04","produtividade":190.8616,"unidade_produtividade":"sc/ha","pontos_originais":25,"ano":"2026","cultura":"Milho"}},{"type":"Feature","geometry":{"type":"Point","coordinates":[-52.211924891767524,-10.34636485586793]},"properties":{"Fazenda":"FE","Campo":"FE 04","produtividade":188.8648,"unidade_produtividade":"sc/ha","pontos_originais":25,"ano":"2026","cultura":"Milho"}},{"type":"Feature","geometry":{"type":"Point","coordinates":[-52.21215319787033,-10.346363996887103]},"properties":{"Fazenda":"FE","Campo":"FE 04","produtividade":189.582,"unidade_produtividade":"sc/ha","pontos_originais":25,"ano":"2026","cultura":"Milho"}},{"type":"Feature","geometry":{"type":"Point","coordinates":[-52.21169658564473,-10.346365714687051]},"properties":{"Fazenda":"FE","Campo":"FE 04","produtividade":188.1564,"unidade_produtividade":"sc/ha","pontos_originais":25,"ano":"2026","cultura":"Milho"}},{"type":"Feature","geometry":{"type":"Point","coordinates":[-52.20987013594319,-10.346372579418512]},"properties":{"Fazenda":"FE","Campo":"FE 04","produtividade":186.59640000000002,"unidade_produtividade":"sc/ha","pontos_originais":25,"ano":"2026","cultura":"Milho"}},{"type":"Feature","geometry":{"type":"Point","coordinates":[-52.20964182964066,-10.34637343678226]},"properties":{"Fazenda":"FE","Campo":"FE 04","produtividade":185.6672,"unidade_produtividade":"sc/ha","pontos_originais":25,"ano":"2026","cultura":"Milho"}},{"type":"Feature","geometry":{"type":"Point","coordinates":[-52.20941352331817,-10.346374293984292]},"properties":{"Fazenda":"FE","Campo":"FE 04","produtividade":188.12320000000003,"unidade_produtividade":"sc/ha","pontos_originais":25,"ano":"2026","cultura":"Milho"}},{"type":"Feature","geometry":{"type":"Point","coordinates":[-52.21055505473104,-10.346370006357029]},"properties":{"Fazenda":"FE","Campo":"FE 04","produtividade":189.08399999999997,"unidade_produtividade":"sc/ha","pontos_originais":25,"ano":"2026","cultura":"Milho"}},{"type":"Feature","geometry":{"type":"Point","coordinates":[-52.21032674848838,-10.346370864205896]},"properties":{"Fazenda":"FE","Campo":"FE 04","produtividade":186.63119999999998,"unidade_produtividade":"sc/ha","pontos_originais":25,"ano":"2026","cultura":"Milho"}},{"type":"Feature","geometry":{"type":"Point","coordinates":[-52.210098442225764,-10.346371721893059]},"properties":{"Fazenda":"FE","Campo":"FE 04","produtividade":186.6732,"unidade_produtividade":"sc/ha","pontos_originais":25,"ano":"2026","cultura":"Milho"}},{"type":"Feature","geometry":{"type":"Point","coordinates":[-52.21260981001599,-10.346362278440324]},"properties":{"Fazenda":"FE","Campo":"FE 04","produtividade":193.13839999999996,"unidade_produtividade":"sc/ha","pontos_originais":25,"ano":"2026","cultura":"Milho"}},{"type":"Feature","geometry":{"type":"Point","coordinates":[-52.212838116058826,-10.346361418974373]},"properties":{"Fazenda":"FE","Campo":"FE 04","produtividade":191.08599999999998,"unidade_produtividade":"sc/ha","pontos_originais":25,"ano":"2026","cultura":"Milho"}},{"type":"Feature","geometry":{"type":"Point","coordinates":[-52.212381503953175,-10.346363137744568]},"properties":{"Fazenda":"FE","Campo":"FE 04","produtividade":192.30680000000004,"unidade_produtividade":"sc/ha","pontos_originais":25,"ano":"2026","cultura":"Milho"}},{"type":"Feature","geometry":{"type":"Point","coordinates":[-52.21329472808446,-10.346359699557347]},"properties":{"Fazenda":"FE","Campo":"FE 04","produtividade":178.92759999999998,"unidade_produtividade":"sc/ha","pontos_originais":25,"ano":"2026","cultura":"Milho"}},{"type":"Feature","geometry":{"type":"Point","coordinates":[-52.213523034067265,-10.34635883960627]},"properties":{"Fazenda":"FE","Campo":"FE 04","produtividade":172.44119999999998,"unidade_produtividade":"sc/ha","pontos_originais":25,"ano":"2026","cultura":"Milho"}},{"type":"Feature","geometry":{"type":"Point","coordinates":[-52.213066422081646,-10.346360559346715]},"properties":{"Fazenda":"FE","Campo":"FE 04","produtividade":185.52320000000003,"unidade_produtividade":"sc/ha","pontos_originais":25,"ano":"2026","cultura":"Milho"}},{"type":"Feature","geometry":{"type":"Point","coordinates":[-52.21418353891942,-10.346401563153204]},"properties":{"Fazenda":"FE","Campo":"FE 04","produtividade":163.73923076923074,"unidade_produtividade":"sc/ha","pontos_originais":13,"ano":"2026","cultura":"Milho"}},{"type":"Feature","geometry":{"type":"Point","coordinates":[-52.21397964597285,-10.346357119218998]},"properties":{"Fazenda":"FE","Campo":"FE 04","produtividade":164.878,"unidade_produtividade":"sc/ha","pontos_originais":25,"ano":"2026","cultura":"Milho"}},{"type":"Feature","geometry":{"type":"Point","coordinates":[-52.21375134003008,-10.346357979493488]},"properties":{"Fazenda":"FE","Campo":"FE 04","produtividade":168.3136,"unidade_produtividade":"sc/ha","pontos_originais":25,"ano":"2026","cultura":"Milho"}},{"type":"Feature","geometry":{"type":"Point","coordinates":[-52.20553144993115,-10.34616278245335]},"properties":{"Fazenda":"FE","Campo":"FE 04","produtividade":193.18479999999997,"unidade_produtividade":"sc/ha","pontos_originais":25,"ano":"2026","cultura":"Milho"}},{"type":"Feature","geometry":{"type":"Point","coordinates":[-52.205303143413545,-10.346163636725553]},"properties":{"Fazenda":"FE","Campo":"FE 04","produtividade":193.1644,"unidade_produtividade":"sc/ha","pontos_originais":25,"ano":"2026","cultura":"Milho"}},{"type":"Feature","geometry":{"type":"Point","coordinates":[-52.20507483687603,-10.346164490836053]},"properties":{"Fazenda":"FE","Campo":"FE 04","produtividade":189.6848,"unidade_produtividade":"sc/ha","pontos_originais":25,"ano":"2026","cultura":"Milho"}},{"type":"Feature","geometry":{"type":"Point","coordinates":[-52.20484653031865,-10.346165344784847]},"properties":{"Fazenda":"FE","Campo":"FE 04","produtividade":183.796,"unidade_produtividade":"sc/ha","pontos_originais":25,"ano":"2026","cultura":"Milho"}},{"type":"Feature","geometry":{"type":"Point","coordinates":[-52.20621636936469,-10.346160218666496]},"properties":{"Fazenda":"FE","Campo":"FE 04","produtividade":188.61680000000004,"unidade_produtividade":"sc/ha","pontos_originais":25,"ano":"2026","cultura":"Milho"}},{"type":"Feature","geometry":{"type":"Point","coordinates":[-52.20598806290676,-10.346161073423819]},"properties":{"Fazenda":"FE","Campo":"FE 04","produtividade":188.93720000000002,"unidade_produtividade":"sc/ha","pontos_originais":25,"ano":"2026","cultura":"Milho"}},{"type":"Feature","geometry":{"type":"Point","coordinates":[-52.20575975642889,-10.34616192801944]},"properties":{"Fazenda":"FE","Campo":"FE 04","produtividade":191.498,"unidade_produtividade":"sc/ha","pontos_originais":25,"ano":"2026","cultura":"Milho"}},{"type":"Feature","geometry":{"type":"Point","coordinates":[-52.213746680677964,-10.346135702936733]},"properties":{"Fazenda":"FE","Campo":"FE 04","produtividade":165.70166666666668,"unidade_produtividade":"sc/ha","pontos_originais":24,"ano":"2026","cultura":"Milho"}},{"type":"Feature","geometry":{"type":"Point","coordinates":[-52.20416161052731,-10.346167905660986]},"properties":{"Fazenda":"FE","Campo":"FE 04","produtividade":162.9896,"unidade_produtividade":"sc/ha","pontos_originais":25,"ano":"2026","cultura":"Milho"}},{"type":"Feature","geometry":{"type":"Point","coordinates":[-52.21352216549512,-10.346132781051649]},"properties":{"Fazenda":"FE","Campo":"FE 04","produtividade":167.44319999999996,"unidade_produtividade":"sc/ha","pontos_originais":25,"ano":"2026","cultura":"Milho"}},{"type":"Feature","geometry":{"type":"Point","coordinates":[-52.21329385967562,-10.346133640983536]},"properties":{"Fazenda":"FE","Campo":"FE 04","produtividade":172.4216,"unidade_produtividade":"sc/ha","pontos_originais":25,"ano":"2026","cultura":"Milho"}},{"type":"Feature","geometry":{"type":"Point","coordinates":[-52.204618223741406,-10.346166198571932]},"properties":{"Fazenda":"FE","Campo":"FE 04","produtividade":177.7552,"unidade_produtividade":"sc/ha","pontos_originais":25,"ano":"2026","cultura":"Milho"}},{"type":"Feature","geometry":{"type":"Point","coordinates":[-52.20438991714428,-10.346167052197313]},"properties":{"Fazenda":"FE","Campo":"FE 04","produtividade":169.8084,"unidade_produtividade":"sc/ha","pontos_originais":25,"ano":"2026","cultura":"Milho"}},{"type":"Feature","geometry":{"type":"Point","coordinates":[-52.20827112659071,-10.346152518573808]},"properties":{"Fazenda":"FE","Campo":"FE 04","produtividade":187.19800000000004,"unidade_produtividade":"sc/ha","pontos_originais":25,"ano":"2026","cultura":"Milho"}},{"type":"Feature","geometry":{"type":"Point","coordinates":[-52.208499432849564,-10.346151662199425]},"properties":{"Fazenda":"FE","Campo":"FE 04","produtividade":187.92439999999996,"unidade_produtividade":"sc/ha","pontos_originais":25,"ano":"2026","cultura":"Milho"}},{"type":"Feature","geometry":{"type":"Point","coordinates":[-52.208042820311924,-10.346153374786486]},"properties":{"Fazenda":"FE","Campo":"FE 04","produtividade":187.204,"unidade_produtividade":"sc/ha","pontos_originais":25,"ano":"2026","cultura":"Milho"}},{"type":"Feature","geometry":{"type":"Point","coordinates":[-52.20781451401321,-10.346154230837456]},"properties":{"Fazenda":"FE","Campo":"FE 04","produtividade":187.3584,"unidade_produtividade":"sc/ha","pontos_originais":25,"ano":"2026","cultura":"Milho"}},{"type":"Feature","geometry":{"type":"Point","coordinates":[-52.209184351506536,-10.346149092106046]},"properties":{"Fazenda":"FE","Campo":"FE 04","produtividade":189.23840000000004,"unidade_produtividade":"sc/ha","pontos_originais":25,"ano":"2026","cultura":"Milho"}},{"type":"Feature","geometry":{"type":"Point","coordinates":[-52.208956045307474,-10.346149948965545]},"properties":{"Fazenda":"FE","Campo":"FE 04","produtividade":190.4088,"unidade_produtividade":"sc/ha","pontos_originais":25,"ano":"2026","cultura":"Milho"}},{"type":"Feature","geometry":{"type":"Point","coordinates":[-52.2087277390885,-10.346150805663335]},"properties":{"Fazenda":"FE","Campo":"FE 04","produtividade":188.98680000000002,"unidade_produtividade":"sc/ha","pontos_originais":25,"ano":"2026","cultura":"Milho"}},{"type":"Feature","geometry":{"type":"Point","coordinates":[-52.20690128861923,-10.346157653424283]},"properties":{"Fazenda":"FE","Campo":"FE 04","produtividade":188.53640000000004,"unidade_produtividade":"sc/ha","pontos_originais":25,"ano":"2026","cultura":"Milho"}},{"type":"Feature","geometry":{"type":"Point","coordinates":[-52.206672982220944,-10.346158508666726]},"properties":{"Fazenda":"FE","Campo":"FE 04","produtividade":189.61639999999997,"unidade_produtividade":"sc/ha","pontos_originais":25,"ano":"2026","cultura":"Milho"}},{"type":"Feature","geometry":{"type":"Point","coordinates":[-52.206444675802786,-10.346159363747462]},"properties":{"Fazenda":"FE","Campo":"FE 04","produtividade":189.526,"unidade_produtividade":"sc/ha","pontos_originais":25,"ano":"2026","cultura":"Milho"}},{"type":"Feature","geometry":{"type":"Point","coordinates":[-52.2075862076946,-10.346155086726723]},"properties":{"Fazenda":"FE","Campo":"FE 04","produtividade":187.34560000000002,"unidade_produtividade":"sc/ha","pontos_originais":25,"ano":"2026","cultura":"Milho"}},{"type":"Feature","geometry":{"type":"Point","coordinates":[-52.20735790135603,-10.346155942454283]},"properties":{"Fazenda":"FE","Campo":"FE 04","produtividade":188.02480000000003,"unidade_produtividade":"sc/ha","pontos_originais":25,"ano":"2026","cultura":"Milho"}},{"type":"Feature","geometry":{"type":"Point","coordinates":[-52.20712959499759,-10.346156798020136]},"properties":{"Fazenda":"FE","Campo":"FE 04","produtividade":188.49839999999998,"unidade_produtividade":"sc/ha","pontos_originais":25,"ano":"2026","cultura":"Milho"}},{"type":"Feature","geometry":{"type":"Point","coordinates":[-52.20941265768565,-10.34614823508484]},"properties":{"Fazenda":"FE","Campo":"FE 04","produtividade":187.0032,"unidade_produtividade":"sc/ha","pontos_originais":25,"ano":"2026","cultura":"Milho"}},{"type":"Feature","geometry":{"type":"Point","coordinates":[-52.21009757610327,-10.346145663050999]},"properties":{"Fazenda":"FE","Campo":"FE 04","produtividade":191.35399999999998,"unidade_produtividade":"sc/ha","pontos_originais":25,"ano":"2026","cultura":"Milho"}},{"type":"Feature","geometry":{"type":"Point","coordinates":[-52.21032588220256,-10.346144805382973]},"properties":{"Fazenda":"FE","Campo":"FE 04","produtividade":193.56600000000003,"unidade_produtividade":"sc/ha","pontos_originais":25,"ano":"2026","cultura":"Milho"}},{"type":"Feature","geometry":{"type":"Point","coordinates":[-52.20986926998402,-10.346146520557319]},"properties":{"Fazenda":"FE","Campo":"FE 04","produtividade":188.89320000000004,"unidade_produtividade":"sc/ha","pontos_originais":25,"ano":"2026","cultura":"Milho"}},{"type":"Feature","geometry":{"type":"Point","coordinates":[-52.209640963844805,-10.346147377901932]},"properties":{"Fazenda":"FE","Campo":"FE 04","produtividade":186.3284,"unidade_produtividade":"sc/ha","pontos_originais":25,"ano":"2026","cultura":"Milho"}},{"type":"Feature","geometry":{"type":"Point","coordinates":[-52.21238063619758,-10.346137079094044]},"properties":{"Fazenda":"FE","Campo":"FE 04","produtividade":195.2364,"unidade_produtividade":"sc/ha","pontos_originais":25,"ano":"2026","cultura":"Milho"}},{"type":"Feature","geometry":{"type":"Point","coordinates":[-52.21215233027805,-10.34613793821741]},"properties":{"Fazenda":"FE","Campo":"FE 04","produtividade":195.63080000000002,"unidade_produtividade":"sc/ha","pontos_originais":25,"ano":"2026","cultura":"Milho"}},{"type":"Feature","geometry":{"type":"Point","coordinates":[-52.21192402433855,-10.346138797179071]},"properties":{"Fazenda":"FE","Campo":"FE 04","produtividade":195.1948,"unidade_produtividade":"sc/ha","pontos_originais":25,"ano":"2026","cultura":"Milho"}},{"type":"Feature","geometry":{"type":"Point","coordinates":[-52.21169571837905,-10.34613965597903]},"properties":{"Fazenda":"FE","Campo":"FE 04","produtividade":193.80200000000002,"unidade_produtividade":"sc/ha","pontos_originais":25,"ano":"2026","cultura":"Milho"}},{"type":"Feature","geometry":{"type":"Point","coordinates":[-52.213065553836095,-10.346134500753719]},"properties":{"Fazenda":"FE","Campo":"FE 04","produtividade":180.68720000000005,"unidade_produtividade":"sc/ha","pontos_originais":25,"ano":"2026","cultura":"Milho"}},{"type":"Feature","geometry":{"type":"Point","coordinates":[-52.2128372479766,-10.346135360362197]},"properties":{"Fazenda":"FE","Campo":"FE 04","produtividade":188.67919999999998,"unidade_produtividade":"sc/ha","pontos_originais":25,"ano":"2026","cultura":"Milho"}},{"type":"Feature","geometry":{"type":"Point","coordinates":[-52.21260894209709,-10.34613621980897]},"properties":{"Fazenda":"FE","Campo":"FE 04","produtividade":195.46720000000005,"unidade_produtividade":"sc/ha","pontos_originais":25,"ano":"2026","cultura":"Milho"}},{"type":"Feature","geometry":{"type":"Point","coordinates":[-52.21078249434128,-10.346143089561814]},"properties":{"Fazenda":"FE","Campo":"FE 04","produtividade":192.92400000000006,"unidade_produtividade":"sc/ha","pontos_originais":25,"ano":"2026","cultura":"Milho"}},{"type":"Feature","geometry":{"type":"Point","coordinates":[-52.2110108003807,-10.346142231408674]},"properties":{"Fazenda":"FE","Campo":"FE 04","produtividade":191.4352,"unidade_produtividade":"sc/ha","pontos_originais":25,"ano":"2026","cultura":"Milho"}},{"type":"Feature","geometry":{"type":"Point","coordinates":[-52.21055418828192,-10.346143947553246]},"properties":{"Fazenda":"FE","Campo":"FE 04","produtividade":193.68999999999997,"unidade_produtividade":"sc/ha","pontos_originais":25,"ano":"2026","cultura":"Milho"}},{"type":"Feature","geometry":{"type":"Point","coordinates":[-52.211467412399585,-10.346140514617277]},"properties":{"Fazenda":"FE","Campo":"FE 04","produtividade":192.15,"unidade_produtividade":"sc/ha","pontos_originais":25,"ano":"2026","cultura":"Milho"}},{"type":"Feature","geometry":{"type":"Point","coordinates":[-52.21123910640013,-10.346141373093829]},"properties":{"Fazenda":"FE","Campo":"FE 04","produtividade":191.31239999999997,"unidade_produtividade":"sc/ha","pontos_originais":25,"ano":"2026","cultura":"Milho"}},{"type":"Feature","geometry":{"type":"Point","coordinates":[-52.213939062503314,-10.346193377355052]},"properties":{"Fazenda":"FE","Campo":"FE 04","produtividade":163.83625,"unidade_produtividade":"sc/ha","pontos_originais":8,"ano":"2026","cultura":"Milho"}},{"type":"Feature","geometry":{"type":"Point","coordinates":[-52.20418357931741,-10.345941760984624]},"properties":{"Fazenda":"FE","Campo":"FE 04","produtividade":164.823,"unidade_produtividade":"sc/ha","pontos_originais":20,"ano":"2026","cultura":"Milho"}},{"type":"Feature","geometry":{"type":"Point","coordinates":[-52.21351095889519,-10.345917036973644]},"properties":{"Fazenda":"FE","Campo":"FE 04","produtividade":166.3990909090909,"unidade_produtividade":"sc/ha","pontos_originais":22,"ano":"2026","cultura":"Milho"}},{"type":"Feature","geometry":{"type":"Point","coordinates":[-52.21329299128679,-10.34590758240649]},"properties":{"Fazenda":"FE","Campo":"FE 04","produtividade":168.03680000000003,"unidade_produtividade":"sc/ha","pontos_originais":25,"ano":"2026","cultura":"Milho"}},{"type":"Feature","geometry":{"type":"Point","coordinates":[-52.21306468561059,-10.34590844215749]},"properties":{"Fazenda":"FE","Campo":"FE 04","produtividade":172.13880000000006,"unidade_produtividade":"sc/ha","pontos_originais":25,"ano":"2026","cultura":"Milho"}},{"type":"Feature","geometry":{"type":"Point","coordinates":[-52.20484566797224,-10.345939285500387]},"properties":{"Fazenda":"FE","Campo":"FE 04","produtividade":185.6,"unidade_produtividade":"sc/ha","pontos_originais":25,"ano":"2026","cultura":"Milho"}},{"type":"Feature","geometry":{"type":"Point","coordinates":[-52.205073974366314,-10.345938431570648]},"properties":{"Fazenda":"FE","Campo":"FE 04","produtividade":189.01800000000003,"unidade_produtividade":"sc/ha","pontos_originais":25,"ano":"2026","cultura":"Milho"}},{"type":"Feature","geometry":{"type":"Point","coordinates":[-52.204617361558306,-10.345940139268421]},"properties":{"Fazenda":"FE","Campo":"FE 04","produtividade":178.8216,"unidade_produtividade":"sc/ha","pontos_originais":25,"ano":"2026","cultura":"Milho"}},{"type":"Feature","geometry":{"type":"Point","coordinates":[-52.2043890551245,-10.345940992874755]},"properties":{"Fazenda":"FE","Campo":"FE 04","produtividade":168.74519999999995,"unidade_produtividade":"sc/ha","pontos_originais":25,"ano":"2026","cultura":"Milho"}},{"type":"Feature","geometry":{"type":"Point","coordinates":[-52.21215146270575,-10.345911879544476]},"properties":{"Fazenda":"FE","Campo":"FE 04","produtividade":194.822,"unidade_produtividade":"sc/ha","pontos_originais":25,"ano":"2026","cultura":"Milho"}},{"type":"Feature","geometry":{"type":"Point","coordinates":[-52.21237976846197,-10.34591102044028]},"properties":{"Fazenda":"FE","Campo":"FE 04","produtividade":192.34040000000002,"unidade_produtividade":"sc/ha","pontos_originais":25,"ano":"2026","cultura":"Milho"}},{"type":"Feature","geometry":{"type":"Point","coordinates":[-52.21192315692955,-10.345912738486975]},"properties":{"Fazenda":"FE","Campo":"FE 04","produtividade":194.8524,"unidade_produtividade":"sc/ha","pontos_originais":25,"ano":"2026","cultura":"Milho"}},{"type":"Feature","geometry":{"type":"Point","coordinates":[-52.21169485113338,-10.345913597267767]},"properties":{"Fazenda":"FE","Campo":"FE 04","produtividade":194.86039999999997,"unidade_produtividade":"sc/ha","pontos_originais":25,"ano":"2026","cultura":"Milho"}},{"type":"Feature","geometry":{"type":"Point","coordinates":[-52.212836379914386,-10.345909301746788]},"properties":{"Fazenda":"FE","Campo":"FE 04","produtividade":177.938,"unidade_produtividade":"sc/ha","pontos_originais":25,"ano":"2026","cultura":"Milho"}},{"type":"Feature","geometry":{"type":"Point","coordinates":[-52.21260807419817,-10.345910161174386]},"properties":{"Fazenda":"FE","Campo":"FE 04","produtividade":185.85199999999998,"unidade_produtividade":"sc/ha","pontos_originais":25,"ano":"2026","cultura":"Milho"}},{"type":"Feature","geometry":{"type":"Point","coordinates":[-52.20712873101808,-10.34593073892638]},"properties":{"Fazenda":"FE","Campo":"FE 04","produtividade":186.80639999999997,"unidade_produtividade":"sc/ha","pontos_originais":25,"ano":"2026","cultura":"Milho"}},{"type":"Feature","geometry":{"type":"Point","coordinates":[-52.206900424803024,-10.345931594311445]},"properties":{"Fazenda":"FE","Campo":"FE 04","produtividade":186.7716,"unidade_produtividade":"sc/ha","pontos_originais":25,"ano":"2026","cultura":"Milho"}},{"type":"Feature","geometry":{"type":"Point","coordinates":[-52.20667211856806,-10.345932449534804]},"properties":{"Fazenda":"FE","Campo":"FE 04","produtividade":187.648,"unidade_produtividade":"sc/ha","pontos_originais":25,"ano":"2026","cultura":"Milho"}},{"type":"Feature","geometry":{"type":"Point","coordinates":[-52.2064438123132,-10.34593330459646]},"properties":{"Fazenda":"FE","Campo":"FE 04","produtividade":188.06199999999998,"unidade_produtividade":"sc/ha","pontos_originais":25,"ano":"2026","cultura":"Milho"}},{"type":"Feature","geometry":{"type":"Point","coordinates":[-52.207813649543795,-10.345928171800983]},"properties":{"Fazenda":"FE","Campo":"FE 04","produtividade":185.22240000000002,"unidade_produtividade":"sc/ha","pontos_originais":25,"ano":"2026","cultura":"Milho"}},{"type":"Feature","geometry":{"type":"Point","coordinates":[-52.207585343388466,-10.345929027671154]},"properties":{"Fazenda":"FE","Campo":"FE 04","produtividade":185.6324,"unidade_produtividade":"sc/ha","pontos_originais":25,"ano":"2026","cultura":"Milho"}},{"type":"Feature","geometry":{"type":"Point","coordinates":[-52.20735703721324,-10.345929883379618]},"properties":{"Fazenda":"FE","Campo":"FE 04","produtividade":186.5264,"unidade_produtividade":"sc/ha","pontos_originais":25,"ano":"2026","cultura":"Milho"}},{"type":"Feature","geometry":{"type":"Point","coordinates":[-52.205530587094806,-10.345936723226062]},"properties":{"Fazenda":"FE","Campo":"FE 04","produtividade":191.4284,"unidade_produtividade":"sc/ha","pontos_originais":25,"ano":"2026","cultura":"Milho"}},{"type":"Feature","geometry":{"type":"Point","coordinates":[-52.20575889342924,-10.345935868811214]},"properties":{"Fazenda":"FE","Campo":"FE 04","produtividade":190.54920000000004,"unidade_produtividade":"sc/ha","pontos_originais":25,"ano":"2026","cultura":"Milho"}},{"type":"Feature","geometry":{"type":"Point","coordinates":[-52.20530228074049,-10.345937577479205]},"properties":{"Fazenda":"FE","Campo":"FE 04","produtividade":192.3488,"unidade_produtividade":"sc/ha","pontos_originais":25,"ano":"2026","cultura":"Milho"}},{"type":"Feature","geometry":{"type":"Point","coordinates":[-52.206215506038454,-10.345934159496416]},"properties":{"Fazenda":"FE","Campo":"FE 04","produtividade":188.2248,"unidade_produtividade":"sc/ha","pontos_originais":25,"ano":"2026","cultura":"Milho"}},{"type":"Feature","geometry":{"type":"Point","coordinates":[-52.205987199743795,-10.345935014234668]},"properties":{"Fazenda":"FE","Campo":"FE 04","produtividade":188.4052,"unidade_produtividade":"sc/ha","pontos_originais":25,"ano":"2026","cultura":"Milho"}},{"type":"Feature","geometry":{"type":"Point","coordinates":[-52.20849856789021,-10.345925603220266]},"properties":{"Fazenda":"FE","Campo":"FE 04","produtividade":188.424,"unidade_produtividade":"sc/ha","pontos_originais":25,"ano":"2026","cultura":"Milho"}},{"type":"Feature","geometry":{"type":"Point","coordinates":[-52.20872687396582,-10.345924746703293]},"properties":{"Fazenda":"FE","Campo":"FE 04","produtividade":191.11559999999994,"unidade_produtividade":"sc/ha","pontos_originais":25,"ano":"2026","cultura":"Milho"}},{"type":"Feature","geometry":{"type":"Point","coordinates":[-52.20827026179465,-10.345926459575542]},"properties":{"Fazenda":"FE","Campo":"FE 04","produtividade":186.26559999999998,"unidade_produtividade":"sc/ha","pontos_originais":25,"ano":"2026","cultura":"Milho"}},{"type":"Feature","geometry":{"type":"Point","coordinates":[-52.208041955679185,-10.345927315769115]},"properties":{"Fazenda":"FE","Campo":"FE 04","produtividade":185.1696,"unidade_produtividade":"sc/ha","pontos_originais":25,"ano":"2026","cultura":"Milho"}},{"type":"Feature","geometry":{"type":"Point","coordinates":[-52.210781627748844,-10.34591703077394]},"properties":{"Fazenda":"FE","Campo":"FE 04","produtividade":197.06119999999999,"unidade_produtividade":"sc/ha","pontos_originais":25,"ano":"2026","cultura":"Milho"}},{"type":"Feature","geometry":{"type":"Point","coordinates":[-52.21055332185278,-10.345917888746225]},"properties":{"Fazenda":"FE","Campo":"FE 04","produtividade":196.3428,"unidade_produtividade":"sc/ha","pontos_originais":25,"ano":"2026","cultura":"Milho"}},{"type":"Feature","geometry":{"type":"Point","coordinates":[-52.21032501593674,-10.345918746556816]},"properties":{"Fazenda":"FE","Campo":"FE 04","produtividade":196.30240000000006,"unidade_produtividade":"sc/ha","pontos_originais":25,"ano":"2026","cultura":"Milho"}},{"type":"Feature","geometry":{"type":"Point","coordinates":[-52.21009671000076,-10.3459196042057]},"properties":{"Fazenda":"FE","Campo":"FE 04","produtividade":193.11,"unidade_produtividade":"sc/ha","pontos_originais":25,"ano":"2026","cultura":"Milho"}},{"type":"Feature","geometry":{"type":"Point","coordinates":[-52.211466545317215,-10.345914455886861]},"properties":{"Fazenda":"FE","Campo":"FE 04","produtividade":194.10959999999994,"unidade_produtividade":"sc/ha","pontos_originais":25,"ano":"2026","cultura":"Milho"}},{"type":"Feature","geometry":{"type":"Point","coordinates":[-52.211238239481084,-10.345915314344252]},"properties":{"Fazenda":"FE","Campo":"FE 04","produtividade":194.58239999999998,"unidade_produtividade":"sc/ha","pontos_originais":25,"ano":"2026","cultura":"Milho"}},{"type":"Feature","geometry":{"type":"Point","coordinates":[-52.21100993362494,-10.345916172639948]},"properties":{"Fazenda":"FE","Campo":"FE 04","produtividade":197.0708,"unidade_produtividade":"sc/ha","pontos_originais":25,"ano":"2026","cultura":"Milho"}},{"type":"Feature","geometry":{"type":"Point","coordinates":[-52.20918348605726,-10.345923033184233]},"properties":{"Fazenda":"FE","Campo":"FE 04","produtividade":192.2624,"unidade_produtividade":"sc/ha","pontos_originais":25,"ano":"2026","cultura":"Milho"}},{"type":"Feature","geometry":{"type":"Point","coordinates":[-52.20941179207306,-10.345922176182153]},"properties":{"Fazenda":"FE","Campo":"FE 04","produtividade":189.56400000000002,"unidade_produtividade":"sc/ha","pontos_originais":25,"ano":"2026","cultura":"Milho"}},{"type":"Feature","geometry":{"type":"Point","coordinates":[-52.208955180021505,-10.345923890024615]},"properties":{"Fazenda":"FE","Campo":"FE 04","produtividade":192.50479999999996,"unidade_produtividade":"sc/ha","pontos_originais":25,"ano":"2026","cultura":"Milho"}},{"type":"Feature","geometry":{"type":"Point","coordinates":[-52.2098684040448,-10.345920461692888]},"properties":{"Fazenda":"FE","Campo":"FE 04","produtividade":190.1848,"unidade_produtividade":"sc/ha","pontos_originais":25,"ano":"2026","cultura":"Milho"}},{"type":"Feature","geometry":{"type":"Point","coordinates":[-52.2096400980689,-10.345921319018371]},"properties":{"Fazenda":"FE","Campo":"FE 04","produtividade":189.0428,"unidade_produtividade":"sc/ha","pontos_originais":25,"ano":"2026","cultura":"Milho"}},{"type":"Feature","geometry":{"type":"Point","coordinates":[-52.21369283020687,-10.34598519794795]},"properties":{"Fazenda":"FE","Campo":"FE 04","produtividade":166.3025,"unidade_produtividade":"sc/ha","pontos_originais":4,"ano":"2026","cultura":"Milho"}},{"type":"Feature","geometry":{"type":"Point","coordinates":[-52.21284158858774,-10.347265653390696]},"properties":{"Fazenda":"FE","Campo":"FE 04","produtividade":191.01399999999998,"unidade_produtividade":"sc/ha","pontos_originais":25,"ano":"2026","cultura":"Milho"}},{"type":"Feature","geometry":{"type":"Point","coordinates":[-52.212613281891606,-10.347266512933354]},"properties":{"Fazenda":"FE","Campo":"FE 04","produtividade":192.39480000000003,"unidade_produtividade":"sc/ha","pontos_originais":25,"ano":"2026","cultura":"Milho"}},{"type":"Feature","geometry":{"type":"Point","coordinates":[-52.21238497517551,-10.347267372314294]},"properties":{"Fazenda":"FE","Campo":"FE 04","produtividade":191.73319999999995,"unidade_produtividade":"sc/ha","pontos_originais":25,"ano":"2026","cultura":"Milho"}},{"type":"Feature","geometry":{"type":"Point","coordinates":[-52.212156668439405,-10.34726823153351]},"properties":{"Fazenda":"FE","Campo":"FE 04","produtividade":188.01719999999997,"unidade_produtividade":"sc/ha","pontos_originais":25,"ano":"2026","cultura":"Milho"}},{"type":"Feature","geometry":{"type":"Point","coordinates":[-52.21352650855602,-10.34726307379238]},"properties":{"Fazenda":"FE","Campo":"FE 04","produtividade":190.80360000000002,"unidade_produtividade":"sc/ha","pontos_originais":25,"ano":"2026","cultura":"Milho"}},{"type":"Feature","geometry":{"type":"Point","coordinates":[-52.21329820191994,-10.347263933820209]},"properties":{"Fazenda":"FE","Campo":"FE 04","produtividade":190.86880000000005,"unidade_produtividade":"sc/ha","pontos_originais":25,"ano":"2026","cultura":"Milho"}},{"type":"Feature","geometry":{"type":"Point","coordinates":[-52.21306989526384,-10.34726479368631]},"properties":{"Fazenda":"FE","Campo":"FE 04","produtividade":191.34960000000004,"unidade_produtividade":"sc/ha","pontos_originais":25,"ano":"2026","cultura":"Milho"}},{"type":"Feature","geometry":{"type":"Point","coordinates":[-52.2112434412951,-10.347271666793144]},"properties":{"Fazenda":"FE","Campo":"FE 04","produtividade":188.4152,"unidade_produtividade":"sc/ha","pontos_originais":25,"ano":"2026","cultura":"Milho"}},{"type":"Feature","geometry":{"type":"Point","coordinates":[-52.21147174811114,-10.34727080822082]},"properties":{"Fazenda":"FE","Campo":"FE 04","produtividade":184.2312,"unidade_produtividade":"sc/ha","pontos_originais":25,"ano":"2026","cultura":"Milho"}},{"type":"Feature","geometry":{"type":"Point","coordinates":[-52.21101513445907,-10.347272525203746]},"properties":{"Fazenda":"FE","Campo":"FE 04","produtividade":187.90720000000002,"unidade_produtividade":"sc/ha","pontos_originais":25,"ano":"2026","cultura":"Milho"}},{"type":"Feature","geometry":{"type":"Point","coordinates":[-52.21078682760306,-10.347273383452627]},"properties":{"Fazenda":"FE","Campo":"FE 04","produtividade":189.03239999999997,"unidade_produtividade":"sc/ha","pontos_originais":25,"ano":"2026","cultura":"Milho"}},{"type":"Feature","geometry":{"type":"Point","coordinates":[-52.21192836168329,-10.347269090590999]},"properties":{"Fazenda":"FE","Campo":"FE 04","produtividade":183.4756,"unidade_produtividade":"sc/ha","pontos_originais":25,"ano":"2026","cultura":"Milho"}},{"type":"Feature","geometry":{"type":"Point","coordinates":[-52.211700054907205,-10.347269949486769]},"properties":{"Fazenda":"FE","Campo":"FE 04","produtividade":182.60080000000002,"unidade_produtividade":"sc/ha","pontos_originais":25,"ano":"2026","cultura":"Milho"}},{"type":"Feature","geometry":{"type":"Point","coordinates":[-52.20416592010764,-10.347298202320442]},"properties":{"Fazenda":"FE","Campo":"FE 04","produtividade":160.0396,"unidade_produtividade":"sc/ha","pontos_originais":25,"ano":"2026","cultura":"Milho"}},{"type":"Feature","geometry":{"type":"Point","coordinates":[-52.20439422754122,-10.347297348761549]},"properties":{"Fazenda":"FE","Campo":"FE 04","produtividade":162.942,"unidade_produtividade":"sc/ha","pontos_originais":25,"ano":"2026","cultura":"Milho"}},{"type":"Feature","geometry":{"type":"Point","coordinates":[-52.20393761265421,-10.347299055717606]},"properties":{"Fazenda":"FE","Campo":"FE 04","produtividade":160.09119999999996,"unidade_produtividade":"sc/ha","pontos_originais":25,"ano":"2026","cultura":"Milho"}},{"type":"Feature","geometry":{"type":"Point","coordinates":[-52.21530747362125,-10.347301571705945]},"properties":{"Fazenda":"FE","Campo":"FE 04","produtividade":157.171,"unidade_produtividade":"sc/ha","pontos_originais":10,"ano":"2026","cultura":"Milho"}},{"type":"Feature","geometry":{"type":"Point","coordinates":[-52.21512465444803,-10.34725704906938]},"properties":{"Fazenda":"FE","Campo":"FE 04","produtividade":163.71320000000003,"unidade_produtividade":"sc/ha","pontos_originais":25,"ano":"2026","cultura":"Milho"}},{"type":"Feature","geometry":{"type":"Point","coordinates":[-52.2048508423488,-10.347295641158594]},"properties":{"Fazenda":"FE","Campo":"FE 04","produtividade":174.31159999999997,"unidade_produtividade":"sc/ha","pontos_originais":25,"ano":"2026","cultura":"Milho"}},{"type":"Feature","geometry":{"type":"Point","coordinates":[-52.20507914972278,-10.347294787114532]},"properties":{"Fazenda":"FE","Campo":"FE 04","produtividade":178.58199999999997,"unidade_produtividade":"sc/ha","pontos_originais":25,"ano":"2026","cultura":"Milho"}},{"type":"Feature","geometry":{"type":"Point","coordinates":[-52.20462253495495,-10.347296495040936]},"properties":{"Fazenda":"FE","Campo":"FE 04","produtividade":167.78840000000002,"unidade_produtividade":"sc/ha","pontos_originais":25,"ano":"2026","cultura":"Milho"}},{"type":"Feature","geometry":{"type":"Point","coordinates":[-52.2142114283442,-10.347260492738572]},"properties":{"Fazenda":"FE","Campo":"FE 04","produtividade":183.69160000000002,"unidade_produtividade":"sc/ha","pontos_originais":25,"ano":"2026","cultura":"Milho"}},{"type":"Feature","geometry":{"type":"Point","coordinates":[-52.21443973490022,-10.347259632063858]},"properties":{"Fazenda":"FE","Campo":"FE 04","produtividade":182.446,"unidade_produtividade":"sc/ha","pontos_originais":25,"ano":"2026","cultura":"Milho"}},{"type":"Feature","geometry":{"type":"Point","coordinates":[-52.213983121768166,-10.347261353251561]},"properties":{"Fazenda":"FE","Campo":"FE 04","produtividade":185.63320000000004,"unidade_produtividade":"sc/ha","pontos_originais":25,"ano":"2026","cultura":"Milho"}},{"type":"Feature","geometry":{"type":"Point","coordinates":[-52.21375481517211,-10.347262213602832]},"properties":{"Fazenda":"FE","Campo":"FE 04","produtividade":188.81439999999998,"unidade_produtividade":"sc/ha","pontos_originais":25,"ano":"2026","cultura":"Milho"}},{"type":"Feature","geometry":{"type":"Point","coordinates":[-52.214896347952134,-10.347257910229262]},"properties":{"Fazenda":"FE","Campo":"FE 04","produtividade":174.8116,"unidade_produtividade":"sc/ha","pontos_originais":25,"ano":"2026","cultura":"Milho"}},{"type":"Feature","geometry":{"type":"Point","coordinates":[-52.21466804143619,-10.347258771227422]},"properties":{"Fazenda":"FE","Campo":"FE 04","produtividade":181.05200000000002,"unidade_produtividade":"sc/ha","pontos_originais":25,"ano":"2026","cultura":"Milho"}},{"type":"Feature","geometry":{"type":"Point","coordinates":[-52.206905607998806,-10.347287948939936]},"properties":{"Fazenda":"FE","Campo":"FE 04","produtividade":187.22,"unidade_produtividade":"sc/ha","pontos_originais":25,"ano":"2026","cultura":"Milho"}},{"type":"Feature","geometry":{"type":"Point","coordinates":[-52.20713391519378,-10.347287093440354]},"properties":{"Fazenda":"FE","Campo":"FE 04","produtividade":184.0772,"unidade_produtividade":"sc/ha","pontos_originais":25,"ano":"2026","cultura":"Milho"}},{"type":"Feature","geometry":{"type":"Point","coordinates":[-52.20667730078395,-10.347288804277795]},"properties":{"Fazenda":"FE","Campo":"FE 04","produtividade":184.512,"unidade_produtividade":"sc/ha","pontos_originais":25,"ano":"2026","cultura":"Milho"}},{"type":"Feature","geometry":{"type":"Point","coordinates":[-52.206448993549174,-10.347289659453931]},"properties":{"Fazenda":"FE","Campo":"FE 04","produtividade":182.2428,"unidade_produtividade":"sc/ha","pontos_originais":25,"ano":"2026","cultura":"Milho"}},{"type":"Feature","geometry":{"type":"Point","coordinates":[-52.207590529523976,-10.347285381956016]},"properties":{"Fazenda":"FE","Campo":"FE 04","produtividade":183.1268,"unidade_produtividade":"sc/ha","pontos_originais":25,"ano":"2026","cultura":"Milho"}},{"type":"Feature","geometry":{"type":"Point","coordinates":[-52.207818836659214,-10.347284525971265]},"properties":{"Fazenda":"FE","Campo":"FE 04","produtividade":185.15479999999997,"unidade_produtividade":"sc/ha","pontos_originais":25,"ano":"2026","cultura":"Milho"}},{"type":"Feature","geometry":{"type":"Point","coordinates":[-52.20736222236881,-10.347286237779048]},"properties":{"Fazenda":"FE","Campo":"FE 04","produtividade":183.012,"unidade_produtividade":"sc/ha","pontos_originais":25,"ano":"2026","cultura":"Milho"}},{"type":"Feature","geometry":{"type":"Point","coordinates":[-52.20553576441112,-10.347293078541227]},"properties":{"Fazenda":"FE","Campo":"FE 04","produtividade":184.7732,"unidade_produtividade":"sc/ha","pontos_originais":25,"ano":"2026","cultura":"Milho"}},{"type":"Feature","geometry":{"type":"Point","coordinates":[-52.2053074570769,-10.347293932908743]},"properties":{"Fazenda":"FE","Campo":"FE 04","produtividade":183.4784,"unidade_produtividade":"sc/ha","pontos_originais":25,"ano":"2026","cultura":"Milho"}},{"type":"Feature","geometry":{"type":"Point","coordinates":[-52.2062206862945,-10.347290514468341]},"properties":{"Fazenda":"FE","Campo":"FE 04","produtividade":180.12480000000002,"unidade_produtividade":"sc/ha","pontos_originais":25,"ano":"2026","cultura":"Milho"}},{"type":"Feature","geometry":{"type":"Point","coordinates":[-52.205992379019925,-10.347291369321029]},"properties":{"Fazenda":"FE","Campo":"FE 04","produtividade":180.92680000000001,"unidade_produtividade":"sc/ha","pontos_originais":25,"ano":"2026","cultura":"Milho"}},{"type":"Feature","geometry":{"type":"Point","coordinates":[-52.20576407172546,-10.347292224011987]},"properties":{"Fazenda":"FE","Campo":"FE 04","produtividade":183.5296,"unidade_produtividade":"sc/ha","pontos_originais":25,"ano":"2026","cultura":"Milho"}},{"type":"Feature","geometry":{"type":"Point","coordinates":[-52.20987359997939,-10.347276814830918]},"properties":{"Fazenda":"FE","Campo":"FE 04","produtividade":185.79240000000001,"unidade_produtividade":"sc/ha","pontos_originais":25,"ano":"2026","cultura":"Milho"}},{"type":"Feature","geometry":{"type":"Point","coordinates":[-52.2096452930236,-10.347277672271183]},"properties":{"Fazenda":"FE","Campo":"FE 04","produtividade":185.39879999999997,"unidade_produtividade":"sc/ha","pontos_originais":25,"ano":"2026","cultura":"Milho"}},{"type":"Feature","geometry":{"type":"Point","coordinates":[-52.209416986047835,-10.347278529549726]},"properties":{"Fazenda":"FE","Campo":"FE 04","produtividade":185.8132,"unidade_produtividade":"sc/ha","pontos_originais":25,"ano":"2026","cultura":"Milho"}},{"type":"Feature","geometry":{"type":"Point","coordinates":[-52.20918867905212,-10.347279386666541]},"properties":{"Fazenda":"FE","Campo":"FE 04","produtividade":187.4476,"unidade_produtividade":"sc/ha","pontos_originais":25,"ano":"2026","cultura":"Milho"}},{"type":"Feature","geometry":{"type":"Point","coordinates":[-52.21055852072708,-10.347274241539782]},"properties":{"Fazenda":"FE","Campo":"FE 04","produtividade":187.70000000000005,"unidade_produtividade":"sc/ha","pontos_originais":25,"ano":"2026","cultura":"Milho"}},{"type":"Feature","geometry":{"type":"Point","coordinates":[-52.210330213831156,-10.347275099465216]},"properties":{"Fazenda":"FE","Campo":"FE 04","produtividade":187.47520000000003,"unidade_produtividade":"sc/ha","pontos_originais":25,"ano":"2026","cultura":"Milho"}},{"type":"Feature","geometry":{"type":"Point","coordinates":[-52.21010190691525,-10.347275957228929]},"properties":{"Fazenda":"FE","Campo":"FE 04","produtividade":187.52720000000002,"unidade_produtividade":"sc/ha","pontos_originais":25,"ano":"2026","cultura":"Milho"}},{"type":"Feature","geometry":{"type":"Point","coordinates":[-52.208503757945365,-10.34728195704666]},"properties":{"Fazenda":"FE","Campo":"FE 04","produtividade":186.87000000000003,"unidade_produtividade":"sc/ha","pontos_originais":25,"ano":"2026","cultura":"Milho"}},{"type":"Feature","geometry":{"type":"Point","coordinates":[-52.2082754508699,-10.347282813516586]},"properties":{"Fazenda":"FE","Campo":"FE 04","produtividade":186.05599999999998,"unidade_produtividade":"sc/ha","pontos_originais":25,"ano":"2026","cultura":"Milho"}},{"type":"Feature","geometry":{"type":"Point","coordinates":[-52.20804714377451,-10.347283669824783]},"properties":{"Fazenda":"FE","Campo":"FE 04","produtividade":185.44879999999995,"unidade_produtividade":"sc/ha","pontos_originais":25,"ano":"2026","cultura":"Milho"}},{"type":"Feature","geometry":{"type":"Point","coordinates":[-52.20896037203647,-10.34728024362164]},"properties":{"Fazenda":"FE","Campo":"FE 04","produtividade":187.2304,"unidade_produtividade":"sc/ha","pontos_originais":25,"ano":"2026","cultura":"Milho"}},{"type":"Feature","geometry":{"type":"Point","coordinates":[-52.20873206500089,-10.34728110041501]},"properties":{"Fazenda":"FE","Campo":"FE 04","produtividade":186.96519999999998,"unidade_produtividade":"sc/ha","pontos_originais":25,"ano":"2026","cultura":"Milho"}},{"type":"Feature","geometry":{"type":"Point","coordinates":[-52.20380080051414,-10.347344779555621]},"properties":{"Fazenda":"FE","Campo":"FE 04","produtividade":161.59,"unidade_produtividade":"sc/ha","pontos_originais":3,"ano":"2026","cultura":"Milho"}},{"type":"Feature","geometry":{"type":"Point","coordinates":[-52.213753946356576,-10.347036155080355]},"properties":{"Fazenda":"FE","Campo":"FE 04","produtividade":185.62800000000004,"unidade_produtividade":"sc/ha","pontos_originais":25,"ano":"2026","cultura":"Milho"}},{"type":"Feature","geometry":{"type":"Point","coordinates":[-52.2139822527893,-10.347035294748277]},"properties":{"Fazenda":"FE","Campo":"FE 04","produtividade":178.72719999999998,"unidade_produtividade":"sc/ha","pontos_originais":25,"ano":"2026","cultura":"Milho"}},{"type":"Feature","geometry":{"type":"Point","coordinates":[-52.21352563990382,-10.347037015250713]},"properties":{"Fazenda":"FE","Campo":"FE 04","produtividade":189.24,"unidade_produtividade":"sc/ha","pontos_originais":25,"ano":"2026","cultura":"Milho"}},{"type":"Feature","geometry":{"type":"Point","coordinates":[-52.21329733343104,-10.347037875259348]},"properties":{"Fazenda":"FE","Campo":"FE 04","produtividade":189.0356,"unidade_produtividade":"sc/ha","pontos_originais":25,"ano":"2026","cultura":"Milho"}},{"type":"Feature","geometry":{"type":"Point","coordinates":[-52.21466717196735,-10.347032712781743]},"properties":{"Fazenda":"FE","Campo":"FE 04","produtividade":173.01799999999994,"unidade_produtividade":"sc/ha","pontos_originais":25,"ano":"2026","cultura":"Milho"}},{"type":"Feature","geometry":{"type":"Point","coordinates":[-52.214438865594694,-10.34703357359897]},"properties":{"Fazenda":"FE","Campo":"FE 04","produtividade":173.13519999999997,"unidade_produtividade":"sc/ha","pontos_originais":25,"ano":"2026","cultura":"Milho"}},{"type":"Feature","geometry":{"type":"Point","coordinates":[-52.214210559202,-10.347034434254484]},"properties":{"Fazenda":"FE","Campo":"FE 04","produtividade":172.78599999999997,"unidade_produtividade":"sc/ha","pontos_originais":25,"ano":"2026","cultura":"Milho"}},{"type":"Feature","geometry":{"type":"Point","coordinates":[-52.21238410733993,-10.34704131367672]},"properties":{"Fazenda":"FE","Campo":"FE 04","produtividade":189.32239999999993,"unidade_produtividade":"sc/ha","pontos_originais":25,"ano":"2026","cultura":"Milho"}},{"type":"Feature","geometry":{"type":"Point","coordinates":[-52.21215580076714,-10.347042172876762]},"properties":{"Fazenda":"FE","Campo":"FE 04","produtividade":185.74599999999998,"unidade_produtividade":"sc/ha","pontos_originais":25,"ano":"2026","cultura":"Milho"}},{"type":"Feature","geometry":{"type":"Point","coordinates":[-52.211927494174375,-10.347043031915089]},"properties":{"Fazenda":"FE","Campo":"FE 04","produtividade":181.99119999999996,"unidade_produtividade":"sc/ha","pontos_originais":25,"ano":"2026","cultura":"Milho"}},{"type":"Feature","geometry":{"type":"Point","coordinates":[-52.211699187561614,-10.347043890791698]},"properties":{"Fazenda":"FE","Campo":"FE 04","produtividade":182.6996,"unidade_produtividade":"sc/ha","pontos_originais":25,"ano":"2026","cultura":"Milho"}},{"type":"Feature","geometry":{"type":"Point","coordinates":[-52.21306902693827,-10.34703873510627]},"properties":{"Fazenda":"FE","Campo":"FE 04","produtividade":189.19520000000003,"unidade_produtividade":"sc/ha","pontos_originais":25,"ano":"2026","cultura":"Milho"}},{"type":"Feature","geometry":{"type":"Point","coordinates":[-52.21284072042549,-10.347039594791472]},"properties":{"Fazenda":"FE","Campo":"FE 04","produtividade":189.4564,"unidade_produtividade":"sc/ha","pontos_originais":25,"ano":"2026","cultura":"Milho"}},{"type":"Feature","geometry":{"type":"Point","coordinates":[-52.212612413892714,-10.347040454314957]},"properties":{"Fazenda":"FE","Campo":"FE 04","produtividade":190.8292,"unidade_produtividade":"sc/ha","pontos_originais":25,"ano":"2026","cultura":"Milho"}},{"type":"Feature","geometry":{"type":"Point","coordinates":[-52.20553490147536,-10.347067019330124]},"properties":{"Fazenda":"FE","Campo":"FE 04","produtividade":185.7004,"unidade_produtividade":"sc/ha","pontos_originais":25,"ano":"2026","cultura":"Milho"}},{"type":"Feature","geometry":{"type":"Point","coordinates":[-52.20530659430446,-10.34706787367858]},"properties":{"Fazenda":"FE","Campo":"FE 04","produtividade":181.7132,"unidade_produtividade":"sc/ha","pontos_originais":25,"ano":"2026","cultura":"Milho"}},{"type":"Feature","geometry":{"type":"Point","coordinates":[-52.205078287113686,-10.347068727865308]},"properties":{"Fazenda":"FE","Campo":"FE 04","produtividade":176.54240000000001,"unidade_produtividade":"sc/ha","pontos_originais":25,"ano":"2026","cultura":"Milho"}},{"type":"Feature","geometry":{"type":"Point","coordinates":[-52.20484997990302,-10.34706958189032]},"properties":{"Fazenda":"FE","Campo":"FE 04","produtividade":174.00879999999998,"unidade_produtividade":"sc/ha","pontos_originais":25,"ano":"2026","cultura":"Milho"}},{"type":"Feature","geometry":{"type":"Point","coordinates":[-52.206219822868746,-10.347064455314449]},"properties":{"Fazenda":"FE","Campo":"FE 04","produtividade":177.72240000000002,"unidade_produtividade":"sc/ha","pontos_originais":25,"ano":"2026","cultura":"Milho"}},{"type":"Feature","geometry":{"type":"Point","coordinates":[-52.20644812996009,-10.347063600319109]},"properties":{"Fazenda":"FE","Campo":"FE 04","produtividade":178.8116,"unidade_produtividade":"sc/ha","pontos_originais":25,"ano":"2026","cultura":"Milho"}},{"type":"Feature","geometry":{"type":"Point","coordinates":[-52.2059915157575,-10.347065310148059]},"properties":{"Fazenda":"FE","Campo":"FE 04","produtividade":181.40239999999997,"unidade_produtividade":"sc/ha","pontos_originais":25,"ano":"2026","cultura":"Milho"}},{"type":"Feature","geometry":{"type":"Point","coordinates":[-52.20576320862638,-10.347066164819953]},"properties":{"Fazenda":"FE","Campo":"FE 04","produtividade":183.81439999999995,"unidade_produtividade":"sc/ha","pontos_originais":25,"ano":"2026","cultura":"Milho"}},{"type":"Feature","geometry":{"type":"Point","coordinates":[-52.20416505815186,-10.347072142995025]},"properties":{"Fazenda":"FE","Campo":"FE 04","produtividade":161.46280000000002,"unidade_produtividade":"sc/ha","pontos_originais":25,"ano":"2026","cultura":"Milho"}},{"type":"Feature","geometry":{"type":"Point","coordinates":[-52.203949227488714,-10.347079115085641]},"properties":{"Fazenda":"FE","Campo":"FE 04","produtividade":160.01590909090908,"unidade_produtividade":"sc/ha","pontos_originais":22,"ano":"2026","cultura":"Milho"}},{"type":"Feature","geometry":{"type":"Point","coordinates":[-52.21506313489954,-10.347091502563623]},"properties":{"Fazenda":"FE","Campo":"FE 04","produtividade":163.39333333333332,"unidade_produtividade":"sc/ha","pontos_originais":6,"ano":"2026","cultura":"Milho"}},{"type":"Feature","geometry":{"type":"Point","coordinates":[-52.21489168770906,-10.347035633794405]},"properties":{"Fazenda":"FE","Campo":"FE 04","produtividade":169.26874999999998,"unidade_produtividade":"sc/ha","pontos_originais":24,"ano":"2026","cultura":"Milho"}},{"type":"Feature","geometry":{"type":"Point","coordinates":[-52.2046216726725,-10.347070435753613]},"properties":{"Fazenda":"FE","Campo":"FE 04","produtividade":169.95680000000002,"unidade_produtividade":"sc/ha","pontos_originais":25,"ano":"2026","cultura":"Milho"}},{"type":"Feature","geometry":{"type":"Point","coordinates":[-52.20439336542212,-10.347071289455176]},"properties":{"Fazenda":"FE","Campo":"FE 04","produtividade":166.06400000000002,"unidade_produtividade":"sc/ha","pontos_originais":25,"ano":"2026","cultura":"Milho"}},{"type":"Feature","geometry":{"type":"Point","coordinates":[-52.208046279042165,-10.3470576108236]},"properties":{"Fazenda":"FE","Campo":"FE 04","produtividade":183.62039999999996,"unidade_produtividade":"sc/ha","pontos_originais":25,"ano":"2026","cultura":"Milho"}},{"type":"Feature","geometry":{"type":"Point","coordinates":[-52.207817972090176,-10.347058466950976]},"properties":{"Fazenda":"FE","Campo":"FE 04","produtividade":183.65240000000003,"unidade_produtividade":"sc/ha","pontos_originais":25,"ano":"2026","cultura":"Milho"}},{"type":"Feature","geometry":{"type":"Point","coordinates":[-52.207589665118284,-10.34705932291663]},"properties":{"Fazenda":"FE","Campo":"FE 04","produtividade":182.34759999999997,"unidade_produtividade":"sc/ha","pontos_originais":25,"ano":"2026","cultura":"Milho"}},{"type":"Feature","geometry":{"type":"Point","coordinates":[-52.207361358126455,-10.34706017872057]},"properties":{"Fazenda":"FE","Campo":"FE 04","produtividade":183.18960000000004,"unidade_produtividade":"sc/ha","pontos_originais":25,"ano":"2026","cultura":"Milho"}},{"type":"Feature","geometry":{"type":"Point","coordinates":[-52.20873119977853,-10.347055041471153]},"properties":{"Fazenda":"FE","Campo":"FE 04","produtividade":187.22920000000002,"unidade_produtividade":"sc/ha","pontos_originais":25,"ano":"2026","cultura":"Milho"}},{"type":"Feature","geometry":{"type":"Point","coordinates":[-52.20850289288634,-10.347055898083687]},"properties":{"Fazenda":"FE","Campo":"FE 04","produtividade":185.11840000000004,"unidade_produtividade":"sc/ha","pontos_originais":25,"ano":"2026","cultura":"Milho"}},{"type":"Feature","geometry":{"type":"Point","coordinates":[-52.208274585974195,-10.347056754534506]},"properties":{"Fazenda":"FE","Campo":"FE 04","produtividade":183.74719999999996,"unidade_produtividade":"sc/ha","pontos_originais":25,"ano":"2026","cultura":"Milho"}},{"type":"Feature","geometry":{"type":"Point","coordinates":[-52.20667643703154,-10.34706274516206]},"properties":{"Fazenda":"FE","Campo":"FE 04","produtividade":180.92439999999996,"unidade_produtividade":"sc/ha","pontos_originais":25,"ano":"2026","cultura":"Milho"}},{"type":"Feature","geometry":{"type":"Point","coordinates":[-52.20713305111471,-10.347061034362785]},"properties":{"Fazenda":"FE","Campo":"FE 04","produtividade":182.518,"unidade_produtividade":"sc/ha","pontos_originais":25,"ano":"2026","cultura":"Milho"}},{"type":"Feature","geometry":{"type":"Point","coordinates":[-52.20690474408307,-10.347061889843282]},"properties":{"Fazenda":"FE","Campo":"FE 04","produtividade":185.2064,"unidade_produtividade":"sc/ha","pontos_originais":25,"ano":"2026","cultura":"Milho"}},{"type":"Feature","geometry":{"type":"Point","coordinates":[-52.21101426760344,-10.347046466451207]},"properties":{"Fazenda":"FE","Campo":"FE 04","produtividade":192.4556,"unidade_produtividade":"sc/ha","pontos_originais":25,"ano":"2026","cultura":"Milho"}},{"type":"Feature","geometry":{"type":"Point","coordinates":[-52.21078596091076,-10.347047324680938]},"properties":{"Fazenda":"FE","Campo":"FE 04","produtividade":192.7716,"unidade_produtividade":"sc/ha","pontos_originais":25,"ano":"2026","cultura":"Milho"}},{"type":"Feature","geometry":{"type":"Point","coordinates":[-52.210557654198126,-10.347048182748951]},"properties":{"Fazenda":"FE","Campo":"FE 04","produtividade":190.59999999999997,"unidade_produtividade":"sc/ha","pontos_originais":25,"ano":"2026","cultura":"Milho"}},{"type":"Feature","geometry":{"type":"Point","coordinates":[-52.2103293474655,-10.347049040655243]},"properties":{"Fazenda":"FE","Campo":"FE 04","produtividade":190.68959999999996,"unidade_produtividade":"sc/ha","pontos_originais":25,"ano":"2026","cultura":"Milho"}},{"type":"Feature","geometry":{"type":"Point","coordinates":[-52.211470880928864,-10.347044749506585]},"properties":{"Fazenda":"FE","Campo":"FE 04","produtividade":185.9312,"unidade_produtividade":"sc/ha","pontos_originais":25,"ano":"2026","cultura":"Milho"}},{"type":"Feature","geometry":{"type":"Point","coordinates":[-52.21124257427614,-10.347045608059757]},"properties":{"Fazenda":"FE","Campo":"FE 04","produtividade":189.832,"unidade_produtividade":"sc/ha","pontos_originais":25,"ano":"2026","cultura":"Milho"}},{"type":"Feature","geometry":{"type":"Point","coordinates":[-52.2094161203355,-10.34705247066322]},"properties":{"Fazenda":"FE","Campo":"FE 04","produtividade":189.03640000000007,"unidade_produtividade":"sc/ha","pontos_originais":25,"ano":"2026","cultura":"Milho"}},{"type":"Feature","geometry":{"type":"Point","coordinates":[-52.20964442714794,-10.347051613403808]},"properties":{"Fazenda":"FE","Campo":"FE 04","produtividade":189.43960000000004,"unidade_produtividade":"sc/ha","pontos_originais":25,"ano":"2026","cultura":"Milho"}},{"type":"Feature","geometry":{"type":"Point","coordinates":[-52.20918781350311,-10.347053327760918]},"properties":{"Fazenda":"FE","Campo":"FE 04","produtividade":189.71119999999996,"unidade_produtividade":"sc/ha","pontos_originais":25,"ano":"2026","cultura":"Milho"}},{"type":"Feature","geometry":{"type":"Point","coordinates":[-52.20895950665081,-10.347054184696894]},"properties":{"Fazenda":"FE","Campo":"FE 04","produtividade":189.22840000000005,"unidade_produtividade":"sc/ha","pontos_originais":25,"ano":"2026","cultura":"Milho"}},{"type":"Feature","geometry":{"type":"Point","coordinates":[-52.21010104071294,-10.347049898399819]},"properties":{"Fazenda":"FE","Campo":"FE 04","produtividade":190.8768,"unidade_produtividade":"sc/ha","pontos_originais":25,"ano":"2026","cultura":"Milho"}},{"type":"Feature","geometry":{"type":"Point","coordinates":[-52.20987273394041,-10.347050755982673]},"properties":{"Fazenda":"FE","Campo":"FE 04","produtividade":190.21439999999996,"unidade_produtividade":"sc/ha","pontos_originais":25,"ano":"2026","cultura":"Milho"}},{"type":"Feature","geometry":{"type":"Point","coordinates":[-52.205077424524454,-10.34684266861285]},"properties":{"Fazenda":"FE","Campo":"FE 04","produtividade":181.20600000000002,"unidade_produtividade":"sc/ha","pontos_originais":25,"ano":"2026","cultura":"Milho"}},{"type":"Feature","geometry":{"type":"Point","coordinates":[-52.20484911747713,-10.346843522618808]},"properties":{"Fazenda":"FE","Campo":"FE 04","produtividade":176.9212,"unidade_produtividade":"sc/ha","pontos_originais":25,"ano":"2026","cultura":"Milho"}},{"type":"Feature","geometry":{"type":"Point","coordinates":[-52.204620810409935,-10.346844376463043]},"properties":{"Fazenda":"FE","Campo":"FE 04","produtividade":173.28959999999998,"unidade_produtividade":"sc/ha","pontos_originais":25,"ano":"2026","cultura":"Milho"}},{"type":"Feature","geometry":{"type":"Point","coordinates":[-52.20439250332287,-10.346845230145563]},"properties":{"Fazenda":"FE","Campo":"FE 04","produtividade":168.9612,"unidade_produtividade":"sc/ha","pontos_originais":25,"ano":"2026","cultura":"Milho"}},{"type":"Feature","geometry":{"type":"Point","coordinates":[-52.205762345547164,-10.346840105624679]},"properties":{"Fazenda":"FE","Campo":"FE 04","produtividade":189.57119999999995,"unidade_produtividade":"sc/ha","pontos_originais":25,"ano":"2026","cultura":"Milho"}},{"type":"Feature","geometry":{"type":"Point","coordinates":[-52.20553403855948,-10.346840960115788]},"properties":{"Fazenda":"FE","Campo":"FE 04","produtividade":190.1968,"unidade_produtividade":"sc/ha","pontos_originais":25,"ano":"2026","cultura":"Milho"}},{"type":"Feature","geometry":{"type":"Point","coordinates":[-52.20530573155191,-10.346841814445174]},"properties":{"Fazenda":"FE","Campo":"FE 04","produtividade":186.4616,"unidade_produtividade":"sc/ha","pontos_originais":25,"ano":"2026","cultura":"Milho"}},{"type":"Feature","geometry":{"type":"Point","coordinates":[-52.214437996309215,-10.346807515130852]},"properties":{"Fazenda":"FE","Campo":"FE 04","produtividade":166.30720000000002,"unidade_produtividade":"sc/ha","pontos_originais":25,"ano":"2026","cultura":"Milho"}},{"type":"Feature","geometry":{"type":"Point","coordinates":[-52.214655488759774,-10.346821765890306]},"properties":{"Fazenda":"FE","Campo":"FE 04","produtividade":168.79761904761904,"unidade_produtividade":"sc/ha","pontos_originais":21,"ano":"2026","cultura":"Milho"}},{"type":"Feature","geometry":{"type":"Point","coordinates":[-52.21420969007984,-10.34680837576716]},"properties":{"Fazenda":"FE","Campo":"FE 04","produtividade":165.9512,"unidade_produtividade":"sc/ha","pontos_originais":25,"ano":"2026","cultura":"Milho"}},{"type":"Feature","geometry":{"type":"Point","coordinates":[-52.21398138383045,-10.346809236241759]},"properties":{"Fazenda":"FE","Campo":"FE 04","produtividade":171.35120000000003,"unidade_produtividade":"sc/ha","pontos_originais":25,"ano":"2026","cultura":"Milho"}},{"type":"Feature","geometry":{"type":"Point","coordinates":[-52.20416419621593,-10.346846083666367]},"properties":{"Fazenda":"FE","Campo":"FE 04","produtividade":163.68799999999996,"unidade_produtividade":"sc/ha","pontos_originais":25,"ano":"2026","cultura":"Milho"}},{"type":"Feature","geometry":{"type":"Point","coordinates":[-52.20397586438152,-10.346852439186799]},"properties":{"Fazenda":"FE","Campo":"FE 04","produtividade":160.103125,"unidade_produtividade":"sc/ha","pontos_originais":16,"ano":"2026","cultura":"Milho"}},{"type":"Feature","geometry":{"type":"Point","coordinates":[-52.21481879649804,-10.346881433195813]},"properties":{"Fazenda":"FE","Campo":"FE 04","produtividade":169.28,"unidade_produtividade":"sc/ha","pontos_originais":3,"ano":"2026","cultura":"Milho"}},{"type":"Feature","geometry":{"type":"Point","coordinates":[-52.20781710754105,-10.346832407927453]},"properties":{"Fazenda":"FE","Campo":"FE 04","produtividade":184.72080000000003,"unidade_produtividade":"sc/ha","pontos_originais":25,"ano":"2026","cultura":"Milho"}},{"type":"Feature","geometry":{"type":"Point","coordinates":[-52.20804541432972,-10.346831551819177]},"properties":{"Fazenda":"FE","Campo":"FE 04","produtividade":186.31520000000003,"unidade_produtividade":"sc/ha","pontos_originais":25,"ano":"2026","cultura":"Milho"}},{"type":"Feature","geometry":{"type":"Point","coordinates":[-52.20758880073247,-10.34683326387401]},"properties":{"Fazenda":"FE","Campo":"FE 04","produtividade":182.81400000000002,"unidade_produtividade":"sc/ha","pontos_originais":25,"ano":"2026","cultura":"Milho"}},{"type":"Feature","geometry":{"type":"Point","coordinates":[-52.20736049390397,-10.346834119658851]},"properties":{"Fazenda":"FE","Campo":"FE 04","produtividade":182.9032,"unidade_produtividade":"sc/ha","pontos_originais":25,"ano":"2026","cultura":"Milho"}},{"type":"Feature","geometry":{"type":"Point","coordinates":[-52.208730334576124,-10.346828982524055]},"properties":{"Fazenda":"FE","Campo":"FE 04","produtividade":189.44160000000002,"unidade_produtividade":"sc/ha","pontos_originais":25,"ano":"2026","cultura":"Milho"}},{"type":"Feature","geometry":{"type":"Point","coordinates":[-52.20850202784726,-10.346829839117477]},"properties":{"Fazenda":"FE","Campo":"FE 04","produtividade":187.45200000000006,"unidade_produtividade":"sc/ha","pontos_originais":25,"ano":"2026","cultura":"Milho"}},{"type":"Feature","geometry":{"type":"Point","coordinates":[-52.208273721098436,-10.346830695549183]},"properties":{"Fazenda":"FE","Campo":"FE 04","produtividade":185.9432,"unidade_produtividade":"sc/ha","pontos_originais":25,"ano":"2026","cultura":"Milho"}},{"type":"Feature","geometry":{"type":"Point","coordinates":[-52.20644726639092,-10.346837541181054]},"properties":{"Fazenda":"FE","Campo":"FE 04","produtividade":182.5088,"unidade_produtividade":"sc/ha","pontos_originais":25,"ano":"2026","cultura":"Milho"}},{"type":"Feature","geometry":{"type":"Point","coordinates":[-52.20621895946289,-10.346838396157313]},"properties":{"Fazenda":"FE","Campo":"FE 04","produtividade":182.5464,"unidade_produtividade":"sc/ha","pontos_originais":25,"ano":"2026","cultura":"Milho"}},{"type":"Feature","geometry":{"type":"Point","coordinates":[-52.205990652514984,-10.346839250971852]},"properties":{"Fazenda":"FE","Campo":"FE 04","produtividade":187.5456,"unidade_produtividade":"sc/ha","pontos_originais":25,"ano":"2026","cultura":"Milho"}},{"type":"Feature","geometry":{"type":"Point","coordinates":[-52.20713218705557,-10.346834975281977]},"properties":{"Fazenda":"FE","Campo":"FE 04","produtividade":182.2308,"unidade_produtividade":"sc/ha","pontos_originais":25,"ano":"2026","cultura":"Milho"}},{"type":"Feature","geometry":{"type":"Point","coordinates":[-52.206903880187255,-10.346835830743387]},"properties":{"Fazenda":"FE","Campo":"FE 04","produtividade":184.19960000000003,"unidade_produtividade":"sc/ha","pontos_originais":25,"ano":"2026","cultura":"Milho"}},{"type":"Feature","geometry":{"type":"Point","coordinates":[-52.20667557329904,-10.34683668604308]},"properties":{"Fazenda":"FE","Campo":"FE 04","produtividade":181.754,"unidade_produtividade":"sc/ha","pontos_originais":25,"ano":"2026","cultura":"Milho"}},{"type":"Feature","geometry":{"type":"Point","coordinates":[-52.21010017453059,-10.346823839567469]},"properties":{"Fazenda":"FE","Campo":"FE 04","produtividade":187.30599999999998,"unidade_produtividade":"sc/ha","pontos_originais":25,"ano":"2026","cultura":"Milho"}},{"type":"Feature","geometry":{"type":"Point","coordinates":[-52.20987186792137,-10.34682469713119]},"properties":{"Fazenda":"FE","Campo":"FE 04","produtividade":188.4504,"unidade_produtividade":"sc/ha","pontos_originais":25,"ano":"2026","cultura":"Milho"}},{"type":"Feature","geometry":{"type":"Point","coordinates":[-52.209643561292225,-10.346825554533194]},"properties":{"Fazenda":"FE","Campo":"FE 04","produtividade":189.59520000000003,"unidade_produtividade":"sc/ha","pontos_originais":25,"ano":"2026","cultura":"Milho"}},{"type":"Feature","geometry":{"type":"Point","coordinates":[-52.20941525464312,-10.346826411773481]},"properties":{"Fazenda":"FE","Campo":"FE 04","produtividade":191.44600000000003,"unidade_produtividade":"sc/ha","pontos_originais":25,"ano":"2026","cultura":"Milho"}},{"type":"Feature","geometry":{"type":"Point","coordinates":[-52.210785094238446,-10.346821265906012]},"properties":{"Fazenda":"FE","Campo":"FE 04","produtividade":190.65599999999998,"unidade_produtividade":"sc/ha","pontos_originais":25,"ano":"2026","cultura":"Milho"}},{"type":"Feature","geometry":{"type":"Point","coordinates":[-52.211013400767804,-10.346820407695429]},"properties":{"Fazenda":"FE","Campo":"FE 04","produtividade":191.83079999999998,"unidade_produtividade":"sc/ha","pontos_originais":25,"ano":"2026","cultura":"Milho"}},{"type":"Feature","geometry":{"type":"Point","coordinates":[-52.21055678768913,-10.34682212395488]},"properties":{"Fazenda":"FE","Campo":"FE 04","produtividade":188.8728,"unidade_produtividade":"sc/ha","pontos_originais":25,"ano":"2026","cultura":"Milho"}},{"type":"Feature","geometry":{"type":"Point","coordinates":[-52.21032848111983,-10.346822981842031]},"properties":{"Fazenda":"FE","Campo":"FE 04","produtividade":186.64520000000002,"unidade_produtividade":"sc/ha","pontos_originais":25,"ano":"2026","cultura":"Milho"}},{"type":"Feature","geometry":{"type":"Point","coordinates":[-52.20918694797406,-10.346827268852058]},"properties":{"Fazenda":"FE","Campo":"FE 04","produtividade":192.82719999999998,"unidade_produtividade":"sc/ha","pontos_originais":25,"ano":"2026","cultura":"Milho"}},{"type":"Feature","geometry":{"type":"Point","coordinates":[-52.20895864128507,-10.346828125768914]},"properties":{"Fazenda":"FE","Campo":"FE 04","produtividade":192.53240000000002,"unidade_produtividade":"sc/ha","pontos_originais":25,"ano":"2026","cultura":"Milho"}},{"type":"Feature","geometry":{"type":"Point","coordinates":[-52.213068158632744,-10.346812676522989]},"properties":{"Fazenda":"FE","Campo":"FE 04","produtividade":185.93920000000003,"unidade_produtividade":"sc/ha","pontos_originais":25,"ano":"2026","cultura":"Milho"}},{"type":"Feature","geometry":{"type":"Point","coordinates":[-52.21283985228327,-10.34681353618901]},"properties":{"Fazenda":"FE","Campo":"FE 04","produtividade":187.02,"unidade_produtividade":"sc/ha","pontos_originais":25,"ano":"2026","cultura":"Milho"}},{"type":"Feature","geometry":{"type":"Point","coordinates":[-52.2126115459138,-10.346814395693313]},"properties":{"Fazenda":"FE","Campo":"FE 04","produtividade":188.34600000000003,"unidade_produtividade":"sc/ha","pontos_originais":25,"ano":"2026","cultura":"Milho"}},{"type":"Feature","geometry":{"type":"Point","coordinates":[-52.212383239524335,-10.346815255035906]},"properties":{"Fazenda":"FE","Campo":"FE 04","produtividade":187.23640000000003,"unidade_produtividade":"sc/ha","pontos_originais":25,"ano":"2026","cultura":"Milho"}},{"type":"Feature","geometry":{"type":"Point","coordinates":[-52.21375307756105,-10.346810096554636]},"properties":{"Fazenda":"FE","Campo":"FE 04","produtividade":179.3136,"unidade_produtividade":"sc/ha","pontos_originais":25,"ano":"2026","cultura":"Milho"}},{"type":"Feature","geometry":{"type":"Point","coordinates":[-52.21352477127162,-10.346810956705802]},"properties":{"Fazenda":"FE","Campo":"FE 04","produtividade":185.91320000000005,"unidade_produtividade":"sc/ha","pontos_originais":25,"ano":"2026","cultura":"Milho"}},{"type":"Feature","geometry":{"type":"Point","coordinates":[-52.21329646496218,-10.346811816695254]},"properties":{"Fazenda":"FE","Campo":"FE 04","produtividade":186.9856,"unidade_produtividade":"sc/ha","pontos_originais":25,"ano":"2026","cultura":"Milho"}},{"type":"Feature","geometry":{"type":"Point","coordinates":[-52.21147001376659,-10.346818690789116]},"properties":{"Fazenda":"FE","Campo":"FE 04","produtividade":187.01320000000004,"unidade_produtividade":"sc/ha","pontos_originais":25,"ano":"2026","cultura":"Milho"}},{"type":"Feature","geometry":{"type":"Point","coordinates":[-52.21169832023602,-10.346817832093384]},"properties":{"Fazenda":"FE","Campo":"FE 04","produtividade":183.4172,"unidade_produtividade":"sc/ha","pontos_originais":25,"ano":"2026","cultura":"Milho"}},{"type":"Feature","geometry":{"type":"Point","coordinates":[-52.211241707277175,-10.34681954932313]},"properties":{"Fazenda":"FE","Campo":"FE 04","produtividade":189.8296,"unidade_produtividade":"sc/ha","pontos_originais":25,"ano":"2026","cultura":"Milho"}},{"type":"Feature","geometry":{"type":"Point","coordinates":[-52.21215493311489,-10.346816114216779]},"properties":{"Fazenda":"FE","Campo":"FE 04","produtividade":184.2424,"unidade_produtividade":"sc/ha","pontos_originais":25,"ano":"2026","cultura":"Milho"}},{"type":"Feature","geometry":{"type":"Point","coordinates":[-52.21192662668543,-10.34681697323594]},"properties":{"Fazenda":"FE","Campo":"FE 04","produtividade":182.0516,"unidade_produtividade":"sc/ha","pontos_originais":25,"ano":"2026","cultura":"Milho"}},{"type":"Feature","geometry":{"type":"Point","coordinates":[-52.20666693706862,-10.344576094675292]},"properties":{"Fazenda":"FE","Campo":"FE 04","produtividade":189.04039999999998,"unidade_produtividade":"sc/ha","pontos_originais":25,"ano":"2026","cultura":"Milho"}},{"type":"Feature","geometry":{"type":"Point","coordinates":[-52.20643863179355,-10.344576949622471]},"properties":{"Fazenda":"FE","Campo":"FE 04","produtividade":190.6764,"unidade_produtividade":"sc/ha","pontos_originais":25,"ano":"2026","cultura":"Milho"}},{"type":"Feature","geometry":{"type":"Point","coordinates":[-52.206210326498585,-10.344577804407974]},"properties":{"Fazenda":"FE","Campo":"FE 04","produtividade":193.81240000000003,"unidade_produtividade":"sc/ha","pontos_originais":25,"ano":"2026","cultura":"Milho"}},{"type":"Feature","geometry":{"type":"Point","coordinates":[-52.205982021183694,-10.344578659031793]},"properties":{"Fazenda":"FE","Campo":"FE 04","produtividade":194.67960000000002,"unidade_produtividade":"sc/ha","pontos_originais":25,"ano":"2026","cultura":"Milho"}},{"type":"Feature","geometry":{"type":"Point","coordinates":[-52.207351852774494,-10.344573528863668]},"properties":{"Fazenda":"FE","Campo":"FE 04","produtividade":188.5912,"unidade_produtividade":"sc/ha","pontos_originais":25,"ano":"2026","cultura":"Milho"}},{"type":"Feature","geometry":{"type":"Point","coordinates":[-52.20758015796992,-10.344572673269768]},"properties":{"Fazenda":"FE","Campo":"FE 04","produtividade":186.97560000000004,"unidade_produtividade":"sc/ha","pontos_originais":25,"ano":"2026","cultura":"Milho"}},{"type":"Feature","geometry":{"type":"Point","coordinates":[-52.20712354755911,-10.34457438429589]},"properties":{"Fazenda":"FE","Campo":"FE 04","produtividade":187.02919999999997,"unidade_produtividade":"sc/ha","pontos_originais":25,"ano":"2026","cultura":"Milho"}},{"type":"Feature","geometry":{"type":"Point","coordinates":[-52.20689524232381,-10.344575239566431]},"properties":{"Fazenda":"FE","Campo":"FE 04","produtividade":187.50639999999999,"unidade_produtividade":"sc/ha","pontos_originais":25,"ano":"2026","cultura":"Milho"}},{"type":"Feature","geometry":{"type":"Point","coordinates":[-52.20529710511974,-10.344581221933161]},"properties":{"Fazenda":"FE","Campo":"FE 04","produtividade":192.83800000000002,"unidade_produtividade":"sc/ha","pontos_originais":25,"ano":"2026","cultura":"Milho"}},{"type":"Feature","geometry":{"type":"Point","coordinates":[-52.205068799725325,-10.344582075910253]},"properties":{"Fazenda":"FE","Campo":"FE 04","produtividade":189.8508,"unidade_produtividade":"sc/ha","pontos_originais":25,"ano":"2026","cultura":"Milho"}},{"type":"Feature","geometry":{"type":"Point","coordinates":[-52.20484049431106,-10.344582929725666]},"properties":{"Fazenda":"FE","Campo":"FE 04","produtividade":183.47760000000002,"unidade_produtividade":"sc/ha","pontos_originais":25,"ano":"2026","cultura":"Milho"}},{"type":"Feature","geometry":{"type":"Point","coordinates":[-52.20461218887688,-10.344583783379399]},"properties":{"Fazenda":"FE","Campo":"FE 04","produtividade":170.67999999999995,"unidade_produtividade":"sc/ha","pontos_originais":25,"ano":"2026","cultura":"Milho"}},{"type":"Feature","geometry":{"type":"Point","coordinates":[-52.205753715848914,-10.344579513493928]},"properties":{"Fazenda":"FE","Campo":"FE 04","produtividade":193.89079999999998,"unidade_produtividade":"sc/ha","pontos_originais":25,"ano":"2026","cultura":"Milho"}},{"type":"Feature","geometry":{"type":"Point","coordinates":[-52.20552541049427,-10.344580367794384]},"properties":{"Fazenda":"FE","Campo":"FE 04","produtividade":194.41400000000002,"unidade_produtividade":"sc/ha","pontos_originais":25,"ano":"2026","cultura":"Milho"}},{"type":"Feature","geometry":{"type":"Point","coordinates":[-52.20963490383242,-10.344564965649031]},"properties":{"Fazenda":"FE","Campo":"FE 04","produtividade":180.5868,"unidade_produtividade":"sc/ha","pontos_originais":25,"ano":"2026","cultura":"Milho"}},{"type":"Feature","geometry":{"type":"Point","coordinates":[-52.20940659881633,-10.344565822698053]},"properties":{"Fazenda":"FE","Campo":"FE 04","produtividade":183.888,"unidade_produtividade":"sc/ha","pontos_originais":25,"ano":"2026","cultura":"Milho"}},{"type":"Feature","geometry":{"type":"Point","coordinates":[-52.2091782937803,-10.3445666795854]},"properties":{"Fazenda":"FE","Campo":"FE 04","produtividade":187.91280000000003,"unidade_produtividade":"sc/ha","pontos_originais":25,"ano":"2026","cultura":"Milho"}},{"type":"Feature","geometry":{"type":"Point","coordinates":[-52.20894998872433,-10.344567536311063]},"properties":{"Fazenda":"FE","Campo":"FE 04","produtividade":188.89,"unidade_produtividade":"sc/ha","pontos_originais":25,"ano":"2026","cultura":"Milho"}},{"type":"Feature","geometry":{"type":"Point","coordinates":[-52.21031981876095,-10.344562393531875]},"properties":{"Fazenda":"FE","Campo":"FE 04","produtividade":175.12239999999997,"unidade_produtividade":"sc/ha","pontos_originais":25,"ano":"2026","cultura":"Milho"}},{"type":"Feature","geometry":{"type":"Point","coordinates":[-52.21009151380473,-10.344563251065942]},"properties":{"Fazenda":"FE","Campo":"FE 04","produtividade":176.20199999999997,"unidade_produtividade":"sc/ha","pontos_originais":25,"ano":"2026","cultura":"Milho"}},{"type":"Feature","geometry":{"type":"Point","coordinates":[-52.20986320882856,-10.344564108438329]},"properties":{"Fazenda":"FE","Campo":"FE 04","produtividade":178.85640000000006,"unidade_produtividade":"sc/ha","pontos_originais":25,"ano":"2026","cultura":"Milho"}},{"type":"Feature","geometry":{"type":"Point","coordinates":[-52.2080367683011,-10.344570961596922]},"properties":{"Fazenda":"FE","Campo":"FE 04","produtividade":181.63199999999998,"unidade_produtividade":"sc/ha","pontos_originais":25,"ano":"2026","cultura":"Milho"}},{"type":"Feature","geometry":{"type":"Point","coordinates":[-52.208265073436806,-10.344570105517976]},"properties":{"Fazenda":"FE","Campo":"FE 04","produtividade":181.30280000000002,"unidade_produtividade":"sc/ha","pontos_originais":25,"ano":"2026","cultura":"Milho"}},{"type":"Feature","geometry":{"type":"Point","coordinates":[-52.20780846314548,-10.344571817514185]},"properties":{"Fazenda":"FE","Campo":"FE 04","produtividade":183.944,"unidade_produtividade":"sc/ha","pontos_originais":25,"ano":"2026","cultura":"Milho"}},{"type":"Feature","geometry":{"type":"Point","coordinates":[-52.20872168364842,-10.344568392875047]},"properties":{"Fazenda":"FE","Campo":"FE 04","produtividade":189.372,"unidade_produtividade":"sc/ha","pontos_originais":25,"ano":"2026","cultura":"Milho"}},{"type":"Feature","geometry":{"type":"Point","coordinates":[-52.20849337855257,-10.34456924927735]},"properties":{"Fazenda":"FE","Campo":"FE 04","produtividade":185.01519999999996,"unidade_produtividade":"sc/ha","pontos_originais":25,"ano":"2026","cultura":"Milho"}},{"type":"Feature","geometry":{"type":"Point","coordinates":[-52.211461343242576,-10.344558103436366]},"properties":{"Fazenda":"FE","Campo":"FE 04","produtividade":158.1228,"unidade_produtividade":"sc/ha","pontos_originais":25,"ano":"2026","cultura":"Milho"}},{"type":"Feature","geometry":{"type":"Point","coordinates":[-52.21123303838618,-10.344558961778828]},"properties":{"Fazenda":"FE","Campo":"FE 04","produtividade":165.8032,"unidade_produtividade":"sc/ha","pontos_originais":25,"ano":"2026","cultura":"Milho"}},{"type":"Feature","geometry":{"type":"Point","coordinates":[-52.211004733509824,-10.344559819959612]},"properties":{"Fazenda":"FE","Campo":"FE 04","produtividade":169.5524,"unidade_produtividade":"sc/ha","pontos_originais":25,"ano":"2026","cultura":"Milho"}},{"type":"Feature","geometry":{"type":"Point","coordinates":[-52.21077642861351,-10.344560677978711]},"properties":{"Fazenda":"FE","Campo":"FE 04","produtividade":171.1736,"unidade_produtividade":"sc/ha","pontos_originais":25,"ano":"2026","cultura":"Milho"}},{"type":"Feature","geometry":{"type":"Point","coordinates":[-52.20441435288015,-10.344592058396309]},"properties":{"Fazenda":"FE","Campo":"FE 04","produtividade":165.1611111111111,"unidade_produtividade":"sc/ha","pontos_originais":18,"ano":"2026","cultura":"Milho"}},{"type":"Feature","geometry":{"type":"Point","coordinates":[-52.21189353967975,-10.344601690489698]},"properties":{"Fazenda":"FE","Campo":"FE 04","produtividade":142.2615384615385,"unidade_produtividade":"sc/ha","pontos_originais":13,"ano":"2026","cultura":"Milho"}},{"type":"Feature","geometry":{"type":"Point","coordinates":[-52.211689648078966,-10.344557244932226]},"properties":{"Fazenda":"FE","Campo":"FE 04","produtividade":147.676,"unidade_produtividade":"sc/ha","pontos_originais":25,"ano":"2026","cultura":"Milho"}},{"type":"Feature","geometry":{"type":"Point","coordinates":[-52.21054812369721,-10.344561535836135]},"properties":{"Fazenda":"FE","Campo":"FE 04","produtividade":173.09440000000004,"unidade_produtividade":"sc/ha","pontos_originais":25,"ano":"2026","cultura":"Milho"}},{"type":"Feature","geometry":{"type":"Point","coordinates":[-52.21054899000656,-10.344787594662577]},"properties":{"Fazenda":"FE","Campo":"FE 04","produtividade":187.04,"unidade_produtividade":"sc/ha","pontos_originais":25,"ano":"2026","cultura":"Milho"}},{"type":"Feature","geometry":{"type":"Point","coordinates":[-52.21032068490701,-10.34478845237746]},"properties":{"Fazenda":"FE","Campo":"FE 04","produtividade":192.21680000000006,"unidade_produtividade":"sc/ha","pontos_originais":25,"ano":"2026","cultura":"Milho"}},{"type":"Feature","geometry":{"type":"Point","coordinates":[-52.210092379787504,-10.344789309930661]},"properties":{"Fazenda":"FE","Campo":"FE 04","produtividade":195.2112,"unidade_produtividade":"sc/ha","pontos_originais":25,"ano":"2026","cultura":"Milho"}},{"type":"Feature","geometry":{"type":"Point","coordinates":[-52.20986407464804,-10.344790167322179]},"properties":{"Fazenda":"FE","Campo":"FE 04","produtividade":195.6884,"unidade_produtividade":"sc/ha","pontos_originais":25,"ano":"2026","cultura":"Milho"}},{"type":"Feature","geometry":{"type":"Point","coordinates":[-52.21123390518539,-10.344785020547825]},"properties":{"Fazenda":"FE","Campo":"FE 04","produtividade":173.40319999999997,"unidade_produtividade":"sc/ha","pontos_originais":25,"ano":"2026","cultura":"Milho"}},{"type":"Feature","geometry":{"type":"Point","coordinates":[-52.21100560014575,-10.344785878747759]},"properties":{"Fazenda":"FE","Campo":"FE 04","produtividade":179.93920000000003,"unidade_produtividade":"sc/ha","pontos_originais":25,"ano":"2026","cultura":"Milho"}},{"type":"Feature","geometry":{"type":"Point","coordinates":[-52.210777295086146,-10.344786736786004]},"properties":{"Fazenda":"FE","Campo":"FE 04","produtividade":183.24360000000001,"unidade_produtividade":"sc/ha","pontos_originais":25,"ano":"2026","cultura":"Milho"}},{"type":"Feature","geometry":{"type":"Point","coordinates":[-52.20895085389068,-10.344793595271415]},"properties":{"Fazenda":"FE","Campo":"FE 04","produtividade":187.6588,"unidade_produtividade":"sc/ha","pontos_originais":25,"ano":"2026","cultura":"Milho"}},{"type":"Feature","geometry":{"type":"Point","coordinates":[-52.20917915910994,-10.34479273852663]},"properties":{"Fazenda":"FE","Campo":"FE 04","produtividade":190.206,"unidade_produtividade":"sc/ha","pontos_originais":25,"ano":"2026","cultura":"Milho"}},{"type":"Feature","geometry":{"type":"Point","coordinates":[-52.20872254865148,-10.344794451854511]},"properties":{"Fazenda":"FE","Campo":"FE 04","produtividade":187.69119999999998,"unidade_produtividade":"sc/ha","pontos_originais":25,"ano":"2026","cultura":"Milho"}},{"type":"Feature","geometry":{"type":"Point","coordinates":[-52.20849424339236,-10.344795308275927]},"properties":{"Fazenda":"FE","Campo":"FE 04","produtividade":184.64719999999997,"unidade_produtividade":"sc/ha","pontos_originais":25,"ano":"2026","cultura":"Milho"}},{"type":"Feature","geometry":{"type":"Point","coordinates":[-52.20963576948862,-10.344791024552013]},"properties":{"Fazenda":"FE","Campo":"FE 04","produtividade":193.86800000000005,"unidade_produtividade":"sc/ha","pontos_originais":25,"ano":"2026","cultura":"Milho"}},{"type":"Feature","geometry":{"type":"Point","coordinates":[-52.20940746430926,-10.344791881620162]},"properties":{"Fazenda":"FE","Campo":"FE 04","produtividade":191.57319999999999,"unidade_produtividade":"sc/ha","pontos_originais":25,"ano":"2026","cultura":"Milho"}},{"type":"Feature","geometry":{"type":"Point","coordinates":[-52.211918820184444,-10.344782444977925]},"properties":{"Fazenda":"FE","Campo":"FE 04","produtividade":141.86720000000003,"unidade_produtividade":"sc/ha","pontos_originais":25,"ano":"2026","cultura":"Milho"}},{"type":"Feature","geometry":{"type":"Point","coordinates":[-52.211690515204744,-10.34478330366291]},"properties":{"Fazenda":"FE","Campo":"FE 04","produtividade":152.2716,"unidade_produtividade":"sc/ha","pontos_originais":25,"ano":"2026","cultura":"Milho"}},{"type":"Feature","geometry":{"type":"Point","coordinates":[-52.21146221020504,-10.344784162186208]},"properties":{"Fazenda":"FE","Campo":"FE 04","produtividade":163.80799999999996,"unidade_produtividade":"sc/ha","pontos_originais":25,"ano":"2026","cultura":"Milho"}},{"type":"Feature","geometry":{"type":"Point","coordinates":[-52.21212946447969,-10.344806770568937]},"properties":{"Fazenda":"FE","Campo":"FE 04","produtividade":135.365,"unidade_produtividade":"sc/ha","pontos_originais":18,"ano":"2026","cultura":"Milho"}},{"type":"Feature","geometry":{"type":"Point","coordinates":[-52.20461305094081,-10.344809842702325]},"properties":{"Fazenda":"FE","Campo":"FE 04","produtividade":170.9756,"unidade_produtividade":"sc/ha","pontos_originais":25,"ano":"2026","cultura":"Milho"}},{"type":"Feature","geometry":{"type":"Point","coordinates":[-52.204392708871744,-10.344816563729838]},"properties":{"Fazenda":"FE","Campo":"FE 04","produtividade":165.34260869565216,"unidade_produtividade":"sc/ha","pontos_originais":23,"ano":"2026","cultura":"Milho"}},{"type":"Feature","geometry":{"type":"Point","coordinates":[-52.2052979676735,-10.344807281198928]},"properties":{"Fazenda":"FE","Campo":"FE 04","produtividade":193.18,"unidade_produtividade":"sc/ha","pontos_originais":25,"ano":"2026","cultura":"Milho"}},{"type":"Feature","geometry":{"type":"Point","coordinates":[-52.205526273211326,-10.344806427041089]},"properties":{"Fazenda":"FE","Campo":"FE 04","produtividade":194.9596,"unidade_produtividade":"sc/ha","pontos_originais":25,"ano":"2026","cultura":"Milho"}},{"type":"Feature","geometry":{"type":"Point","coordinates":[-52.20506966211582,-10.344808135195075]},"properties":{"Fazenda":"FE","Campo":"FE 04","produtividade":189.50359999999998,"unidade_produtividade":"sc/ha","pontos_originais":25,"ano":"2026","cultura":"Milho"}},{"type":"Feature","geometry":{"type":"Point","coordinates":[-52.20484135653824,-10.344808989029545]},"properties":{"Fazenda":"FE","Campo":"FE 04","produtividade":181.6092000000001,"unidade_produtividade":"sc/ha","pontos_originais":25,"ano":"2026","cultura":"Milho"}},{"type":"Feature","geometry":{"type":"Point","coordinates":[-52.20758102215657,-10.344798732344756]},"properties":{"Fazenda":"FE","Campo":"FE 04","produtividade":188.83000000000004,"unidade_produtividade":"sc/ha","pontos_originais":25,"ano":"2026","cultura":"Milho"}},{"type":"Feature","geometry":{"type":"Point","coordinates":[-52.207352716797814,-10.344799587957752]},"properties":{"Fazenda":"FE","Campo":"FE 04","produtividade":190.06999999999996,"unidade_produtividade":"sc/ha","pontos_originais":25,"ano":"2026","cultura":"Milho"}},{"type":"Feature","geometry":{"type":"Point","coordinates":[-52.20712441141917,-10.344800443409065]},"properties":{"Fazenda":"FE","Campo":"FE 04","produtividade":191.19120000000004,"unidade_produtividade":"sc/ha","pontos_originais":25,"ano":"2026","cultura":"Milho"}},{"type":"Feature","geometry":{"type":"Point","coordinates":[-52.2068961060206,-10.344801298698691]},"properties":{"Fazenda":"FE","Campo":"FE 04","produtividade":190.82560000000004,"unidade_produtividade":"sc/ha","pontos_originais":25,"ano":"2026","cultura":"Milho"}},{"type":"Feature","geometry":{"type":"Point","coordinates":[-52.20826593811329,-10.344796164535662]},"properties":{"Fazenda":"FE","Campo":"FE 04","produtividade":183.292,"unidade_produtividade":"sc/ha","pontos_originais":25,"ano":"2026","cultura":"Milho"}},{"type":"Feature","geometry":{"type":"Point","coordinates":[-52.20803763281431,-10.344797020633708]},"properties":{"Fazenda":"FE","Campo":"FE 04","produtividade":183.00879999999998,"unidade_produtividade":"sc/ha","pontos_originais":25,"ano":"2026","cultura":"Milho"}},{"type":"Feature","geometry":{"type":"Point","coordinates":[-52.2078093274954,-10.344797876570073]},"properties":{"Fazenda":"FE","Campo":"FE 04","produtividade":185.09000000000003,"unidade_produtividade":"sc/ha","pontos_originais":25,"ano":"2026","cultura":"Milho"}},{"type":"Feature","geometry":{"type":"Point","coordinates":[-52.205982884227325,-10.34480471824036]},"properties":{"Fazenda":"FE","Campo":"FE 04","produtividade":196.69639999999998,"unidade_produtividade":"sc/ha","pontos_originais":25,"ano":"2026","cultura":"Milho"}},{"type":"Feature","geometry":{"type":"Point","coordinates":[-52.20621118970546,-10.34480386359747]},"properties":{"Fazenda":"FE","Campo":"FE 04","produtividade":195.7316,"unidade_produtividade":"sc/ha","pontos_originais":25,"ano":"2026","cultura":"Milho"}},{"type":"Feature","geometry":{"type":"Point","coordinates":[-52.20575457872928,-10.344805572721569]},"properties":{"Fazenda":"FE","Campo":"FE 04","produtividade":195.59119999999996,"unidade_produtividade":"sc/ha","pontos_originais":25,"ano":"2026","cultura":"Milho"}},{"type":"Feature","geometry":{"type":"Point","coordinates":[-52.20666780060212,-10.344802153826636]},"properties":{"Fazenda":"FE","Campo":"FE 04","produtividade":191.6836,"unidade_produtividade":"sc/ha","pontos_originais":25,"ano":"2026","cultura":"Milho"}},{"type":"Feature","geometry":{"type":"Point","coordinates":[-52.20643949516374,-10.344803008792896]},"properties":{"Fazenda":"FE","Campo":"FE 04","produtividade":193.95680000000004,"unidade_produtividade":"sc/ha","pontos_originais":25,"ano":"2026","cultura":"Milho"}},{"type":"Feature","geometry":{"type":"Point","coordinates":[-52.21228445513612,-10.344871494223685]},"properties":{"Fazenda":"FE","Campo":"FE 04","produtividade":133.47,"unidade_produtividade":"sc/ha","pontos_originais":1,"ano":"2026","cultura":"Milho"}},{"type":"Feature","geometry":{"type":"Point","coordinates":[-52.208492513732736,-10.34434319027554]},"properties":{"Fazenda":"FE","Campo":"FE 04","produtividade":178.49320000000003,"unidade_produtividade":"sc/ha","pontos_originais":25,"ano":"2026","cultura":"Milho"}},{"type":"Feature","geometry":{"type":"Point","coordinates":[-52.20826420878025,-10.344344046497056]},"properties":{"Fazenda":"FE","Campo":"FE 04","produtividade":178.54440000000002,"unidade_produtividade":"sc/ha","pontos_originais":25,"ano":"2026","cultura":"Milho"}},{"type":"Feature","geometry":{"type":"Point","coordinates":[-52.208035903807826,-10.344344902556891]},"properties":{"Fazenda":"FE","Campo":"FE 04","produtividade":181.33360000000002,"unidade_produtividade":"sc/ha","pontos_originais":25,"ano":"2026","cultura":"Milho"}},{"type":"Feature","geometry":{"type":"Point","coordinates":[-52.20780759881547,-10.344345758455056]},"properties":{"Fazenda":"FE","Campo":"FE 04","produtividade":186.00799999999998,"unidade_produtividade":"sc/ha","pontos_originais":25,"ano":"2026","cultura":"Milho"}},{"type":"Feature","geometry":{"type":"Point","coordinates":[-52.20917742847061,-10.34434062064093]},"properties":{"Fazenda":"FE","Campo":"FE 04","produtividade":170.9208,"unidade_produtividade":"sc/ha","pontos_originais":25,"ano":"2026","cultura":"Milho"}},{"type":"Feature","geometry":{"type":"Point","coordinates":[-52.20940573334335,-10.344339763772709]},"properties":{"Fazenda":"FE","Campo":"FE 04","produtividade":161.9468,"unidade_produtividade":"sc/ha","pontos_originais":25,"ano":"2026","cultura":"Milho"}},{"type":"Feature","geometry":{"type":"Point","coordinates":[-52.20894912357793,-10.344341477347475]},"properties":{"Fazenda":"FE","Campo":"FE 04","produtividade":177.2872,"unidade_produtividade":"sc/ha","pontos_originais":25,"ano":"2026","cultura":"Milho"}},{"type":"Feature","geometry":{"type":"Point","coordinates":[-52.2087208186653,-10.344342333892346]},"properties":{"Fazenda":"FE","Campo":"FE 04","produtividade":178.89440000000005,"unidade_produtividade":"sc/ha","pontos_originais":25,"ano":"2026","cultura":"Milho"}},{"type":"Feature","geometry":{"type":"Point","coordinates":[-52.20712268371895,-10.34434832517948]},"properties":{"Fazenda":"FE","Campo":"FE 04","produtividade":186.6116,"unidade_produtividade":"sc/ha","pontos_originais":25,"ano":"2026","cultura":"Milho"}},{"type":"Feature","geometry":{"type":"Point","coordinates":[-52.20689437864695,-10.344349180430935]},"properties":{"Fazenda":"FE","Campo":"FE 04","produtividade":185.8968,"unidade_produtividade":"sc/ha","pontos_originais":25,"ano":"2026","cultura":"Milho"}},{"type":"Feature","geometry":{"type":"Point","coordinates":[-52.20666607355504,-10.344350035520716]},"properties":{"Fazenda":"FE","Campo":"FE 04","produtividade":186.55359999999996,"unidade_produtividade":"sc/ha","pontos_originais":25,"ano":"2026","cultura":"Milho"}},{"type":"Feature","geometry":{"type":"Point","coordinates":[-52.20643776844326,-10.344350890448814]},"properties":{"Fazenda":"FE","Campo":"FE 04","produtividade":188.59880000000004,"unidade_produtividade":"sc/ha","pontos_originais":25,"ano":"2026","cultura":"Milho"}},{"type":"Feature","geometry":{"type":"Point","coordinates":[-52.20757929380322,-10.34434661419154]},"properties":{"Fazenda":"FE","Campo":"FE 04","produtividade":188.3328,"unidade_produtividade":"sc/ha","pontos_originais":25,"ano":"2026","cultura":"Milho"}},{"type":"Feature","geometry":{"type":"Point","coordinates":[-52.20735098877105,-10.344347469766351]},"properties":{"Fazenda":"FE","Campo":"FE 04","produtividade":187.30360000000002,"unidade_produtividade":"sc/ha","pontos_originais":25,"ano":"2026","cultura":"Milho"}},{"type":"Feature","geometry":{"type":"Point","coordinates":[-52.211456685671976,-10.344335826636083]},"properties":{"Fazenda":"FE","Campo":"FE 04","produtividade":158.17083333333338,"unidade_produtividade":"sc/ha","pontos_originais":24,"ano":"2026","cultura":"Milho"}},{"type":"Feature","geometry":{"type":"Point","coordinates":[-52.21123217160696,-10.344332903006595]},"properties":{"Fazenda":"FE","Campo":"FE 04","produtividade":160.7652,"unidade_produtividade":"sc/ha","pontos_originais":25,"ano":"2026","cultura":"Milho"}},{"type":"Feature","geometry":{"type":"Point","coordinates":[-52.21100386689389,-10.344333761168224]},"properties":{"Fazenda":"FE","Campo":"FE 04","produtividade":159.1836,"unidade_produtividade":"sc/ha","pontos_originais":25,"ano":"2026","cultura":"Milho"}},{"type":"Feature","geometry":{"type":"Point","coordinates":[-52.210775562160826,-10.34433461916818]},"properties":{"Fazenda":"FE","Campo":"FE 04","produtividade":154.88520000000005,"unidade_produtividade":"sc/ha","pontos_originais":25,"ano":"2026","cultura":"Milho"}},{"type":"Feature","geometry":{"type":"Point","coordinates":[-52.20483963210372,-10.344356870418553]},"properties":{"Fazenda":"FE","Campo":"FE 04","produtividade":180.79960000000003,"unidade_produtividade":"sc/ha","pontos_originais":25,"ano":"2026","cultura":"Milho"}},{"type":"Feature","geometry":{"type":"Point","coordinates":[-52.20506793735473,-10.344356016622198]},"properties":{"Fazenda":"FE","Campo":"FE 04","produtividade":184.8164,"unidade_produtividade":"sc/ha","pontos_originais":25,"ano":"2026","cultura":"Milho"}},{"type":"Feature","geometry":{"type":"Point","coordinates":[-52.204611326832854,-10.344357724053236]},"properties":{"Fazenda":"FE","Campo":"FE 04","produtividade":169.3784,"unidade_produtividade":"sc/ha","pontos_originais":25,"ano":"2026","cultura":"Milho"}},{"type":"Feature","geometry":{"type":"Point","coordinates":[-52.204431968731456,-10.344364853495673]},"properties":{"Fazenda":"FE","Campo":"FE 04","produtividade":166.22642857142858,"unidade_produtividade":"sc/ha","pontos_originais":14,"ano":"2026","cultura":"Milho"}},{"type":"Feature","geometry":{"type":"Point","coordinates":[-52.211649066102964,-10.34439350260065]},"properties":{"Fazenda":"FE","Campo":"FE 04","produtividade":149.56625,"unidade_produtividade":"sc/ha","pontos_originais":8,"ano":"2026","cultura":"Milho"}},{"type":"Feature","geometry":{"type":"Point","coordinates":[-52.209862343029,-10.344338049551238]},"properties":{"Fazenda":"FE","Campo":"FE 04","produtividade":150.6244,"unidade_produtividade":"sc/ha","pontos_originais":25,"ano":"2026","cultura":"Milho"}},{"type":"Feature","geometry":{"type":"Point","coordinates":[-52.210090647841895,-10.344337192197987]},"properties":{"Fazenda":"FE","Campo":"FE 04","produtividade":148.54240000000001,"unidade_produtividade":"sc/ha","pontos_originais":25,"ano":"2026","cultura":"Milho"}},{"type":"Feature","geometry":{"type":"Point","coordinates":[-52.20963403819617,-10.344338906742813]},"properties":{"Fazenda":"FE","Campo":"FE 04","produtividade":153.25079999999997,"unidade_produtividade":"sc/ha","pontos_originais":25,"ano":"2026","cultura":"Milho"}},{"type":"Feature","geometry":{"type":"Point","coordinates":[-52.210547257407825,-10.34433547700646]},"properties":{"Fazenda":"FE","Campo":"FE 04","produtividade":151.29880000000006,"unidade_produtividade":"sc/ha","pontos_originais":25,"ano":"2026","cultura":"Milho"}},{"type":"Feature","geometry":{"type":"Point","coordinates":[-52.21031895263485,-10.344336334683062]},"properties":{"Fazenda":"FE","Campo":"FE 04","produtividade":150.37759999999997,"unidade_produtividade":"sc/ha","pontos_originais":25,"ano":"2026","cultura":"Milho"}},{"type":"Feature","geometry":{"type":"Point","coordinates":[-52.20552454779708,-10.344354308544446]},"properties":{"Fazenda":"FE","Campo":"FE 04","produtividade":189.40800000000002,"unidade_produtividade":"sc/ha","pontos_originais":25,"ano":"2026","cultura":"Milho"}},{"type":"Feature","geometry":{"type":"Point","coordinates":[-52.20575285298848,-10.344353454263052]},"properties":{"Fazenda":"FE","Campo":"FE 04","produtividade":189.10080000000005,"unidade_produtividade":"sc/ha","pontos_originais":25,"ano":"2026","cultura":"Milho"}},{"type":"Feature","geometry":{"type":"Point","coordinates":[-52.205296242585845,-10.344355162664156]},"properties":{"Fazenda":"FE","Campo":"FE 04","produtividade":187.37039999999996,"unidade_produtividade":"sc/ha","pontos_originais":25,"ano":"2026","cultura":"Milho"}},{"type":"Feature","geometry":{"type":"Point","coordinates":[-52.206209463311545,-10.344351745215235]},"properties":{"Fazenda":"FE","Campo":"FE 04","produtividade":189.2908,"unidade_produtividade":"sc/ha","pontos_originais":25,"ano":"2026","cultura":"Milho"}},{"type":"Feature","geometry":{"type":"Point","coordinates":[-52.20598115815996,-10.344352599819986]},"properties":{"Fazenda":"FE","Campo":"FE 04","produtividade":189.78760000000003,"unidade_produtividade":"sc/ha","pontos_originais":25,"ano":"2026","cultura":"Milho"}},{"type":"Feature","geometry":{"type":"Point","coordinates":[-52.20575199014789,-10.344127395028943]},"properties":{"Fazenda":"FE","Campo":"FE 04","produtividade":189.1072,"unidade_produtividade":"sc/ha","pontos_originais":25,"ano":"2026","cultura":"Milho"}},{"type":"Feature","geometry":{"type":"Point","coordinates":[-52.2059802951561,-10.344126540604941]},"properties":{"Fazenda":"FE","Campo":"FE 04","produtividade":190.42679999999996,"unidade_produtividade":"sc/ha","pontos_originais":25,"ano":"2026","cultura":"Milho"}},{"type":"Feature","geometry":{"type":"Point","coordinates":[-52.20552368511982,-10.34412824929127]},"properties":{"Fazenda":"FE","Campo":"FE 04","produtividade":187.3004,"unidade_produtividade":"sc/ha","pontos_originais":25,"ano":"2026","cultura":"Milho"}},{"type":"Feature","geometry":{"type":"Point","coordinates":[-52.20529538007184,-10.34412910339192]},"properties":{"Fazenda":"FE","Campo":"FE 04","produtividade":184.07439999999994,"unidade_produtividade":"sc/ha","pontos_originais":25,"ano":"2026","cultura":"Milho"}},{"type":"Feature","geometry":{"type":"Point","coordinates":[-52.20643690511284,-10.344124831271921]},"properties":{"Fazenda":"FE","Campo":"FE 04","produtividade":189.78159999999997,"unidade_produtividade":"sc/ha","pontos_originais":25,"ano":"2026","cultura":"Milho"}},{"type":"Feature","geometry":{"type":"Point","coordinates":[-52.206665210061374,-10.344123976362901]},"properties":{"Fazenda":"FE","Campo":"FE 04","produtividade":188.85719999999998,"unidade_produtividade":"sc/ha","pontos_originais":25,"ano":"2026","cultura":"Milho"}},{"type":"Feature","geometry":{"type":"Point","coordinates":[-52.20620860014443,-10.344125686019268]},"properties":{"Fazenda":"FE","Campo":"FE 04","produtividade":190.35959999999994,"unidade_produtividade":"sc/ha","pontos_originais":25,"ano":"2026","cultura":"Milho"}},{"type":"Feature","geometry":{"type":"Point","coordinates":[-52.2112209667687,-10.344117158640403]},"properties":{"Fazenda":"FE","Campo":"FE 04","produtividade":158.76,"unidade_produtividade":"sc/ha","pontos_originais":22,"ano":"2026","cultura":"Milho"}},{"type":"Feature","geometry":{"type":"Point","coordinates":[-52.211003000297914,-10.3441077023736]},"properties":{"Fazenda":"FE","Campo":"FE 04","produtividade":153.9348,"unidade_produtividade":"sc/ha","pontos_originais":25,"ano":"2026","cultura":"Milho"}},{"type":"Feature","geometry":{"type":"Point","coordinates":[-52.21077469572815,-10.344108560354412]},"properties":{"Fazenda":"FE","Campo":"FE 04","produtividade":145.19119999999998,"unidade_produtividade":"sc/ha","pontos_originais":25,"ano":"2026","cultura":"Milho"}},{"type":"Feature","geometry":{"type":"Point","coordinates":[-52.210546391138415,-10.344109418173543]},"properties":{"Fazenda":"FE","Campo":"FE 04","produtividade":135.36880000000002,"unidade_produtividade":"sc/ha","pontos_originais":25,"ano":"2026","cultura":"Milho"}},{"type":"Feature","geometry":{"type":"Point","coordinates":[-52.20506707500399,-10.344129957330901]},"properties":{"Fazenda":"FE","Campo":"FE 04","produtividade":183.2904,"unidade_produtividade":"sc/ha","pontos_originais":25,"ano":"2026","cultura":"Milho"}},{"type":"Feature","geometry":{"type":"Point","coordinates":[-52.20483876991628,-10.344130811108204]},"properties":{"Fazenda":"FE","Campo":"FE 04","produtividade":177.9484,"unidade_produtividade":"sc/ha","pontos_originais":25,"ano":"2026","cultura":"Milho"}},{"type":"Feature","geometry":{"type":"Point","coordinates":[-52.20461046480868,-10.344131664723836]},"properties":{"Fazenda":"FE","Campo":"FE 04","produtividade":171.30880000000002,"unidade_produtividade":"sc/ha","pontos_originais":25,"ano":"2026","cultura":"Milho"}},{"type":"Feature","geometry":{"type":"Point","coordinates":[-52.20445322625178,-10.344142299763847]},"properties":{"Fazenda":"FE","Campo":"FE 04","produtividade":168.64333333333332,"unidade_produtividade":"sc/ha","pontos_originais":9,"ano":"2026","cultura":"Milho"}},{"type":"Feature","geometry":{"type":"Point","coordinates":[-52.2087199537021,-10.344116274906407]},"properties":{"Fazenda":"FE","Campo":"FE 04","produtividade":162.138,"unidade_produtividade":"sc/ha","pontos_originais":25,"ano":"2026","cultura":"Milho"}},{"type":"Feature","geometry":{"type":"Point","coordinates":[-52.20849164893282,-10.344117131270487]},"properties":{"Fazenda":"FE","Campo":"FE 04","produtividade":167.5564,"unidade_produtividade":"sc/ha","pontos_originais":25,"ano":"2026","cultura":"Milho"}},{"type":"Feature","geometry":{"type":"Point","coordinates":[-52.2082633441436,-10.344117987472895]},"properties":{"Fazenda":"FE","Campo":"FE 04","produtividade":173.528,"unidade_produtividade":"sc/ha","pontos_originais":25,"ano":"2026","cultura":"Milho"}},{"type":"Feature","geometry":{"type":"Point","coordinates":[-52.20803503933446,-10.344118843513632]},"properties":{"Fazenda":"FE","Campo":"FE 04","produtividade":179.75959999999998,"unidade_produtividade":"sc/ha","pontos_originais":25,"ano":"2026","cultura":"Milho"}},{"type":"Feature","geometry":{"type":"Point","coordinates":[-52.20940486789031,-10.344113704844128]},"properties":{"Fazenda":"FE","Campo":"FE 04","produtividade":134.70600000000002,"unidade_produtividade":"sc/ha","pontos_originais":25,"ano":"2026","cultura":"Milho"}},{"type":"Feature","geometry":{"type":"Point","coordinates":[-52.20963317257985,-10.344112847833358]},"properties":{"Fazenda":"FE","Campo":"FE 04","produtividade":125.24959999999997,"unidade_produtividade":"sc/ha","pontos_originais":25,"ano":"2026","cultura":"Milho"}},{"type":"Feature","geometry":{"type":"Point","coordinates":[-52.20917656318086,-10.344114561693226]},"properties":{"Fazenda":"FE","Campo":"FE 04","produtividade":146.21479999999997,"unidade_produtividade":"sc/ha","pontos_originais":25,"ano":"2026","cultura":"Milho"}},{"type":"Feature","geometry":{"type":"Point","coordinates":[-52.20894825845146,-10.344115418380655]},"properties":{"Fazenda":"FE","Campo":"FE 04","produtividade":157.5844,"unidade_produtividade":"sc/ha","pontos_originais":25,"ano":"2026","cultura":"Milho"}},{"type":"Feature","geometry":{"type":"Point","coordinates":[-52.20735012478752,-10.34412141066579]},"properties":{"Fazenda":"FE","Campo":"FE 04","produtividade":188.08399999999997,"unidade_produtividade":"sc/ha","pontos_originais":25,"ano":"2026","cultura":"Milho"}},{"type":"Feature","geometry":{"type":"Point","coordinates":[-52.2071218198987,-10.344122266059834]},"properties":{"Fazenda":"FE","Campo":"FE 04","produtividade":187.59919999999994,"unidade_produtividade":"sc/ha","pontos_originais":25,"ano":"2026","cultura":"Milho"}},{"type":"Feature","geometry":{"type":"Point","coordinates":[-52.206893514989986,-10.344123121292204]},"properties":{"Fazenda":"FE","Campo":"FE 04","produtividade":188.2204,"unidade_produtividade":"sc/ha","pontos_originais":25,"ano":"2026","cultura":"Milho"}},{"type":"Feature","geometry":{"type":"Point","coordinates":[-52.2078067345054,-10.344119699392689]},"properties":{"Fazenda":"FE","Campo":"FE 04","produtividade":186.07319999999999,"unidade_produtividade":"sc/ha","pontos_originais":25,"ano":"2026","cultura":"Milho"}},{"type":"Feature","geometry":{"type":"Point","coordinates":[-52.20757842965642,-10.34412055511008]},"properties":{"Fazenda":"FE","Campo":"FE 04","produtividade":188.55239999999998,"unidade_produtividade":"sc/ha","pontos_originais":25,"ano":"2026","cultura":"Milho"}},{"type":"Feature","geometry":{"type":"Point","coordinates":[-52.209861477249426,-10.344111990660908]},"properties":{"Fazenda":"FE","Campo":"FE 04","produtividade":123.74039999999997,"unidade_produtividade":"sc/ha","pontos_originais":25,"ano":"2026","cultura":"Milho"}},{"type":"Feature","geometry":{"type":"Point","coordinates":[-52.210318086528716,-10.344110275831007]},"properties":{"Fazenda":"FE","Campo":"FE 04","produtividade":128.84560000000002,"unidade_produtividade":"sc/ha","pontos_originais":25,"ano":"2026","cultura":"Milho"}},{"type":"Feature","geometry":{"type":"Point","coordinates":[-52.21008978189904,-10.344111133326798]},"properties":{"Fazenda":"FE","Campo":"FE 04","produtividade":124.18400000000003,"unidade_produtividade":"sc/ha","pontos_originais":25,"ano":"2026","cultura":"Milho"}},{"type":"Feature","geometry":{"type":"Point","coordinates":[-52.21140509369335,-10.344178530743235]},"properties":{"Fazenda":"FE","Campo":"FE 04","produtividade":158.24,"unidade_produtividade":"sc/ha","pontos_originais":5,"ano":"2026","cultura":"Milho"}},{"type":"Feature","geometry":{"type":"Point","coordinates":[-52.206435178511725,-10.343672712908422]},"properties":{"Fazenda":"FE","Campo":"FE 04","produtividade":193.78080000000003,"unidade_produtividade":"sc/ha","pontos_originais":25,"ano":"2026","cultura":"Milho"}},{"type":"Feature","geometry":{"type":"Point","coordinates":[-52.20620687386985,-10.343673567617621]},"properties":{"Fazenda":"FE","Campo":"FE 04","produtividade":194.94599999999994,"unidade_produtividade":"sc/ha","pontos_originais":25,"ano":"2026","cultura":"Milho"}},{"type":"Feature","geometry":{"type":"Point","coordinates":[-52.20597856920809,-10.343674422165153]},"properties":{"Fazenda":"FE","Campo":"FE 04","produtividade":196.75879999999998,"unidade_produtividade":"sc/ha","pontos_originais":25,"ano":"2026","cultura":"Milho"}},{"type":"Feature","geometry":{"type":"Point","coordinates":[-52.20575026452642,-10.343675276551014]},"properties":{"Fazenda":"FE","Campo":"FE 04","produtividade":195.0868,"unidade_produtividade":"sc/ha","pontos_originais":25,"ano":"2026","cultura":"Milho"}},{"type":"Feature","geometry":{"type":"Point","coordinates":[-52.207120092317936,-10.343670147810837]},"properties":{"Fazenda":"FE","Campo":"FE 04","produtividade":184.21079999999998,"unidade_produtividade":"sc/ha","pontos_originais":25,"ano":"2026","cultura":"Milho"}},{"type":"Feature","geometry":{"type":"Point","coordinates":[-52.20689178773577,-10.343671003005033]},"properties":{"Fazenda":"FE","Campo":"FE 04","produtividade":188.4176,"unidade_produtividade":"sc/ha","pontos_originais":25,"ano":"2026","cultura":"Milho"}},{"type":"Feature","geometry":{"type":"Point","coordinates":[-52.206663483133696,-10.34367185803756]},"properties":{"Fazenda":"FE","Campo":"FE 04","produtividade":191.39320000000004,"unidade_produtividade":"sc/ha","pontos_originais":25,"ano":"2026","cultura":"Milho"}},{"type":"Feature","geometry":{"type":"Point","coordinates":[-52.20483704560098,-10.343678692477802]},"properties":{"Fazenda":"FE","Campo":"FE 04","produtividade":174.52199999999996,"unidade_produtividade":"sc/ha","pontos_originais":25,"ano":"2026","cultura":"Milho"}},{"type":"Feature","geometry":{"type":"Point","coordinates":[-52.205065350362176,-10.343677838738603]},"properties":{"Fazenda":"FE","Campo":"FE 04","produtividade":185.3816,"unidade_produtividade":"sc/ha","pontos_originais":25,"ano":"2026","cultura":"Milho"}},{"type":"Feature","geometry":{"type":"Point","coordinates":[-52.20460874081995,-10.34367954605533]},"properties":{"Fazenda":"FE","Campo":"FE 04","produtividade":166.93919999999997,"unidade_produtividade":"sc/ha","pontos_originais":25,"ano":"2026","cultura":"Milho"}},{"type":"Feature","geometry":{"type":"Point","coordinates":[-52.210747846069765,-10.343721843916857]},"properties":{"Fazenda":"FE","Campo":"FE 04","produtividade":145.92,"unidade_produtividade":"sc/ha","pontos_originais":9,"ano":"2026","cultura":"Milho"}},{"type":"Feature","geometry":{"type":"Point","coordinates":[-52.20552195982487,-10.34367613077521]},"properties":{"Fazenda":"FE","Campo":"FE 04","produtividade":192.70720000000006,"unidade_produtividade":"sc/ha","pontos_originais":25,"ano":"2026","cultura":"Milho"}},{"type":"Feature","geometry":{"type":"Point","coordinates":[-52.20529365510346,-10.34367698483774]},"properties":{"Fazenda":"FE","Campo":"FE 04","produtividade":185.9488,"unidade_produtividade":"sc/ha","pontos_originais":25,"ano":"2026","cultura":"Milho"}},{"type":"Feature","geometry":{"type":"Point","coordinates":[-52.2094031370441,-10.343661586977257]},"properties":{"Fazenda":"FE","Campo":"FE 04","produtividade":125.13560000000001,"unidade_produtividade":"sc/ha","pontos_originais":25,"ano":"2026","cultura":"Milho"}},{"type":"Feature","geometry":{"type":"Point","coordinates":[-52.20917483266116,-10.343662443788112]},"properties":{"Fazenda":"FE","Campo":"FE 04","produtividade":130.53239999999997,"unidade_produtividade":"sc/ha","pontos_originais":25,"ano":"2026","cultura":"Milho"}},{"type":"Feature","geometry":{"type":"Point","coordinates":[-52.20894652825832,-10.3436633004373]},"properties":{"Fazenda":"FE","Campo":"FE 04","produtividade":140.99319999999997,"unidade_produtividade":"sc/ha","pontos_originais":25,"ano":"2026","cultura":"Milho"}},{"type":"Feature","geometry":{"type":"Point","coordinates":[-52.20871822383552,-10.34366415692482]},"properties":{"Fazenda":"FE","Campo":"FE 04","produtividade":150.49079999999998,"unidade_produtividade":"sc/ha","pontos_originais":25,"ano":"2026","cultura":"Milho"}},{"type":"Feature","geometry":{"type":"Point","coordinates":[-52.21008805007319,-10.343659015574701]},"properties":{"Fazenda":"FE","Campo":"FE 04","produtividade":119.78400000000002,"unidade_produtividade":"sc/ha","pontos_originais":25,"ano":"2026","cultura":"Milho"}},{"type":"Feature","geometry":{"type":"Point","coordinates":[-52.209859745750116,-10.343659872870553]},"properties":{"Fazenda":"FE","Campo":"FE 04","produtividade":117.70199999999998,"unidade_produtividade":"sc/ha","pontos_originais":25,"ano":"2026","cultura":"Milho"}},{"type":"Feature","geometry":{"type":"Point","coordinates":[-52.20963144140709,-10.343660730004737]},"properties":{"Fazenda":"FE","Campo":"FE 04","produtividade":118.7244,"unidade_produtividade":"sc/ha","pontos_originais":25,"ano":"2026","cultura":"Milho"}},{"type":"Feature","geometry":{"type":"Point","coordinates":[-52.20780500594501,-10.343667581258256]},"properties":{"Fazenda":"FE","Campo":"FE 04","produtividade":168.93719999999996,"unidade_produtividade":"sc/ha","pontos_originais":25,"ano":"2026","cultura":"Milho"}},{"type":"Feature","geometry":{"type":"Point","coordinates":[-52.20803331044752,-10.343666725417394]},"properties":{"Fazenda":"FE","Campo":"FE 04","produtividade":165.41959999999995,"unidade_produtividade":"sc/ha","pontos_originais":25,"ano":"2026","cultura":"Milho"}},{"type":"Feature","geometry":{"type":"Point","coordinates":[-52.20757670142257,-10.343668436937449]},"properties":{"Fazenda":"FE","Campo":"FE 04","produtividade":174.15640000000002,"unidade_produtividade":"sc/ha","pontos_originais":25,"ano":"2026","cultura":"Milho"}},{"type":"Feature","geometry":{"type":"Point","coordinates":[-52.2073483968802,-10.343669292454974]},"properties":{"Fazenda":"FE","Campo":"FE 04","produtividade":178.2416,"unidade_produtividade":"sc/ha","pontos_originais":25,"ano":"2026","cultura":"Milho"}},{"type":"Feature","geometry":{"type":"Point","coordinates":[-52.208489919392775,-10.343665013250677]},"properties":{"Fazenda":"FE","Campo":"FE 04","produtividade":156.6244,"unidade_produtividade":"sc/ha","pontos_originais":25,"ano":"2026","cultura":"Milho"}},{"type":"Feature","geometry":{"type":"Point","coordinates":[-52.208261614930116,-10.34366586941487]},"properties":{"Fazenda":"FE","Campo":"FE 04","produtividade":160.898,"unidade_produtividade":"sc/ha","pontos_originais":25,"ano":"2026","cultura":"Milho"}},{"type":"Feature","geometry":{"type":"Point","coordinates":[-52.210538733026844,-10.34366518578895]},"properties":{"Fazenda":"FE","Campo":"FE 04","produtividade":130.61826086956523,"unidade_produtividade":"sc/ha","pontos_originais":23,"ano":"2026","cultura":"Milho"}},{"type":"Feature","geometry":{"type":"Point","coordinates":[-52.21031635437631,-10.343658158117188]},"properties":{"Fazenda":"FE","Campo":"FE 04","produtividade":123.57959999999999,"unidade_produtividade":"sc/ha","pontos_originais":25,"ano":"2026","cultura":"Milho"}},{"type":"Feature","geometry":{"type":"Point","coordinates":[-52.207577565529526,-10.34389449602538]},"properties":{"Fazenda":"FE","Campo":"FE 04","produtividade":182.01480000000004,"unidade_produtividade":"sc/ha","pontos_originais":25,"ano":"2026","cultura":"Milho"}},{"type":"Feature","geometry":{"type":"Point","coordinates":[-52.207349260823904,-10.343895351562002]},"properties":{"Fazenda":"FE","Campo":"FE 04","produtividade":186.28000000000003,"unidade_produtividade":"sc/ha","pontos_originais":25,"ano":"2026","cultura":"Milho"}},{"type":"Feature","geometry":{"type":"Point","coordinates":[-52.20712095609837,-10.343896206936954]},"properties":{"Fazenda":"FE","Campo":"FE 04","produtividade":189.49920000000006,"unidade_produtividade":"sc/ha","pontos_originais":25,"ano":"2026","cultura":"Milho"}},{"type":"Feature","geometry":{"type":"Point","coordinates":[-52.20689265135294,-10.343897062150235]},"properties":{"Fazenda":"FE","Campo":"FE 04","produtividade":191.81759999999997,"unidade_produtividade":"sc/ha","pontos_originais":25,"ano":"2026","cultura":"Milho"}},{"type":"Feature","geometry":{"type":"Point","coordinates":[-52.2082624795269,-10.343891928445501]},"properties":{"Fazenda":"FE","Campo":"FE 04","produtividade":161.86,"unidade_produtividade":"sc/ha","pontos_originais":25,"ano":"2026","cultura":"Milho"}},{"type":"Feature","geometry":{"type":"Point","coordinates":[-52.20803417488103,-10.343892784467132]},"properties":{"Fazenda":"FE","Campo":"FE 04","produtividade":170.45519999999996,"unidade_produtividade":"sc/ha","pontos_originais":25,"ano":"2026","cultura":"Milho"}},{"type":"Feature","geometry":{"type":"Point","coordinates":[-52.20780587021523,-10.343893640327092]},"properties":{"Fazenda":"FE","Campo":"FE 04","produtividade":177.91520000000003,"unidade_produtividade":"sc/ha","pontos_originais":25,"ano":"2026","cultura":"Milho"}},{"type":"Feature","geometry":{"type":"Point","coordinates":[-52.20597943217214,-10.343900481386664]},"properties":{"Fazenda":"FE","Campo":"FE 04","produtividade":192.2868,"unidade_produtividade":"sc/ha","pontos_originais":25,"ano":"2026","cultura":"Milho"}},{"type":"Feature","geometry":{"type":"Point","coordinates":[-52.206207736997186,-10.343899626820065]},"properties":{"Fazenda":"FE","Campo":"FE 04","produtividade":193.23360000000005,"unidade_produtividade":"sc/ha","pontos_originais":25,"ano":"2026","cultura":"Milho"}},{"type":"Feature","geometry":{"type":"Point","coordinates":[-52.20575112732724,-10.343901335791598]},"properties":{"Fazenda":"FE","Campo":"FE 04","produtividade":191.75240000000005,"unidade_produtividade":"sc/ha","pontos_originais":25,"ano":"2026","cultura":"Milho"}},{"type":"Feature","geometry":{"type":"Point","coordinates":[-52.205522822462406,-10.343902190034857]},"properties":{"Fazenda":"FE","Campo":"FE 04","produtividade":190.28439999999998,"unidade_produtividade":"sc/ha","pontos_originais":25,"ano":"2026","cultura":"Milho"}},{"type":"Feature","geometry":{"type":"Point","coordinates":[-52.20666434658759,-10.343897917201849]},"properties":{"Fazenda":"FE","Campo":"FE 04","produtividade":193.06759999999997,"unidade_produtividade":"sc/ha","pontos_originais":25,"ano":"2026","cultura":"Milho"}},{"type":"Feature","geometry":{"type":"Point","coordinates":[-52.206436041802334,-10.34389877209179]},"properties":{"Fazenda":"FE","Campo":"FE 04","produtividade":192.2376,"unidade_produtividade":"sc/ha","pontos_originais":25,"ano":"2026","cultura":"Milho"}},{"type":"Feature","geometry":{"type":"Point","coordinates":[-52.21054552488896,-10.343883359337394]},"properties":{"Fazenda":"FE","Campo":"FE 04","produtividade":128.8348,"unidade_produtividade":"sc/ha","pontos_originais":25,"ano":"2026","cultura":"Milho"}},{"type":"Feature","geometry":{"type":"Point","coordinates":[-52.21031722044254,-10.343884216975715]},"properties":{"Fazenda":"FE","Campo":"FE 04","produtividade":120.39840000000002,"unidade_produtividade":"sc/ha","pontos_originais":25,"ano":"2026","cultura":"Milho"}},{"type":"Feature","geometry":{"type":"Point","coordinates":[-52.21008891597613,-10.343885074452366]},"properties":{"Fazenda":"FE","Campo":"FE 04","produtividade":114.1056,"unidade_produtividade":"sc/ha","pontos_originais":25,"ano":"2026","cultura":"Milho"}},{"type":"Feature","geometry":{"type":"Point","coordinates":[-52.209860611489795,-10.34388593176735]},"properties":{"Fazenda":"FE","Campo":"FE 04","produtividade":113.9392,"unidade_produtividade":"sc/ha","pontos_originais":25,"ano":"2026","cultura":"Milho"}},{"type":"Feature","geometry":{"type":"Point","coordinates":[-52.21077382931542,-10.343882501537408]},"properties":{"Fazenda":"FE","Campo":"FE 04","produtividade":144.82320000000004,"unidade_produtividade":"sc/ha","pontos_originais":25,"ano":"2026","cultura":"Milho"}},{"type":"Feature","geometry":{"type":"Point","coordinates":[-52.21098447300088,-10.343906827956665]},"properties":{"Fazenda":"FE","Campo":"FE 04","produtividade":153.4888888888889,"unidade_produtividade":"sc/ha","pontos_originais":18,"ano":"2026","cultura":"Milho"}},{"type":"Feature","geometry":{"type":"Point","coordinates":[-52.208947393344914,-10.343889359410596]},"properties":{"Fazenda":"FE","Campo":"FE 04","produtividade":143.2628,"unidade_produtividade":"sc/ha","pontos_originais":25,"ano":"2026","cultura":"Milho"}},{"type":"Feature","geometry":{"type":"Point","coordinates":[-52.20917569791105,-10.343888502742287]},"properties":{"Fazenda":"FE","Campo":"FE 04","produtividade":131.72599999999994,"unidade_produtividade":"sc/ha","pontos_originais":25,"ano":"2026","cultura":"Milho"}},{"type":"Feature","geometry":{"type":"Point","coordinates":[-52.20871908875884,-10.343890215917234]},"properties":{"Fazenda":"FE","Campo":"FE 04","produtividade":149.66199999999998,"unidade_produtividade":"sc/ha","pontos_originais":25,"ano":"2026","cultura":"Milho"}},{"type":"Feature","geometry":{"type":"Point","coordinates":[-52.20849078415283,-10.343891072262203]},"properties":{"Fazenda":"FE","Campo":"FE 04","produtividade":156.4424,"unidade_produtividade":"sc/ha","pontos_originais":25,"ano":"2026","cultura":"Milho"}},{"type":"Feature","geometry":{"type":"Point","coordinates":[-52.2096323069835,-10.343886788920665]},"properties":{"Fazenda":"FE","Campo":"FE 04","produtividade":115.95399999999998,"unidade_produtividade":"sc/ha","pontos_originais":25,"ano":"2026","cultura":"Milho"}},{"type":"Feature","geometry":{"type":"Point","coordinates":[-52.20940400245725,-10.34388764591231]},"properties":{"Fazenda":"FE","Campo":"FE 04","produtividade":123.0412,"unidade_produtividade":"sc/ha","pontos_originais":25,"ano":"2026","cultura":"Milho"}},{"type":"Feature","geometry":{"type":"Point","coordinates":[-52.204609602804375,-10.343905605391202]},"properties":{"Fazenda":"FE","Campo":"FE 04","produtividade":169.31680000000003,"unidade_produtividade":"sc/ha","pontos_originais":25,"ano":"2026","cultura":"Milho"}},{"type":"Feature","geometry":{"type":"Point","coordinates":[-52.20529451757772,-10.343903044116448]},"properties":{"Fazenda":"FE","Campo":"FE 04","produtividade":184.4136,"unidade_produtividade":"sc/ha","pontos_originais":25,"ano":"2026","cultura":"Milho"}},{"type":"Feature","geometry":{"type":"Point","coordinates":[-52.20506621267313,-10.34390389803637]},"properties":{"Fazenda":"FE","Campo":"FE 04","produtividade":182.9716,"unidade_produtividade":"sc/ha","pontos_originais":25,"ano":"2026","cultura":"Milho"}},{"type":"Feature","geometry":{"type":"Point","coordinates":[-52.204837907748704,-10.343904751794621]},"properties":{"Fazenda":"FE","Campo":"FE 04","produtividade":175.56480000000002,"unidade_produtividade":"sc/ha","pontos_originais":25,"ano":"2026","cultura":"Milho"}},{"type":"Feature","geometry":{"type":"Point","coordinates":[-52.204472706018485,-10.343928723412615]},"properties":{"Fazenda":"FE","Campo":"FE 04","produtividade":167.7825,"unidade_produtividade":"sc/ha","pontos_originais":4,"ano":"2026","cultura":"Milho"}},{"type":"Feature","geometry":{"type":"Point","coordinates":[-52.21113946302341,-10.34397155224268]},"properties":{"Fazenda":"FE","Campo":"FE 04","produtividade":156.22,"unidade_produtividade":"sc/ha","pontos_originais":1,"ano":"2026","cultura":"Milho"}},{"type":"Feature","geometry":{"type":"Point","coordinates":[-52.20438819312457,-10.345714933548958]},"properties":{"Fazenda":"FE","Campo":"FE 04","produtividade":169.72,"unidade_produtividade":"sc/ha","pontos_originais":25,"ano":"2026","cultura":"Milho"}},{"type":"Feature","geometry":{"type":"Point","coordinates":[-52.20461649939506,-10.345714079961676]},"properties":{"Fazenda":"FE","Campo":"FE 04","produtividade":180.54000000000005,"unidade_produtividade":"sc/ha","pontos_originais":25,"ano":"2026","cultura":"Milho"}},{"type":"Feature","geometry":{"type":"Point","coordinates":[-52.204199861981806,-10.34572128912418]},"properties":{"Fazenda":"FE","Campo":"FE 04","produtividade":165.37,"unidade_produtividade":"sc/ha","pontos_originais":16,"ano":"2026","cultura":"Milho"}},{"type":"Feature","geometry":{"type":"Point","coordinates":[-52.21327446231008,-10.34570670832063]},"properties":{"Fazenda":"FE","Campo":"FE 04","produtividade":164.24555555555557,"unidade_produtividade":"sc/ha","pontos_originais":18,"ano":"2026","cultura":"Milho"}},{"type":"Feature","geometry":{"type":"Point","coordinates":[-52.21306381740508,-10.34568238355802]},"properties":{"Fazenda":"FE","Campo":"FE 04","produtividade":163.068,"unidade_produtividade":"sc/ha","pontos_originais":25,"ano":"2026","cultura":"Milho"}},{"type":"Feature","geometry":{"type":"Point","coordinates":[-52.205301418087345,-10.345711518229622]},"properties":{"Fazenda":"FE","Campo":"FE 04","produtividade":189.7232,"unidade_produtividade":"sc/ha","pontos_originais":25,"ano":"2026","cultura":"Milho"}},{"type":"Feature","geometry":{"type":"Point","coordinates":[-52.20507311187644,-10.345712372302005]},"properties":{"Fazenda":"FE","Campo":"FE 04","produtividade":187.8732,"unidade_produtividade":"sc/ha","pontos_originais":25,"ano":"2026","cultura":"Milho"}},{"type":"Feature","geometry":{"type":"Point","coordinates":[-52.20484480564569,-10.34571322621269]},"properties":{"Fazenda":"FE","Campo":"FE 04","produtividade":185.5668,"unidade_produtividade":"sc/ha","pontos_originais":25,"ano":"2026","cultura":"Milho"}},{"type":"Feature","geometry":{"type":"Point","coordinates":[-52.212150595153474,-10.345685820868306]},"properties":{"Fazenda":"FE","Campo":"FE 04","produtividade":190.05719999999997,"unidade_produtividade":"sc/ha","pontos_originais":25,"ano":"2026","cultura":"Milho"}},{"type":"Feature","geometry":{"type":"Point","coordinates":[-52.21237890074636,-10.345684961783284]},"properties":{"Fazenda":"FE","Campo":"FE 04","produtividade":180.46200000000002,"unidade_produtividade":"sc/ha","pontos_originais":25,"ano":"2026","cultura":"Milho"}},{"type":"Feature","geometry":{"type":"Point","coordinates":[-52.21192228954055,-10.345686679791639]},"properties":{"Fazenda":"FE","Campo":"FE 04","produtividade":192.7584,"unidade_produtividade":"sc/ha","pontos_originais":25,"ano":"2026","cultura":"Milho"}},{"type":"Feature","geometry":{"type":"Point","coordinates":[-52.21169398390768,-10.345687538553271]},"properties":{"Fazenda":"FE","Campo":"FE 04","produtividade":193.50479999999996,"unidade_produtividade":"sc/ha","pontos_originais":25,"ano":"2026","cultura":"Milho"}},{"type":"Feature","geometry":{"type":"Point","coordinates":[-52.21283551187217,-10.345683243128136]},"properties":{"Fazenda":"FE","Campo":"FE 04","produtividade":163.1324,"unidade_produtividade":"sc/ha","pontos_originais":25,"ano":"2026","cultura":"Milho"}},{"type":"Feature","geometry":{"type":"Point","coordinates":[-52.21260720631926,-10.34568410253656]},"properties":{"Fazenda":"FE","Campo":"FE 04","produtividade":171.0652,"unidade_produtividade":"sc/ha","pontos_originais":25,"ano":"2026","cultura":"Milho"}},{"type":"Feature","geometry":{"type":"Point","coordinates":[-52.20735617309031,-10.345703824301717]},"properties":{"Fazenda":"FE","Campo":"FE 04","produtividade":187.39800000000002,"unidade_produtividade":"sc/ha","pontos_originais":25,"ano":"2026","cultura":"Milho"}},{"type":"Feature","geometry":{"type":"Point","coordinates":[-52.20758447910226,-10.345702968612345]},"properties":{"Fazenda":"FE","Campo":"FE 04","produtividade":185.63320000000004,"unidade_produtividade":"sc/ha","pontos_originais":25,"ano":"2026","cultura":"Milho"}},{"type":"Feature","geometry":{"type":"Point","coordinates":[-52.20712786705847,-10.345704679829394]},"properties":{"Fazenda":"FE","Campo":"FE 04","produtividade":186.49120000000002,"unidade_produtividade":"sc/ha","pontos_originais":25,"ano":"2026","cultura":"Milho"}},{"type":"Feature","geometry":{"type":"Point","coordinates":[-52.20689956100673,-10.345705535195368]},"properties":{"Fazenda":"FE","Campo":"FE 04","produtividade":186.1888,"unidade_produtividade":"sc/ha","pontos_originais":25,"ano":"2026","cultura":"Milho"}},{"type":"Feature","geometry":{"type":"Point","coordinates":[-52.20804109106635,-10.345701256748507]},"properties":{"Fazenda":"FE","Campo":"FE 04","produtividade":185.1568,"unidade_produtividade":"sc/ha","pontos_originais":25,"ano":"2026","cultura":"Milho"}},{"type":"Feature","geometry":{"type":"Point","coordinates":[-52.20826939701852,-10.345700400574037]},"properties":{"Fazenda":"FE","Campo":"FE 04","produtividade":186.40679999999998,"unidade_produtividade":"sc/ha","pontos_originais":25,"ano":"2026","cultura":"Milho"}},{"type":"Feature","geometry":{"type":"Point","coordinates":[-52.207812785094276,-10.345702112761275]},"properties":{"Fazenda":"FE","Campo":"FE 04","produtividade":184.79840000000002,"unidade_produtividade":"sc/ha","pontos_originais":25,"ano":"2026","cultura":"Milho"}},{"type":"Feature","geometry":{"type":"Point","coordinates":[-52.205986336600716,-10.34570895504228]},"properties":{"Fazenda":"FE","Campo":"FE 04","produtividade":185.53800000000004,"unidade_produtividade":"sc/ha","pontos_originais":25,"ano":"2026","cultura":"Milho"}},{"type":"Feature","geometry":{"type":"Point","coordinates":[-52.20575803044946,-10.345709809599757]},"properties":{"Fazenda":"FE","Campo":"FE 04","produtividade":186.40240000000006,"unidade_produtividade":"sc/ha","pontos_originais":25,"ano":"2026","cultura":"Milho"}},{"type":"Feature","geometry":{"type":"Point","coordinates":[-52.20552972427836,-10.34571066399554]},"properties":{"Fazenda":"FE","Campo":"FE 04","produtividade":188.15720000000005,"unidade_produtividade":"sc/ha","pontos_originais":25,"ano":"2026","cultura":"Milho"}},{"type":"Feature","geometry":{"type":"Point","coordinates":[-52.206671254935074,-10.345706390399641]},"properties":{"Fazenda":"FE","Campo":"FE 04","produtividade":186.1568,"unidade_produtividade":"sc/ha","pontos_originais":25,"ano":"2026","cultura":"Milho"}},{"type":"Feature","geometry":{"type":"Point","coordinates":[-52.20644294884352,-10.34570724544222]},"properties":{"Fazenda":"FE","Campo":"FE 04","produtividade":185.9352,"unidade_produtividade":"sc/ha","pontos_originais":25,"ano":"2026","cultura":"Milho"}},{"type":"Feature","geometry":{"type":"Point","coordinates":[-52.20621464273206,-10.345708100323096]},"properties":{"Fazenda":"FE","Campo":"FE 04","produtividade":185.90439999999995,"unidade_produtividade":"sc/ha","pontos_originais":25,"ano":"2026","cultura":"Milho"}},{"type":"Feature","geometry":{"type":"Point","coordinates":[-52.20849770295078,-10.34569954423787]},"properties":{"Fazenda":"FE","Campo":"FE 04","produtividade":187.61520000000004,"unidade_produtividade":"sc/ha","pontos_originais":25,"ano":"2026","cultura":"Milho"}},{"type":"Feature","geometry":{"type":"Point","coordinates":[-52.208726008863096,-10.34569868774001]},"properties":{"Fazenda":"FE","Campo":"FE 04","produtividade":190.5376,"unidade_produtividade":"sc/ha","pontos_originais":25,"ano":"2026","cultura":"Milho"}},{"type":"Feature","geometry":{"type":"Point","coordinates":[-52.21078076117637,-10.345690971982826]},"properties":{"Fazenda":"FE","Campo":"FE 04","produtividade":195.0952,"unidade_produtividade":"sc/ha","pontos_originais":25,"ano":"2026","cultura":"Milho"}},{"type":"Feature","geometry":{"type":"Point","coordinates":[-52.210552455443604,-10.34569182993597]},"properties":{"Fazenda":"FE","Campo":"FE 04","produtividade":195.9832,"unidade_produtividade":"sc/ha","pontos_originais":25,"ano":"2026","cultura":"Milho"}},{"type":"Feature","geometry":{"type":"Point","coordinates":[-52.21032414969088,-10.345692687727416]},"properties":{"Fazenda":"FE","Campo":"FE 04","produtividade":195.6564,"unidade_produtividade":"sc/ha","pontos_originais":25,"ano":"2026","cultura":"Milho"}},{"type":"Feature","geometry":{"type":"Point","coordinates":[-52.21009584391818,-10.34569354535717]},"properties":{"Fazenda":"FE","Campo":"FE 04","produtividade":194.4948,"unidade_produtividade":"sc/ha","pontos_originais":25,"ano":"2026","cultura":"Milho"}},{"type":"Feature","geometry":{"type":"Point","coordinates":[-52.211465678254825,-10.345688397153204]},"properties":{"Fazenda":"FE","Campo":"FE 04","produtividade":192.32519999999997,"unidade_produtividade":"sc/ha","pontos_originais":25,"ano":"2026","cultura":"Milho"}},{"type":"Feature","geometry":{"type":"Point","coordinates":[-52.211237372581984,-10.345689255591445]},"properties":{"Fazenda":"FE","Campo":"FE 04","produtividade":193.2928,"unidade_produtividade":"sc/ha","pontos_originais":25,"ano":"2026","cultura":"Milho"}},{"type":"Feature","geometry":{"type":"Point","coordinates":[-52.211009066889154,-10.345690113867981]},"properties":{"Fazenda":"FE","Campo":"FE 04","produtividade":194.43159999999997,"unidade_produtividade":"sc/ha","pontos_originais":25,"ano":"2026","cultura":"Milho"}},{"type":"Feature","geometry":{"type":"Point","coordinates":[-52.20918262062789,-10.345696974259187]},"properties":{"Fazenda":"FE","Campo":"FE 04","produtividade":193.51480000000004,"unidade_produtividade":"sc/ha","pontos_originais":25,"ano":"2026","cultura":"Milho"}},{"type":"Feature","geometry":{"type":"Point","coordinates":[-52.2094109264804,-10.34569611727623]},"properties":{"Fazenda":"FE","Campo":"FE 04","produtividade":192.30560000000003,"unidade_produtividade":"sc/ha","pontos_originais":25,"ano":"2026","cultura":"Milho"}},{"type":"Feature","geometry":{"type":"Point","coordinates":[-52.20895431475547,-10.34569783108045]},"properties":{"Fazenda":"FE","Campo":"FE 04","produtividade":192.61399999999998,"unidade_produtividade":"sc/ha","pontos_originais":25,"ano":"2026","cultura":"Milho"}},{"type":"Feature","geometry":{"type":"Point","coordinates":[-52.20986753812554,-10.345694402825222]},"properties":{"Fazenda":"FE","Campo":"FE 04","produtividade":192.8004,"unidade_produtividade":"sc/ha","pontos_originais":25,"ano":"2026","cultura":"Milho"}},{"type":"Feature","geometry":{"type":"Point","coordinates":[-52.20963923231294,-10.345695260131574]},"properties":{"Fazenda":"FE","Campo":"FE 04","produtividade":192.00120000000004,"unidade_produtividade":"sc/ha","pontos_originais":25,"ano":"2026","cultura":"Milho"}},{"type":"Feature","geometry":{"type":"Point","coordinates":[-52.213429453600426,-10.345771431343998]},"properties":{"Fazenda":"FE","Campo":"FE 04","produtividade":165.13,"unidade_produtividade":"sc/ha","pontos_originais":1,"ano":"2026","cultura":"Milho"}},{"type":"Feature","geometry":{"type":"Point","coordinates":[-52.20644208539372,-10.345481186284744]},"properties":{"Fazenda":"FE","Campo":"FE 04","produtividade":185.3916,"unidade_produtividade":"sc/ha","pontos_originais":25,"ano":"2026","cultura":"Milho"}},{"type":"Feature","geometry":{"type":"Point","coordinates":[-52.20621377944557,-10.345482041146546]},"properties":{"Fazenda":"FE","Campo":"FE 04","produtividade":183.808,"unidade_produtividade":"sc/ha","pontos_originais":25,"ano":"2026","cultura":"Milho"}},{"type":"Feature","geometry":{"type":"Point","coordinates":[-52.20598547347754,-10.345482895846652]},"properties":{"Fazenda":"FE","Campo":"FE 04","produtividade":181.7944,"unidade_produtividade":"sc/ha","pontos_originais":25,"ano":"2026","cultura":"Milho"}},{"type":"Feature","geometry":{"type":"Point","coordinates":[-52.2057571674896,-10.345483750385062]},"properties":{"Fazenda":"FE","Campo":"FE 04","produtividade":180.69,"unidade_produtividade":"sc/ha","pontos_originais":25,"ano":"2026","cultura":"Milho"}},{"type":"Feature","geometry":{"type":"Point","coordinates":[-52.207127003118785,-10.345478620729164]},"properties":{"Fazenda":"FE","Campo":"FE 04","produtividade":188.84199999999998,"unidade_produtividade":"sc/ha","pontos_originais":25,"ano":"2026","cultura":"Milho"}},{"type":"Feature","geometry":{"type":"Point","coordinates":[-52.20735530898732,-10.345477765220583]},"properties":{"Fazenda":"FE","Campo":"FE 04","produtividade":188.6376,"unidade_produtividade":"sc/ha","pontos_originais":25,"ano":"2026","cultura":"Milho"}},{"type":"Feature","geometry":{"type":"Point","coordinates":[-52.20689869723034,-10.345479476076052]},"properties":{"Fazenda":"FE","Campo":"FE 04","produtividade":187.54839999999996,"unidade_produtividade":"sc/ha","pontos_originais":25,"ano":"2026","cultura":"Milho"}},{"type":"Feature","geometry":{"type":"Point","coordinates":[-52.206670391321985,-10.345480331261246]},"properties":{"Fazenda":"FE","Campo":"FE 04","produtividade":186.6024,"unidade_produtividade":"sc/ha","pontos_originais":25,"ano":"2026","cultura":"Milho"}},{"type":"Feature","geometry":{"type":"Point","coordinates":[-52.20507224940648,-10.345486313030129]},"properties":{"Fazenda":"FE","Campo":"FE 04","produtividade":180.3568,"unidade_produtividade":"sc/ha","pontos_originais":25,"ano":"2026","cultura":"Milho"}},{"type":"Feature","geometry":{"type":"Point","coordinates":[-52.20484394333903,-10.345487166921757]},"properties":{"Fazenda":"FE","Campo":"FE 04","produtividade":181.97760000000002,"unidade_produtividade":"sc/ha","pontos_originais":25,"ano":"2026","cultura":"Milho"}},{"type":"Feature","geometry":{"type":"Point","coordinates":[-52.2046156372517,-10.345488020651691]},"properties":{"Fazenda":"FE","Campo":"FE 04","produtividade":177.99200000000002,"unidade_produtividade":"sc/ha","pontos_originais":25,"ano":"2026","cultura":"Milho"}},{"type":"Feature","geometry":{"type":"Point","coordinates":[-52.20438733114451,-10.34548887421993]},"properties":{"Fazenda":"FE","Campo":"FE 04","produtividade":168.96919999999997,"unidade_produtividade":"sc/ha","pontos_originais":25,"ano":"2026","cultura":"Milho"}},{"type":"Feature","geometry":{"type":"Point","coordinates":[-52.20552886148176,-10.345484604761783]},"properties":{"Fazenda":"FE","Campo":"FE 04","produtividade":180.55919999999998,"unidade_produtividade":"sc/ha","pontos_originais":25,"ano":"2026","cultura":"Milho"}},{"type":"Feature","geometry":{"type":"Point","coordinates":[-52.20530055545406,-10.3454854589768]},"properties":{"Fazenda":"FE","Campo":"FE 04","produtividade":181.8784,"unidade_produtividade":"sc/ha","pontos_originais":25,"ano":"2026","cultura":"Milho"}},{"type":"Feature","geometry":{"type":"Point","coordinates":[-52.209410060907686,-10.345470058367068]},"properties":{"Fazenda":"FE","Campo":"FE 04","produtividade":190.61280000000002,"unidade_produtividade":"sc/ha","pontos_originais":25,"ano":"2026","cultura":"Milho"}},{"type":"Feature","geometry":{"type":"Point","coordinates":[-52.20918175521851,-10.345470915330905]},"properties":{"Fazenda":"FE","Campo":"FE 04","produtividade":191.84080000000003,"unidade_produtividade":"sc/ha","pontos_originais":25,"ano":"2026","cultura":"Milho"}},{"type":"Feature","geometry":{"type":"Point","coordinates":[-52.208953449509366,-10.345471772133044]},"properties":{"Fazenda":"FE","Campo":"FE 04","produtividade":192.06479999999996,"unidade_produtividade":"sc/ha","pontos_originais":25,"ano":"2026","cultura":"Milho"}},{"type":"Feature","geometry":{"type":"Point","coordinates":[-52.20872514378028,-10.345472628773491]},"properties":{"Fazenda":"FE","Campo":"FE 04","produtividade":190.78080000000003,"unidade_produtividade":"sc/ha","pontos_originais":25,"ano":"2026","cultura":"Milho"}},{"type":"Feature","geometry":{"type":"Point","coordinates":[-52.21009497785557,-10.345467486505397]},"properties":{"Fazenda":"FE","Campo":"FE 04","produtividade":192.99680000000004,"unidade_produtividade":"sc/ha","pontos_originais":25,"ano":"2026","cultura":"Milho"}},{"type":"Feature","geometry":{"type":"Point","coordinates":[-52.20986667222623,-10.345468343954316]},"properties":{"Fazenda":"FE","Campo":"FE 04","produtividade":191.09759999999997,"unidade_produtividade":"sc/ha","pontos_originais":25,"ano":"2026","cultura":"Milho"}},{"type":"Feature","geometry":{"type":"Point","coordinates":[-52.209638366576954,-10.345469201241537]},"properties":{"Fazenda":"FE","Campo":"FE 04","produtividade":190.06839999999997,"unidade_produtividade":"sc/ha","pontos_originais":25,"ano":"2026","cultura":"Milho"}},{"type":"Feature","geometry":{"type":"Point","coordinates":[-52.20781192066466,-10.345476053718327]},"properties":{"Fazenda":"FE","Campo":"FE 04","produtividade":185.50439999999998,"unidade_produtividade":"sc/ha","pontos_originais":25,"ano":"2026","cultura":"Milho"}},{"type":"Feature","geometry":{"type":"Point","coordinates":[-52.20804022647346,-10.345475197724664]},"properties":{"Fazenda":"FE","Campo":"FE 04","produtividade":185.7428,"unidade_produtividade":"sc/ha","pontos_originais":25,"ano":"2026","cultura":"Milho"}},{"type":"Feature","geometry":{"type":"Point","coordinates":[-52.207583614835954,-10.345476909550305]},"properties":{"Fazenda":"FE","Campo":"FE 04","produtividade":186.3748,"unidade_produtividade":"sc/ha","pontos_originais":25,"ano":"2026","cultura":"Milho"}},{"type":"Feature","geometry":{"type":"Point","coordinates":[-52.208496838031266,-10.345473485252242]},"properties":{"Fazenda":"FE","Campo":"FE 04","produtividade":188.87039999999993,"unidade_produtividade":"sc/ha","pontos_originais":25,"ano":"2026","cultura":"Milho"}},{"type":"Feature","geometry":{"type":"Point","coordinates":[-52.20826853226233,-10.3454743415693]},"properties":{"Fazenda":"FE","Campo":"FE 04","produtividade":187.45079999999996,"unidade_produtividade":"sc/ha","pontos_originais":25,"ano":"2026","cultura":"Milho"}},{"type":"Feature","geometry":{"type":"Point","coordinates":[-52.21032328346498,-10.345466628894785]},"properties":{"Fazenda":"FE","Campo":"FE 04","produtividade":192.86199999999997,"unidade_produtividade":"sc/ha","pontos_originais":25,"ano":"2026","cultura":"Milho"}},{"type":"Feature","geometry":{"type":"Point","coordinates":[-52.21237803305073,-10.345458903123047]},"properties":{"Fazenda":"FE","Campo":"FE 04","produtividade":166.7696,"unidade_produtividade":"sc/ha","pontos_originais":25,"ano":"2026","cultura":"Milho"}},{"type":"Feature","geometry":{"type":"Point","coordinates":[-52.21214972762115,-10.345459762188902]},"properties":{"Fazenda":"FE","Campo":"FE 04","produtividade":177.70280000000002,"unidade_produtividade":"sc/ha","pontos_originais":25,"ano":"2026","cultura":"Milho"}},{"type":"Feature","geometry":{"type":"Point","coordinates":[-52.211921422171564,-10.345460621093064]},"properties":{"Fazenda":"FE","Campo":"FE 04","produtividade":185.6436,"unidade_produtividade":"sc/ha","pontos_originais":25,"ano":"2026","cultura":"Milho"}},{"type":"Feature","geometry":{"type":"Point","coordinates":[-52.21169311670197,-10.345461479835535]},"properties":{"Fazenda":"FE","Campo":"FE 04","produtividade":189.574,"unidade_produtividade":"sc/ha","pontos_originais":25,"ano":"2026","cultura":"Milho"}},{"type":"Feature","geometry":{"type":"Point","coordinates":[-52.20421614464203,-10.345500817262257]},"properties":{"Fazenda":"FE","Campo":"FE 04","produtividade":165.18583333333333,"unidade_produtividade":"sc/ha","pontos_originais":12,"ano":"2026","cultura":"Milho"}},{"type":"Feature","geometry":{"type":"Point","coordinates":[-52.212834643849966,-10.345457184506254]},"properties":{"Fazenda":"FE","Campo":"FE 04","produtividade":152.21280000000002,"unidade_produtividade":"sc/ha","pontos_originais":25,"ano":"2026","cultura":"Milho"}},{"type":"Feature","geometry":{"type":"Point","coordinates":[-52.213038536123626,-10.345501629252166]},"properties":{"Fazenda":"FE","Campo":"FE 04","produtividade":156.4469230769231,"unidade_produtividade":"sc/ha","pontos_originais":13,"ano":"2026","cultura":"Milho"}},{"type":"Feature","geometry":{"type":"Point","coordinates":[-52.212606338460354,-10.345458043895494]},"properties":{"Fazenda":"FE","Campo":"FE 04","produtividade":154.77079999999998,"unidade_produtividade":"sc/ha","pontos_originais":25,"ano":"2026","cultura":"Milho"}},{"type":"Feature","geometry":{"type":"Point","coordinates":[-52.21077989462385,-10.345464913188476]},"properties":{"Fazenda":"FE","Campo":"FE 04","produtividade":192.5264,"unidade_produtividade":"sc/ha","pontos_originais":25,"ano":"2026","cultura":"Milho"}},{"type":"Feature","geometry":{"type":"Point","coordinates":[-52.211008200173346,-10.34546405509278]},"properties":{"Fazenda":"FE","Campo":"FE 04","produtividade":191.81,"unidade_produtividade":"sc/ha","pontos_originais":25,"ano":"2026","cultura":"Milho"}},{"type":"Feature","geometry":{"type":"Point","coordinates":[-52.210551589054404,-10.345465771122477]},"properties":{"Fazenda":"FE","Campo":"FE 04","produtividade":193.32280000000003,"unidade_produtividade":"sc/ha","pontos_originais":25,"ano":"2026","cultura":"Milho"}},{"type":"Feature","geometry":{"type":"Point","coordinates":[-52.21146481121241,-10.345462338416311]},"properties":{"Fazenda":"FE","Campo":"FE 04","produtividade":188.9716,"unidade_produtividade":"sc/ha","pontos_originais":25,"ano":"2026","cultura":"Milho"}},{"type":"Feature","geometry":{"type":"Point","coordinates":[-52.211236505702864,-10.345463196835391]},"properties":{"Fazenda":"FE","Campo":"FE 04","produtividade":190.33079999999995,"unidade_produtividade":"sc/ha","pontos_originais":25,"ano":"2026","cultura":"Milho"}},{"type":"Feature","geometry":{"type":"Point","coordinates":[-52.21009411181292,-10.34524142765039]},"properties":{"Fazenda":"FE","Campo":"FE 04","produtividade":194.078,"unidade_produtividade":"sc/ha","pontos_originais":25,"ano":"2026","cultura":"Milho"}},{"type":"Feature","geometry":{"type":"Point","coordinates":[-52.20986580634689,-10.345242285080172]},"properties":{"Fazenda":"FE","Campo":"FE 04","produtividade":192.75159999999997,"unidade_produtividade":"sc/ha","pontos_originais":25,"ano":"2026","cultura":"Milho"}},{"type":"Feature","geometry":{"type":"Point","coordinates":[-52.20963750086088,-10.345243142348263]},"properties":{"Fazenda":"FE","Campo":"FE 04","produtividade":192.04200000000003,"unidade_produtividade":"sc/ha","pontos_originais":25,"ano":"2026","cultura":"Milho"}},{"type":"Feature","geometry":{"type":"Point","coordinates":[-52.20940919535493,-10.34524399945467]},"properties":{"Fazenda":"FE","Campo":"FE 04","produtividade":189.25679999999997,"unidade_produtividade":"sc/ha","pontos_originais":25,"ano":"2026","cultura":"Milho"}},{"type":"Feature","geometry":{"type":"Point","coordinates":[-52.210779028091316,-10.345238854390889]},"properties":{"Fazenda":"FE","Campo":"FE 04","produtividade":188.16320000000005,"unidade_produtividade":"sc/ha","pontos_originais":25,"ano":"2026","cultura":"Milho"}},{"type":"Feature","geometry":{"type":"Point","coordinates":[-52.210550722685156,-10.345239712305748]},"properties":{"Fazenda":"FE","Campo":"FE 04","produtividade":189.8956,"unidade_produtividade":"sc/ha","pontos_originais":25,"ano":"2026","cultura":"Milho"}},{"type":"Feature","geometry":{"type":"Point","coordinates":[-52.21032241725903,-10.34524057005891]},"properties":{"Fazenda":"FE","Campo":"FE 04","produtividade":192.6992,"unidade_produtividade":"sc/ha","pontos_originais":25,"ano":"2026","cultura":"Milho"}},{"type":"Feature","geometry":{"type":"Point","coordinates":[-52.2084959731317,-10.345247426263372]},"properties":{"Fazenda":"FE","Campo":"FE 04","produtividade":187.31759999999994,"unidade_produtividade":"sc/ha","pontos_originais":25,"ano":"2026","cultura":"Milho"}},{"type":"Feature","geometry":{"type":"Point","coordinates":[-52.208724278717426,-10.345246569803734]},"properties":{"Fazenda":"FE","Campo":"FE 04","produtividade":188.1176,"unidade_produtividade":"sc/ha","pontos_originais":25,"ano":"2026","cultura":"Milho"}},{"type":"Feature","geometry":{"type":"Point","coordinates":[-52.20826766752605,-10.345248282561322]},"properties":{"Fazenda":"FE","Campo":"FE 04","produtividade":187.06599999999997,"unidade_produtividade":"sc/ha","pontos_originais":25,"ano":"2026","cultura":"Milho"}},{"type":"Feature","geometry":{"type":"Point","coordinates":[-52.20803936190048,-10.345249138697582]},"properties":{"Fazenda":"FE","Campo":"FE 04","produtividade":187.88519999999997,"unidade_produtividade":"sc/ha","pontos_originais":25,"ano":"2026","cultura":"Milho"}},{"type":"Feature","geometry":{"type":"Point","coordinates":[-52.20918088982904,-10.345244856399383]},"properties":{"Fazenda":"FE","Campo":"FE 04","produtividade":188.352,"unidade_produtividade":"sc/ha","pontos_originais":25,"ano":"2026","cultura":"Milho"}},{"type":"Feature","geometry":{"type":"Point","coordinates":[-52.20895258428319,-10.345245713182406]},"properties":{"Fazenda":"FE","Campo":"FE 04","produtividade":187.50959999999995,"unidade_produtividade":"sc/ha","pontos_originais":25,"ano":"2026","cultura":"Milho"}},{"type":"Feature","geometry":{"type":"Point","coordinates":[-52.20461391302456,-10.345035902022019]},"properties":{"Fazenda":"FE","Campo":"FE 04","produtividade":170.774,"unidade_produtividade":"sc/ha","pontos_originais":25,"ano":"2026","cultura":"Milho"}},{"type":"Feature","geometry":{"type":"Point","coordinates":[-52.20438560724395,-10.345036755552162]},"properties":{"Fazenda":"FE","Campo":"FE 04","produtividade":166.3172,"unidade_produtividade":"sc/ha","pontos_originais":25,"ano":"2026","cultura":"Milho"}},{"type":"Feature","geometry":{"type":"Point","coordinates":[-52.21260167999907,-10.345235767216927]},"properties":{"Fazenda":"FE","Campo":"FE 04","produtividade":146.60708333333335,"unidade_produtividade":"sc/ha","pontos_originais":24,"ano":"2026","cultura":"Milho"}},{"type":"Feature","geometry":{"type":"Point","coordinates":[-52.20424888231678,-10.345105085403638]},"properties":{"Fazenda":"FE","Campo":"FE 04","produtividade":164.195,"unidade_produtividade":"sc/ha","pontos_originais":2,"ano":"2026","cultura":"Milho"}},{"type":"Feature","geometry":{"type":"Point","coordinates":[-52.21237716537514,-10.345232844459572]},"properties":{"Fazenda":"FE","Campo":"FE 04","produtividade":154.7292,"unidade_produtividade":"sc/ha","pontos_originais":25,"ano":"2026","cultura":"Milho"}},{"type":"Feature","geometry":{"type":"Point","coordinates":[-52.205298830247145,-10.345033340461452]},"properties":{"Fazenda":"FE","Campo":"FE 04","produtividade":184.44760000000002,"unidade_produtividade":"sc/ha","pontos_originais":25,"ano":"2026","cultura":"Milho"}},{"type":"Feature","geometry":{"type":"Point","coordinates":[-52.20507052452616,-10.345034194476664]},"properties":{"Fazenda":"FE","Campo":"FE 04","produtividade":182.17199999999997,"unidade_produtividade":"sc/ha","pontos_originais":25,"ano":"2026","cultura":"Milho"}},{"type":"Feature","geometry":{"type":"Point","coordinates":[-52.20484221878531,-10.345035048330187]},"properties":{"Fazenda":"FE","Campo":"FE 04","produtividade":179.4996,"unidade_produtividade":"sc/ha","pontos_originais":25,"ano":"2026","cultura":"Milho"}},{"type":"Feature","geometry":{"type":"Point","coordinates":[-52.21146394419,-10.34523627967618]},"properties":{"Fazenda":"FE","Campo":"FE 04","produtividade":186.75079999999997,"unidade_produtividade":"sc/ha","pontos_originais":25,"ano":"2026","cultura":"Milho"}},{"type":"Feature","geometry":{"type":"Point","coordinates":[-52.21169224951625,-10.345235421114564]},"properties":{"Fazenda":"FE","Campo":"FE 04","produtividade":182.17600000000002,"unidade_produtividade":"sc/ha","pontos_originais":25,"ano":"2026","cultura":"Milho"}},{"type":"Feature","geometry":{"type":"Point","coordinates":[-52.211235638843746,-10.345237138076104]},"properties":{"Fazenda":"FE","Campo":"FE 04","produtividade":186.63960000000003,"unidade_produtividade":"sc/ha","pontos_originais":25,"ano":"2026","cultura":"Milho"}},{"type":"Feature","geometry":{"type":"Point","coordinates":[-52.21100733347751,-10.345237996314342]},"properties":{"Fazenda":"FE","Campo":"FE 04","produtividade":186.7308,"unidade_produtividade":"sc/ha","pontos_originais":25,"ano":"2026","cultura":"Milho"}},{"type":"Feature","geometry":{"type":"Point","coordinates":[-52.21214886010884,-10.34523370350626]},"properties":{"Fazenda":"FE","Campo":"FE 04","produtividade":166.54120000000003,"unidade_produtividade":"sc/ha","pontos_originais":25,"ano":"2026","cultura":"Milho"}},{"type":"Feature","geometry":{"type":"Point","coordinates":[-52.21192055482252,-10.345234562391253]},"properties":{"Fazenda":"FE","Campo":"FE 04","produtividade":175.52279999999996,"unidade_produtividade":"sc/ha","pontos_originais":25,"ano":"2026","cultura":"Milho"}},{"type":"Feature","geometry":{"type":"Point","coordinates":[-52.2043864691843,-10.345262814887665]},"properties":{"Fazenda":"FE","Campo":"FE 04","produtividade":169.25800000000004,"unidade_produtividade":"sc/ha","pontos_originais":25,"ano":"2026","cultura":"Milho"}},{"type":"Feature","geometry":{"type":"Point","coordinates":[-52.204236513424235,-10.345282752224819]},"properties":{"Fazenda":"FE","Campo":"FE 04","produtividade":165.93714285714285,"unidade_produtividade":"sc/ha","pontos_originais":7,"ano":"2026","cultura":"Milho"}},{"type":"Feature","geometry":{"type":"Point","coordinates":[-52.20484308105223,-10.345261107627591]},"properties":{"Fazenda":"FE","Campo":"FE 04","produtividade":178.92879999999997,"unidade_produtividade":"sc/ha","pontos_originais":25,"ano":"2026","cultura":"Milho"}},{"type":"Feature","geometry":{"type":"Point","coordinates":[-52.20507138695639,-10.345260253755013]},"properties":{"Fazenda":"FE","Campo":"FE 04","produtividade":179.73080000000002,"unidade_produtividade":"sc/ha","pontos_originais":25,"ano":"2026","cultura":"Milho"}},{"type":"Feature","geometry":{"type":"Point","coordinates":[-52.20461477512821,-10.345261961338474]},"properties":{"Fazenda":"FE","Campo":"FE 04","produtividade":174.0672,"unidade_produtividade":"sc/ha","pontos_originais":25,"ano":"2026","cultura":"Milho"}},{"type":"Feature","geometry":{"type":"Point","coordinates":[-52.207126139199,-10.345252561625701]},"properties":{"Fazenda":"FE","Campo":"FE 04","produtividade":190.92999999999995,"unidade_produtividade":"sc/ha","pontos_originais":25,"ano":"2026","cultura":"Milho"}},{"type":"Feature","geometry":{"type":"Point","coordinates":[-52.206897833473846,-10.3452534169535]},"properties":{"Fazenda":"FE","Campo":"FE 04","produtividade":190.46400000000003,"unidade_produtividade":"sc/ha","pontos_originais":25,"ano":"2026","cultura":"Milho"}},{"type":"Feature","geometry":{"type":"Point","coordinates":[-52.20666952772879,-10.345254272119611]},"properties":{"Fazenda":"FE","Campo":"FE 04","produtividade":189.2536,"unidade_produtividade":"sc/ha","pontos_originais":25,"ano":"2026","cultura":"Milho"}},{"type":"Feature","geometry":{"type":"Point","coordinates":[-52.20644122196384,-10.34525512712403]},"properties":{"Fazenda":"FE","Campo":"FE 04","produtividade":188.52439999999996,"unidade_produtividade":"sc/ha","pontos_originais":25,"ano":"2026","cultura":"Milho"}},{"type":"Feature","geometry":{"type":"Point","coordinates":[-52.207811056255,-10.34524999467215]},"properties":{"Fazenda":"FE","Campo":"FE 04","produtividade":188.74559999999994,"unidade_produtividade":"sc/ha","pontos_originais":25,"ano":"2026","cultura":"Milho"}},{"type":"Feature","geometry":{"type":"Point","coordinates":[-52.20758275058958,-10.345250850485023]},"properties":{"Fazenda":"FE","Campo":"FE 04","produtividade":189.60199999999998,"unidade_produtividade":"sc/ha","pontos_originais":25,"ano":"2026","cultura":"Milho"}},{"type":"Feature","geometry":{"type":"Point","coordinates":[-52.20735444490426,-10.34525170613621]},"properties":{"Fazenda":"FE","Campo":"FE 04","produtividade":191.74760000000003,"unidade_produtividade":"sc/ha","pontos_originais":25,"ano":"2026","cultura":"Milho"}},{"type":"Feature","geometry":{"type":"Point","coordinates":[-52.205756304549595,-10.345257691167134]},"properties":{"Fazenda":"FE","Campo":"FE 04","produtividade":181.18720000000002,"unidade_produtividade":"sc/ha","pontos_originais":25,"ano":"2026","cultura":"Milho"}},{"type":"Feature","geometry":{"type":"Point","coordinates":[-52.205527998705065,-10.34525854552479]},"properties":{"Fazenda":"FE","Campo":"FE 04","produtividade":181.10839999999996,"unidade_produtividade":"sc/ha","pontos_originais":25,"ano":"2026","cultura":"Milho"}},{"type":"Feature","geometry":{"type":"Point","coordinates":[-52.20529969284067,-10.345259399720746]},"properties":{"Fazenda":"FE","Campo":"FE 04","produtividade":180.62040000000002,"unidade_produtividade":"sc/ha","pontos_originais":25,"ano":"2026","cultura":"Milho"}},{"type":"Feature","geometry":{"type":"Point","coordinates":[-52.206212916178984,-10.345255981966757]},"properties":{"Fazenda":"FE","Campo":"FE 04","produtividade":186.73240000000004,"unidade_produtividade":"sc/ha","pontos_originais":25,"ano":"2026","cultura":"Milho"}},{"type":"Feature","geometry":{"type":"Point","coordinates":[-52.20598461037424,-10.345256836647794]},"properties":{"Fazenda":"FE","Campo":"FE 04","produtividade":184.81880000000004,"unidade_produtividade":"sc/ha","pontos_originais":25,"ano":"2026","cultura":"Milho"}},{"type":"Feature","geometry":{"type":"Point","coordinates":[-52.21279406112724,-10.345293442408442]},"properties":{"Fazenda":"FE","Campo":"FE 04","produtividade":149.59875,"unidade_produtividade":"sc/ha","pontos_originais":8,"ano":"2026","cultura":"Milho"}},{"type":"Feature","geometry":{"type":"Point","coordinates":[-52.20940832982212,-10.345017940539032]},"properties":{"Fazenda":"FE","Campo":"FE 04","produtividade":188.0172,"unidade_produtividade":"sc/ha","pontos_originais":25,"ano":"2026","cultura":"Milho"}},{"type":"Feature","geometry":{"type":"Point","coordinates":[-52.20963663516477,-10.345017083451756]},"properties":{"Fazenda":"FE","Campo":"FE 04","produtividade":192.50119999999998,"unidade_produtividade":"sc/ha","pontos_originais":25,"ano":"2026","cultura":"Milho"}},{"type":"Feature","geometry":{"type":"Point","coordinates":[-52.20918002445952,-10.345018797464625]},"properties":{"Fazenda":"FE","Campo":"FE 04","produtividade":187.322,"unidade_produtividade":"sc/ha","pontos_originais":25,"ano":"2026","cultura":"Milho"}},{"type":"Feature","geometry":{"type":"Point","coordinates":[-52.208951719076964,-10.345019654228526]},"properties":{"Fazenda":"FE","Campo":"FE 04","produtividade":186.76199999999994,"unidade_produtividade":"sc/ha","pontos_originais":25,"ano":"2026","cultura":"Milho"}},{"type":"Feature","geometry":{"type":"Point","coordinates":[-52.21009324579025,-10.345015368792142]},"properties":{"Fazenda":"FE","Campo":"FE 04","produtividade":195.04440000000002,"unidade_produtividade":"sc/ha","pontos_originais":25,"ano":"2026","cultura":"Milho"}},{"type":"Feature","geometry":{"type":"Point","coordinates":[-52.21032155107304,-10.345014511219803]},"properties":{"Fazenda":"FE","Campo":"FE 04","produtividade":193.1316,"unidade_produtividade":"sc/ha","pontos_originais":25,"ano":"2026","cultura":"Milho"}},{"type":"Feature","geometry":{"type":"Point","coordinates":[-52.20986494048747,-10.345016226202791]},"properties":{"Fazenda":"FE","Campo":"FE 04","produtividade":194.3644,"unidade_produtividade":"sc/ha","pontos_originais":25,"ano":"2026","cultura":"Milho"}},{"type":"Feature","geometry":{"type":"Point","coordinates":[-52.208038497347424,-10.345023079667264]},"properties":{"Fazenda":"FE","Campo":"FE 04","produtividade":185.8912,"unidade_produtividade":"sc/ha","pontos_originais":25,"ano":"2026","cultura":"Milho"}},{"type":"Feature","geometry":{"type":"Point","coordinates":[-52.207810191865235,-10.345023935622727]},"properties":{"Fazenda":"FE","Campo":"FE 04","produtividade":188.46560000000002,"unidade_produtividade":"sc/ha","pontos_originais":25,"ano":"2026","cultura":"Milho"}},{"type":"Feature","geometry":{"type":"Point","coordinates":[-52.207581886363116,-10.345024791416506]},"properties":{"Fazenda":"FE","Campo":"FE 04","produtividade":190.55360000000005,"unidade_produtividade":"sc/ha","pontos_originais":25,"ano":"2026","cultura":"Milho"}},{"type":"Feature","geometry":{"type":"Point","coordinates":[-52.20735358084108,-10.3450256470486]},"properties":{"Fazenda":"FE","Campo":"FE 04","produtividade":192.3712,"unidade_produtividade":"sc/ha","pontos_originais":25,"ano":"2026","cultura":"Milho"}},{"type":"Feature","geometry":{"type":"Point","coordinates":[-52.20872341367449,-10.345020510830743]},"properties":{"Fazenda":"FE","Campo":"FE 04","produtividade":188.02919999999997,"unidade_produtividade":"sc/ha","pontos_originais":25,"ano":"2026","cultura":"Milho"}},{"type":"Feature","geometry":{"type":"Point","coordinates":[-52.208495108252066,-10.34502136727127]},"properties":{"Fazenda":"FE","Campo":"FE 04","produtividade":185.8416,"unidade_produtividade":"sc/ha","pontos_originais":25,"ano":"2026","cultura":"Milho"}},{"type":"Feature","geometry":{"type":"Point","coordinates":[-52.20826680280971,-10.34502222355011]},"properties":{"Fazenda":"FE","Campo":"FE 04","produtividade":185.58879999999996,"unidade_produtividade":"sc/ha","pontos_originais":25,"ano":"2026","cultura":"Milho"}},{"type":"Feature","geometry":{"type":"Point","coordinates":[-52.21236595965611,-10.345017100237426]},"properties":{"Fazenda":"FE","Campo":"FE 04","produtividade":139.85181818181817,"unidade_produtividade":"sc/ha","pontos_originais":22,"ano":"2026","cultura":"Milho"}},{"type":"Feature","geometry":{"type":"Point","coordinates":[-52.2121479926165,-10.345007644820383]},"properties":{"Fazenda":"FE","Campo":"FE 04","produtividade":145.67200000000003,"unidade_produtividade":"sc/ha","pontos_originais":25,"ano":"2026","cultura":"Milho"}},{"type":"Feature","geometry":{"type":"Point","coordinates":[-52.21191968749349,-10.34500850368621]},"properties":{"Fazenda":"FE","Campo":"FE 04","produtividade":156.8172,"unidade_produtividade":"sc/ha","pontos_originais":25,"ano":"2026","cultura":"Milho"}},{"type":"Feature","geometry":{"type":"Point","coordinates":[-52.211691382350494,-10.345009362390353]},"properties":{"Fazenda":"FE","Campo":"FE 04","produtividade":169.24079999999998,"unidade_produtividade":"sc/ha","pontos_originais":25,"ano":"2026","cultura":"Milho"}},{"type":"Feature","geometry":{"type":"Point","coordinates":[-52.21100646680165,-10.345011937532668]},"properties":{"Fazenda":"FE","Campo":"FE 04","produtividade":187.0636,"unidade_produtividade":"sc/ha","pontos_originais":25,"ano":"2026","cultura":"Milho"}},{"type":"Feature","geometry":{"type":"Point","coordinates":[-52.210778161578745,-10.345012795590067]},"properties":{"Fazenda":"FE","Campo":"FE 04","produtividade":188.99360000000001,"unidade_produtividade":"sc/ha","pontos_originais":25,"ano":"2026","cultura":"Milho"}},{"type":"Feature","geometry":{"type":"Point","coordinates":[-52.210549856335874,-10.345013653485777]},"properties":{"Fazenda":"FE","Campo":"FE 04","produtividade":190.076,"unidade_produtividade":"sc/ha","pontos_originais":25,"ano":"2026","cultura":"Milho"}},{"type":"Feature","geometry":{"type":"Point","coordinates":[-52.21146307718754,-10.345010220932812]},"properties":{"Fazenda":"FE","Campo":"FE 04","produtividade":177.6052,"unidade_produtividade":"sc/ha","pontos_originais":25,"ano":"2026","cultura":"Milho"}},{"type":"Feature","geometry":{"type":"Point","coordinates":[-52.21123477200458,-10.345011079313583]},"properties":{"Fazenda":"FE","Campo":"FE 04","produtividade":185.27439999999999,"unidade_produtividade":"sc/ha","pontos_originais":25,"ano":"2026","cultura":"Milho"}},{"type":"Feature","geometry":{"type":"Point","coordinates":[-52.206440358553856,-10.34502906796008]},"properties":{"Fazenda":"FE","Campo":"FE 04","produtividade":192.7344,"unidade_produtividade":"sc/ha","pontos_originais":25,"ano":"2026","cultura":"Milho"}},{"type":"Feature","geometry":{"type":"Point","coordinates":[-52.206668664155494,-10.345028212974741]},"properties":{"Fazenda":"FE","Campo":"FE 04","produtividade":191.55280000000002,"unidade_produtividade":"sc/ha","pontos_originais":25,"ano":"2026","cultura":"Milho"}},{"type":"Feature","geometry":{"type":"Point","coordinates":[-52.20621205293228,-10.345029922783729]},"properties":{"Fazenda":"FE","Campo":"FE 04","produtividade":192.5864,"unidade_produtividade":"sc/ha","pontos_originais":25,"ano":"2026","cultura":"Milho"}},{"type":"Feature","geometry":{"type":"Point","coordinates":[-52.20598374729083,-10.345030777445693]},"properties":{"Fazenda":"FE","Campo":"FE 04","produtividade":191.41999999999996,"unidade_produtividade":"sc/ha","pontos_originais":25,"ano":"2026","cultura":"Milho"}},{"type":"Feature","geometry":{"type":"Point","coordinates":[-52.20712527529914,-10.345026502519]},"properties":{"Fazenda":"FE","Campo":"FE 04","produtividade":193.50719999999998,"unidade_produtividade":"sc/ha","pontos_originais":25,"ano":"2026","cultura":"Milho"}},{"type":"Feature","geometry":{"type":"Point","coordinates":[-52.206896969737265,-10.345027357827714]},"properties":{"Fazenda":"FE","Campo":"FE 04","produtividade":192.3272,"unidade_produtividade":"sc/ha","pontos_originais":25,"ano":"2026","cultura":"Milho"}},{"type":"Feature","geometry":{"type":"Point","coordinates":[-52.20575544162949,-10.345031631945966]},"properties":{"Fazenda":"FE","Campo":"FE 04","produtividade":188.06879999999998,"unidade_produtividade":"sc/ha","pontos_originais":25,"ano":"2026","cultura":"Milho"}},{"type":"Feature","geometry":{"type":"Point","coordinates":[-52.20552713594826,-10.345032486284554]},"properties":{"Fazenda":"FE","Campo":"FE 04","produtividade":186.06160000000003,"unidade_produtividade":"sc/ha","pontos_originais":25,"ano":"2026","cultura":"Milho"}},{"type":"Feature","geometry":{"type":"Point","coordinates":[-52.212547830254735,-10.34508526194902]},"properties":{"Fazenda":"FE","Campo":"FE 04","produtividade":139.975,"unidade_produtividade":"sc/ha","pontos_originais":4,"ano":"2026","cultura":"Milho"}},{"type":"Feature","geometry":{"type":"Point","coordinates":[-52.20528244474704,-10.3407382139201]},"properties":{"Fazenda":"FE","Campo":"FE 04","produtividade":145.7368,"unidade_produtividade":"sc/ha","pontos_originais":25,"ano":"2026","cultura":"Milho"}},{"type":"Feature","geometry":{"type":"Point","coordinates":[-52.20512211566425,-10.340603175898018]},"properties":{"Fazenda":"FE","Campo":"FE 04","produtividade":145.435,"unidade_produtividade":"sc/ha","pontos_originais":2,"ano":"2026","cultura":"Milho"}},{"type":"Feature","geometry":{"type":"Point","coordinates":[-52.205103088749695,-10.340745343503892]},"properties":{"Fazenda":"FE","Campo":"FE 04","produtividade":148.8607142857143,"unidade_produtividade":"sc/ha","pontos_originais":14,"ano":"2026","cultura":"Milho"}},{"type":"Feature","geometry":{"type":"Point","coordinates":[-52.20549661857056,-10.340774148110704]},"properties":{"Fazenda":"FE","Campo":"FE 04","produtividade":155.725,"unidade_produtividade":"sc/ha","pontos_originais":16,"ano":"2026","cultura":"Milho"}},{"type":"Feature","geometry":{"type":"Point","coordinates":[-52.20523626692418,-10.34060274907179]},"properties":{"Fazenda":"FE","Campo":"FE 04","produtividade":148.62333333333336,"unidade_produtividade":"sc/ha","pontos_originais":3,"ano":"2026","cultura":"Milho"}},{"type":"Feature","geometry":{"type":"Point","coordinates":[-52.20567090414876,-10.340827186060404]},"properties":{"Fazenda":"FE","Campo":"FE 04","produtividade":161.97,"unidade_produtividade":"sc/ha","pontos_originais":2,"ano":"2026","cultura":"Milho"}},{"type":"Feature","geometry":{"type":"Point","coordinates":[-52.205283306962905,-10.340964273240866]},"properties":{"Fazenda":"FE","Campo":"FE 04","produtividade":147.08640000000003,"unidade_produtividade":"sc/ha","pontos_originais":25,"ano":"2026","cultura":"Milho"}},{"type":"Feature","geometry":{"type":"Point","coordinates":[-52.205511609725356,-10.34096341940707]},"properties":{"Fazenda":"FE","Campo":"FE 04","produtividade":158.59959999999998,"unidade_produtividade":"sc/ha","pontos_originais":25,"ano":"2026","cultura":"Milho"}},{"type":"Feature","geometry":{"type":"Point","coordinates":[-52.20508145738887,-10.340969787221725]},"properties":{"Fazenda":"FE","Campo":"FE 04","produtividade":148.57736842105265,"unidade_produtividade":"sc/ha","pontos_originais":19,"ano":"2026","cultura":"Milho"}},{"type":"Feature","geometry":{"type":"Point","coordinates":[-52.206105541941625,-10.341051622389342]},"properties":{"Fazenda":"FE","Campo":"FE 04","produtividade":176.77,"unidade_produtividade":"sc/ha","pontos_originais":1,"ano":"2026","cultura":"Milho"}},{"type":"Feature","geometry":{"type":"Point","coordinates":[-52.205947679997756,-10.341019331270601]},"properties":{"Fazenda":"FE","Campo":"FE 04","produtividade":175.1590909090909,"unidade_produtividade":"sc/ha","pontos_originais":11,"ano":"2026","cultura":"Milho"}},{"type":"Feature","geometry":{"type":"Point","coordinates":[-52.20573612179933,-10.340966347301084]},"properties":{"Fazenda":"FE","Campo":"FE 04","produtividade":167.56958333333338,"unidade_produtividade":"sc/ha","pontos_originais":24,"ano":"2026","cultura":"Milho"}},{"type":"Feature","geometry":{"type":"Point","coordinates":[-52.206186566746446,-10.341202027479657]},"properties":{"Fazenda":"FE","Campo":"FE 04","produtividade":175.93428571428572,"unidade_produtividade":"sc/ha","pontos_originais":21,"ano":"2026","cultura":"Milho"}},{"type":"Feature","geometry":{"type":"Point","coordinates":[-52.205969077916016,-10.341187770514946]},"properties":{"Fazenda":"FE","Campo":"FE 04","produtividade":181.53440000000006,"unidade_produtividade":"sc/ha","pontos_originais":25,"ano":"2026","cultura":"Milho"}},{"type":"Feature","geometry":{"type":"Point","coordinates":[-52.20574077503009,-10.341188624691059]},"properties":{"Fazenda":"FE","Campo":"FE 04","produtividade":175.842,"unidade_produtividade":"sc/ha","pontos_originais":25,"ano":"2026","cultura":"Milho"}},{"type":"Feature","geometry":{"type":"Point","coordinates":[-52.2055124721243,-10.341189478705541]},"properties":{"Fazenda":"FE","Campo":"FE 04","produtividade":167.5808,"unidade_produtividade":"sc/ha","pontos_originais":25,"ano":"2026","cultura":"Milho"}},{"type":"Feature","geometry":{"type":"Point","coordinates":[-52.20528416919861,-10.341190332558401]},"properties":{"Fazenda":"FE","Campo":"FE 04","produtividade":153.22359999999998,"unidade_produtividade":"sc/ha","pontos_originais":25,"ano":"2026","cultura":"Milho"}},{"type":"Feature","geometry":{"type":"Point","coordinates":[-52.205059685669276,-10.341194939678775]},"properties":{"Fazenda":"FE","Campo":"FE 04","produtividade":143.39875000000004,"unidade_produtividade":"sc/ha","pontos_originais":24,"ano":"2026","cultura":"Milho"}},{"type":"Feature","geometry":{"type":"Point","coordinates":[-52.206385967968316,-10.341248377516077]},"properties":{"Fazenda":"FE","Campo":"FE 04","produtividade":168.74625,"unidade_produtividade":"sc/ha","pontos_originais":8,"ano":"2026","cultura":"Milho"}},{"type":"Feature","geometry":{"type":"Point","coordinates":[-52.20505672834543,-10.341417245582988]},"properties":{"Fazenda":"FE","Campo":"FE 04","produtividade":149.4488,"unidade_produtividade":"sc/ha","pontos_originais":25,"ano":"2026","cultura":"Milho"}},{"type":"Feature","geometry":{"type":"Point","coordinates":[-52.205285031454224,-10.341416391872698]},"properties":{"Fazenda":"FE","Campo":"FE 04","produtividade":160.37079999999997,"unidade_produtividade":"sc/ha","pontos_originais":25,"ano":"2026","cultura":"Milho"}},{"type":"Feature","geometry":{"type":"Point","coordinates":[-52.206642924613234,-10.34143510690879]},"properties":{"Fazenda":"FE","Campo":"FE 04","produtividade":164.99578947368423,"unidade_produtividade":"sc/ha","pontos_originais":19,"ano":"2026","cultura":"Milho"}},{"type":"Feature","geometry":{"type":"Point","coordinates":[-52.20642654669992,-10.341412120896798]},"properties":{"Fazenda":"FE","Campo":"FE 04","produtividade":170.37240000000003,"unidade_produtividade":"sc/ha","pontos_originais":25,"ano":"2026","cultura":"Milho"}},{"type":"Feature","geometry":{"type":"Point","coordinates":[-52.20574163761216,-10.34141468396723]},"properties":{"Fazenda":"FE","Campo":"FE 04","produtividade":184.972,"unidade_produtividade":"sc/ha","pontos_originais":25,"ano":"2026","cultura":"Milho"}},{"type":"Feature","geometry":{"type":"Point","coordinates":[-52.2059699406613,-10.341413829772048]},"properties":{"Fazenda":"FE","Campo":"FE 04","produtividade":188.45759999999999,"unidade_produtividade":"sc/ha","pontos_originais":25,"ano":"2026","cultura":"Milho"}},{"type":"Feature","geometry":{"type":"Point","coordinates":[-52.20551333454312,-10.341415538000776]},"properties":{"Fazenda":"FE","Campo":"FE 04","produtividade":177.5092,"unidade_produtividade":"sc/ha","pontos_originais":25,"ano":"2026","cultura":"Milho"}},{"type":"Feature","geometry":{"type":"Point","coordinates":[-52.20491991887216,-10.341462969606695]},"properties":{"Fazenda":"FE","Campo":"FE 04","produtividade":149.58666666666667,"unidade_produtividade":"sc/ha","pontos_originais":3,"ano":"2026","cultura":"Milho"}},{"type":"Feature","geometry":{"type":"Point","coordinates":[-52.20682637909925,-10.341489745819006]},"properties":{"Fazenda":"FE","Campo":"FE 04","produtividade":162.7375,"unidade_produtividade":"sc/ha","pontos_originais":4,"ano":"2026","cultura":"Milho"}},{"type":"Feature","geometry":{"type":"Point","coordinates":[-52.20619824369055,-10.34141297541524]},"properties":{"Fazenda":"FE","Campo":"FE 04","produtividade":181.19119999999998,"unidade_produtividade":"sc/ha","pontos_originais":25,"ano":"2026","cultura":"Milho"}},{"type":"Feature","geometry":{"type":"Point","coordinates":[-52.20688401607708,-10.341636470552587]},"properties":{"Fazenda":"FE","Campo":"FE 04","produtividade":162.98760000000001,"unidade_produtividade":"sc/ha","pontos_originais":25,"ano":"2026","cultura":"Milho"}},{"type":"Feature","geometry":{"type":"Point","coordinates":[-52.20665571294428,-10.34163732541337]},"properties":{"Fazenda":"FE","Campo":"FE 04","produtividade":166.6264,"unidade_produtividade":"sc/ha","pontos_originais":25,"ano":"2026","cultura":"Milho"}},{"type":"Feature","geometry":{"type":"Point","coordinates":[-52.206427409791566,-10.341638180112518]},"properties":{"Fazenda":"FE","Campo":"FE 04","produtividade":174.89880000000002,"unidade_produtividade":"sc/ha","pontos_originais":25,"ano":"2026","cultura":"Milho"}},{"type":"Feature","geometry":{"type":"Point","coordinates":[-52.20574250021409,-10.341640743240166]},"properties":{"Fazenda":"FE","Campo":"FE 04","produtividade":187.53639999999996,"unidade_produtividade":"sc/ha","pontos_originais":25,"ano":"2026","cultura":"Milho"}},{"type":"Feature","geometry":{"type":"Point","coordinates":[-52.205514196981824,-10.34164159729278]},"properties":{"Fazenda":"FE","Campo":"FE 04","produtividade":181.88639999999998,"unidade_produtividade":"sc/ha","pontos_originais":25,"ano":"2026","cultura":"Milho"}},{"type":"Feature","geometry":{"type":"Point","coordinates":[-52.20528589372969,-10.34164245118376]},"properties":{"Fazenda":"FE","Campo":"FE 04","produtividade":167.83599999999998,"unidade_produtividade":"sc/ha","pontos_originais":25,"ano":"2026","cultura":"Milho"}},{"type":"Feature","geometry":{"type":"Point","coordinates":[-52.205057590457685,-10.341643304913108]},"properties":{"Fazenda":"FE","Campo":"FE 04","produtividade":154.8292,"unidade_produtividade":"sc/ha","pontos_originais":25,"ano":"2026","cultura":"Milho"}},{"type":"Feature","geometry":{"type":"Point","coordinates":[-52.20619910661896,-10.341639034650036]},"properties":{"Fazenda":"FE","Campo":"FE 04","produtividade":185.68000000000004,"unidade_produtividade":"sc/ha","pontos_originais":25,"ano":"2026","cultura":"Milho"}},{"type":"Feature","geometry":{"type":"Point","coordinates":[-52.205970803426474,-10.341639889025917]},"properties":{"Fazenda":"FE","Campo":"FE 04","produtividade":190.38639999999998,"unidade_produtividade":"sc/ha","pontos_originais":25,"ano":"2026","cultura":"Milho"}},{"type":"Feature","geometry":{"type":"Point","coordinates":[-52.204903550387854,-10.34166083554554]},"properties":{"Fazenda":"FE","Campo":"FE 04","produtividade":153.27375,"unidade_produtividade":"sc/ha","pontos_originais":8,"ano":"2026","cultura":"Milho"}},{"type":"Feature","geometry":{"type":"Point","coordinates":[-52.207094204632114,-10.341674867525477]},"properties":{"Fazenda":"FE","Campo":"FE 04","produtividade":165.49866666666668,"unidade_produtividade":"sc/ha","pontos_originais":15,"ano":"2026","cultura":"Milho"}},{"type":"Feature","geometry":{"type":"Point","coordinates":[-52.20733769539067,-10.34186460138939]},"properties":{"Fazenda":"FE","Campo":"FE 04","produtividade":169.16458333333335,"unidade_produtividade":"sc/ha","pontos_originais":24,"ano":"2026","cultura":"Milho"}},{"type":"Feature","geometry":{"type":"Point","coordinates":[-52.207113182791225,-10.341861674685408]},"properties":{"Fazenda":"FE","Campo":"FE 04","produtividade":168.63119999999998,"unidade_produtividade":"sc/ha","pontos_originais":25,"ano":"2026","cultura":"Milho"}},{"type":"Feature","geometry":{"type":"Point","coordinates":[-52.20688487951507,-10.341862529726914]},"properties":{"Fazenda":"FE","Campo":"FE 04","produtividade":168.75959999999998,"unidade_produtividade":"sc/ha","pontos_originais":25,"ano":"2026","cultura":"Milho"}},{"type":"Feature","geometry":{"type":"Point","coordinates":[-52.20665657621905,-10.341863384606777]},"properties":{"Fazenda":"FE","Campo":"FE 04","produtividade":174.034,"unidade_produtividade":"sc/ha","pontos_originais":25,"ano":"2026","cultura":"Milho"}},{"type":"Feature","geometry":{"type":"Point","coordinates":[-52.20574336283593,-10.34186680250987]},"properties":{"Fazenda":"FE","Campo":"FE 04","produtividade":189.1372,"unidade_produtividade":"sc/ha","pontos_originais":25,"ano":"2026","cultura":"Milho"}},{"type":"Feature","geometry":{"type":"Point","coordinates":[-52.20597166621153,-10.341865948276553]},"properties":{"Fazenda":"FE","Campo":"FE 04","produtividade":191.0496,"unidade_produtividade":"sc/ha","pontos_originais":25,"ano":"2026","cultura":"Milho"}},{"type":"Feature","geometry":{"type":"Point","coordinates":[-52.20551505944043,-10.341867656581549]},"properties":{"Fazenda":"FE","Campo":"FE 04","produtividade":183.50000000000003,"unidade_produtividade":"sc/ha","pontos_originais":25,"ano":"2026","cultura":"Milho"}},{"type":"Feature","geometry":{"type":"Point","coordinates":[-52.205286756025046,-10.341868510491588]},"properties":{"Fazenda":"FE","Campo":"FE 04","produtividade":171.94559999999998,"unidade_produtividade":"sc/ha","pontos_originais":25,"ano":"2026","cultura":"Milho"}},{"type":"Feature","geometry":{"type":"Point","coordinates":[-52.2064282729031,-10.341864239325007]},"properties":{"Fazenda":"FE","Campo":"FE 04","produtividade":180.65079999999998,"unidade_produtividade":"sc/ha","pontos_originais":25,"ano":"2026","cultura":"Milho"}},{"type":"Feature","geometry":{"type":"Point","coordinates":[-52.20619996956729,-10.3418650938816]},"properties":{"Fazenda":"FE","Campo":"FE 04","produtividade":188.13639999999998,"unidade_produtividade":"sc/ha","pontos_originais":25,"ano":"2026","cultura":"Milho"}},{"type":"Feature","geometry":{"type":"Point","coordinates":[-52.20727247684087,-10.34172544058123]},"properties":{"Fazenda":"FE","Campo":"FE 04","produtividade":168.32,"unidade_produtividade":"sc/ha","pontos_originais":2,"ano":"2026","cultura":"Milho"}},{"type":"Feature","geometry":{"type":"Point","coordinates":[-52.20506448807106,-10.3434517794376]},"properties":{"Fazenda":"FE","Campo":"FE 04","produtividade":185.95440000000002,"unidade_produtividade":"sc/ha","pontos_originais":25,"ano":"2026","cultura":"Milho"}},{"type":"Feature","geometry":{"type":"Point","coordinates":[-52.20529279264908,-10.343450925555796]},"properties":{"Fazenda":"FE","Campo":"FE 04","produtividade":186.99880000000002,"unidade_produtividade":"sc/ha","pontos_originais":25,"ano":"2026","cultura":"Milho"}},{"type":"Feature","geometry":{"type":"Point","coordinates":[-52.204836183473155,-10.343452633157742]},"properties":{"Fazenda":"FE","Campo":"FE 04","produtividade":173.5156,"unidade_produtividade":"sc/ha","pontos_originais":25,"ano":"2026","cultura":"Milho"}},{"type":"Feature","geometry":{"type":"Point","coordinates":[-52.20463070931835,-10.343453401370075]},"properties":{"Fazenda":"FE","Campo":"FE 04","produtividade":167.78099999999998,"unidade_produtividade":"sc/ha","pontos_originais":20,"ano":"2026","cultura":"Milho"}},{"type":"Feature","geometry":{"type":"Point","coordinates":[-52.21029935410029,-10.34347737227914]},"properties":{"Fazenda":"FE","Campo":"FE 04","produtividade":124.08785714285715,"unidade_produtividade":"sc/ha","pontos_originais":14,"ano":"2026","cultura":"Milho"}},{"type":"Feature","geometry":{"type":"Point","coordinates":[-52.20574940174551,-10.343449217307196]},"properties":{"Fazenda":"FE","Campo":"FE 04","produtividade":191.17280000000002,"unidade_produtividade":"sc/ha","pontos_originais":25,"ano":"2026","cultura":"Milho"}},{"type":"Feature","geometry":{"type":"Point","coordinates":[-52.20597770626392,-10.3434483629404]},"properties":{"Fazenda":"FE","Campo":"FE 04","produtividade":191.43479999999997,"unidade_produtividade":"sc/ha","pontos_originais":25,"ano":"2026","cultura":"Milho"}},{"type":"Feature","geometry":{"type":"Point","coordinates":[-52.205521097207246,-10.343450071512327]},"properties":{"Fazenda":"FE","Campo":"FE 04","produtividade":190.3804,"unidade_produtividade":"sc/ha","pontos_originais":25,"ano":"2026","cultura":"Milho"}},{"type":"Feature","geometry":{"type":"Point","coordinates":[-52.20940227165092,-10.343435528038967]},"properties":{"Fazenda":"FE","Campo":"FE 04","produtividade":137.60680000000002,"unidade_produtividade":"sc/ha","pontos_originais":25,"ano":"2026","cultura":"Milho"}},{"type":"Feature","geometry":{"type":"Point","coordinates":[-52.20917396743126,-10.3434363848307]},"properties":{"Fazenda":"FE","Campo":"FE 04","produtividade":141.62040000000002,"unidade_produtividade":"sc/ha","pontos_originais":25,"ano":"2026","cultura":"Milho"}},{"type":"Feature","geometry":{"type":"Point","coordinates":[-52.20894566319167,-10.343437241460768]},"properties":{"Fazenda":"FE","Campo":"FE 04","produtividade":147.87960000000004,"unidade_produtividade":"sc/ha","pontos_originais":25,"ano":"2026","cultura":"Milho"}},{"type":"Feature","geometry":{"type":"Point","coordinates":[-52.20871735893215,-10.343438097929177]},"properties":{"Fazenda":"FE","Campo":"FE 04","produtividade":157.878,"unidade_produtividade":"sc/ha","pontos_originais":25,"ano":"2026","cultura":"Milho"}},{"type":"Feature","geometry":{"type":"Point","coordinates":[-52.210083393553326,-10.343436738631285]},"properties":{"Fazenda":"FE","Campo":"FE 04","produtividade":128.06666666666663,"unidade_produtividade":"sc/ha","pontos_originais":24,"ano":"2026","cultura":"Milho"}},{"type":"Feature","geometry":{"type":"Point","coordinates":[-52.20985888003038,-10.34343381397052]},"properties":{"Fazenda":"FE","Campo":"FE 04","produtividade":127.86840000000002,"unidade_produtividade":"sc/ha","pontos_originais":25,"ano":"2026","cultura":"Milho"}},{"type":"Feature","geometry":{"type":"Point","coordinates":[-52.209630575850625,-10.343434671085575]},"properties":{"Fazenda":"FE","Campo":"FE 04","produtividade":131.03959999999998,"unidade_produtividade":"sc/ha","pontos_originais":25,"ano":"2026","cultura":"Milho"}},{"type":"Feature","geometry":{"type":"Point","coordinates":[-52.20803244603392,-10.343440666364424]},"properties":{"Fazenda":"FE","Campo":"FE 04","produtividade":165.07039999999998,"unidade_produtividade":"sc/ha","pontos_originais":25,"ano":"2026","cultura":"Milho"}},{"type":"Feature","geometry":{"type":"Point","coordinates":[-52.20780414169468,-10.34344152218618]},"properties":{"Fazenda":"FE","Campo":"FE 04","produtividade":170.4364,"unidade_produtividade":"sc/ha","pontos_originais":25,"ano":"2026","cultura":"Milho"}},{"type":"Feature","geometry":{"type":"Point","coordinates":[-52.207575837335504,-10.343442377846277]},"properties":{"Fazenda":"FE","Campo":"FE 04","produtividade":174.6632,"unidade_produtividade":"sc/ha","pontos_originais":25,"ano":"2026","cultura":"Milho"}},{"type":"Feature","geometry":{"type":"Point","coordinates":[-52.20734753295642,-10.343443233344713]},"properties":{"Fazenda":"FE","Campo":"FE 04","produtividade":176.784,"unidade_produtividade":"sc/ha","pontos_originais":25,"ano":"2026","cultura":"Milho"}},{"type":"Feature","geometry":{"type":"Point","coordinates":[-52.20848905465265,-10.343438954235921]},"properties":{"Fazenda":"FE","Campo":"FE 04","produtividade":162.746,"unidade_produtividade":"sc/ha","pontos_originais":25,"ano":"2026","cultura":"Milho"}},{"type":"Feature","geometry":{"type":"Point","coordinates":[-52.208260750353254,-10.343439810381003]},"properties":{"Fazenda":"FE","Campo":"FE 04","produtividade":164.9512,"unidade_produtividade":"sc/ha","pontos_originais":25,"ano":"2026","cultura":"Milho"}},{"type":"Feature","geometry":{"type":"Point","coordinates":[-52.20666261969972,-10.343445798870036]},"properties":{"Fazenda":"FE","Campo":"FE 04","produtividade":187.93040000000002,"unidade_produtividade":"sc/ha","pontos_originais":25,"ano":"2026","cultura":"Milho"}},{"type":"Feature","geometry":{"type":"Point","coordinates":[-52.20643431524101,-10.343446653721822]},"properties":{"Fazenda":"FE","Campo":"FE 04","produtividade":189.4984,"unidade_produtividade":"sc/ha","pontos_originais":25,"ano":"2026","cultura":"Milho"}},{"type":"Feature","geometry":{"type":"Point","coordinates":[-52.2062060107624,-10.343447508411943]},"properties":{"Fazenda":"FE","Campo":"FE 04","produtividade":189.27960000000002,"unidade_produtividade":"sc/ha","pontos_originais":25,"ano":"2026","cultura":"Milho"}},{"type":"Feature","geometry":{"type":"Point","coordinates":[-52.20711922855744,-10.343444088681485]},"properties":{"Fazenda":"FE","Campo":"FE 04","produtividade":180.7364,"unidade_produtividade":"sc/ha","pontos_originais":25,"ano":"2026","cultura":"Milho"}},{"type":"Feature","geometry":{"type":"Point","coordinates":[-52.20689092413851,-10.343444943856593]},"properties":{"Fazenda":"FE","Campo":"FE 04","produtividade":185.62359999999998,"unidade_produtividade":"sc/ha","pontos_originais":25,"ano":"2026","cultura":"Milho"}},{"type":"Feature","geometry":{"type":"Point","coordinates":[-52.210452817259664,-10.343522008261896]},"properties":{"Fazenda":"FE","Campo":"FE 04","produtividade":127.87,"unidade_produtividade":"sc/ha","pontos_originais":1,"ano":"2026","cultura":"Milho"}},{"type":"Feature","geometry":{"type":"Point","coordinates":[-52.20938972700285,-10.342998521550617]},"properties":{"Fazenda":"FE","Campo":"FE 04","produtividade":151.52285714285716,"unidade_produtividade":"sc/ha","pontos_originais":21,"ano":"2026","cultura":"Milho"}},{"type":"Feature","geometry":{"type":"Point","coordinates":[-52.204668451137564,-10.34300935561107]},"properties":{"Fazenda":"FE","Campo":"FE 04","produtividade":168.12,"unidade_produtividade":"sc/ha","pontos_originais":11,"ano":"2026","cultura":"Milho"}},{"type":"Feature","geometry":{"type":"Point","coordinates":[-52.20917223703123,-10.342984266906164]},"properties":{"Fazenda":"FE","Campo":"FE 04","produtividade":155.3916,"unidade_produtividade":"sc/ha","pontos_originais":25,"ano":"2026","cultura":"Milho"}},{"type":"Feature","geometry":{"type":"Point","coordinates":[-52.20894393311815,-10.342985123497996]},"properties":{"Fazenda":"FE","Campo":"FE 04","produtividade":160.5656,"unidade_produtividade":"sc/ha","pontos_originais":25,"ano":"2026","cultura":"Milho"}},{"type":"Feature","geometry":{"type":"Point","coordinates":[-52.20529106779997,-10.342998806982202]},"properties":{"Fazenda":"FE","Campo":"FE 04","produtividade":181.15560000000005,"unidade_produtividade":"sc/ha","pontos_originais":25,"ano":"2026","cultura":"Milho"}},{"type":"Feature","geometry":{"type":"Point","coordinates":[-52.2055193720316,-10.342997952976855]},"properties":{"Fazenda":"FE","Campo":"FE 04","produtividade":182.94120000000004,"unidade_produtividade":"sc/ha","pontos_originais":25,"ano":"2026","cultura":"Milho"}},{"type":"Feature","geometry":{"type":"Point","coordinates":[-52.20506276354847,-10.342999660825889]},"properties":{"Fazenda":"FE","Campo":"FE 04","produtividade":177.02839999999998,"unidade_produtividade":"sc/ha","pontos_originais":25,"ano":"2026","cultura":"Milho"}},{"type":"Feature","geometry":{"type":"Point","coordinates":[-52.2048344592771,-10.343000514507926]},"properties":{"Fazenda":"FE","Campo":"FE 04","produtividade":170.68079999999998,"unidade_produtividade":"sc/ha","pontos_originais":25,"ano":"2026","cultura":"Milho"}},{"type":"Feature","geometry":{"type":"Point","coordinates":[-52.20803071726652,-10.342988548248774]},"properties":{"Fazenda":"FE","Campo":"FE 04","produtividade":168.86999999999998,"unidade_produtividade":"sc/ha","pontos_originais":25,"ano":"2026","cultura":"Milho"}},{"type":"Feature","geometry":{"type":"Point","coordinates":[-52.2078024132538,-10.342989404032329]},"properties":{"Fazenda":"FE","Campo":"FE 04","produtividade":176.5436,"unidade_produtividade":"sc/ha","pontos_originais":25,"ano":"2026","cultura":"Milho"}},{"type":"Feature","geometry":{"type":"Point","coordinates":[-52.207574109221156,-10.342990259654234]},"properties":{"Fazenda":"FE","Campo":"FE 04","produtividade":177.89400000000006,"unidade_produtividade":"sc/ha","pontos_originais":25,"ano":"2026","cultura":"Milho"}},{"type":"Feature","geometry":{"type":"Point","coordinates":[-52.2073458051686,-10.342991115114476]},"properties":{"Fazenda":"FE","Campo":"FE 04","produtividade":178.70120000000006,"unidade_produtividade":"sc/ha","pontos_originais":25,"ano":"2026","cultura":"Milho"}},{"type":"Feature","geometry":{"type":"Point","coordinates":[-52.20871562918514,-10.342985979928173]},"properties":{"Fazenda":"FE","Campo":"FE 04","produtividade":162.5104,"unidade_produtividade":"sc/ha","pontos_originais":25,"ano":"2026","cultura":"Milho"}},{"type":"Feature","geometry":{"type":"Point","coordinates":[-52.20848732523222,-10.342986836196696]},"properties":{"Fazenda":"FE","Campo":"FE 04","produtividade":162.44520000000003,"unidade_produtividade":"sc/ha","pontos_originais":25,"ano":"2026","cultura":"Milho"}},{"type":"Feature","geometry":{"type":"Point","coordinates":[-52.20825902125934,-10.342987692303563]},"properties":{"Fazenda":"FE","Campo":"FE 04","produtividade":163.16719999999998,"unidade_produtividade":"sc/ha","pontos_originais":25,"ano":"2026","cultura":"Milho"}},{"type":"Feature","geometry":{"type":"Point","coordinates":[-52.20711750109611,-10.342991970413069]},"properties":{"Fazenda":"FE","Campo":"FE 04","produtividade":178.30319999999992,"unidade_produtividade":"sc/ha","pontos_originais":25,"ano":"2026","cultura":"Milho"}},{"type":"Feature","geometry":{"type":"Point","coordinates":[-52.20688919700375,-10.342992825550004]},"properties":{"Fazenda":"FE","Campo":"FE 04","produtividade":178.99879999999996,"unidade_produtividade":"sc/ha","pontos_originais":25,"ano":"2026","cultura":"Milho"}},{"type":"Feature","geometry":{"type":"Point","coordinates":[-52.20597598043521,-10.342996244481194]},"properties":{"Fazenda":"FE","Campo":"FE 04","produtividade":185.6164,"unidade_produtividade":"sc/ha","pontos_originais":25,"ano":"2026","cultura":"Milho"}},{"type":"Feature","geometry":{"type":"Point","coordinates":[-52.206204284607196,-10.342995389990879]},"properties":{"Fazenda":"FE","Campo":"FE 04","produtividade":185.63639999999995,"unidade_produtividade":"sc/ha","pontos_originais":25,"ano":"2026","cultura":"Milho"}},{"type":"Feature","geometry":{"type":"Point","coordinates":[-52.205747676243355,-10.342997098809851]},"properties":{"Fazenda":"FE","Campo":"FE 04","produtividade":184.9952,"unidade_produtividade":"sc/ha","pontos_originais":25,"ano":"2026","cultura":"Milho"}},{"type":"Feature","geometry":{"type":"Point","coordinates":[-52.206660892891456,-10.342993680525286]},"properties":{"Fazenda":"FE","Campo":"FE 04","produtividade":181.45159999999998,"unidade_produtividade":"sc/ha","pontos_originais":25,"ano":"2026","cultura":"Milho"}},{"type":"Feature","geometry":{"type":"Point","coordinates":[-52.20643258875926,-10.342994535338908]},"properties":{"Fazenda":"FE","Campo":"FE 04","produtividade":184.10600000000002,"unidade_produtividade":"sc/ha","pontos_originais":25,"ano":"2026","cultura":"Milho"}},{"type":"Feature","geometry":{"type":"Point","coordinates":[-52.209591082648735,-10.34305804904732]},"properties":{"Fazenda":"FE","Campo":"FE 04","produtividade":145.39833333333334,"unidade_produtividade":"sc/ha","pontos_originais":6,"ano":"2026","cultura":"Milho"}},{"type":"Feature","geometry":{"type":"Point","coordinates":[-52.207118364816814,-10.343218029548895]},"properties":{"Fazenda":"FE","Campo":"FE 04","produtividade":178.96880000000002,"unidade_produtividade":"sc/ha","pontos_originais":25,"ano":"2026","cultura":"Milho"}},{"type":"Feature","geometry":{"type":"Point","coordinates":[-52.20734666905255,-10.343217174231214]},"properties":{"Fazenda":"FE","Campo":"FE 04","produtividade":177.07559999999998,"unidade_produtividade":"sc/ha","pontos_originais":25,"ano":"2026","cultura":"Milho"}},{"type":"Feature","geometry":{"type":"Point","coordinates":[-52.20689006056117,-10.343218884704916]},"properties":{"Fazenda":"FE","Campo":"FE 04","produtividade":181.2356,"unidade_produtividade":"sc/ha","pontos_originais":25,"ano":"2026","cultura":"Milho"}},{"type":"Feature","geometry":{"type":"Point","coordinates":[-52.20666175628563,-10.343219739699283]},"properties":{"Fazenda":"FE","Campo":"FE 04","produtividade":183.4808,"unidade_produtividade":"sc/ha","pontos_originais":25,"ano":"2026","cultura":"Milho"}},{"type":"Feature","geometry":{"type":"Point","coordinates":[-52.20803158164027,-10.343214607308216]},"properties":{"Fazenda":"FE","Campo":"FE 04","produtividade":170.7908,"unidade_produtividade":"sc/ha","pontos_originais":25,"ano":"2026","cultura":"Milho"}},{"type":"Feature","geometry":{"type":"Point","coordinates":[-52.20780327746428,-10.343215463110873]},"properties":{"Fazenda":"FE","Campo":"FE 04","produtividade":175.238,"unidade_produtividade":"sc/ha","pontos_originais":25,"ano":"2026","cultura":"Milho"}},{"type":"Feature","geometry":{"type":"Point","coordinates":[-52.207574973268386,-10.343216318751873]},"properties":{"Fazenda":"FE","Campo":"FE 04","produtividade":176.05560000000003,"unidade_produtividade":"sc/ha","pontos_originais":25,"ano":"2026","cultura":"Milho"}},{"type":"Feature","geometry":{"type":"Point","coordinates":[-52.2057485389845,-10.343223158060141]},"properties":{"Fazenda":"FE","Campo":"FE 04","produtividade":185.2168,"unidade_produtividade":"sc/ha","pontos_originais":25,"ano":"2026","cultura":"Milho"}},{"type":"Feature","geometry":{"type":"Point","coordinates":[-52.205520234609494,-10.343224012246207]},"properties":{"Fazenda":"FE","Campo":"FE 04","produtividade":183.7284,"unidade_produtividade":"sc/ha","pontos_originais":25,"ano":"2026","cultura":"Milho"}},{"type":"Feature","geometry":{"type":"Point","coordinates":[-52.20529193021459,-10.343224866270615]},"properties":{"Fazenda":"FE","Campo":"FE 04","produtividade":181.38280000000003,"unidade_produtividade":"sc/ha","pontos_originais":25,"ano":"2026","cultura":"Milho"}},{"type":"Feature","geometry":{"type":"Point","coordinates":[-52.20506362579982,-10.343225720133367]},"properties":{"Fazenda":"FE","Campo":"FE 04","produtividade":180.09600000000003,"unidade_produtividade":"sc/ha","pontos_originais":25,"ano":"2026","cultura":"Milho"}},{"type":"Feature","geometry":{"type":"Point","coordinates":[-52.206433451990186,-10.343220594531982]},"properties":{"Fazenda":"FE","Campo":"FE 04","produtividade":185.37919999999997,"unidade_produtividade":"sc/ha","pontos_originais":25,"ano":"2026","cultura":"Milho"}},{"type":"Feature","geometry":{"type":"Point","coordinates":[-52.206205147674844,-10.343221449203028]},"properties":{"Fazenda":"FE","Campo":"FE 04","produtividade":187.52720000000002,"unidade_produtividade":"sc/ha","pontos_originais":25,"ano":"2026","cultura":"Milho"}},{"type":"Feature","geometry":{"type":"Point","coordinates":[-52.20597684333961,-10.343222303712416]},"properties":{"Fazenda":"FE","Campo":"FE 04","produtividade":187.92880000000002,"unidade_produtividade":"sc/ha","pontos_originais":25,"ano":"2026","cultura":"Milho"}},{"type":"Feature","geometry":{"type":"Point","coordinates":[-52.20983932485723,-10.343237080339591]},"properties":{"Fazenda":"FE","Campo":"FE 04","produtividade":136.73882352941177,"unidade_produtividade":"sc/ha","pontos_originais":17,"ano":"2026","cultura":"Milho"}},{"type":"Feature","geometry":{"type":"Point","coordinates":[-52.20962971031412,-10.343208612163174]},"properties":{"Fazenda":"FE","Campo":"FE 04","produtividade":140.8924,"unidade_produtividade":"sc/ha","pontos_originais":25,"ano":"2026","cultura":"Milho"}},{"type":"Feature","geometry":{"type":"Point","coordinates":[-52.20871649404866,-10.343212038930291]},"properties":{"Fazenda":"FE","Campo":"FE 04","produtividade":158.96959999999999,"unidade_produtividade":"sc/ha","pontos_originais":25,"ano":"2026","cultura":"Milho"}},{"type":"Feature","geometry":{"type":"Point","coordinates":[-52.20848818993246,-10.343212895217926]},"properties":{"Fazenda":"FE","Campo":"FE 04","produtividade":163.59640000000002,"unidade_produtividade":"sc/ha","pontos_originais":25,"ano":"2026","cultura":"Milho"}},{"type":"Feature","geometry":{"type":"Point","coordinates":[-52.208259885796345,-10.343213751343901]},"properties":{"Fazenda":"FE","Campo":"FE 04","produtividade":168.72639999999998,"unidade_produtividade":"sc/ha","pontos_originais":25,"ano":"2026","cultura":"Milho"}},{"type":"Feature","geometry":{"type":"Point","coordinates":[-52.209401406277685,-10.343209469097442]},"properties":{"Fazenda":"FE","Campo":"FE 04","produtividade":145.97039999999998,"unidade_produtividade":"sc/ha","pontos_originais":25,"ano":"2026","cultura":"Milho"}},{"type":"Feature","geometry":{"type":"Point","coordinates":[-52.209173102221264,-10.34321032587005]},"properties":{"Fazenda":"FE","Campo":"FE 04","produtividade":149.4944,"unidade_produtividade":"sc/ha","pontos_originais":25,"ano":"2026","cultura":"Milho"}},{"type":"Feature","geometry":{"type":"Point","coordinates":[-52.20894479814493,-10.343211182481003]},"properties":{"Fazenda":"FE","Campo":"FE 04","produtividade":154.5152,"unidade_produtividade":"sc/ha","pontos_originais":25,"ano":"2026","cultura":"Milho"}},{"type":"Feature","geometry":{"type":"Point","coordinates":[-52.20483532136519,-10.343226573834452]},"properties":{"Fazenda":"FE","Campo":"FE 04","produtividade":172.1568,"unidade_produtividade":"sc/ha","pontos_originais":25,"ano":"2026","cultura":"Milho"}},{"type":"Feature","geometry":{"type":"Point","coordinates":[-52.20465267780369,-10.343227256683239]},"properties":{"Fazenda":"FE","Campo":"FE 04","produtividade":169.0966666666667,"unidade_produtividade":"sc/ha","pontos_originais":15,"ano":"2026","cultura":"Milho"}},{"type":"Feature","geometry":{"type":"Point","coordinates":[-52.210029545366424,-10.343286232754926]},"properties":{"Fazenda":"FE","Campo":"FE 04","produtividade":136.58499999999998,"unidade_produtividade":"sc/ha","pontos_originais":4,"ano":"2026","cultura":"Milho"}},{"type":"Feature","geometry":{"type":"Point","coordinates":[-52.207115773714435,-10.342539852131713]},"properties":{"Fazenda":"FE","Campo":"FE 04","produtividade":183.27479999999997,"unidade_produtividade":"sc/ha","pontos_originais":25,"ano":"2026","cultura":"Milho"}},{"type":"Feature","geometry":{"type":"Point","coordinates":[-52.20688746994857,-10.342540707230476]},"properties":{"Fazenda":"FE","Campo":"FE 04","produtividade":183.38279999999995,"unidade_produtividade":"sc/ha","pontos_originais":25,"ano":"2026","cultura":"Milho"}},{"type":"Feature","geometry":{"type":"Point","coordinates":[-52.20665916616279,-10.34254156216759]},"properties":{"Fazenda":"FE","Campo":"FE 04","produtividade":183.8992,"unidade_produtividade":"sc/ha","pontos_originais":25,"ano":"2026","cultura":"Milho"}},{"type":"Feature","geometry":{"type":"Point","coordinates":[-52.20643086235712,-10.342542416943054]},"properties":{"Fazenda":"FE","Campo":"FE 04","produtividade":185.96680000000006,"unidade_produtividade":"sc/ha","pontos_originais":25,"ano":"2026","cultura":"Milho"}},{"type":"Feature","geometry":{"type":"Point","coordinates":[-52.20780068489258,-10.342537285865536]},"properties":{"Fazenda":"FE","Campo":"FE 04","produtividade":166.76319999999998,"unidade_produtividade":"sc/ha","pontos_originais":25,"ano":"2026","cultura":"Milho"}},{"type":"Feature","geometry":{"type":"Point","coordinates":[-52.20802898857882,-10.342536430120179]},"properties":{"Fazenda":"FE","Campo":"FE 04","produtividade":162.51559999999995,"unidade_produtividade":"sc/ha","pontos_originais":25,"ano":"2026","cultura":"Milho"}},{"type":"Feature","geometry":{"type":"Point","coordinates":[-52.20757238118645,-10.342538141449243]},"properties":{"Fazenda":"FE","Campo":"FE 04","produtividade":172.71720000000002,"unidade_produtividade":"sc/ha","pontos_originais":25,"ano":"2026","cultura":"Milho"}},{"type":"Feature","geometry":{"type":"Point","coordinates":[-52.207344077460405,-10.342538996871301]},"properties":{"Fazenda":"FE","Campo":"FE 04","produtividade":178.69279999999998,"unidade_produtividade":"sc/ha","pontos_originais":25,"ano":"2026","cultura":"Milho"}},{"type":"Feature","geometry":{"type":"Point","coordinates":[-52.20574595082072,-10.342544980299564]},"properties":{"Fazenda":"FE","Campo":"FE 04","produtividade":188.474,"unidade_produtividade":"sc/ha","pontos_originais":25,"ano":"2026","cultura":"Milho"}},{"type":"Feature","geometry":{"type":"Point","coordinates":[-52.20551764693548,-10.342545834428439]},"properties":{"Fazenda":"FE","Campo":"FE 04","produtividade":183.21799999999996,"unidade_produtividade":"sc/ha","pontos_originais":25,"ano":"2026","cultura":"Milho"}},{"type":"Feature","geometry":{"type":"Point","coordinates":[-52.20528934303037,-10.342546688395663]},"properties":{"Fazenda":"FE","Campo":"FE 04","produtividade":178.96120000000002,"unidade_produtividade":"sc/ha","pontos_originais":25,"ano":"2026","cultura":"Milho"}},{"type":"Feature","geometry":{"type":"Point","coordinates":[-52.205061039105374,-10.342547542201237]},"properties":{"Fazenda":"FE","Campo":"FE 04","produtividade":169.526,"unidade_produtividade":"sc/ha","pontos_originais":25,"ano":"2026","cultura":"Milho"}},{"type":"Feature","geometry":{"type":"Point","coordinates":[-52.206202558531544,-10.342543271556872]},"properties":{"Fazenda":"FE","Campo":"FE 04","produtividade":187.984,"unidade_produtividade":"sc/ha","pontos_originais":25,"ano":"2026","cultura":"Milho"}},{"type":"Feature","geometry":{"type":"Point","coordinates":[-52.20597425468608,-10.342544126009045]},"properties":{"Fazenda":"FE","Campo":"FE 04","produtividade":189.17559999999992,"unidade_produtividade":"sc/ha","pontos_originais":25,"ano":"2026","cultura":"Milho"}},{"type":"Feature","geometry":{"type":"Point","coordinates":[-52.20848559589147,-10.342534718144528]},"properties":{"Fazenda":"FE","Campo":"FE 04","produtividade":162.89399999999998,"unidade_produtividade":"sc/ha","pontos_originais":25,"ano":"2026","cultura":"Milho"}},{"type":"Feature","geometry":{"type":"Point","coordinates":[-52.20483273516051,-10.342548395845165]},"properties":{"Fazenda":"FE","Campo":"FE 04","produtividade":162.3956,"unidade_produtividade":"sc/ha","pontos_originais":25,"ano":"2026","cultura":"Milho"}},{"type":"Feature","geometry":{"type":"Point","coordinates":[-52.208697765080316,-10.342579134881017]},"properties":{"Fazenda":"FE","Campo":"FE 04","produtividade":164.53285714285718,"unidade_produtividade":"sc/ha","pontos_originais":14,"ano":"2026","cultura":"Milho"}},{"type":"Feature","geometry":{"type":"Point","coordinates":[-52.20825729224509,-10.342535574213178]},"properties":{"Fazenda":"FE","Campo":"FE 04","produtividade":161.4348,"unidade_produtividade":"sc/ha","pontos_originais":25,"ano":"2026","cultura":"Milho"}},{"type":"Feature","geometry":{"type":"Point","coordinates":[-52.20887405801724,-10.342623686061097]},"properties":{"Fazenda":"FE","Campo":"FE 04","produtividade":165.345,"unidade_produtividade":"sc/ha","pontos_originais":2,"ano":"2026","cultura":"Milho"}},{"type":"Feature","geometry":{"type":"Point","coordinates":[-52.206203421559415,-10.342769330775493]},"properties":{"Fazenda":"FE","Campo":"FE 04","produtividade":187.14519999999996,"unidade_produtividade":"sc/ha","pontos_originais":25,"ano":"2026","cultura":"Milho"}},{"type":"Feature","geometry":{"type":"Point","coordinates":[-52.20597511755071,-10.342770185246733]},"properties":{"Fazenda":"FE","Campo":"FE 04","produtividade":188.11559999999994,"unidade_produtividade":"sc/ha","pontos_originais":25,"ano":"2026","cultura":"Milho"}},{"type":"Feature","geometry":{"type":"Point","coordinates":[-52.20574681352209,-10.342771039556325]},"properties":{"Fazenda":"FE","Campo":"FE 04","produtividade":186.3896,"unidade_produtividade":"sc/ha","pontos_originais":25,"ano":"2026","cultura":"Milho"}},{"type":"Feature","geometry":{"type":"Point","coordinates":[-52.205518509473606,-10.342771893704262]},"properties":{"Fazenda":"FE","Campo":"FE 04","produtividade":182.49560000000002,"unidade_produtividade":"sc/ha","pontos_originais":25,"ano":"2026","cultura":"Milho"}},{"type":"Feature","geometry":{"type":"Point","coordinates":[-52.20688833346621,-10.342766766391856]},"properties":{"Fazenda":"FE","Campo":"FE 04","produtividade":181.89,"unidade_produtividade":"sc/ha","pontos_originais":25,"ano":"2026","cultura":"Milho"}},{"type":"Feature","geometry":{"type":"Point","coordinates":[-52.20711663739533,-10.342765911274007]},"properties":{"Fazenda":"FE","Campo":"FE 04","produtividade":182.06360000000004,"unidade_produtividade":"sc/ha","pontos_originais":25,"ano":"2026","cultura":"Milho"}},{"type":"Feature","geometry":{"type":"Point","coordinates":[-52.20666002951716,-10.342767621348054]},"properties":{"Fazenda":"FE","Campo":"FE 04","produtividade":181.96559999999994,"unidade_produtividade":"sc/ha","pontos_originais":25,"ano":"2026","cultura":"Milho"}},{"type":"Feature","geometry":{"type":"Point","coordinates":[-52.206431725548235,-10.3427684761426]},"properties":{"Fazenda":"FE","Campo":"FE 04","produtividade":184.5892,"unidade_produtividade":"sc/ha","pontos_originais":25,"ano":"2026","cultura":"Milho"}},{"type":"Feature","geometry":{"type":"Point","coordinates":[-52.20483359720886,-10.342774455178162]},"properties":{"Fazenda":"FE","Campo":"FE 04","produtividade":166.2996,"unidade_produtividade":"sc/ha","pontos_originais":25,"ano":"2026","cultura":"Milho"}},{"type":"Feature","geometry":{"type":"Point","coordinates":[-52.20468906205949,-10.342790066376876]},"properties":{"Fazenda":"FE","Campo":"FE 04","produtividade":160.08,"unidade_produtividade":"sc/ha","pontos_originais":6,"ano":"2026","cultura":"Milho"}},{"type":"Feature","geometry":{"type":"Point","coordinates":[-52.20893714244956,-10.342766949776292]},"properties":{"Fazenda":"FE","Campo":"FE 04","produtividade":162.50260869565219,"unidade_produtividade":"sc/ha","pontos_originais":23,"ano":"2026","cultura":"Milho"}},{"type":"Feature","geometry":{"type":"Point","coordinates":[-52.208714764341565,-10.342759920922818]},"properties":{"Fazenda":"FE","Campo":"FE 04","produtividade":163.356,"unidade_produtividade":"sc/ha","pontos_originais":25,"ano":"2026","cultura":"Milho"}},{"type":"Feature","geometry":{"type":"Point","coordinates":[-52.20848646055187,-10.342760777172229]},"properties":{"Fazenda":"FE","Campo":"FE 04","produtividade":161.81439999999998,"unidade_produtividade":"sc/ha","pontos_originais":25,"ano":"2026","cultura":"Milho"}},{"type":"Feature","geometry":{"type":"Point","coordinates":[-52.205290205405234,-10.342772747690546]},"properties":{"Fazenda":"FE","Campo":"FE 04","produtividade":179.2128,"unidade_produtividade":"sc/ha","pontos_originais":25,"ano":"2026","cultura":"Milho"}},{"type":"Feature","geometry":{"type":"Point","coordinates":[-52.20506190131699,-10.342773601515182]},"properties":{"Fazenda":"FE","Campo":"FE 04","produtividade":173.648,"unidade_produtividade":"sc/ha","pontos_originais":25,"ano":"2026","cultura":"Milho"}},{"type":"Feature","geometry":{"type":"Point","coordinates":[-52.20469609756182,-10.342639331698685]},"properties":{"Fazenda":"FE","Campo":"FE 04","produtividade":160.01,"unidade_produtividade":"sc/ha","pontos_originais":1,"ano":"2026","cultura":"Milho"}},{"type":"Feature","geometry":{"type":"Point","coordinates":[-52.207573245193856,-10.342764200553356]},"properties":{"Fazenda":"FE","Campo":"FE 04","produtividade":177.57160000000005,"unidade_produtividade":"sc/ha","pontos_originais":25,"ano":"2026","cultura":"Milho"}},{"type":"Feature","geometry":{"type":"Point","coordinates":[-52.20780154906321,-10.342763344950551]},"properties":{"Fazenda":"FE","Campo":"FE 04","produtividade":169.3428,"unidade_produtividade":"sc/ha","pontos_originais":25,"ano":"2026","cultura":"Milho"}},{"type":"Feature","geometry":{"type":"Point","coordinates":[-52.207344941304555,-10.342765055994505]},"properties":{"Fazenda":"FE","Campo":"FE 04","produtividade":181.1464,"unidade_produtividade":"sc/ha","pontos_originais":25,"ano":"2026","cultura":"Milho"}},{"type":"Feature","geometry":{"type":"Point","coordinates":[-52.20825815674225,-10.342761633259986]},"properties":{"Fazenda":"FE","Campo":"FE 04","produtividade":160.32,"unidade_produtividade":"sc/ha","pontos_originais":25,"ano":"2026","cultura":"Milho"}},{"type":"Feature","geometry":{"type":"Point","coordinates":[-52.2080298529127,-10.342762489186093]},"properties":{"Fazenda":"FE","Campo":"FE 04","produtividade":162.13,"unidade_produtividade":"sc/ha","pontos_originais":25,"ano":"2026","cultura":"Milho"}},{"type":"Feature","geometry":{"type":"Point","coordinates":[-52.20915083719719,-10.34281582810001]},"properties":{"Fazenda":"FE","Campo":"FE 04","produtividade":159.00545454545457,"unidade_produtividade":"sc/ha","pontos_originais":11,"ano":"2026","cultura":"Milho"}},{"type":"Feature","geometry":{"type":"Point","coordinates":[-52.20754925435535,-10.341917584205985]},"properties":{"Fazenda":"FE","Campo":"FE 04","produtividade":170.0636363636364,"unidade_produtividade":"sc/ha","pontos_originais":11,"ano":"2026","cultura":"Milho"}},{"type":"Feature","geometry":{"type":"Point","coordinates":[-52.20505845258979,-10.341869364239994]},"properties":{"Fazenda":"FE","Campo":"FE 04","produtividade":158.3952,"unidade_produtividade":"sc/ha","pontos_originais":25,"ano":"2026","cultura":"Milho"}},{"type":"Feature","geometry":{"type":"Point","coordinates":[-52.20488287433331,-10.3418804543723]},"properties":{"Fazenda":"FE","Campo":"FE 04","produtividade":156.43846153846152,"unidade_produtividade":"sc/ha","pontos_originais":13,"ano":"2026","cultura":"Milho"}},{"type":"Feature","geometry":{"type":"Point","coordinates":[-52.207788142632495,-10.342100279035991]},"properties":{"Fazenda":"FE","Campo":"FE 04","produtividade":169.2309523809524,"unidade_produtividade":"sc/ha","pontos_originais":21,"ano":"2026","cultura":"Milho"}},{"type":"Feature","geometry":{"type":"Point","coordinates":[-52.20757065323141,-10.342086023231307]},"properties":{"Fazenda":"FE","Campo":"FE 04","produtividade":170.71720000000002,"unidade_produtividade":"sc/ha","pontos_originais":25,"ano":"2026","cultura":"Milho"}},{"type":"Feature","geometry":{"type":"Point","coordinates":[-52.20665743951374,-10.342089443796949]},"properties":{"Fazenda":"FE","Campo":"FE 04","produtividade":182.16159999999994,"unidade_produtividade":"sc/ha","pontos_originais":25,"ano":"2026","cultura":"Milho"}},{"type":"Feature","geometry":{"type":"Point","coordinates":[-52.20688574297301,-10.342088588898001]},"properties":{"Fazenda":"FE","Campo":"FE 04","produtividade":177.18439999999998,"unidade_produtividade":"sc/ha","pontos_originais":25,"ano":"2026","cultura":"Milho"}},{"type":"Feature","geometry":{"type":"Point","coordinates":[-52.20642913603455,-10.342090298534258]},"properties":{"Fazenda":"FE","Campo":"FE 04","produtividade":186.7784,"unidade_produtividade":"sc/ha","pontos_originais":25,"ano":"2026","cultura":"Milho"}},{"type":"Feature","geometry":{"type":"Point","coordinates":[-52.20620083253549,-10.342091153109926]},"properties":{"Fazenda":"FE","Campo":"FE 04","produtividade":190.53600000000003,"unidade_produtividade":"sc/ha","pontos_originais":25,"ano":"2026","cultura":"Milho"}},{"type":"Feature","geometry":{"type":"Point","coordinates":[-52.20734234983186,-10.34208687861518]},"properties":{"Fazenda":"FE","Campo":"FE 04","produtividade":171.9216,"unidade_produtividade":"sc/ha","pontos_originais":25,"ano":"2026","cultura":"Milho"}},{"type":"Feature","geometry":{"type":"Point","coordinates":[-52.20711404641238,-10.342087733837412]},"properties":{"Fazenda":"FE","Campo":"FE 04","produtividade":173.9432,"unidade_produtividade":"sc/ha","pontos_originais":25,"ano":"2026","cultura":"Milho"}},{"type":"Feature","geometry":{"type":"Point","coordinates":[-52.20528761834028,-10.342094569796181]},"properties":{"Fazenda":"FE","Campo":"FE 04","produtividade":173.90560000000005,"unidade_produtividade":"sc/ha","pontos_originais":25,"ano":"2026","cultura":"Milho"}},{"type":"Feature","geometry":{"type":"Point","coordinates":[-52.20505931474178,-10.342095423563643]},"properties":{"Fazenda":"FE","Campo":"FE 04","produtividade":162.34479999999996,"unidade_produtividade":"sc/ha","pontos_originais":25,"ano":"2026","cultura":"Milho"}},{"type":"Feature","geometry":{"type":"Point","coordinates":[-52.204865958571425,-10.342104125196785]},"properties":{"Fazenda":"FE","Campo":"FE 04","produtividade":159.93705882352938,"unidade_produtividade":"sc/ha","pontos_originais":17,"ano":"2026","cultura":"Milho"}},{"type":"Feature","geometry":{"type":"Point","coordinates":[-52.20798184623278,-10.34214907144336]},"properties":{"Fazenda":"FE","Campo":"FE 04","produtividade":167.34428571428572,"unidade_produtividade":"sc/ha","pontos_originais":7,"ano":"2026","cultura":"Milho"}},{"type":"Feature","geometry":{"type":"Point","coordinates":[-52.205972529016506,-10.34209200752395]},"properties":{"Fazenda":"FE","Campo":"FE 04","produtividade":189.99599999999995,"unidade_produtividade":"sc/ha","pontos_originais":25,"ano":"2026","cultura":"Milho"}},{"type":"Feature","geometry":{"type":"Point","coordinates":[-52.205744225477645,-10.342092861776337]},"properties":{"Fazenda":"FE","Campo":"FE 04","produtividade":187.89440000000002,"unidade_produtividade":"sc/ha","pontos_originais":25,"ano":"2026","cultura":"Milho"}},{"type":"Feature","geometry":{"type":"Point","coordinates":[-52.205515921918895,-10.342093715867081]},"properties":{"Fazenda":"FE","Campo":"FE 04","produtividade":181.37119999999996,"unidade_produtividade":"sc/ha","pontos_originais":25,"ano":"2026","cultura":"Milho"}},{"type":"Feature","geometry":{"type":"Point","coordinates":[-52.208238766883916,-10.342334699410777]},"properties":{"Fazenda":"FE","Campo":"FE 04","produtividade":164.03277777777777,"unidade_produtividade":"sc/ha","pontos_originais":18,"ano":"2026","cultura":"Milho"}},{"type":"Feature","geometry":{"type":"Point","coordinates":[-52.20802812426485,-10.342310371051026]},"properties":{"Fazenda":"FE","Campo":"FE 04","produtividade":164.5896,"unidade_produtividade":"sc/ha","pontos_originais":25,"ano":"2026","cultura":"Milho"}},{"type":"Feature","geometry":{"type":"Point","coordinates":[-52.20779982074187,-10.342311226777284]},"properties":{"Fazenda":"FE","Campo":"FE 04","produtividade":167.93039999999996,"unidade_produtividade":"sc/ha","pontos_originais":25,"ano":"2026","cultura":"Milho"}},{"type":"Feature","geometry":{"type":"Point","coordinates":[-52.207571517198964,-10.342312082341891]},"properties":{"Fazenda":"FE","Campo":"FE 04","produtividade":172.64200000000005,"unidade_produtividade":"sc/ha","pontos_originais":25,"ano":"2026","cultura":"Milho"}},{"type":"Feature","geometry":{"type":"Point","coordinates":[-52.20665830282831,-10.34231550298389]},"properties":{"Fazenda":"FE","Campo":"FE 04","produtividade":185.7236,"unidade_produtividade":"sc/ha","pontos_originais":25,"ano":"2026","cultura":"Milho"}},{"type":"Feature","geometry":{"type":"Point","coordinates":[-52.206886606450844,-10.342314648065855]},"properties":{"Fazenda":"FE","Campo":"FE 04","produtividade":184.72600000000003,"unidade_produtividade":"sc/ha","pontos_originais":25,"ano":"2026","cultura":"Milho"}},{"type":"Feature","geometry":{"type":"Point","coordinates":[-52.206429999185886,-10.342316357740273]},"properties":{"Fazenda":"FE","Campo":"FE 04","produtividade":185.60440000000003,"unidade_produtividade":"sc/ha","pontos_originais":25,"ano":"2026","cultura":"Milho"}},{"type":"Feature","geometry":{"type":"Point","coordinates":[-52.20620169552357,-10.342317212335015]},"properties":{"Fazenda":"FE","Campo":"FE 04","produtividade":187.03400000000002,"unidade_produtividade":"sc/ha","pontos_originais":25,"ano":"2026","cultura":"Milho"}},{"type":"Feature","geometry":{"type":"Point","coordinates":[-52.207343213636165,-10.342312937744857]},"properties":{"Fazenda":"FE","Campo":"FE 04","produtividade":177.056,"unidade_produtividade":"sc/ha","pontos_originais":25,"ano":"2026","cultura":"Milho"}},{"type":"Feature","geometry":{"type":"Point","coordinates":[-52.20711491005347,-10.342313792986177]},"properties":{"Fazenda":"FE","Campo":"FE 04","produtividade":180.03199999999998,"unidade_produtividade":"sc/ha","pontos_originais":25,"ano":"2026","cultura":"Milho"}},{"type":"Feature","geometry":{"type":"Point","coordinates":[-52.20574508813924,-10.342318921039569]},"properties":{"Fazenda":"FE","Campo":"FE 04","produtividade":187.81119999999996,"unidade_produtividade":"sc/ha","pontos_originais":25,"ano":"2026","cultura":"Milho"}},{"type":"Feature","geometry":{"type":"Point","coordinates":[-52.205973391841354,-10.342318066768117]},"properties":{"Fazenda":"FE","Campo":"FE 04","produtividade":188.28799999999998,"unidade_produtividade":"sc/ha","pontos_originais":25,"ano":"2026","cultura":"Milho"}},{"type":"Feature","geometry":{"type":"Point","coordinates":[-52.20551678441725,-10.342319775149376]},"properties":{"Fazenda":"FE","Campo":"FE 04","produtividade":182.28560000000002,"unidade_produtividade":"sc/ha","pontos_originais":25,"ano":"2026","cultura":"Milho"}},{"type":"Feature","geometry":{"type":"Point","coordinates":[-52.20528848067539,-10.34232062909754]},"properties":{"Fazenda":"FE","Campo":"FE 04","produtividade":177.44440000000003,"unidade_produtividade":"sc/ha","pontos_originais":25,"ano":"2026","cultura":"Milho"}},{"type":"Feature","geometry":{"type":"Point","coordinates":[-52.20506017691364,-10.342321482884058]},"properties":{"Fazenda":"FE","Campo":"FE 04","produtividade":167.0248,"unidade_produtividade":"sc/ha","pontos_originais":25,"ano":"2026","cultura":"Milho"}},{"type":"Feature","geometry":{"type":"Point","coordinates":[-52.204844349574024,-10.342328455207737]},"properties":{"Fazenda":"FE","Campo":"FE 04","produtividade":163.6777272727273,"unidade_produtividade":"sc/ha","pontos_originais":22,"ano":"2026","cultura":"Milho"}},{"type":"Feature","geometry":{"type":"Point","coordinates":[-52.20842795799072,-10.342387993808211]},"properties":{"Fazenda":"FE","Campo":"FE 04","produtividade":164.16500000000002,"unidade_produtividade":"sc/ha","pontos_originais":4,"ano":"2026","cultura":"Milho"}},{"type":"Feature","geometry":{"type":"Point","coordinates":[-52.22064246773218,-10.357182879091226]},"properties":{"Fazenda":"FE","Campo":"FE 04","produtividade":187.9308,"unidade_produtividade":"sc/ha","pontos_originais":25,"ano":"2026","cultura":"Milho"}},{"type":"Feature","geometry":{"type":"Point","coordinates":[-52.220414154528314,-10.35718374498162]},"properties":{"Fazenda":"FE","Campo":"FE 04","produtividade":187.12599999999998,"unidade_produtividade":"sc/ha","pontos_originais":25,"ano":"2026","cultura":"Milho"}},{"type":"Feature","geometry":{"type":"Point","coordinates":[-52.22018584130432,-10.357184610710137]},"properties":{"Fazenda":"FE","Campo":"FE 04","produtividade":187.47679999999997,"unidade_produtividade":"sc/ha","pontos_originais":25,"ano":"2026","cultura":"Milho"}},{"type":"Feature","geometry":{"type":"Point","coordinates":[-52.21995752806021,-10.357185476276776]},"properties":{"Fazenda":"FE","Campo":"FE 04","produtividade":188.56279999999998,"unidade_produtividade":"sc/ha","pontos_originais":25,"ano":"2026","cultura":"Milho"}},{"type":"Feature","geometry":{"type":"Point","coordinates":[-52.22132740722299,-10.357180280448771]},"properties":{"Fazenda":"FE","Campo":"FE 04","produtividade":191.61120000000003,"unidade_produtividade":"sc/ha","pontos_originais":25,"ano":"2026","cultura":"Milho"}},{"type":"Feature","geometry":{"type":"Point","coordinates":[-52.221555720346295,-10.35717941391086]},"properties":{"Fazenda":"FE","Campo":"FE 04","produtividade":193.07479999999998,"unidade_produtividade":"sc/ha","pontos_originais":25,"ano":"2026","cultura":"Milho"}},{"type":"Feature","geometry":{"type":"Point","coordinates":[-52.22109909407953,-10.3571811468248]},"properties":{"Fazenda":"FE","Campo":"FE 04","produtividade":190.34800000000004,"unidade_produtividade":"sc/ha","pontos_originais":25,"ano":"2026","cultura":"Milho"}},{"type":"Feature","geometry":{"type":"Point","coordinates":[-52.22087078091593,-10.357182013038953]},"properties":{"Fazenda":"FE","Campo":"FE 04","produtividade":188.08160000000004,"unidade_produtividade":"sc/ha","pontos_originais":25,"ano":"2026","cultura":"Milho"}},{"type":"Feature","geometry":{"type":"Point","coordinates":[-52.21927258820711,-10.357188072005412]},"properties":{"Fazenda":"FE","Campo":"FE 04","produtividade":196.27279999999996,"unidade_produtividade":"sc/ha","pontos_originais":25,"ano":"2026","cultura":"Milho"}},{"type":"Feature","geometry":{"type":"Point","coordinates":[-52.219044274882506,-10.357188936924533]},"properties":{"Fazenda":"FE","Campo":"FE 04","produtividade":197.24360000000004,"unidade_produtividade":"sc/ha","pontos_originais":25,"ano":"2026","cultura":"Milho"}},{"type":"Feature","geometry":{"type":"Point","coordinates":[-52.218815961537814,-10.357189801681775]},"properties":{"Fazenda":"FE","Campo":"FE 04","produtividade":197.55999999999997,"unidade_produtividade":"sc/ha","pontos_originais":25,"ano":"2026","cultura":"Milho"}},{"type":"Feature","geometry":{"type":"Point","coordinates":[-52.218587648173,-10.357190666277136]},"properties":{"Fazenda":"FE","Campo":"FE 04","produtividade":192.7576,"unidade_produtividade":"sc/ha","pontos_originais":25,"ano":"2026","cultura":"Milho"}},{"type":"Feature","geometry":{"type":"Point","coordinates":[-52.219729214795954,-10.357186341681533]},"properties":{"Fazenda":"FE","Campo":"FE 04","produtividade":189.0788,"unidade_produtividade":"sc/ha","pontos_originais":25,"ano":"2026","cultura":"Milho"}},{"type":"Feature","geometry":{"type":"Point","coordinates":[-52.219500901511594,-10.357187206924412]},"properties":{"Fazenda":"FE","Campo":"FE 04","produtividade":195.3076,"unidade_produtividade":"sc/ha","pontos_originais":25,"ano":"2026","cultura":"Milho"}},{"type":"Feature","geometry":{"type":"Point","coordinates":[-52.218359334788104,-10.35719153071062]},"properties":{"Fazenda":"FE","Campo":"FE 04","produtividade":184.92840000000004,"unidade_produtividade":"sc/ha","pontos_originais":25,"ano":"2026","cultura":"Milho"}},{"type":"Feature","geometry":{"type":"Point","coordinates":[-52.21813694702817,-10.357184509550663]},"properties":{"Fazenda":"FE","Campo":"FE 04","produtividade":172.81999999999996,"unidade_produtividade":"sc/ha","pontos_originais":23,"ano":"2026","cultura":"Milho"}},{"type":"Feature","geometry":{"type":"Point","coordinates":[-52.22201234653247,-10.357177680349412]},"properties":{"Fazenda":"FE","Campo":"FE 04","produtividade":188.79360000000005,"unidade_produtividade":"sc/ha","pontos_originais":25,"ano":"2026","cultura":"Milho"}},{"type":"Feature","geometry":{"type":"Point","coordinates":[-52.2222406595953,-10.357176813325866]},"properties":{"Fazenda":"FE","Campo":"FE 04","produtividade":182.53440000000003,"unidade_produtividade":"sc/ha","pontos_originais":25,"ano":"2026","cultura":"Milho"}},{"type":"Feature","geometry":{"type":"Point","coordinates":[-52.22178403344944,-10.357178547211074]},"properties":{"Fazenda":"FE","Campo":"FE 04","produtividade":192.082,"unidade_produtividade":"sc/ha","pontos_originais":25,"ano":"2026","cultura":"Milho"}},{"type":"Feature","geometry":{"type":"Point","coordinates":[-52.21790741351358,-10.357167065761583]},"properties":{"Fazenda":"FE","Campo":"FE 04","produtividade":165.4621052631579,"unidade_produtividade":"sc/ha","pontos_originais":19,"ano":"2026","cultura":"Milho"}},{"type":"Feature","geometry":{"type":"Point","coordinates":[-52.222662336278255,-10.35716723295562]},"properties":{"Fazenda":"FE","Campo":"FE 04","produtividade":147.8264705882353,"unidade_produtividade":"sc/ha","pontos_originais":17,"ano":"2026","cultura":"Milho"}},{"type":"Feature","geometry":{"type":"Point","coordinates":[-52.222468972638,-10.357175946140446]},"properties":{"Fazenda":"FE","Campo":"FE 04","produtividade":165.49560000000002,"unidade_produtividade":"sc/ha","pontos_originais":25,"ano":"2026","cultura":"Milho"}},{"type":"Feature","geometry":{"type":"Point","coordinates":[-52.21950556597721,-10.357409482769024]},"properties":{"Fazenda":"FE","Campo":"FE 04","produtividade":192.9483333333333,"unidade_produtividade":"sc/ha","pontos_originais":24,"ano":"2026","cultura":"Milho"}},{"type":"Feature","geometry":{"type":"Point","coordinates":[-52.21927337448217,-10.35739152412911]},"properties":{"Fazenda":"FE","Campo":"FE 04","produtividade":195.4255,"unidade_produtividade":"sc/ha","pontos_originais":20,"ano":"2026","cultura":"Milho"}},{"type":"Feature","geometry":{"type":"Point","coordinates":[-52.219044973661816,-10.357369783272304]},"properties":{"Fazenda":"FE","Campo":"FE 04","produtividade":196.05200000000002,"unidade_produtividade":"sc/ha","pontos_originais":15,"ano":"2026","cultura":"Milho"}},{"type":"Feature","geometry":{"type":"Point","coordinates":[-52.218816572854315,-10.357348042249718]},"properties":{"Fazenda":"FE","Campo":"FE 04","produtividade":195.878,"unidade_produtividade":"sc/ha","pontos_originais":10,"ano":"2026","cultura":"Milho"}},{"type":"Feature","geometry":{"type":"Point","coordinates":[-52.220186715598594,-10.357410668547987]},"properties":{"Fazenda":"FE","Campo":"FE 04","produtividade":188.2304,"unidade_produtividade":"sc/ha","pontos_originais":25,"ano":"2026","cultura":"Milho"}},{"type":"Feature","geometry":{"type":"Point","coordinates":[-52.21995840219099,-10.357411534133918]},"properties":{"Fazenda":"FE","Campo":"FE 04","produtividade":189.25959999999998,"unidade_produtividade":"sc/ha","pontos_originais":25,"ano":"2026","cultura":"Milho"}},{"type":"Feature","geometry":{"type":"Point","coordinates":[-52.21973008876323,-10.357412399557965]},"properties":{"Fazenda":"FE","Campo":"FE 04","produtividade":188.72279999999998,"unidade_produtividade":"sc/ha","pontos_originais":25,"ano":"2026","cultura":"Milho"}},{"type":"Feature","geometry":{"type":"Point","coordinates":[-52.22224153536101,-10.357402870989908]},"properties":{"Fazenda":"FE","Campo":"FE 04","produtividade":177.20639999999995,"unidade_produtividade":"sc/ha","pontos_originais":25,"ano":"2026","cultura":"Milho"}},{"type":"Feature","geometry":{"type":"Point","coordinates":[-52.22246984856719,-10.35740200378516]},"properties":{"Fazenda":"FE","Campo":"FE 04","produtividade":159.89399999999998,"unidade_produtividade":"sc/ha","pontos_originais":25,"ano":"2026","cultura":"Milho"}},{"type":"Feature","geometry":{"type":"Point","coordinates":[-52.22201322213466,-10.35740373803278]},"properties":{"Fazenda":"FE","Campo":"FE 04","produtividade":189.9924,"unidade_produtividade":"sc/ha","pontos_originais":25,"ano":"2026","cultura":"Milho"}},{"type":"Feature","geometry":{"type":"Point","coordinates":[-52.22178490888816,-10.357404604913766]},"properties":{"Fazenda":"FE","Campo":"FE 04","produtividade":193.21559999999997,"unidade_produtividade":"sc/ha","pontos_originais":25,"ano":"2026","cultura":"Milho"}},{"type":"Feature","geometry":{"type":"Point","coordinates":[-52.21860342206505,-10.357333778690693]},"properties":{"Fazenda":"FE","Campo":"FE 04","produtividade":191.59833333333333,"unidade_produtividade":"sc/ha","pontos_originais":6,"ano":"2026","cultura":"Milho"}},{"type":"Feature","geometry":{"type":"Point","coordinates":[-52.218428352624386,-10.35732690619555]},"properties":{"Fazenda":"FE","Campo":"FE 04","produtividade":186.955,"unidade_produtividade":"sc/ha","pontos_originais":2,"ano":"2026","cultura":"Milho"}},{"type":"Feature","geometry":{"type":"Point","coordinates":[-52.222641039654086,-10.357390050398953]},"properties":{"Fazenda":"FE","Campo":"FE 04","produtividade":147.97166666666666,"unidade_produtividade":"sc/ha","pontos_originais":12,"ano":"2026","cultura":"Milho"}},{"type":"Feature","geometry":{"type":"Point","coordinates":[-52.220871655700684,-10.357408070818899]},"properties":{"Fazenda":"FE","Campo":"FE 04","produtividade":190.84039999999996,"unidade_produtividade":"sc/ha","pontos_originais":25,"ano":"2026","cultura":"Milho"}},{"type":"Feature","geometry":{"type":"Point","coordinates":[-52.22064334235344,-10.357408936890476]},"properties":{"Fazenda":"FE","Campo":"FE 04","produtividade":191.7624,"unidade_produtividade":"sc/ha","pontos_originais":25,"ano":"2026","cultura":"Milho"}},{"type":"Feature","geometry":{"type":"Point","coordinates":[-52.22041502898608,-10.357409802800174]},"properties":{"Fazenda":"FE","Campo":"FE 04","produtividade":188.58520000000001,"unidade_produtividade":"sc/ha","pontos_originais":25,"ano":"2026","cultura":"Milho"}},{"type":"Feature","geometry":{"type":"Point","coordinates":[-52.22155659562152,-10.357405471632873]},"properties":{"Fazenda":"FE","Campo":"FE 04","produtividade":192.68199999999993,"unidade_produtividade":"sc/ha","pontos_originais":25,"ano":"2026","cultura":"Milho"}},{"type":"Feature","geometry":{"type":"Point","coordinates":[-52.221328282334724,-10.3574063381901]},"properties":{"Fazenda":"FE","Campo":"FE 04","produtividade":193.25440000000003,"unidade_produtividade":"sc/ha","pontos_originais":25,"ano":"2026","cultura":"Milho"}},{"type":"Feature","geometry":{"type":"Point","coordinates":[-52.221099969027776,-10.35740720458544]},"properties":{"Fazenda":"FE","Campo":"FE 04","produtividade":191.72599999999994,"unidade_produtividade":"sc/ha","pontos_originais":25,"ano":"2026","cultura":"Milho"}},{"type":"Feature","geometry":{"type":"Point","coordinates":[-52.220644129529475,-10.357612388907082]},"properties":{"Fazenda":"FE","Campo":"FE 04","produtividade":188.16749999999996,"unidade_produtividade":"sc/ha","pontos_originais":20,"ano":"2026","cultura":"Milho"}},{"type":"Feature","geometry":{"type":"Point","coordinates":[-52.2208763211514,-10.35763034652997]},"properties":{"Fazenda":"FE","Campo":"FE 04","produtividade":188.65333333333334,"unidade_produtividade":"sc/ha","pontos_originais":24,"ano":"2026","cultura":"Milho"}},{"type":"Feature","geometry":{"type":"Point","coordinates":[-52.220415728566245,-10.357590649052765]},"properties":{"Fazenda":"FE","Campo":"FE 04","produtividade":187.18333333333334,"unidade_produtividade":"sc/ha","pontos_originais":15,"ano":"2026","cultura":"Milho"}},{"type":"Feature","geometry":{"type":"Point","coordinates":[-52.22019565377222,-10.357575042766221]},"properties":{"Fazenda":"FE","Campo":"FE 04","produtividade":187.48272727272726,"unidade_produtividade":"sc/ha","pontos_originais":11,"ano":"2026","cultura":"Milho"}},{"type":"Feature","geometry":{"type":"Point","coordinates":[-52.22155747091688,-10.357631529351643]},"properties":{"Fazenda":"FE","Campo":"FE 04","produtividade":188.09479999999996,"unidade_produtividade":"sc/ha","pontos_originais":25,"ano":"2026","cultura":"Milho"}},{"type":"Feature","geometry":{"type":"Point","coordinates":[-52.2213291574666,-10.357632395928178]},"properties":{"Fazenda":"FE","Campo":"FE 04","produtividade":190.924,"unidade_produtividade":"sc/ha","pontos_originais":25,"ano":"2026","cultura":"Milho"}},{"type":"Feature","geometry":{"type":"Point","coordinates":[-52.22110084399614,-10.357633262342835]},"properties":{"Fazenda":"FE","Campo":"FE 04","produtividade":189.74799999999996,"unidade_produtividade":"sc/ha","pontos_originais":25,"ano":"2026","cultura":"Milho"}},{"type":"Feature","geometry":{"type":"Point","coordinates":[-52.222242411146865,-10.357628928650708]},"properties":{"Fazenda":"FE","Campo":"FE 04","produtividade":172.82199999999997,"unidade_produtividade":"sc/ha","pontos_originais":25,"ano":"2026","cultura":"Milho"}},{"type":"Feature","geometry":{"type":"Point","coordinates":[-52.22201409775702,-10.357629795712905]},"properties":{"Fazenda":"FE","Campo":"FE 04","produtividade":184.8096,"unidade_produtividade":"sc/ha","pontos_originais":25,"ano":"2026","cultura":"Milho"}},{"type":"Feature","geometry":{"type":"Point","coordinates":[-52.22178578434703,-10.357630662613216]},"properties":{"Fazenda":"FE","Campo":"FE 04","produtividade":189.30480000000003,"unidade_produtividade":"sc/ha","pontos_originais":25,"ano":"2026","cultura":"Milho"}},{"type":"Feature","geometry":{"type":"Point","coordinates":[-52.21997854636267,-10.357560012250463]},"properties":{"Fazenda":"FE","Campo":"FE 04","produtividade":189.49714285714285,"unidade_produtividade":"sc/ha","pontos_originais":7,"ano":"2026","cultura":"Milho"}},{"type":"Feature","geometry":{"type":"Point","coordinates":[-52.21977627585977,-10.357547861212543]},"properties":{"Fazenda":"FE","Campo":"FE 04","produtividade":188.15666666666667,"unidade_produtividade":"sc/ha","pontos_originais":3,"ano":"2026","cultura":"Milho"}},{"type":"Feature","geometry":{"type":"Point","coordinates":[-52.22262477032358,-10.357610521642753]},"properties":{"Fazenda":"FE","Campo":"FE 04","produtividade":149.2425,"unidade_produtividade":"sc/ha","pontos_originais":8,"ano":"2026","cultura":"Milho"}},{"type":"Feature","geometry":{"type":"Point","coordinates":[-52.222470724516555,-10.35762806142663]},"properties":{"Fazenda":"FE","Campo":"FE 04","produtividade":156.40439999999998,"unidade_produtividade":"sc/ha","pontos_originais":25,"ano":"2026","cultura":"Milho"}},{"type":"Feature","geometry":{"type":"Point","coordinates":[-52.22247160048608,-10.357854119064857]},"properties":{"Fazenda":"FE","Campo":"FE 04","produtividade":156.67039999999997,"unidade_produtividade":"sc/ha","pontos_originais":25,"ano":"2026","cultura":"Milho"}},{"type":"Feature","geometry":{"type":"Point","coordinates":[-52.22114703170189,-10.357768723727867]},"properties":{"Fazenda":"FE","Campo":"FE 04","produtividade":189.3066666666667,"unidade_produtividade":"sc/ha","pontos_originais":3,"ano":"2026","cultura":"Milho"}},{"type":"Feature","geometry":{"type":"Point","coordinates":[-52.22260841338143,-10.357808387122597]},"properties":{"Fazenda":"FE","Campo":"FE 04","produtividade":148.04999999999998,"unidade_produtividade":"sc/ha","pontos_originais":3,"ano":"2026","cultura":"Milho"}},{"type":"Feature","geometry":{"type":"Point","coordinates":[-52.222247077582786,-10.35785120422811]},"properties":{"Fazenda":"FE","Campo":"FE 04","produtividade":169.71333333333334,"unidade_produtividade":"sc/ha","pontos_originais":24,"ano":"2026","cultura":"Milho"}},{"type":"Feature","geometry":{"type":"Point","coordinates":[-52.2220148858341,-10.357833247622299]},"properties":{"Fazenda":"FE","Campo":"FE 04","produtividade":179.89600000000002,"unidade_produtividade":"sc/ha","pontos_originais":20,"ano":"2026","cultura":"Milho"}},{"type":"Feature","geometry":{"type":"Point","coordinates":[-52.221786484728106,-10.35781150877053]},"properties":{"Fazenda":"FE","Campo":"FE 04","produtividade":186.48000000000002,"unidade_produtividade":"sc/ha","pontos_originais":15,"ano":"2026","cultura":"Milho"}},{"type":"Feature","geometry":{"type":"Point","coordinates":[-52.221566409820134,-10.35779590344725]},"properties":{"Fazenda":"FE","Campo":"FE 04","produtividade":186.34545454545457,"unidade_produtividade":"sc/ha","pontos_originais":11,"ano":"2026","cultura":"Milho"}},{"type":"Feature","geometry":{"type":"Point","coordinates":[-52.22134930229982,-10.357780873881579]},"properties":{"Fazenda":"FE","Campo":"FE 04","produtividade":187.8785714285714,"unidade_produtividade":"sc/ha","pontos_originais":7,"ano":"2026","cultura":"Milho"}},{"type":"Feature","geometry":{"type":"Point","coordinates":[-52.222494957438975,-10.357989666914392]},"properties":{"Fazenda":"FE","Campo":"FE 04","produtividade":159.84749999999997,"unidade_produtividade":"sc/ha","pontos_originais":4,"ano":"2026","cultura":"Milho"}},{"type":"Feature","geometry":{"type":"Point","coordinates":[-52.220413280090696,-10.356957687159829]},"properties":{"Fazenda":"FE","Campo":"FE 04","produtividade":180.59399999999994,"unidade_produtividade":"sc/ha","pontos_originais":25,"ano":"2026","cultura":"Milho"}},{"type":"Feature","geometry":{"type":"Point","coordinates":[-52.22018496703019,-10.356958552869044]},"properties":{"Fazenda":"FE","Campo":"FE 04","produtividade":179.83079999999995,"unidade_produtividade":"sc/ha","pontos_originais":25,"ano":"2026","cultura":"Milho"}},{"type":"Feature","geometry":{"type":"Point","coordinates":[-52.21995665394956,-10.356959418416393]},"properties":{"Fazenda":"FE","Campo":"FE 04","produtividade":179.44879999999998,"unidade_produtividade":"sc/ha","pontos_originais":25,"ano":"2026","cultura":"Milho"}},{"type":"Feature","geometry":{"type":"Point","coordinates":[-52.21972834084879,-10.35696028380186]},"properties":{"Fazenda":"FE","Campo":"FE 04","produtividade":179.57399999999996,"unidade_produtividade":"sc/ha","pontos_originais":25,"ano":"2026","cultura":"Milho"}},{"type":"Feature","geometry":{"type":"Point","coordinates":[-52.22109821915143,-10.356955089060923]},"properties":{"Fazenda":"FE","Campo":"FE 04","produtividade":187.31399999999996,"unidade_produtividade":"sc/ha","pontos_originais":25,"ano":"2026","cultura":"Milho"}},{"type":"Feature","geometry":{"type":"Point","coordinates":[-52.221326532131386,-10.356954222704205]},"properties":{"Fazenda":"FE","Campo":"FE 04","produtividade":191.22000000000003,"unidade_produtividade":"sc/ha","pontos_originais":25,"ano":"2026","cultura":"Milho"}},{"type":"Feature","geometry":{"type":"Point","coordinates":[-52.22086990615131,-10.356955955255762]},"properties":{"Fazenda":"FE","Campo":"FE 04","produtividade":186.30120000000002,"unidade_produtividade":"sc/ha","pontos_originais":25,"ano":"2026","cultura":"Milho"}},{"type":"Feature","geometry":{"type":"Point","coordinates":[-52.22064159313108,-10.356956821288732]},"properties":{"Fazenda":"FE","Campo":"FE 04","produtividade":183.4196,"unidade_produtividade":"sc/ha","pontos_originais":25,"ano":"2026","cultura":"Milho"}},{"type":"Feature","geometry":{"type":"Point","coordinates":[-52.21904340142582,-10.356962878987009]},"properties":{"Fazenda":"FE","Campo":"FE 04","produtividade":195.7936,"unidade_produtividade":"sc/ha","pontos_originais":25,"ano":"2026","cultura":"Milho"}},{"type":"Feature","geometry":{"type":"Point","coordinates":[-52.21881508824461,-10.356963743724975]},"properties":{"Fazenda":"FE","Campo":"FE 04","produtividade":198.982,"unidade_produtividade":"sc/ha","pontos_originais":25,"ano":"2026","cultura":"Milho"}},{"type":"Feature","geometry":{"type":"Point","coordinates":[-52.218586775043285,-10.356964608301064]},"properties":{"Fazenda":"FE","Campo":"FE 04","produtividade":196.62080000000003,"unidade_produtividade":"sc/ha","pontos_originais":25,"ano":"2026","cultura":"Milho"}},{"type":"Feature","geometry":{"type":"Point","coordinates":[-52.21835846182188,-10.356965472715281]},"properties":{"Fazenda":"FE","Campo":"FE 04","produtividade":188.68599999999998,"unidade_produtividade":"sc/ha","pontos_originais":25,"ano":"2026","cultura":"Milho"}},{"type":"Feature","geometry":{"type":"Point","coordinates":[-52.219500027727925,-10.356961149025448]},"properties":{"Fazenda":"FE","Campo":"FE 04","produtividade":186.1816,"unidade_produtividade":"sc/ha","pontos_originais":25,"ano":"2026","cultura":"Milho"}},{"type":"Feature","geometry":{"type":"Point","coordinates":[-52.21927171458693,-10.356962014087168]},"properties":{"Fazenda":"FE","Campo":"FE 04","produtividade":191.41160000000002,"unidade_produtividade":"sc/ha","pontos_originais":25,"ano":"2026","cultura":"Milho"}},{"type":"Feature","geometry":{"type":"Point","coordinates":[-52.21630346762815,-10.356928033524778]},"properties":{"Fazenda":"FE","Campo":"FE 04","produtividade":151.96666666666664,"unidade_produtividade":"sc/ha","pontos_originais":15,"ano":"2026","cultura":"Milho"}},{"type":"Feature","geometry":{"type":"Point","coordinates":[-52.21607506710685,-10.356906290497387]},"properties":{"Fazenda":"FE","Campo":"FE 04","produtividade":148.792,"unidade_produtividade":"sc/ha","pontos_originais":10,"ano":"2026","cultura":"Milho"}},{"type":"Feature","geometry":{"type":"Point","coordinates":[-52.21586191653134,-10.356892025073556]},"properties":{"Fazenda":"FE","Campo":"FE 04","produtividade":147.96833333333333,"unidade_produtividade":"sc/ha","pontos_originais":6,"ano":"2026","cultura":"Milho"}},{"type":"Feature","geometry":{"type":"Point","coordinates":[-52.215686847223395,-10.356885151051703]},"properties":{"Fazenda":"FE","Campo":"FE 04","produtividade":158.825,"unidade_produtividade":"sc/ha","pontos_originais":2,"ano":"2026","cultura":"Milho"}},{"type":"Feature","geometry":{"type":"Point","coordinates":[-52.22267899763536,-10.35694478139457]},"properties":{"Fazenda":"FE","Campo":"FE 04","produtividade":154.31333333333333,"unidade_produtividade":"sc/ha","pontos_originais":21,"ano":"2026","cultura":"Milho"}},{"type":"Feature","geometry":{"type":"Point","coordinates":[-52.21698858207149,-10.356970655801181]},"properties":{"Fazenda":"FE","Campo":"FE 04","produtividade":156.08559999999997,"unidade_produtividade":"sc/ha","pontos_originais":25,"ano":"2026","cultura":"Milho"}},{"type":"Feature","geometry":{"type":"Point","coordinates":[-52.216766194388256,-10.356963633672407]},"properties":{"Fazenda":"FE","Campo":"FE 04","produtividade":152.6491304347826,"unidade_produtividade":"sc/ha","pontos_originais":23,"ano":"2026","cultura":"Milho"}},{"type":"Feature","geometry":{"type":"Point","coordinates":[-52.216536660997974,-10.35694618887821]},"properties":{"Fazenda":"FE","Campo":"FE 04","produtividade":150.2394736842105,"unidade_produtividade":"sc/ha","pontos_originais":19,"ano":"2026","cultura":"Milho"}},{"type":"Feature","geometry":{"type":"Point","coordinates":[-52.221783158030895,-10.35695248950514]},"properties":{"Fazenda":"FE","Campo":"FE 04","produtividade":194.50439999999995,"unidade_produtividade":"sc/ha","pontos_originais":25,"ano":"2026","cultura":"Milho"}},{"type":"Feature","geometry":{"type":"Point","coordinates":[-52.22201147095041,-10.3569516226628]},"properties":{"Fazenda":"FE","Campo":"FE 04","produtividade":191.554,"unidade_produtividade":"sc/ha","pontos_originais":25,"ano":"2026","cultura":"Milho"}},{"type":"Feature","geometry":{"type":"Point","coordinates":[-52.22155484509121,-10.356953356185612]},"properties":{"Fazenda":"FE","Campo":"FE 04","produtividade":192.77960000000007,"unidade_produtividade":"sc/ha","pontos_originais":25,"ano":"2026","cultura":"Milho"}},{"type":"Feature","geometry":{"type":"Point","coordinates":[-52.22246809672896,-10.35694988849249]},"properties":{"Fazenda":"FE","Campo":"FE 04","produtividade":172.1164,"unidade_produtividade":"sc/ha","pontos_originais":25,"ano":"2026","cultura":"Milho"}},{"type":"Feature","geometry":{"type":"Point","coordinates":[-52.222239783849744,-10.35695075565858]},"properties":{"Fazenda":"FE","Campo":"FE 04","produtividade":185.8204,"unidade_produtividade":"sc/ha","pontos_originais":25,"ano":"2026","cultura":"Milho"}},{"type":"Feature","geometry":{"type":"Point","coordinates":[-52.21744520873528,-10.356968928753382]},"properties":{"Fazenda":"FE","Campo":"FE 04","produtividade":162.85639999999998,"unidade_produtividade":"sc/ha","pontos_originais":25,"ano":"2026","cultura":"Milho"}},{"type":"Feature","geometry":{"type":"Point","coordinates":[-52.217673522037074,-10.356968064986672]},"properties":{"Fazenda":"FE","Campo":"FE 04","produtividade":163.49920000000003,"unidade_produtividade":"sc/ha","pontos_originais":25,"ano":"2026","cultura":"Milho"}},{"type":"Feature","geometry":{"type":"Point","coordinates":[-52.21721689541342,-10.356969792358221]},"properties":{"Fazenda":"FE","Campo":"FE 04","produtividade":159.73,"unidade_produtividade":"sc/ha","pontos_originais":25,"ano":"2026","cultura":"Milho"}},{"type":"Feature","geometry":{"type":"Point","coordinates":[-52.218130148580364,-10.356966336967618]},"properties":{"Fazenda":"FE","Campo":"FE 04","produtividade":174.84,"unidade_produtividade":"sc/ha","pontos_originais":25,"ano":"2026","cultura":"Milho"}},{"type":"Feature","geometry":{"type":"Point","coordinates":[-52.217901835318756,-10.356967201058085]},"properties":{"Fazenda":"FE","Campo":"FE 04","produtividade":166.99560000000002,"unidade_produtividade":"sc/ha","pontos_originais":25,"ano":"2026","cultura":"Milho"}},{"type":"Feature","geometry":{"type":"Point","coordinates":[-52.217057599294264,-10.357106031654531]},"properties":{"Fazenda":"FE","Campo":"FE 04","produtividade":152.91500000000002,"unidade_produtividade":"sc/ha","pontos_originais":2,"ano":"2026","cultura":"Milho"}},{"type":"Feature","geometry":{"type":"Point","coordinates":[-52.217674220015525,-10.357148911429515]},"properties":{"Fazenda":"FE","Campo":"FE 04","produtividade":162.00933333333336,"unidade_produtividade":"sc/ha","pontos_originais":15,"ano":"2026","cultura":"Milho"}},{"type":"Feature","geometry":{"type":"Point","coordinates":[-52.21744581935106,-10.357127169404503]},"properties":{"Fazenda":"FE","Campo":"FE 04","produtividade":159.09300000000002,"unidade_produtividade":"sc/ha","pontos_originais":10,"ano":"2026","cultura":"Milho"}},{"type":"Feature","geometry":{"type":"Point","coordinates":[-52.21723266866862,-10.357112904913047]},"properties":{"Fazenda":"FE","Campo":"FE 04","produtividade":156.47666666666666,"unidade_produtividade":"sc/ha","pontos_originais":6,"ano":"2026","cultura":"Milho"}},{"type":"Feature","geometry":{"type":"Point","coordinates":[-52.22018409277618,-10.356732495024714]},"properties":{"Fazenda":"FE","Campo":"FE 04","produtividade":174.2976,"unidade_produtividade":"sc/ha","pontos_originais":25,"ano":"2026","cultura":"Milho"}},{"type":"Feature","geometry":{"type":"Point","coordinates":[-52.219955779859035,-10.356733360552761]},"properties":{"Fazenda":"FE","Campo":"FE 04","produtividade":171.87599999999995,"unidade_produtividade":"sc/ha","pontos_originais":25,"ano":"2026","cultura":"Milho"}},{"type":"Feature","geometry":{"type":"Point","coordinates":[-52.21972746692176,-10.356734225918942]},"properties":{"Fazenda":"FE","Campo":"FE 04","produtividade":173.86680000000004,"unidade_produtividade":"sc/ha","pontos_originais":25,"ano":"2026","cultura":"Milho"}},{"type":"Feature","geometry":{"type":"Point","coordinates":[-52.21949915396435,-10.356735091123248]},"properties":{"Fazenda":"FE","Campo":"FE 04","produtividade":182.02120000000002,"unidade_produtividade":"sc/ha","pontos_originais":25,"ano":"2026","cultura":"Milho"}},{"type":"Feature","geometry":{"type":"Point","coordinates":[-52.22086903140685,-10.356729897469336]},"properties":{"Fazenda":"FE","Campo":"FE 04","produtividade":185.178,"unidade_produtividade":"sc/ha","pontos_originais":25,"ano":"2026","cultura":"Milho"}},{"type":"Feature","geometry":{"type":"Point","coordinates":[-52.220640718550065,-10.356730763483002]},"properties":{"Fazenda":"FE","Campo":"FE 04","produtividade":181.3532,"unidade_produtividade":"sc/ha","pontos_originais":25,"ano":"2026","cultura":"Milho"}},{"type":"Feature","geometry":{"type":"Point","coordinates":[-52.22041240567319,-10.356731629334796]},"properties":{"Fazenda":"FE","Campo":"FE 04","produtividade":179.36599999999996,"unidade_produtividade":"sc/ha","pontos_originais":25,"ano":"2026","cultura":"Milho"}},{"type":"Feature","geometry":{"type":"Point","coordinates":[-52.218585901933686,-10.356738550321754]},"properties":{"Fazenda":"FE","Campo":"FE 04","produtividade":197.80719999999997,"unidade_produtividade":"sc/ha","pontos_originais":25,"ano":"2026","cultura":"Milho"}},{"type":"Feature","geometry":{"type":"Point","coordinates":[-52.218814214971516,-10.356737685764935]},"properties":{"Fazenda":"FE","Campo":"FE 04","produtividade":192.91920000000002,"unidade_produtividade":"sc/ha","pontos_originais":25,"ano":"2026","cultura":"Milho"}},{"type":"Feature","geometry":{"type":"Point","coordinates":[-52.21835758887576,-10.356739414716701]},"properties":{"Fazenda":"FE","Campo":"FE 04","produtividade":193.78959999999998,"unidade_produtividade":"sc/ha","pontos_originais":25,"ano":"2026","cultura":"Milho"}},{"type":"Feature","geometry":{"type":"Point","coordinates":[-52.21812927579773,-10.356740278949776]},"properties":{"Fazenda":"FE","Campo":"FE 04","produtividade":180.05640000000002,"unidade_produtividade":"sc/ha","pontos_originais":25,"ano":"2026","cultura":"Milho"}},{"type":"Feature","geometry":{"type":"Point","coordinates":[-52.21927084098686,-10.35673595616568]},"properties":{"Fazenda":"FE","Campo":"FE 04","produtividade":188.5128,"unidade_produtividade":"sc/ha","pontos_originais":25,"ano":"2026","cultura":"Milho"}},{"type":"Feature","geometry":{"type":"Point","coordinates":[-52.21904252798923,-10.356736821046242]},"properties":{"Fazenda":"FE","Campo":"FE 04","produtividade":191.032,"unidade_produtividade":"sc/ha","pontos_originais":25,"ano":"2026","cultura":"Milho"}},{"type":"Feature","geometry":{"type":"Point","coordinates":[-52.21424708041685,-10.356528887797502]},"properties":{"Fazenda":"FE","Campo":"FE 04","produtividade":146.75440000000003,"unidade_produtividade":"sc/ha","pontos_originais":25,"ano":"2026","cultura":"Milho"}},{"type":"Feature","geometry":{"type":"Point","coordinates":[-52.21402469288737,-10.356521863731242]},"properties":{"Fazenda":"FE","Campo":"FE 04","produtividade":148.55260869565217,"unidade_produtividade":"sc/ha","pontos_originais":23,"ano":"2026","cultura":"Milho"}},{"type":"Feature","geometry":{"type":"Point","coordinates":[-52.22269553353566,-10.35672296353266]},"properties":{"Fazenda":"FE","Campo":"FE 04","produtividade":155.15559999999996,"unidade_produtividade":"sc/ha","pontos_originais":25,"ano":"2026","cultura":"Milho"}},{"type":"Feature","geometry":{"type":"Point","coordinates":[-52.2224672208401,-10.356723830841293]},"properties":{"Fazenda":"FE","Campo":"FE 04","produtividade":170.628,"unidade_produtividade":"sc/ha","pontos_originais":25,"ano":"2026","cultura":"Milho"}},{"type":"Feature","geometry":{"type":"Point","coordinates":[-52.21493202012356,-10.356526302925788]},"properties":{"Fazenda":"FE","Campo":"FE 04","produtividade":165.43239999999997,"unidade_produtividade":"sc/ha","pontos_originais":25,"ano":"2026","cultura":"Milho"}},{"type":"Feature","geometry":{"type":"Point","coordinates":[-52.21470370690801,-10.35652716471156]},"properties":{"Fazenda":"FE","Campo":"FE 04","produtividade":156.3084,"unidade_produtividade":"sc/ha","pontos_originais":25,"ano":"2026","cultura":"Milho"}},{"type":"Feature","geometry":{"type":"Point","coordinates":[-52.214475393672465,-10.356528026335466]},"properties":{"Fazenda":"FE","Campo":"FE 04","produtividade":151.1156,"unidade_produtividade":"sc/ha","pontos_originais":25,"ano":"2026","cultura":"Milho"}},{"type":"Feature","geometry":{"type":"Point","coordinates":[-52.221553969856295,-10.356727298457114]},"properties":{"Fazenda":"FE","Campo":"FE 04","produtividade":193.91760000000002,"unidade_produtividade":"sc/ha","pontos_originais":25,"ano":"2026","cultura":"Milho"}},{"type":"Feature","geometry":{"type":"Point","coordinates":[-52.221325657059964,-10.356728164956396]},"properties":{"Fazenda":"FE","Campo":"FE 04","produtividade":191.92439999999996,"unidade_produtividade":"sc/ha","pontos_originais":25,"ano":"2026","cultura":"Milho"}},{"type":"Feature","geometry":{"type":"Point","coordinates":[-52.221097344243475,-10.356729031293801]},"properties":{"Fazenda":"FE","Campo":"FE 04","produtividade":189.15079999999998,"unidade_produtividade":"sc/ha","pontos_originais":25,"ano":"2026","cultura":"Milho"}},{"type":"Feature","geometry":{"type":"Point","coordinates":[-52.22223890812439,-10.356724697988055]},"properties":{"Fazenda":"FE","Campo":"FE 04","produtividade":184.58680000000004,"unidade_produtividade":"sc/ha","pontos_originais":25,"ano":"2026","cultura":"Milho"}},{"type":"Feature","geometry":{"type":"Point","coordinates":[-52.222010595388504,-10.356725564972946]},"properties":{"Fazenda":"FE","Campo":"FE 04","produtividade":191.10760000000005,"unidade_produtividade":"sc/ha","pontos_originais":25,"ano":"2026","cultura":"Milho"}},{"type":"Feature","geometry":{"type":"Point","coordinates":[-52.22178228263248,-10.356726431795966]},"properties":{"Fazenda":"FE","Campo":"FE 04","produtividade":194.78679999999997,"unidade_produtividade":"sc/ha","pontos_originais":25,"ano":"2026","cultura":"Milho"}},{"type":"Feature","geometry":{"type":"Point","coordinates":[-52.21431609641255,-10.356664264387437]},"properties":{"Fazenda":"FE","Campo":"FE 04","produtividade":150.39,"unidade_produtividade":"sc/ha","pontos_originais":2,"ano":"2026","cultura":"Milho"}},{"type":"Feature","geometry":{"type":"Point","coordinates":[-52.21493271650044,-10.356707149558467]},"properties":{"Fazenda":"FE","Campo":"FE 04","produtividade":164.82466666666662,"unidade_produtividade":"sc/ha","pontos_originais":15,"ano":"2026","cultura":"Milho"}},{"type":"Feature","geometry":{"type":"Point","coordinates":[-52.21516590974189,-10.356725305933205]},"properties":{"Fazenda":"FE","Campo":"FE 04","produtividade":165.54894736842104,"unidade_produtividade":"sc/ha","pontos_originais":19,"ano":"2026","cultura":"Milho"}},{"type":"Feature","geometry":{"type":"Point","coordinates":[-52.21470431612242,-10.356685405528754]},"properties":{"Fazenda":"FE","Campo":"FE 04","produtividade":159.413,"unidade_produtividade":"sc/ha","pontos_originais":10,"ano":"2026","cultura":"Milho"}},{"type":"Feature","geometry":{"type":"Point","coordinates":[-52.21449116565399,-10.356671139172589]},"properties":{"Fazenda":"FE","Campo":"FE 04","produtividade":154.65666666666667,"unidade_produtividade":"sc/ha","pontos_originais":6,"ano":"2026","cultura":"Milho"}},{"type":"Feature","geometry":{"type":"Point","coordinates":[-52.217216023284735,-10.35674373426335]},"properties":{"Fazenda":"FE","Campo":"FE 04","produtividade":170.2732,"unidade_produtividade":"sc/ha","pontos_originais":25,"ano":"2026","cultura":"Milho"}},{"type":"Feature","geometry":{"type":"Point","coordinates":[-52.21698771010628,-10.356744597687063]},"properties":{"Fazenda":"FE","Campo":"FE 04","produtividade":166.2832,"unidade_produtividade":"sc/ha","pontos_originais":25,"ano":"2026","cultura":"Milho"}},{"type":"Feature","geometry":{"type":"Point","coordinates":[-52.216759396907754,-10.356745460948902]},"properties":{"Fazenda":"FE","Campo":"FE 04","produtividade":164.534,"unidade_produtividade":"sc/ha","pontos_originais":25,"ano":"2026","cultura":"Milho"}},{"type":"Feature","geometry":{"type":"Point","coordinates":[-52.21653108368916,-10.35674632404887]},"properties":{"Fazenda":"FE","Campo":"FE 04","produtividade":164.71880000000002,"unidade_produtividade":"sc/ha","pontos_originais":25,"ano":"2026","cultura":"Milho"}},{"type":"Feature","geometry":{"type":"Point","coordinates":[-52.2179009626996,-10.356741143020976]},"properties":{"Fazenda":"FE","Campo":"FE 04","produtividade":171.80920000000003,"unidade_produtividade":"sc/ha","pontos_originais":25,"ano":"2026","cultura":"Milho"}},{"type":"Feature","geometry":{"type":"Point","coordinates":[-52.21767264958141,-10.356742006930308]},"properties":{"Fazenda":"FE","Campo":"FE 04","produtividade":168.90159999999997,"unidade_produtividade":"sc/ha","pontos_originais":25,"ano":"2026","cultura":"Milho"}},{"type":"Feature","geometry":{"type":"Point","coordinates":[-52.217444336443116,-10.356742870677765]},"properties":{"Fazenda":"FE","Campo":"FE 04","produtividade":172.68760000000003,"unidade_produtividade":"sc/ha","pontos_originais":25,"ano":"2026","cultura":"Milho"}},{"type":"Feature","geometry":{"type":"Point","coordinates":[-52.215617830614164,-10.356749774830016]},"properties":{"Fazenda":"FE","Campo":"FE 04","produtividade":162.6636,"unidade_produtividade":"sc/ha","pontos_originais":25,"ano":"2026","cultura":"Milho"}},{"type":"Feature","geometry":{"type":"Point","coordinates":[-52.215846143913005,-10.356748912377538]},"properties":{"Fazenda":"FE","Campo":"FE 04","produtividade":153.714,"unidade_produtividade":"sc/ha","pontos_originais":25,"ano":"2026","cultura":"Milho"}},{"type":"Feature","geometry":{"type":"Point","coordinates":[-52.21539544300772,-10.35674275173248]},"properties":{"Fazenda":"FE","Campo":"FE 04","produtividade":163.24739130434781,"unidade_produtividade":"sc/ha","pontos_originais":23,"ano":"2026","cultura":"Milho"}},{"type":"Feature","geometry":{"type":"Point","coordinates":[-52.216302770450504,-10.356747186986965]},"properties":{"Fazenda":"FE","Campo":"FE 04","produtividade":165.86719999999997,"unidade_produtividade":"sc/ha","pontos_originais":25,"ano":"2026","cultura":"Milho"}},{"type":"Feature","geometry":{"type":"Point","coordinates":[-52.21607445719176,-10.356748049763187]},"properties":{"Fazenda":"FE","Campo":"FE 04","produtividade":157.66919999999996,"unidade_produtividade":"sc/ha","pontos_originais":25,"ano":"2026","cultura":"Milho"}},{"type":"Feature","geometry":{"type":"Point","coordinates":[-52.218809848907604,-10.355607395916117]},"properties":{"Fazenda":"FE","Campo":"FE 04","produtividade":183.71719999999993,"unidade_produtividade":"sc/ha","pontos_originais":25,"ano":"2026","cultura":"Milho"}},{"type":"Feature","geometry":{"type":"Point","coordinates":[-52.218581536687125,-10.355608260376576]},"properties":{"Fazenda":"FE","Campo":"FE 04","produtividade":186.29879999999997,"unidade_produtividade":"sc/ha","pontos_originais":25,"ano":"2026","cultura":"Milho"}},{"type":"Feature","geometry":{"type":"Point","coordinates":[-52.218353224446574,-10.355609124675176]},"properties":{"Fazenda":"FE","Campo":"FE 04","produtividade":192.31159999999997,"unidade_produtividade":"sc/ha","pontos_originais":25,"ano":"2026","cultura":"Milho"}},{"type":"Feature","geometry":{"type":"Point","coordinates":[-52.21812491218593,-10.35560998881193]},"properties":{"Fazenda":"FE","Campo":"FE 04","produtividade":197.916,"unidade_produtividade":"sc/ha","pontos_originais":25,"ano":"2026","cultura":"Milho"}},{"type":"Feature","geometry":{"type":"Point","coordinates":[-52.219494785448326,-10.355604801563615]},"properties":{"Fazenda":"FE","Campo":"FE 04","produtividade":179.2532,"unidade_produtividade":"sc/ha","pontos_originais":25,"ano":"2026","cultura":"Milho"}},{"type":"Feature","geometry":{"type":"Point","coordinates":[-52.21926647328819,-10.355605666509637]},"properties":{"Fazenda":"FE","Campo":"FE 04","produtividade":180.61880000000005,"unidade_produtividade":"sc/ha","pontos_originais":25,"ano":"2026","cultura":"Milho"}},{"type":"Feature","geometry":{"type":"Point","coordinates":[-52.21903816110795,-10.355606531293803]},"properties":{"Fazenda":"FE","Campo":"FE 04","produtividade":181.29320000000004,"unidade_produtividade":"sc/ha","pontos_originais":25,"ano":"2026","cultura":"Milho"}},{"type":"Feature","geometry":{"type":"Point","coordinates":[-52.217211662942425,-10.355613443740392]},"properties":{"Fazenda":"FE","Campo":"FE 04","produtividade":198.19080000000002,"unidade_produtividade":"sc/ha","pontos_originais":25,"ano":"2026","cultura":"Milho"}},{"type":"Feature","geometry":{"type":"Point","coordinates":[-52.21743997528344,-10.355612580251057]},"properties":{"Fazenda":"FE","Campo":"FE 04","produtividade":200.39960000000002,"unidade_produtividade":"sc/ha","pontos_originais":25,"ano":"2026","cultura":"Milho"}},{"type":"Feature","geometry":{"type":"Point","coordinates":[-52.21698335058136,-10.355614307067867]},"properties":{"Fazenda":"FE","Campo":"FE 04","produtividade":195.8596,"unidade_produtividade":"sc/ha","pontos_originais":25,"ano":"2026","cultura":"Milho"}},{"type":"Feature","geometry":{"type":"Point","coordinates":[-52.216755038200226,-10.355615170233495]},"properties":{"Fazenda":"FE","Campo":"FE 04","produtividade":195.54040000000003,"unidade_produtividade":"sc/ha","pontos_originais":25,"ano":"2026","cultura":"Milho"}},{"type":"Feature","geometry":{"type":"Point","coordinates":[-52.217896599905195,-10.355610852786828]},"properties":{"Fazenda":"FE","Campo":"FE 04","produtividade":203.87639999999996,"unidade_produtividade":"sc/ha","pontos_originais":25,"ano":"2026","cultura":"Milho"}},{"type":"Feature","geometry":{"type":"Point","coordinates":[-52.21766828760437,-10.355611716599872]},"properties":{"Fazenda":"FE","Campo":"FE 04","produtividade":203.26480000000004,"unidade_produtividade":"sc/ha","pontos_originais":25,"ano":"2026","cultura":"Milho"}},{"type":"Feature","geometry":{"type":"Point","coordinates":[-52.221549593983895,-10.355597009766024]},"properties":{"Fazenda":"FE","Campo":"FE 04","produtividade":177.14759999999995,"unidade_produtividade":"sc/ha","pontos_originais":25,"ano":"2026","cultura":"Milho"}},{"type":"Feature","geometry":{"type":"Point","coordinates":[-52.22177790594271,-10.355596143201467]},"properties":{"Fazenda":"FE","Campo":"FE 04","produtividade":174.9168,"unidade_produtividade":"sc/ha","pontos_originais":25,"ano":"2026","cultura":"Milho"}},{"type":"Feature","geometry":{"type":"Point","coordinates":[-52.221321282004936,-10.355597876168725]},"properties":{"Fazenda":"FE","Campo":"FE 04","produtividade":180.3556,"unidade_produtividade":"sc/ha","pontos_originais":25,"ano":"2026","cultura":"Milho"}},{"type":"Feature","geometry":{"type":"Point","coordinates":[-52.22109297000582,-10.355598742409573]},"properties":{"Fazenda":"FE","Campo":"FE 04","produtividade":184.19640000000004,"unidade_produtividade":"sc/ha","pontos_originais":25,"ano":"2026","cultura":"Milho"}},{"type":"Feature","geometry":{"type":"Point","coordinates":[-52.222462841698224,-10.355593542536688]},"properties":{"Fazenda":"FE","Campo":"FE 04","produtividade":172.2168,"unidade_produtividade":"sc/ha","pontos_originais":25,"ano":"2026","cultura":"Milho"}},{"type":"Feature","geometry":{"type":"Point","coordinates":[-52.22223452979988,-10.3555944095868]},"properties":{"Fazenda":"FE","Campo":"FE 04","produtividade":174.61680000000004,"unidade_produtividade":"sc/ha","pontos_originais":25,"ano":"2026","cultura":"Milho"}},{"type":"Feature","geometry":{"type":"Point","coordinates":[-52.222006217881365,-10.35559527647506]},"properties":{"Fazenda":"FE","Campo":"FE 04","produtividade":174.31,"unidade_produtividade":"sc/ha","pontos_originais":25,"ano":"2026","cultura":"Milho"}},{"type":"Feature","geometry":{"type":"Point","coordinates":[-52.22017972180802,-10.355602205754435]},"properties":{"Fazenda":"FE","Campo":"FE 04","produtividade":189.21799999999996,"unidade_produtividade":"sc/ha","pontos_originais":25,"ano":"2026","cultura":"Milho"}},{"type":"Feature","geometry":{"type":"Point","coordinates":[-52.219951409708244,-10.355603071186016]},"properties":{"Fazenda":"FE","Campo":"FE 04","produtividade":186.09079999999997,"unidade_produtividade":"sc/ha","pontos_originais":25,"ano":"2026","cultura":"Milho"}},{"type":"Feature","geometry":{"type":"Point","coordinates":[-52.21972309758835,-10.355603936455744]},"properties":{"Fazenda":"FE","Campo":"FE 04","produtividade":180.58719999999994,"unidade_produtividade":"sc/ha","pontos_originais":25,"ano":"2026","cultura":"Milho"}},{"type":"Feature","geometry":{"type":"Point","coordinates":[-52.220864657986574,-10.35559960848857]},"properties":{"Fazenda":"FE","Campo":"FE 04","produtividade":184.46400000000003,"unidade_produtividade":"sc/ha","pontos_originais":25,"ano":"2026","cultura":"Milho"}},{"type":"Feature","geometry":{"type":"Point","coordinates":[-52.22063634594717,-10.355600474405708]},"properties":{"Fazenda":"FE","Campo":"FE 04","produtividade":188.2044,"unidade_produtividade":"sc/ha","pontos_originais":25,"ano":"2026","cultura":"Milho"}},{"type":"Feature","geometry":{"type":"Point","coordinates":[-52.22040803388767,-10.355601340161]},"properties":{"Fazenda":"FE","Campo":"FE 04","produtividade":189.00120000000004,"unidade_produtividade":"sc/ha","pontos_originais":25,"ano":"2026","cultura":"Milho"}},{"type":"Feature","geometry":{"type":"Point","coordinates":[-52.21357113988632,-10.35563335583446]},"properties":{"Fazenda":"FE","Campo":"FE 04","produtividade":166.10772727272726,"unidade_produtividade":"sc/ha","pontos_originais":22,"ano":"2026","cultura":"Milho"}},{"type":"Feature","geometry":{"type":"Point","coordinates":[-52.21378697542032,-10.355626376657822]},"properties":{"Fazenda":"FE","Campo":"FE 04","produtividade":169.34840000000003,"unidade_produtividade":"sc/ha","pontos_originais":25,"ano":"2026","cultura":"Milho"}},{"type":"Feature","geometry":{"type":"Point","coordinates":[-52.22291150129619,-10.355585940968433]},"properties":{"Fazenda":"FE","Campo":"FE 04","produtividade":149.6578260869565,"unidade_produtividade":"sc/ha","pontos_originais":23,"ano":"2026","cultura":"Milho"}},{"type":"Feature","geometry":{"type":"Point","coordinates":[-52.22269115357641,-10.355592675324722]},"properties":{"Fazenda":"FE","Campo":"FE 04","produtividade":163.01000000000002,"unidade_produtividade":"sc/ha","pontos_originais":25,"ano":"2026","cultura":"Milho"}},{"type":"Feature","geometry":{"type":"Point","coordinates":[-52.215841788474975,-10.355618621277447]},"properties":{"Fazenda":"FE","Campo":"FE 04","produtividade":180.77040000000005,"unidade_produtividade":"sc/ha","pontos_originais":25,"ano":"2026","cultura":"Milho"}},{"type":"Feature","geometry":{"type":"Point","coordinates":[-52.21561347599351,-10.355619483633797]},"properties":{"Fazenda":"FE","Campo":"FE 04","produtividade":185.65279999999996,"unidade_produtividade":"sc/ha","pontos_originais":25,"ano":"2026","cultura":"Milho"}},{"type":"Feature","geometry":{"type":"Point","coordinates":[-52.215385163492016,-10.355620345828292]},"properties":{"Fazenda":"FE","Campo":"FE 04","produtividade":191.24880000000002,"unidade_produtividade":"sc/ha","pontos_originais":25,"ano":"2026","cultura":"Milho"}},{"type":"Feature","geometry":{"type":"Point","coordinates":[-52.215156850970445,-10.355621207860937]},"properties":{"Fazenda":"FE","Campo":"FE 04","produtividade":192.87559999999996,"unidade_produtividade":"sc/ha","pontos_originais":25,"ano":"2026","cultura":"Milho"}},{"type":"Feature","geometry":{"type":"Point","coordinates":[-52.216526725799014,-10.355616033237265]},"properties":{"Fazenda":"FE","Campo":"FE 04","produtividade":192.2048,"unidade_produtividade":"sc/ha","pontos_originais":25,"ano":"2026","cultura":"Milho"}},{"type":"Feature","geometry":{"type":"Point","coordinates":[-52.21629841337773,-10.35561689607918]},"properties":{"Fazenda":"FE","Campo":"FE 04","produtividade":186.10879999999995,"unidade_produtividade":"sc/ha","pontos_originais":25,"ano":"2026","cultura":"Milho"}},{"type":"Feature","geometry":{"type":"Point","coordinates":[-52.21607010093638,-10.35561775875924]},"properties":{"Fazenda":"FE","Campo":"FE 04","produtividade":180.16560000000004,"unidade_produtividade":"sc/ha","pontos_originais":25,"ano":"2026","cultura":"Milho"}},{"type":"Feature","geometry":{"type":"Point","coordinates":[-52.214243600683815,-10.355624654372948]},"properties":{"Fazenda":"FE","Campo":"FE 04","produtividade":177.74759999999998,"unidade_produtividade":"sc/ha","pontos_originais":25,"ano":"2026","cultura":"Milho"}},{"type":"Feature","geometry":{"type":"Point","coordinates":[-52.214471913285514,-10.35562379298773]},"properties":{"Fazenda":"FE","Campo":"FE 04","produtividade":180.55799999999996,"unidade_produtividade":"sc/ha","pontos_originais":25,"ano":"2026","cultura":"Milho"}},{"type":"Feature","geometry":{"type":"Point","coordinates":[-52.21401528806209,-10.355625515596312]},"properties":{"Fazenda":"FE","Campo":"FE 04","produtividade":175.43719999999996,"unidade_produtividade":"sc/ha","pontos_originais":25,"ano":"2026","cultura":"Milho"}},{"type":"Feature","geometry":{"type":"Point","coordinates":[-52.21492853842883,-10.35562206973172]},"properties":{"Fazenda":"FE","Campo":"FE 04","produtividade":193.68880000000001,"unidade_produtividade":"sc/ha","pontos_originais":25,"ano":"2026","cultura":"Milho"}},{"type":"Feature","geometry":{"type":"Point","coordinates":[-52.21470022586721,-10.355622931440653]},"properties":{"Fazenda":"FE","Campo":"FE 04","produtividade":188.16,"unidade_produtividade":"sc/ha","pontos_originais":25,"ano":"2026","cultura":"Milho"}},{"type":"Feature","geometry":{"type":"Point","coordinates":[-52.217667415269204,-10.355385658524058]},"properties":{"Fazenda":"FE","Campo":"FE 04","produtividade":199.08719999999997,"unidade_produtividade":"sc/ha","pontos_originais":25,"ano":"2026","cultura":"Milho"}},{"type":"Feature","geometry":{"type":"Point","coordinates":[-52.21789572740658,-10.355384794730274]},"properties":{"Fazenda":"FE","Campo":"FE 04","produtividade":199.43599999999998,"unidade_produtividade":"sc/ha","pontos_originais":25,"ano":"2026","cultura":"Milho"}},{"type":"Feature","geometry":{"type":"Point","coordinates":[-52.21743910311176,-10.35538652215599]},"properties":{"Fazenda":"FE","Campo":"FE 04","produtividade":196.3764,"unidade_produtividade":"sc/ha","pontos_originais":25,"ano":"2026","cultura":"Milho"}},{"type":"Feature","geometry":{"type":"Point","coordinates":[-52.21721079093424,-10.355387385626075]},"properties":{"Fazenda":"FE","Campo":"FE 04","produtividade":194.31440000000003,"unidade_produtividade":"sc/ha","pontos_originais":25,"ano":"2026","cultura":"Milho"}},{"type":"Feature","geometry":{"type":"Point","coordinates":[-52.218580663698134,-10.355382202377816]},"properties":{"Fazenda":"FE","Campo":"FE 04","produtividade":183.48840000000004,"unidade_produtividade":"sc/ha","pontos_originais":25,"ano":"2026","cultura":"Milho"}},{"type":"Feature","geometry":{"type":"Point","coordinates":[-52.21835235162104,-10.355383066657158]},"properties":{"Fazenda":"FE","Campo":"FE 04","produtividade":190.0524,"unidade_produtividade":"sc/ha","pontos_originais":25,"ano":"2026","cultura":"Milho"}},{"type":"Feature","geometry":{"type":"Point","coordinates":[-52.21812403952386,-10.35538393077464]},"properties":{"Fazenda":"FE","Campo":"FE 04","produtividade":195.63320000000004,"unidade_produtividade":"sc/ha","pontos_originais":25,"ano":"2026","cultura":"Milho"}},{"type":"Feature","geometry":{"type":"Point","coordinates":[-52.21629754202335,-10.355390837887901]},"properties":{"Fazenda":"FE","Campo":"FE 04","produtividade":187.5524,"unidade_produtividade":"sc/ha","pontos_originais":25,"ano":"2026","cultura":"Milho"}},{"type":"Feature","geometry":{"type":"Point","coordinates":[-52.21606922974547,-10.355391700548727]},"properties":{"Fazenda":"FE","Campo":"FE 04","produtividade":182.98160000000004,"unidade_produtividade":"sc/ha","pontos_originais":25,"ano":"2026","cultura":"Milho"}},{"type":"Feature","geometry":{"type":"Point","coordinates":[-52.21584091744753,-10.355392563047706]},"properties":{"Fazenda":"FE","Campo":"FE 04","produtividade":184.64879999999997,"unidade_produtividade":"sc/ha","pontos_originais":25,"ano":"2026","cultura":"Milho"}},{"type":"Feature","geometry":{"type":"Point","coordinates":[-52.21561260512954,-10.355393425384833]},"properties":{"Fazenda":"FE","Campo":"FE 04","produtividade":187.79519999999997,"unidade_produtividade":"sc/ha","pontos_originais":25,"ano":"2026","cultura":"Milho"}},{"type":"Feature","geometry":{"type":"Point","coordinates":[-52.21698247873661,-10.35538824893431]},"properties":{"Fazenda":"FE","Campo":"FE 04","produtividade":192.87560000000002,"unidade_produtividade":"sc/ha","pontos_originais":25,"ano":"2026","cultura":"Milho"}},{"type":"Feature","geometry":{"type":"Point","coordinates":[-52.21675416651893,-10.355389112080688]},"properties":{"Fazenda":"FE","Campo":"FE 04","produtividade":192.46280000000002,"unidade_produtividade":"sc/ha","pontos_originais":25,"ano":"2026","cultura":"Milho"}},{"type":"Feature","geometry":{"type":"Point","coordinates":[-52.21652585428118,-10.35538997506522]},"properties":{"Fazenda":"FE","Campo":"FE 04","produtividade":192.81080000000003,"unidade_produtividade":"sc/ha","pontos_originais":25,"ano":"2026","cultura":"Milho"}},{"type":"Feature","geometry":{"type":"Point","coordinates":[-52.220635471487,-10.355374416580528]},"properties":{"Fazenda":"FE","Campo":"FE 04","produtividade":182.51760000000002,"unidade_produtividade":"sc/ha","pontos_originais":25,"ano":"2026","cultura":"Milho"}},{"type":"Feature","geometry":{"type":"Point","coordinates":[-52.22086378336294,-10.35537355068269]},"properties":{"Fazenda":"FE","Campo":"FE 04","produtividade":179.89399999999998,"unidade_produtividade":"sc/ha","pontos_originais":25,"ano":"2026","cultura":"Milho"}},{"type":"Feature","geometry":{"type":"Point","coordinates":[-52.22040715959096,-10.35537528231652]},"properties":{"Fazenda":"FE","Campo":"FE 04","produtividade":185.87479999999996,"unidade_produtividade":"sc/ha","pontos_originais":25,"ano":"2026","cultura":"Milho"}},{"type":"Feature","geometry":{"type":"Point","coordinates":[-52.22017884767476,-10.355376147890654]},"properties":{"Fazenda":"FE","Campo":"FE 04","produtividade":186.5104,"unidade_produtividade":"sc/ha","pontos_originais":25,"ano":"2026","cultura":"Milho"}},{"type":"Feature","geometry":{"type":"Point","coordinates":[-52.22132040705436,-10.355371818401467]},"properties":{"Fazenda":"FE","Campo":"FE 04","produtividade":178.27920000000003,"unidade_produtividade":"sc/ha","pontos_originais":25,"ano":"2026","cultura":"Milho"}},{"type":"Feature","geometry":{"type":"Point","coordinates":[-52.22154871886986,-10.355370952018081]},"properties":{"Fazenda":"FE","Campo":"FE 04","produtividade":176.6772,"unidade_produtividade":"sc/ha","pontos_originais":25,"ano":"2026","cultura":"Milho"}},{"type":"Feature","geometry":{"type":"Point","coordinates":[-52.22109209521872,-10.355372684623008]},"properties":{"Fazenda":"FE","Campo":"FE 04","produtividade":177.84399999999997,"unidade_produtividade":"sc/ha","pontos_originais":25,"ano":"2026","cultura":"Milho"}},{"type":"Feature","geometry":{"type":"Point","coordinates":[-52.21926559980881,-10.355379608568706]},"properties":{"Fazenda":"FE","Campo":"FE 04","produtividade":178.48839999999996,"unidade_produtividade":"sc/ha","pontos_originais":25,"ano":"2026","cultura":"Milho"}},{"type":"Feature","geometry":{"type":"Point","coordinates":[-52.219037287792005,-10.355380473333593]},"properties":{"Fazenda":"FE","Campo":"FE 04","produtividade":177.5564,"unidade_produtividade":"sc/ha","pontos_originais":25,"ano":"2026","cultura":"Milho"}},{"type":"Feature","geometry":{"type":"Point","coordinates":[-52.21880897575513,-10.355381337936631]},"properties":{"Fazenda":"FE","Campo":"FE 04","produtividade":181.28599999999994,"unidade_produtividade":"sc/ha","pontos_originais":25,"ano":"2026","cultura":"Milho"}},{"type":"Feature","geometry":{"type":"Point","coordinates":[-52.21995053573844,-10.355377013302943]},"properties":{"Fazenda":"FE","Campo":"FE 04","produtividade":184.56319999999997,"unidade_produtividade":"sc/ha","pontos_originais":25,"ano":"2026","cultura":"Milho"}},{"type":"Feature","geometry":{"type":"Point","coordinates":[-52.219722223782,-10.355377878553382]},"properties":{"Fazenda":"FE","Campo":"FE 04","produtividade":181.04399999999998,"unidade_produtividade":"sc/ha","pontos_originais":25,"ano":"2026","cultura":"Milho"}},{"type":"Feature","geometry":{"type":"Point","coordinates":[-52.21949391180546,-10.355378743641968]},"properties":{"Fazenda":"FE","Campo":"FE 04","produtividade":179.3188,"unidade_produtividade":"sc/ha","pontos_originais":25,"ano":"2026","cultura":"Milho"}},{"type":"Feature","geometry":{"type":"Point","coordinates":[-52.22223365419546,-10.355368351896825]},"properties":{"Fazenda":"FE","Campo":"FE 04","produtividade":179.94559999999998,"unidade_produtividade":"sc/ha","pontos_originais":25,"ano":"2026","cultura":"Milho"}},{"type":"Feature","geometry":{"type":"Point","coordinates":[-52.222005342440404,-10.35536921876576]},"properties":{"Fazenda":"FE","Campo":"FE 04","produtividade":178.54999999999995,"unidade_produtividade":"sc/ha","pontos_originais":25,"ano":"2026","cultura":"Milho"}},{"type":"Feature","geometry":{"type":"Point","coordinates":[-52.221777030665216,-10.355370085472845]},"properties":{"Fazenda":"FE","Campo":"FE 04","produtividade":177.11719999999997,"unidade_produtividade":"sc/ha","pontos_originais":25,"ano":"2026","cultura":"Milho"}},{"type":"Feature","geometry":{"type":"Point","coordinates":[-52.21492766805525,-10.355396011425103]},"properties":{"Fazenda":"FE","Campo":"FE 04","produtividade":193.40959999999998,"unidade_produtividade":"sc/ha","pontos_originais":25,"ano":"2026","cultura":"Milho"}},{"type":"Feature","geometry":{"type":"Point","coordinates":[-52.21469935565708,-10.355396873114824]},"properties":{"Fazenda":"FE","Campo":"FE 04","produtividade":192.3468,"unidade_produtividade":"sc/ha","pontos_originais":25,"ano":"2026","cultura":"Milho"}},{"type":"Feature","geometry":{"type":"Point","coordinates":[-52.21447104323887,-10.35539773464269]},"properties":{"Fazenda":"FE","Campo":"FE 04","produtividade":187.61880000000002,"unidade_produtividade":"sc/ha","pontos_originais":25,"ano":"2026","cultura":"Milho"}},{"type":"Feature","geometry":{"type":"Point","coordinates":[-52.21424273080063,-10.35539859600871]},"properties":{"Fazenda":"FE","Campo":"FE 04","produtividade":181.8752,"unidade_produtividade":"sc/ha","pontos_originais":25,"ano":"2026","cultura":"Milho"}},{"type":"Feature","geometry":{"type":"Point","coordinates":[-52.21538429279148,-10.355394287560108]},"properties":{"Fazenda":"FE","Campo":"FE 04","produtividade":189.68720000000005,"unidade_produtividade":"sc/ha","pontos_originais":25,"ano":"2026","cultura":"Milho"}},{"type":"Feature","geometry":{"type":"Point","coordinates":[-52.2151559804334,-10.355395149573528]},"properties":{"Fazenda":"FE","Campo":"FE 04","produtividade":191.7708,"unidade_produtividade":"sc/ha","pontos_originais":25,"ano":"2026","cultura":"Milho"}},{"type":"Feature","geometry":{"type":"Point","coordinates":[-52.22291858933961,-10.355365750318924]},"properties":{"Fazenda":"FE","Campo":"FE 04","produtividade":154.1056,"unidade_produtividade":"sc/ha","pontos_originais":25,"ano":"2026","cultura":"Milho"}},{"type":"Feature","geometry":{"type":"Point","coordinates":[-52.22269027764505,-10.355366617673406]},"properties":{"Fazenda":"FE","Campo":"FE 04","produtividade":168.16719999999998,"unidade_produtividade":"sc/ha","pontos_originais":25,"ano":"2026","cultura":"Milho"}},{"type":"Feature","geometry":{"type":"Point","coordinates":[-52.22246196593035,-10.35536748486604]},"properties":{"Fazenda":"FE","Campo":"FE 04","produtividade":178.41840000000005,"unidade_produtividade":"sc/ha","pontos_originais":25,"ano":"2026","cultura":"Milho"}},{"type":"Feature","geometry":{"type":"Point","coordinates":[-52.21401441834236,-10.355399457212872]},"properties":{"Fazenda":"FE","Campo":"FE 04","produtividade":178.1532,"unidade_produtividade":"sc/ha","pontos_originais":25,"ano":"2026","cultura":"Milho"}},{"type":"Feature","geometry":{"type":"Point","coordinates":[-52.21378610586405,-10.35540031825519]},"properties":{"Fazenda":"FE","Campo":"FE 04","produtividade":167.42759999999998,"unidade_produtividade":"sc/ha","pontos_originais":25,"ano":"2026","cultura":"Milho"}},{"type":"Feature","geometry":{"type":"Point","coordinates":[-52.21358826401201,-10.355408599644727]},"properties":{"Fazenda":"FE","Campo":"FE 04","produtividade":164.75666666666666,"unidade_produtividade":"sc/ha","pontos_originais":18,"ano":"2026","cultura":"Milho"}},{"type":"Feature","geometry":{"type":"Point","coordinates":[-52.22305540111078,-10.355320018310643]},"properties":{"Fazenda":"FE","Campo":"FE 04","produtividade":149.58333333333334,"unidade_produtividade":"sc/ha","pontos_originais":3,"ano":"2026","cultura":"Milho"}},{"type":"Feature","geometry":{"type":"Point","coordinates":[-52.21675329485769,-10.355163053924644]},"properties":{"Fazenda":"FE","Campo":"FE 04","produtividade":192.95479999999995,"unidade_produtividade":"sc/ha","pontos_originais":25,"ano":"2026","cultura":"Milho"}},{"type":"Feature","geometry":{"type":"Point","coordinates":[-52.21698160691192,-10.355162190797508]},"properties":{"Fazenda":"FE","Campo":"FE 04","produtividade":193.98640000000006,"unidade_produtividade":"sc/ha","pontos_originais":25,"ano":"2026","cultura":"Milho"}},{"type":"Feature","geometry":{"type":"Point","coordinates":[-52.2165249827834,-10.355163916889937]},"properties":{"Fazenda":"FE","Campo":"FE 04","produtividade":192.86479999999995,"unidade_produtividade":"sc/ha","pontos_originais":25,"ano":"2026","cultura":"Milho"}},{"type":"Feature","geometry":{"type":"Point","coordinates":[-52.21629667068905,-10.35516477969338]},"properties":{"Fazenda":"FE","Campo":"FE 04","produtividade":190.76319999999998,"unidade_produtividade":"sc/ha","pontos_originais":25,"ano":"2026","cultura":"Milho"}},{"type":"Feature","geometry":{"type":"Point","coordinates":[-52.21766654295414,-10.355159600445008]},"properties":{"Fazenda":"FE","Campo":"FE 04","produtividade":196.28399999999993,"unidade_produtividade":"sc/ha","pontos_originais":25,"ano":"2026","cultura":"Milho"}},{"type":"Feature","geometry":{"type":"Point","coordinates":[-52.21743823096014,-10.35516046405769]},"properties":{"Fazenda":"FE","Campo":"FE 04","produtividade":194.42839999999995,"unidade_produtividade":"sc/ha","pontos_originais":25,"ano":"2026","cultura":"Milho"}},{"type":"Feature","geometry":{"type":"Point","coordinates":[-52.21720991894609,-10.355161327508517]},"properties":{"Fazenda":"FE","Campo":"FE 04","produtividade":195.14520000000005,"unidade_produtividade":"sc/ha","pontos_originais":25,"ano":"2026","cultura":"Milho"}},{"type":"Feature","geometry":{"type":"Point","coordinates":[-52.21538342211104,-10.35516822928868]},"properties":{"Fazenda":"FE","Campo":"FE 04","produtividade":188.77400000000006,"unidade_produtividade":"sc/ha","pontos_originais":25,"ano":"2026","cultura":"Milho"}},{"type":"Feature","geometry":{"type":"Point","coordinates":[-52.215155109916395,-10.355169091282885]},"properties":{"Fazenda":"FE","Campo":"FE 04","produtividade":188.76719999999997,"unidade_produtividade":"sc/ha","pontos_originais":25,"ano":"2026","cultura":"Milho"}},{"type":"Feature","geometry":{"type":"Point","coordinates":[-52.21492679770172,-10.355169953115242]},"properties":{"Fazenda":"FE","Campo":"FE 04","produtividade":187.9892,"unidade_produtividade":"sc/ha","pontos_originais":25,"ano":"2026","cultura":"Milho"}},{"type":"Feature","geometry":{"type":"Point","coordinates":[-52.214698485467,-10.355170814785751]},"properties":{"Fazenda":"FE","Campo":"FE 04","produtividade":186.0464,"unidade_produtividade":"sc/ha","pontos_originais":25,"ano":"2026","cultura":"Milho"}},{"type":"Feature","geometry":{"type":"Point","coordinates":[-52.216068358574624,-10.355165642334976]},"properties":{"Fazenda":"FE","Campo":"FE 04","produtividade":191.51719999999997,"unidade_produtividade":"sc/ha","pontos_originais":25,"ano":"2026","cultura":"Milho"}},{"type":"Feature","geometry":{"type":"Point","coordinates":[-52.215840046440135,-10.355166504814724]},"properties":{"Fazenda":"FE","Campo":"FE 04","produtividade":190.77639999999997,"unidade_produtividade":"sc/ha","pontos_originais":25,"ano":"2026","cultura":"Milho"}},{"type":"Feature","geometry":{"type":"Point","coordinates":[-52.21561173428562,-10.355167367132626]},"properties":{"Fazenda":"FE","Campo":"FE 04","produtividade":191.61400000000006,"unidade_produtividade":"sc/ha","pontos_originais":25,"ano":"2026","cultura":"Milho"}},{"type":"Feature","geometry":{"type":"Point","coordinates":[-52.2197213499958,-10.355151820647777]},"properties":{"Fazenda":"FE","Campo":"FE 04","produtividade":186.92559999999997,"unidade_produtividade":"sc/ha","pontos_originais":25,"ano":"2026","cultura":"Milho"}},{"type":"Feature","geometry":{"type":"Point","coordinates":[-52.21994966178879,-10.35515095541663]},"properties":{"Fazenda":"FE","Campo":"FE 04","produtividade":189.11279999999996,"unidade_produtividade":"sc/ha","pontos_originais":25,"ano":"2026","cultura":"Milho"}},{"type":"Feature","geometry":{"type":"Point","coordinates":[-52.21949303818271,-10.35515268571708]},"properties":{"Fazenda":"FE","Campo":"FE 04","produtividade":186.37999999999997,"unidade_produtividade":"sc/ha","pontos_originais":25,"ano":"2026","cultura":"Milho"}},{"type":"Feature","geometry":{"type":"Point","coordinates":[-52.2192647263495,-10.355153550624532]},"properties":{"Fazenda":"FE","Campo":"FE 04","produtividade":184.51159999999996,"unidade_produtividade":"sc/ha","pontos_originais":25,"ano":"2026","cultura":"Milho"}},{"type":"Feature","geometry":{"type":"Point","coordinates":[-52.22040628531437,-10.355149224468791]},"properties":{"Fazenda":"FE","Campo":"FE 04","produtividade":188.49400000000003,"unidade_produtividade":"sc/ha","pontos_originais":25,"ano":"2026","cultura":"Milho"}},{"type":"Feature","geometry":{"type":"Point","coordinates":[-52.220634597046974,-10.355148358752103]},"properties":{"Fazenda":"FE","Campo":"FE 04","produtividade":183.36719999999997,"unidade_produtividade":"sc/ha","pontos_originais":25,"ano":"2026","cultura":"Milho"}},{"type":"Feature","geometry":{"type":"Point","coordinates":[-52.22017797356164,-10.355150090023635]},"properties":{"Fazenda":"FE","Campo":"FE 04","produtividade":190.6636,"unidade_produtividade":"sc/ha","pontos_originais":25,"ano":"2026","cultura":"Milho"}},{"type":"Feature","geometry":{"type":"Point","coordinates":[-52.218351478815585,-10.355157008635885]},"properties":{"Fazenda":"FE","Campo":"FE 04","produtividade":191.31280000000004,"unidade_produtividade":"sc/ha","pontos_originais":25,"ano":"2026","cultura":"Milho"}},{"type":"Feature","geometry":{"type":"Point","coordinates":[-52.21812316688184,-10.355157872734106]},"properties":{"Fazenda":"FE","Campo":"FE 04","produtividade":195.26600000000002,"unidade_produtividade":"sc/ha","pontos_originais":25,"ano":"2026","cultura":"Milho"}},{"type":"Feature","geometry":{"type":"Point","coordinates":[-52.21789485492805,-10.35515873667048]},"properties":{"Fazenda":"FE","Campo":"FE 04","produtividade":198.49679999999998,"unidade_produtividade":"sc/ha","pontos_originais":25,"ano":"2026","cultura":"Milho"}},{"type":"Feature","geometry":{"type":"Point","coordinates":[-52.21903641449617,-10.35515441537014]},"properties":{"Fazenda":"FE","Campo":"FE 04","produtividade":184.6404,"unidade_produtividade":"sc/ha","pontos_originais":25,"ano":"2026","cultura":"Milho"}},{"type":"Feature","geometry":{"type":"Point","coordinates":[-52.21880810262275,-10.355155279953905]},"properties":{"Fazenda":"FE","Campo":"FE 04","produtividade":186.28879999999998,"unidade_produtividade":"sc/ha","pontos_originais":25,"ano":"2026","cultura":"Milho"}},{"type":"Feature","geometry":{"type":"Point","coordinates":[-52.21857979072923,-10.355156144375815]},"properties":{"Fazenda":"FE","Campo":"FE 04","produtividade":188.51839999999993,"unidade_produtividade":"sc/ha","pontos_originais":25,"ano":"2026","cultura":"Milho"}},{"type":"Feature","geometry":{"type":"Point","coordinates":[-52.221319532123935,-10.355145760630972]},"properties":{"Fazenda":"FE","Campo":"FE 04","produtividade":178.6268,"unidade_produtividade":"sc/ha","pontos_originais":25,"ano":"2026","cultura":"Milho"}},{"type":"Feature","geometry":{"type":"Point","coordinates":[-52.22109122045175,-10.355146626833196]},"properties":{"Fazenda":"FE","Campo":"FE 04","produtividade":175.49960000000002,"unidade_produtividade":"sc/ha","pontos_originais":25,"ano":"2026","cultura":"Milho"}},{"type":"Feature","geometry":{"type":"Point","coordinates":[-52.220862908759436,-10.35514749287357]},"properties":{"Fazenda":"FE","Campo":"FE 04","produtividade":178.51080000000002,"unidade_produtividade":"sc/ha","pontos_originais":25,"ano":"2026","cultura":"Milho"}},{"type":"Feature","geometry":{"type":"Point","coordinates":[-52.214013548642654,-10.355173398826194]},"properties":{"Fazenda":"FE","Campo":"FE 04","produtividade":174.216,"unidade_produtividade":"sc/ha","pontos_originais":25,"ano":"2026","cultura":"Milho"}},{"type":"Feature","geometry":{"type":"Point","coordinates":[-52.213785236327816,-10.355174259849312]},"properties":{"Fazenda":"FE","Campo":"FE 04","produtividade":166.27239999999998,"unidade_produtividade":"sc/ha","pontos_originais":25,"ano":"2026","cultura":"Milho"}},{"type":"Feature","geometry":{"type":"Point","coordinates":[-52.22306767144419,-10.355119746270747]},"properties":{"Fazenda":"FE","Campo":"FE 04","produtividade":146.2342857142857,"unidade_produtividade":"sc/ha","pontos_originais":7,"ano":"2026","cultura":"Milho"}},{"type":"Feature","geometry":{"type":"Point","coordinates":[-52.213609651581606,-10.355185355535063]},"properties":{"Fazenda":"FE","Campo":"FE 04","produtividade":164.33076923076925,"unidade_produtividade":"sc/ha","pontos_originais":13,"ano":"2026","cultura":"Milho"}},{"type":"Feature","geometry":{"type":"Point","coordinates":[-52.22291771326498,-10.35513969268371]},"properties":{"Fazenda":"FE","Campo":"FE 04","produtividade":159.17840000000007,"unidade_produtividade":"sc/ha","pontos_originais":25,"ano":"2026","cultura":"Milho"}},{"type":"Feature","geometry":{"type":"Point","coordinates":[-52.21447017321225,-10.355171676294413]},"properties":{"Fazenda":"FE","Campo":"FE 04","produtividade":184.47800000000004,"unidade_produtividade":"sc/ha","pontos_originais":25,"ano":"2026","cultura":"Milho"}},{"type":"Feature","geometry":{"type":"Point","coordinates":[-52.21424186093746,-10.355172537641227]},"properties":{"Fazenda":"FE","Campo":"FE 04","produtividade":179.18519999999998,"unidade_produtividade":"sc/ha","pontos_originais":25,"ano":"2026","cultura":"Milho"}},{"type":"Feature","geometry":{"type":"Point","coordinates":[-52.222004467019616,-10.355143161053217]},"properties":{"Fazenda":"FE","Campo":"FE 04","produtividade":184.57880000000006,"unidade_produtividade":"sc/ha","pontos_originais":25,"ano":"2026","cultura":"Milho"}},{"type":"Feature","geometry":{"type":"Point","coordinates":[-52.221776155407866,-10.35514402774098]},"properties":{"Fazenda":"FE","Campo":"FE 04","produtividade":180.9772,"unidade_produtividade":"sc/ha","pontos_originais":25,"ano":"2026","cultura":"Milho"}},{"type":"Feature","geometry":{"type":"Point","coordinates":[-52.221547843775994,-10.355144894266896]},"properties":{"Fazenda":"FE","Campo":"FE 04","produtividade":179.72519999999997,"unidade_produtividade":"sc/ha","pontos_originais":25,"ano":"2026","cultura":"Milho"}},{"type":"Feature","geometry":{"type":"Point","coordinates":[-52.22268940173388,-10.355140560018857]},"properties":{"Fazenda":"FE","Campo":"FE 04","produtividade":179.62919999999997,"unidade_produtividade":"sc/ha","pontos_originais":25,"ano":"2026","cultura":"Milho"}},{"type":"Feature","geometry":{"type":"Point","coordinates":[-52.22246109018263,-10.355141427192155]},"properties":{"Fazenda":"FE","Campo":"FE 04","produtividade":187.43880000000001,"unidade_produtividade":"sc/ha","pontos_originais":25,"ano":"2026","cultura":"Milho"}},{"type":"Feature","geometry":{"type":"Point","coordinates":[-52.22223277861119,-10.35514229420361]},"properties":{"Fazenda":"FE","Campo":"FE 04","produtividade":185.9512,"unidade_produtividade":"sc/ha","pontos_originais":25,"ano":"2026","cultura":"Milho"}},{"type":"Feature","geometry":{"type":"Point","coordinates":[-52.215839175452814,-10.354940446578503]},"properties":{"Fazenda":"FE","Campo":"FE 04","produtividade":192.81799999999996,"unidade_produtividade":"sc/ha","pontos_originais":25,"ano":"2026","cultura":"Milho"}},{"type":"Feature","geometry":{"type":"Point","coordinates":[-52.216067487423835,-10.354939584117986]},"properties":{"Fazenda":"FE","Campo":"FE 04","produtividade":192.47679999999997,"unidade_produtividade":"sc/ha","pontos_originais":25,"ano":"2026","cultura":"Milho"}},{"type":"Feature","geometry":{"type":"Point","coordinates":[-52.215610863461734,-10.35494130887718]},"properties":{"Fazenda":"FE","Campo":"FE 04","produtividade":193.60240000000002,"unidade_produtividade":"sc/ha","pontos_originais":25,"ano":"2026","cultura":"Milho"}},{"type":"Feature","geometry":{"type":"Point","coordinates":[-52.2153825514506,-10.354942171014011]},"properties":{"Fazenda":"FE","Campo":"FE 04","produtividade":192.02679999999998,"unidade_produtividade":"sc/ha","pontos_originais":25,"ano":"2026","cultura":"Milho"}},{"type":"Feature","geometry":{"type":"Point","coordinates":[-52.21652411130569,-10.354937858711413]},"properties":{"Fazenda":"FE","Campo":"FE 04","produtividade":191.18799999999996,"unidade_produtividade":"sc/ha","pontos_originais":25,"ano":"2026","cultura":"Milho"}},{"type":"Feature","geometry":{"type":"Point","coordinates":[-52.21675242321655,-10.354936995765364]},"properties":{"Fazenda":"FE","Campo":"FE 04","produtividade":191.06760000000003,"unidade_produtividade":"sc/ha","pontos_originais":25,"ano":"2026","cultura":"Milho"}},{"type":"Feature","geometry":{"type":"Point","coordinates":[-52.21629579937479,-10.35493872149562]},"properties":{"Fazenda":"FE","Campo":"FE 04","produtividade":190.19839999999994,"unidade_produtividade":"sc/ha","pontos_originais":25,"ano":"2026","cultura":"Milho"}},{"type":"Feature","geometry":{"type":"Point","coordinates":[-52.21446930320566,-10.354945617942896]},"properties":{"Fazenda":"FE","Campo":"FE 04","produtividade":185.9896,"unidade_produtividade":"sc/ha","pontos_originais":25,"ano":"2026","cultura":"Milho"}},{"type":"Feature","geometry":{"type":"Point","coordinates":[-52.21424099109435,-10.35494647927051]},"properties":{"Fazenda":"FE","Campo":"FE 04","produtividade":176.382,"unidade_produtividade":"sc/ha","pontos_originais":25,"ano":"2026","cultura":"Milho"}},{"type":"Feature","geometry":{"type":"Point","coordinates":[-52.21401267896298,-10.354947340436274]},"properties":{"Fazenda":"FE","Campo":"FE 04","produtividade":170.42600000000002,"unidade_produtividade":"sc/ha","pontos_originais":25,"ano":"2026","cultura":"Milho"}},{"type":"Feature","geometry":{"type":"Point","coordinates":[-52.21378436681162,-10.354948201440195]},"properties":{"Fazenda":"FE","Campo":"FE 04","produtividade":169.17880000000002,"unidade_produtividade":"sc/ha","pontos_originais":25,"ano":"2026","cultura":"Milho"}},{"type":"Feature","geometry":{"type":"Point","coordinates":[-52.21515423941944,-10.354943032989002]},"properties":{"Fazenda":"FE","Campo":"FE 04","produtividade":191.78999999999996,"unidade_produtividade":"sc/ha","pontos_originais":25,"ano":"2026","cultura":"Milho"}},{"type":"Feature","geometry":{"type":"Point","coordinates":[-52.21492592736822,-10.354943894802142]},"properties":{"Fazenda":"FE","Campo":"FE 04","produtividade":190.1616,"unidade_produtividade":"sc/ha","pontos_originais":25,"ano":"2026","cultura":"Milho"}},{"type":"Feature","geometry":{"type":"Point","coordinates":[-52.21469761529696,-10.354944756453442]},"properties":{"Fazenda":"FE","Campo":"FE 04","produtividade":190.29039999999998,"unidade_produtividade":"sc/ha","pontos_originais":25,"ano":"2026","cultura":"Milho"}},{"type":"Feature","geometry":{"type":"Point","coordinates":[-52.2188072295105,-10.354929221967934]},"properties":{"Fazenda":"FE","Campo":"FE 04","produtividade":188.83160000000007,"unidade_produtividade":"sc/ha","pontos_originais":25,"ano":"2026","cultura":"Milho"}},{"type":"Feature","geometry":{"type":"Point","coordinates":[-52.218578917780405,-10.354930086370578]},"properties":{"Fazenda":"FE","Campo":"FE 04","produtividade":192.4116,"unidade_produtividade":"sc/ha","pontos_originais":25,"ano":"2026","cultura":"Milho"}},{"type":"Feature","geometry":{"type":"Point","coordinates":[-52.21835060603023,-10.354930950611376]},"properties":{"Fazenda":"FE","Campo":"FE 04","produtividade":194.81799999999998,"unidade_produtividade":"sc/ha","pontos_originais":25,"ano":"2026","cultura":"Milho"}},{"type":"Feature","geometry":{"type":"Point","coordinates":[-52.21812229425996,-10.354931814690334]},"properties":{"Fazenda":"FE","Campo":"FE 04","produtividade":196.838,"unidade_produtividade":"sc/ha","pontos_originais":25,"ano":"2026","cultura":"Milho"}},{"type":"Feature","geometry":{"type":"Point","coordinates":[-52.21949216458008,-10.354926627788949]},"properties":{"Fazenda":"FE","Campo":"FE 04","produtividade":191.646,"unidade_produtividade":"sc/ha","pontos_originais":25,"ano":"2026","cultura":"Milho"}},{"type":"Feature","geometry":{"type":"Point","coordinates":[-52.219263852910316,-10.354927492677119]},"properties":{"Fazenda":"FE","Campo":"FE 04","produtividade":190.33720000000005,"unidade_produtividade":"sc/ha","pontos_originais":25,"ano":"2026","cultura":"Milho"}},{"type":"Feature","geometry":{"type":"Point","coordinates":[-52.21903554122047,-10.354928357403447]},"properties":{"Fazenda":"FE","Campo":"FE 04","produtividade":190.75640000000004,"unidade_produtividade":"sc/ha","pontos_originais":25,"ano":"2026","cultura":"Milho"}},{"type":"Feature","geometry":{"type":"Point","coordinates":[-52.217437358828626,-10.354934405956143]},"properties":{"Fazenda":"FE","Campo":"FE 04","produtividade":193.9812,"unidade_produtividade":"sc/ha","pontos_originais":25,"ano":"2026","cultura":"Milho"}},{"type":"Feature","geometry":{"type":"Point","coordinates":[-52.21720904697801,-10.354935269387724]},"properties":{"Fazenda":"FE","Campo":"FE 04","produtividade":193.9492,"unidade_produtividade":"sc/ha","pontos_originais":25,"ano":"2026","cultura":"Milho"}},{"type":"Feature","geometry":{"type":"Point","coordinates":[-52.2169807351073,-10.354936132657464]},"properties":{"Fazenda":"FE","Campo":"FE 04","produtividade":192.71599999999998,"unidade_produtividade":"sc/ha","pontos_originais":25,"ano":"2026","cultura":"Milho"}},{"type":"Feature","geometry":{"type":"Point","coordinates":[-52.217893982469604,-10.354932678607447]},"properties":{"Fazenda":"FE","Campo":"FE 04","produtividade":197.4864,"unidade_produtividade":"sc/ha","pontos_originais":25,"ano":"2026","cultura":"Milho"}},{"type":"Feature","geometry":{"type":"Point","coordinates":[-52.217665670659144,-10.354933542362717]},"properties":{"Fazenda":"FE","Campo":"FE 04","produtividade":195.66639999999998,"unidade_produtividade":"sc/ha","pontos_originais":25,"ano":"2026","cultura":"Milho"}},{"type":"Feature","geometry":{"type":"Point","coordinates":[-52.21362712373521,-10.35495884152893]},"properties":{"Fazenda":"FE","Campo":"FE 04","produtividade":166.04000000000002,"unidade_produtividade":"sc/ha","pontos_originais":9,"ano":"2026","cultura":"Milho"}},{"type":"Feature","geometry":{"type":"Point","coordinates":[-52.22132478200866,-10.356502107205344]},"properties":{"Fazenda":"FE","Campo":"FE 04","produtividade":194.06000000000003,"unidade_produtividade":"sc/ha","pontos_originais":25,"ano":"2026","cultura":"Milho"}},{"type":"Feature","geometry":{"type":"Point","coordinates":[-52.221096469355665,-10.356502973523439]},"properties":{"Fazenda":"FE","Campo":"FE 04","produtividade":194.29120000000003,"unidade_produtividade":"sc/ha","pontos_originais":25,"ano":"2026","cultura":"Milho"}},{"type":"Feature","geometry":{"type":"Point","coordinates":[-52.22086815668252,-10.356503839679664]},"properties":{"Fazenda":"FE","Campo":"FE 04","produtividade":192.646,"unidade_produtividade":"sc/ha","pontos_originais":25,"ano":"2026","cultura":"Milho"}},{"type":"Feature","geometry":{"type":"Point","coordinates":[-52.220639843989254,-10.356504705674027]},"properties":{"Fazenda":"FE","Campo":"FE 04","produtividade":189.50760000000002,"unidade_produtividade":"sc/ha","pontos_originais":25,"ano":"2026","cultura":"Milho"}},{"type":"Feature","geometry":{"type":"Point","coordinates":[-52.22200971984677,-10.356499507279853]},"properties":{"Fazenda":"FE","Campo":"FE 04","produtividade":191.54800000000003,"unidade_produtividade":"sc/ha","pontos_originais":25,"ano":"2026","cultura":"Milho"}},{"type":"Feature","geometry":{"type":"Point","coordinates":[-52.22178140725421,-10.35650037408355]},"properties":{"Fazenda":"FE","Campo":"FE 04","produtividade":194.95560000000006,"unidade_produtividade":"sc/ha","pontos_originais":25,"ano":"2026","cultura":"Milho"}},{"type":"Feature","geometry":{"type":"Point","coordinates":[-52.221553094641514,-10.35650124072538]},"properties":{"Fazenda":"FE","Campo":"FE 04","produtividade":194.7748,"unidade_produtividade":"sc/ha","pontos_originais":25,"ano":"2026","cultura":"Milho"}},{"type":"Feature","geometry":{"type":"Point","coordinates":[-52.219726593014826,-10.356508168032782]},"properties":{"Fazenda":"FE","Campo":"FE 04","produtividade":182.69600000000003,"unidade_produtividade":"sc/ha","pontos_originais":25,"ano":"2026","cultura":"Milho"}},{"type":"Feature","geometry":{"type":"Point","coordinates":[-52.219954905788626,-10.356507302685898]},"properties":{"Fazenda":"FE","Campo":"FE 04","produtividade":180.82,"unidade_produtividade":"sc/ha","pontos_originais":25,"ano":"2026","cultura":"Milho"}},{"type":"Feature","geometry":{"type":"Point","coordinates":[-52.21949828022093,-10.356509033217806]},"properties":{"Fazenda":"FE","Campo":"FE 04","produtividade":186.01440000000005,"unidade_produtividade":"sc/ha","pontos_originais":25,"ano":"2026","cultura":"Milho"}},{"type":"Feature","geometry":{"type":"Point","coordinates":[-52.2192699674069,-10.356509898240956]},"properties":{"Fazenda":"FE","Campo":"FE 04","produtividade":189.49919999999997,"unidade_produtividade":"sc/ha","pontos_originais":25,"ano":"2026","cultura":"Milho"}},{"type":"Feature","geometry":{"type":"Point","coordinates":[-52.22041153127583,-10.356505571506515]},"properties":{"Fazenda":"FE","Campo":"FE 04","produtividade":186.646,"unidade_produtividade":"sc/ha","pontos_originais":25,"ano":"2026","cultura":"Milho"}},{"type":"Feature","geometry":{"type":"Point","coordinates":[-52.220183218542296,-10.35650643717714]},"properties":{"Fazenda":"FE","Campo":"FE 04","produtividade":183.04319999999996,"unidade_produtividade":"sc/ha","pontos_originais":25,"ano":"2026","cultura":"Milho"}},{"type":"Feature","geometry":{"type":"Point","coordinates":[-52.21493114966983,-10.356300244632134]},"properties":{"Fazenda":"FE","Campo":"FE 04","produtividade":175.35280000000006,"unidade_produtividade":"sc/ha","pontos_originais":25,"ano":"2026","cultura":"Milho"}},{"type":"Feature","geometry":{"type":"Point","coordinates":[-52.21470283661776,-10.356301106398696]},"properties":{"Fazenda":"FE","Campo":"FE 04","produtividade":163.39999999999998,"unidade_produtividade":"sc/ha","pontos_originais":25,"ano":"2026","cultura":"Milho"}},{"type":"Feature","geometry":{"type":"Point","coordinates":[-52.21447452354567,-10.356301968003393]},"properties":{"Fazenda":"FE","Campo":"FE 04","produtividade":154.4228,"unidade_produtividade":"sc/ha","pontos_originais":25,"ano":"2026","cultura":"Milho"}},{"type":"Feature","geometry":{"type":"Point","coordinates":[-52.214246210453545,-10.356302829446225]},"properties":{"Fazenda":"FE","Campo":"FE 04","produtividade":150.80040000000002,"unidade_produtividade":"sc/ha","pontos_originais":25,"ano":"2026","cultura":"Milho"}},{"type":"Feature","geometry":{"type":"Point","coordinates":[-52.215616088705744,-10.356297658361248]},"properties":{"Fazenda":"FE","Campo":"FE 04","produtividade":182.09040000000005,"unidade_produtividade":"sc/ha","pontos_originais":25,"ano":"2026","cultura":"Milho"}},{"type":"Feature","geometry":{"type":"Point","coordinates":[-52.2153877757138,-10.356298520613409]},"properties":{"Fazenda":"FE","Campo":"FE 04","produtividade":180.0188,"unidade_produtividade":"sc/ha","pontos_originais":25,"ano":"2026","cultura":"Milho"}},{"type":"Feature","geometry":{"type":"Point","coordinates":[-52.21515946270184,-10.356299382703703]},"properties":{"Fazenda":"FE","Campo":"FE 04","produtividade":180.574,"unidade_produtividade":"sc/ha","pontos_originais":25,"ano":"2026","cultura":"Milho"}},{"type":"Feature","geometry":{"type":"Point","coordinates":[-52.22269465750346,-10.356496905897552]},"properties":{"Fazenda":"FE","Campo":"FE 04","produtividade":153.28040000000001,"unidade_produtividade":"sc/ha","pontos_originais":25,"ano":"2026","cultura":"Milho"}},{"type":"Feature","geometry":{"type":"Point","coordinates":[-52.222831645013834,-10.356496385452754]},"properties":{"Fazenda":"FE","Campo":"FE 04","produtividade":150.234,"unidade_produtividade":"sc/ha","pontos_originais":5,"ano":"2026","cultura":"Milho"}},{"type":"Feature","geometry":{"type":"Point","coordinates":[-52.22246634497138,-10.356497773186854]},"properties":{"Fazenda":"FE","Campo":"FE 04","produtividade":171.40879999999999,"unidade_produtividade":"sc/ha","pontos_originais":25,"ano":"2026","cultura":"Milho"}},{"type":"Feature","geometry":{"type":"Point","coordinates":[-52.222238032419156,-10.356498640314289]},"properties":{"Fazenda":"FE","Campo":"FE 04","produtividade":185.0516,"unidade_produtividade":"sc/ha","pontos_originais":25,"ano":"2026","cultura":"Milho"}},{"type":"Feature","geometry":{"type":"Point","coordinates":[-52.214017897341385,-10.356303690727188]},"properties":{"Fazenda":"FE","Campo":"FE 04","produtividade":152.4188,"unidade_produtividade":"sc/ha","pontos_originais":25,"ano":"2026","cultura":"Milho"}},{"type":"Feature","geometry":{"type":"Point","coordinates":[-52.213789584209216,-10.356304551846288]},"properties":{"Fazenda":"FE","Campo":"FE 04","produtividade":156.322,"unidade_produtividade":"sc/ha","pontos_originais":25,"ano":"2026","cultura":"Milho"}},{"type":"Feature","geometry":{"type":"Point","coordinates":[-52.21359168383112,-10.356297762740978]},"properties":{"Fazenda":"FE","Campo":"FE 04","produtividade":156.2127777777778,"unidade_produtividade":"sc/ha","pontos_originais":18,"ano":"2026","cultura":"Milho"}},{"type":"Feature","geometry":{"type":"Point","coordinates":[-52.21538864649452,-10.356524578868632]},"properties":{"Fazenda":"FE","Campo":"FE 04","produtividade":165.6196,"unidade_produtividade":"sc/ha","pontos_originais":25,"ano":"2026","cultura":"Milho"}},{"type":"Feature","geometry":{"type":"Point","coordinates":[-52.215616959649914,-10.356523716597254]},"properties":{"Fazenda":"FE","Campo":"FE 04","produtividade":171.12600000000006,"unidade_produtividade":"sc/ha","pontos_originais":25,"ano":"2026","cultura":"Milho"}},{"type":"Feature","geometry":{"type":"Point","coordinates":[-52.21516033331907,-10.356525440978146]},"properties":{"Fazenda":"FE","Campo":"FE 04","produtividade":169.78439999999998,"unidade_produtividade":"sc/ha","pontos_originais":25,"ano":"2026","cultura":"Milho"}},{"type":"Feature","geometry":{"type":"Point","coordinates":[-52.216073585900574,-10.35652199156888]},"properties":{"Fazenda":"FE","Campo":"FE 04","produtividade":179.79319999999998,"unidade_produtividade":"sc/ha","pontos_originais":25,"ano":"2026","cultura":"Milho"}},{"type":"Feature","geometry":{"type":"Point","coordinates":[-52.21630189899582,-10.35652112881189]},"properties":{"Fazenda":"FE","Campo":"FE 04","produtividade":186.8936,"unidade_produtividade":"sc/ha","pontos_originais":25,"ano":"2026","cultura":"Milho"}},{"type":"Feature","geometry":{"type":"Point","coordinates":[-52.21584527278527,-10.356522854164]},"properties":{"Fazenda":"FE","Campo":"FE 04","produtividade":172.95959999999997,"unidade_produtividade":"sc/ha","pontos_originais":25,"ano":"2026","cultura":"Milho"}},{"type":"Feature","geometry":{"type":"Point","coordinates":[-52.21379794833715,-10.356500440415722]},"properties":{"Fazenda":"FE","Campo":"FE 04","produtividade":155.17777777777778,"unidade_produtividade":"sc/ha","pontos_originais":18,"ano":"2026","cultura":"Milho"}},{"type":"Feature","geometry":{"type":"Point","coordinates":[-52.21363795512671,-10.356455831443553]},"properties":{"Fazenda":"FE","Campo":"FE 04","produtividade":161.03,"unidade_produtividade":"sc/ha","pontos_originais":3,"ano":"2026","cultura":"Milho"}},{"type":"Feature","geometry":{"type":"Point","coordinates":[-52.21835671594973,-10.35651335671488]},"properties":{"Fazenda":"FE","Campo":"FE 04","produtividade":191.73679999999996,"unidade_produtividade":"sc/ha","pontos_originais":25,"ano":"2026","cultura":"Milho"}},{"type":"Feature","geometry":{"type":"Point","coordinates":[-52.21812840303519,-10.356514220928686]},"properties":{"Fazenda":"FE","Campo":"FE 04","produtividade":180.9812,"unidade_produtividade":"sc/ha","pontos_originais":25,"ano":"2026","cultura":"Milho"}},{"type":"Feature","geometry":{"type":"Point","coordinates":[-52.217900090100564,-10.35651508498063]},"properties":{"Fazenda":"FE","Campo":"FE 04","produtividade":177.3412,"unidade_produtividade":"sc/ha","pontos_originais":25,"ano":"2026","cultura":"Milho"}},{"type":"Feature","geometry":{"type":"Point","coordinates":[-52.217671777145824,-10.3565159488707]},"properties":{"Fazenda":"FE","Campo":"FE 04","produtividade":176.70479999999995,"unidade_produtividade":"sc/ha","pontos_originais":25,"ano":"2026","cultura":"Milho"}},{"type":"Feature","geometry":{"type":"Point","coordinates":[-52.219041654572756,-10.356510763102238]},"properties":{"Fazenda":"FE","Campo":"FE 04","produtividade":191.5688000000001,"unidade_produtividade":"sc/ha","pontos_originais":25,"ano":"2026","cultura":"Milho"}},{"type":"Feature","geometry":{"type":"Point","coordinates":[-52.218813341718516,-10.356511627801655]},"properties":{"Fazenda":"FE","Campo":"FE 04","produtividade":192.13719999999998,"unidade_produtividade":"sc/ha","pontos_originais":25,"ano":"2026","cultura":"Milho"}},{"type":"Feature","geometry":{"type":"Point","coordinates":[-52.21858502884416,-10.3565124923392]},"properties":{"Fazenda":"FE","Campo":"FE 04","produtividade":194.90480000000002,"unidade_produtividade":"sc/ha","pontos_originais":25,"ano":"2026","cultura":"Milho"}},{"type":"Feature","geometry":{"type":"Point","coordinates":[-52.21698683816116,-10.356518539569706]},"properties":{"Fazenda":"FE","Campo":"FE 04","produtividade":183.80399999999997,"unidade_produtividade":"sc/ha","pontos_originais":25,"ano":"2026","cultura":"Milho"}},{"type":"Feature","geometry":{"type":"Point","coordinates":[-52.21675852512612,-10.356519402812303]},"properties":{"Fazenda":"FE","Campo":"FE 04","produtividade":189.6368,"unidade_produtividade":"sc/ha","pontos_originais":25,"ano":"2026","cultura":"Milho"}},{"type":"Feature","geometry":{"type":"Point","coordinates":[-52.216530212071014,-10.356520265893032]},"properties":{"Fazenda":"FE","Campo":"FE 04","produtividade":188.73120000000003,"unidade_produtividade":"sc/ha","pontos_originais":25,"ano":"2026","cultura":"Milho"}},{"type":"Feature","geometry":{"type":"Point","coordinates":[-52.217443464171,-10.356516812598905]},"properties":{"Fazenda":"FE","Campo":"FE 04","produtividade":180.53480000000002,"unidade_produtividade":"sc/ha","pontos_originais":25,"ano":"2026","cultura":"Milho"}},{"type":"Feature","geometry":{"type":"Point","coordinates":[-52.21721515117613,-10.356517676165243]},"properties":{"Fazenda":"FE","Campo":"FE 04","produtividade":181.84960000000004,"unidade_produtividade":"sc/ha","pontos_originais":25,"ano":"2026","cultura":"Milho"}},{"type":"Feature","geometry":{"type":"Point","coordinates":[-52.22109559448799,-10.356276915749834]},"properties":{"Fazenda":"FE","Campo":"FE 04","produtividade":198.77640000000008,"unidade_produtividade":"sc/ha","pontos_originais":25,"ano":"2026","cultura":"Milho"}},{"type":"Feature","geometry":{"type":"Point","coordinates":[-52.22132390697752,-10.35627604945105]},"properties":{"Fazenda":"FE","Campo":"FE 04","produtividade":196.66839999999993,"unidade_produtividade":"sc/ha","pontos_originais":25,"ano":"2026","cultura":"Milho"}},{"type":"Feature","geometry":{"type":"Point","coordinates":[-52.220867281978336,-10.356277781886753]},"properties":{"Fazenda":"FE","Campo":"FE 04","produtividade":198.136,"unidade_produtividade":"sc/ha","pontos_originais":25,"ano":"2026","cultura":"Milho"}},{"type":"Feature","geometry":{"type":"Point","coordinates":[-52.22063896944853,-10.356278647861808]},"properties":{"Fazenda":"FE","Campo":"FE 04","produtividade":195.66919999999993,"unidade_produtividade":"sc/ha","pontos_originais":25,"ano":"2026","cultura":"Milho"}},{"type":"Feature","geometry":{"type":"Point","coordinates":[-52.22178053189612,-10.356274316367893]},"properties":{"Fazenda":"FE","Campo":"FE 04","produtividade":191.17880000000002,"unidade_produtividade":"sc/ha","pontos_originais":25,"ano":"2026","cultura":"Milho"}},{"type":"Feature","geometry":{"type":"Point","coordinates":[-52.22200884432518,-10.356273449583517]},"properties":{"Fazenda":"FE","Campo":"FE 04","produtividade":186.7468,"unidade_produtividade":"sc/ha","pontos_originais":25,"ano":"2026","cultura":"Milho"}},{"type":"Feature","geometry":{"type":"Point","coordinates":[-52.22155221944689,-10.3562751829904]},"properties":{"Fazenda":"FE","Campo":"FE 04","produtividade":191.81039999999996,"unidade_produtividade":"sc/ha","pontos_originais":25,"ano":"2026","cultura":"Milho"}},{"type":"Feature","geometry":{"type":"Point","coordinates":[-52.219725719128036,-10.356282110143384]},"properties":{"Fazenda":"FE","Campo":"FE 04","produtividade":192.0048,"unidade_produtividade":"sc/ha","pontos_originais":25,"ano":"2026","cultura":"Milho"}},{"type":"Feature","geometry":{"type":"Point","coordinates":[-52.2194974064976,-10.35628297530912]},"properties":{"Fazenda":"FE","Campo":"FE 04","produtividade":195.982,"unidade_produtividade":"sc/ha","pontos_originais":25,"ano":"2026","cultura":"Milho"}},{"type":"Feature","geometry":{"type":"Point","coordinates":[-52.21926909384706,-10.356283840312988]},"properties":{"Fazenda":"FE","Campo":"FE 04","produtividade":197.14120000000003,"unidade_produtividade":"sc/ha","pontos_originais":25,"ano":"2026","cultura":"Milho"}},{"type":"Feature","geometry":{"type":"Point","coordinates":[-52.2190407811764,-10.35628470515499]},"properties":{"Fazenda":"FE","Campo":"FE 04","produtividade":196.78359999999992,"unidade_produtividade":"sc/ha","pontos_originais":25,"ano":"2026","cultura":"Milho"}},{"type":"Feature","geometry":{"type":"Point","coordinates":[-52.22041065689859,-10.356279513674998]},"properties":{"Fazenda":"FE","Campo":"FE 04","produtividade":192.94160000000002,"unidade_produtividade":"sc/ha","pontos_originais":25,"ano":"2026","cultura":"Milho"}},{"type":"Feature","geometry":{"type":"Point","coordinates":[-52.22018234432854,-10.356280379326325]},"properties":{"Fazenda":"FE","Campo":"FE 04","produtividade":191.96040000000002,"unidade_produtividade":"sc/ha","pontos_originais":25,"ano":"2026","cultura":"Milho"}},{"type":"Feature","geometry":{"type":"Point","coordinates":[-52.219954031738354,-10.356281244815788]},"properties":{"Fazenda":"FE","Campo":"FE 04","produtividade":189.87559999999996,"unidade_produtividade":"sc/ha","pontos_originais":25,"ano":"2026","cultura":"Milho"}},{"type":"Feature","geometry":{"type":"Point","coordinates":[-52.21470196634754,-10.35607504808259]},"properties":{"Fazenda":"FE","Campo":"FE 04","produtividade":171.9248,"unidade_produtividade":"sc/ha","pontos_originais":25,"ano":"2026","cultura":"Milho"}},{"type":"Feature","geometry":{"type":"Point","coordinates":[-52.21447365343893,-10.35607590966808]},"properties":{"Fazenda":"FE","Campo":"FE 04","produtividade":161.98719999999994,"unidade_produtividade":"sc/ha","pontos_originais":25,"ano":"2026","cultura":"Milho"}},{"type":"Feature","geometry":{"type":"Point","coordinates":[-52.21424534051027,-10.356076771091704]},"properties":{"Fazenda":"FE","Campo":"FE 04","produtividade":160.0492,"unidade_produtividade":"sc/ha","pontos_originais":25,"ano":"2026","cultura":"Milho"}},{"type":"Feature","geometry":{"type":"Point","coordinates":[-52.214017027561596,-10.356077632353468]},"properties":{"Fazenda":"FE","Campo":"FE 04","produtividade":159.3732,"unidade_produtividade":"sc/ha","pontos_originais":25,"ano":"2026","cultura":"Milho"}},{"type":"Feature","geometry":{"type":"Point","coordinates":[-52.21538690495315,-10.356072462354946]},"properties":{"Fazenda":"FE","Campo":"FE 04","produtividade":186.9172,"unidade_produtividade":"sc/ha","pontos_originais":25,"ano":"2026","cultura":"Milho"}},{"type":"Feature","geometry":{"type":"Point","coordinates":[-52.215158592104665,-10.356073324426022]},"properties":{"Fazenda":"FE","Campo":"FE 04","produtividade":187.68719999999996,"unidade_produtividade":"sc/ha","pontos_originais":25,"ano":"2026","cultura":"Milho"}},{"type":"Feature","geometry":{"type":"Point","coordinates":[-52.214930279236114,-10.356074186335233]},"properties":{"Fazenda":"FE","Campo":"FE 04","produtividade":181.0816,"unidade_produtividade":"sc/ha","pontos_originais":25,"ano":"2026","cultura":"Milho"}},{"type":"Feature","geometry":{"type":"Point","coordinates":[-52.222693781491444,-10.356270848259209]},"properties":{"Fazenda":"FE","Campo":"FE 04","produtividade":155.63879999999995,"unidade_produtividade":"sc/ha","pontos_originais":25,"ano":"2026","cultura":"Milho"}},{"type":"Feature","geometry":{"type":"Point","coordinates":[-52.22246546912285,-10.356271715529171]},"properties":{"Fazenda":"FE","Campo":"FE 04","produtividade":170.42440000000002,"unidade_produtividade":"sc/ha","pontos_originais":25,"ano":"2026","cultura":"Milho"}},{"type":"Feature","geometry":{"type":"Point","coordinates":[-52.2222371567341,-10.356272582637276]},"properties":{"Fazenda":"FE","Campo":"FE 04","produtividade":181.86320000000003,"unidade_produtividade":"sc/ha","pontos_originais":25,"ano":"2026","cultura":"Milho"}},{"type":"Feature","geometry":{"type":"Point","coordinates":[-52.213788714592894,-10.356078493453373]},"properties":{"Fazenda":"FE","Campo":"FE 04","produtividade":160.31359999999995,"unidade_produtividade":"sc/ha","pontos_originais":25,"ano":"2026","cultura":"Milho"}},{"type":"Feature","geometry":{"type":"Point","coordinates":[-52.21356040160416,-10.356079354391413]},"properties":{"Fazenda":"FE","Campo":"FE 04","produtividade":160.0772,"unidade_produtividade":"sc/ha","pontos_originais":25,"ano":"2026","cultura":"Milho"}},{"type":"Feature","geometry":{"type":"Point","coordinates":[-52.22285360013816,-10.356270241079587]},"properties":{"Fazenda":"FE","Campo":"FE 04","produtividade":151.286,"unidade_produtividade":"sc/ha","pontos_originais":10,"ano":"2026","cultura":"Milho"}},{"type":"Feature","geometry":{"type":"Point","coordinates":[-52.21607271462945,-10.35629593337133]},"properties":{"Fazenda":"FE","Campo":"FE 04","produtividade":181.59080000000006,"unidade_produtividade":"sc/ha","pontos_originais":25,"ano":"2026","cultura":"Milho"}},{"type":"Feature","geometry":{"type":"Point","coordinates":[-52.21584440167762,-10.356296795947223]},"properties":{"Fazenda":"FE","Campo":"FE 04","produtividade":179.8936,"unidade_produtividade":"sc/ha","pontos_originais":25,"ano":"2026","cultura":"Milho"}},{"type":"Feature","geometry":{"type":"Point","coordinates":[-52.21812753029274,-10.35628816290436]},"properties":{"Fazenda":"FE","Campo":"FE 04","produtividade":186.1052,"unidade_produtividade":"sc/ha","pontos_originais":25,"ano":"2026","cultura":"Milho"}},{"type":"Feature","geometry":{"type":"Point","coordinates":[-52.21835584304381,-10.356287298709814]},"properties":{"Fazenda":"FE","Campo":"FE 04","produtividade":188.91599999999994,"unidade_produtividade":"sc/ha","pontos_originais":25,"ano":"2026","cultura":"Milho"}},{"type":"Feature","geometry":{"type":"Point","coordinates":[-52.217899217521584,-10.356289026937038]},"properties":{"Fazenda":"FE","Campo":"FE 04","produtividade":183.2928,"unidade_produtividade":"sc/ha","pontos_originais":25,"ano":"2026","cultura":"Milho"}},{"type":"Feature","geometry":{"type":"Point","coordinates":[-52.21767090473033,-10.356289890807854]},"properties":{"Fazenda":"FE","Campo":"FE 04","produtividade":184.54959999999994,"unidade_produtividade":"sc/ha","pontos_originais":25,"ano":"2026","cultura":"Milho"}},{"type":"Feature","geometry":{"type":"Point","coordinates":[-52.21881246848563,-10.356285569835133]},"properties":{"Fazenda":"FE","Campo":"FE 04","produtividade":193.67759999999998,"unidade_produtividade":"sc/ha","pontos_originais":25,"ano":"2026","cultura":"Milho"}},{"type":"Feature","geometry":{"type":"Point","coordinates":[-52.21858415577477,-10.356286434353406]},"properties":{"Fazenda":"FE","Campo":"FE 04","produtividade":192.87720000000002,"unidade_produtividade":"sc/ha","pontos_originais":25,"ano":"2026","cultura":"Milho"}},{"type":"Feature","geometry":{"type":"Point","coordinates":[-52.21675765336456,-10.35629334467246]},"properties":{"Fazenda":"FE","Campo":"FE 04","produtividade":194.48999999999995,"unidade_produtividade":"sc/ha","pontos_originais":25,"ano":"2026","cultura":"Milho"}},{"type":"Feature","geometry":{"type":"Point","coordinates":[-52.21652934047291,-10.356294207733951]},"properties":{"Fazenda":"FE","Campo":"FE 04","produtividade":193.02680000000004,"unidade_produtividade":"sc/ha","pontos_originais":25,"ano":"2026","cultura":"Milho"}},{"type":"Feature","geometry":{"type":"Point","coordinates":[-52.2163010275612,-10.356295070633575]},"properties":{"Fazenda":"FE","Campo":"FE 04","produtividade":187.942,"unidade_produtividade":"sc/ha","pontos_originais":25,"ano":"2026","cultura":"Milho"}},{"type":"Feature","geometry":{"type":"Point","coordinates":[-52.21744259191899,-10.356290754516804]},"properties":{"Fazenda":"FE","Campo":"FE 04","produtividade":186.278,"unidade_produtividade":"sc/ha","pontos_originais":25,"ano":"2026","cultura":"Milho"}},{"type":"Feature","geometry":{"type":"Point","coordinates":[-52.217214279087564,-10.35629161806389]},"properties":{"Fazenda":"FE","Campo":"FE 04","produtividade":187.466,"unidade_produtividade":"sc/ha","pontos_originais":25,"ano":"2026","cultura":"Milho"}},{"type":"Feature","geometry":{"type":"Point","coordinates":[-52.216985966236095,-10.356292481449106]},"properties":{"Fazenda":"FE","Campo":"FE 04","produtividade":191.646,"unidade_produtividade":"sc/ha","pontos_originais":25,"ano":"2026","cultura":"Milho"}},{"type":"Feature","geometry":{"type":"Point","coordinates":[-52.22040978254148,-10.35605345584024]},"properties":{"Fazenda":"FE","Campo":"FE 04","produtividade":195.792,"unidade_produtividade":"sc/ha","pontos_originais":25,"ano":"2026","cultura":"Milho"}},{"type":"Feature","geometry":{"type":"Point","coordinates":[-52.22063809492794,-10.356052590046351]},"properties":{"Fazenda":"FE","Campo":"FE 04","produtividade":196.75039999999998,"unidade_produtividade":"sc/ha","pontos_originais":25,"ano":"2026","cultura":"Milho"}},{"type":"Feature","geometry":{"type":"Point","coordinates":[-52.22018147013492,-10.35605432147227]},"properties":{"Fazenda":"FE","Campo":"FE 04","produtividade":196.10160000000005,"unidade_produtividade":"sc/ha","pontos_originais":25,"ano":"2026","cultura":"Milho"}},{"type":"Feature","geometry":{"type":"Point","coordinates":[-52.2199531577082,-10.356055186942434]},"properties":{"Fazenda":"FE","Campo":"FE 04","produtividade":195.55800000000002,"unidade_produtividade":"sc/ha","pontos_originais":25,"ano":"2026","cultura":"Milho"}},{"type":"Feature","geometry":{"type":"Point","coordinates":[-52.221323031966506,-10.356049991693517]},"properties":{"Fazenda":"FE","Campo":"FE 04","produtividade":194.80760000000006,"unidade_produtividade":"sc/ha","pontos_originais":25,"ano":"2026","cultura":"Milho"}},{"type":"Feature","geometry":{"type":"Point","coordinates":[-52.22109471964047,-10.356050857972987]},"properties":{"Fazenda":"FE","Campo":"FE 04","produtividade":196.108,"unidade_produtividade":"sc/ha","pontos_originais":25,"ano":"2026","cultura":"Milho"}},{"type":"Feature","geometry":{"type":"Point","coordinates":[-52.22086640729429,-10.3560517240906]},"properties":{"Fazenda":"FE","Campo":"FE 04","produtividade":197.61,"unidade_produtividade":"sc/ha","pontos_originais":25,"ano":"2026","cultura":"Milho"}},{"type":"Feature","geometry":{"type":"Point","coordinates":[-52.21903990780013,-10.356058647204504]},"properties":{"Fazenda":"FE","Campo":"FE 04","produtividade":199.7236,"unidade_produtividade":"sc/ha","pontos_originais":25,"ano":"2026","cultura":"Milho"}},{"type":"Feature","geometry":{"type":"Point","coordinates":[-52.21881159527285,-10.356059511865366]},"properties":{"Fazenda":"FE","Campo":"FE 04","produtividade":194.8208,"unidade_produtividade":"sc/ha","pontos_originais":25,"ano":"2026","cultura":"Milho"}},{"type":"Feature","geometry":{"type":"Point","coordinates":[-52.21858328272546,-10.356060376364368]},"properties":{"Fazenda":"FE","Campo":"FE 04","produtividade":193.06279999999995,"unidade_produtividade":"sc/ha","pontos_originais":25,"ano":"2026","cultura":"Milho"}},{"type":"Feature","geometry":{"type":"Point","coordinates":[-52.21835497015798,-10.35606124070151]},"properties":{"Fazenda":"FE","Campo":"FE 04","produtividade":191.07600000000002,"unidade_produtividade":"sc/ha","pontos_originais":25,"ano":"2026","cultura":"Milho"}},{"type":"Feature","geometry":{"type":"Point","coordinates":[-52.21972484526135,-10.356056052250747]},"properties":{"Fazenda":"FE","Campo":"FE 04","produtividade":196.924,"unidade_produtividade":"sc/ha","pontos_originais":25,"ano":"2026","cultura":"Milho"}},{"type":"Feature","geometry":{"type":"Point","coordinates":[-52.2194965327944,-10.356056917397193]},"properties":{"Fazenda":"FE","Campo":"FE 04","produtividade":199.05520000000004,"unidade_produtividade":"sc/ha","pontos_originais":25,"ano":"2026","cultura":"Milho"}},{"type":"Feature","geometry":{"type":"Point","coordinates":[-52.21926822030732,-10.356057782381779]},"properties":{"Fazenda":"FE","Campo":"FE 04","produtividade":199.82039999999995,"unidade_produtividade":"sc/ha","pontos_originais":25,"ano":"2026","cultura":"Milho"}},{"type":"Feature","geometry":{"type":"Point","coordinates":[-52.214016157801815,-10.35585157397651]},"properties":{"Fazenda":"FE","Campo":"FE 04","produtividade":166.1736,"unidade_produtividade":"sc/ha","pontos_originais":25,"ano":"2026","cultura":"Milho"}},{"type":"Feature","geometry":{"type":"Point","coordinates":[-52.213787844996595,-10.355852435057214]},"properties":{"Fazenda":"FE","Campo":"FE 04","produtividade":165.18799999999996,"unidade_produtividade":"sc/ha","pontos_originais":25,"ano":"2026","cultura":"Milho"}},{"type":"Feature","geometry":{"type":"Point","coordinates":[-52.21355953217133,-10.355853295976065]},"properties":{"Fazenda":"FE","Campo":"FE 04","produtividade":164.0352,"unidade_produtividade":"sc/ha","pontos_originais":25,"ano":"2026","cultura":"Milho"}},{"type":"Feature","geometry":{"type":"Point","coordinates":[-52.22287226861439,-10.356037650308023]},"properties":{"Fazenda":"FE","Campo":"FE 04","produtividade":150.36142857142858,"unidade_produtividade":"sc/ha","pontos_originais":14,"ano":"2026","cultura":"Milho"}},{"type":"Feature","geometry":{"type":"Point","coordinates":[-52.21470109609735,-10.355848989763242]},"properties":{"Fazenda":"FE","Campo":"FE 04","produtividade":183.68719999999996,"unidade_produtividade":"sc/ha","pontos_originais":25,"ano":"2026","cultura":"Milho"}},{"type":"Feature","geometry":{"type":"Point","coordinates":[-52.2144727833522,-10.355849851329522]},"properties":{"Fazenda":"FE","Campo":"FE 04","produtividade":172.9836,"unidade_produtividade":"sc/ha","pontos_originais":25,"ano":"2026","cultura":"Milho"}},{"type":"Feature","geometry":{"type":"Point","coordinates":[-52.214244470587026,-10.355850712733947]},"properties":{"Fazenda":"FE","Campo":"FE 04","produtividade":167.4876,"unidade_produtividade":"sc/ha","pontos_originais":25,"ano":"2026","cultura":"Milho"}},{"type":"Feature","geometry":{"type":"Point","coordinates":[-52.22200796882375,-10.35604739188394]},"properties":{"Fazenda":"FE","Campo":"FE 04","produtividade":184.29039999999998,"unidade_produtividade":"sc/ha","pontos_originais":25,"ano":"2026","cultura":"Milho"}},{"type":"Feature","geometry":{"type":"Point","coordinates":[-52.221779656558176,-10.356048258648991]},"properties":{"Fazenda":"FE","Campo":"FE 04","produtividade":187.16959999999995,"unidade_produtividade":"sc/ha","pontos_originais":25,"ano":"2026","cultura":"Milho"}},{"type":"Feature","geometry":{"type":"Point","coordinates":[-52.22155134427241,-10.356049125252184]},"properties":{"Fazenda":"FE","Campo":"FE 04","produtividade":191.0376,"unidade_produtividade":"sc/ha","pontos_originais":25,"ano":"2026","cultura":"Milho"}},{"type":"Feature","geometry":{"type":"Point","coordinates":[-52.2226929054996,-10.356044790617624]},"properties":{"Fazenda":"FE","Campo":"FE 04","produtividade":156.7428,"unidade_produtividade":"sc/ha","pontos_originais":25,"ano":"2026","cultura":"Milho"}},{"type":"Feature","geometry":{"type":"Point","coordinates":[-52.22246459329447,-10.356045657868254]},"properties":{"Fazenda":"FE","Campo":"FE 04","produtividade":171.644,"unidade_produtividade":"sc/ha","pontos_originais":25,"ano":"2026","cultura":"Milho"}},{"type":"Feature","geometry":{"type":"Point","coordinates":[-52.22223628106919,-10.356046524957028]},"properties":{"Fazenda":"FE","Campo":"FE 04","produtividade":180.61919999999995,"unidade_produtividade":"sc/ha","pontos_originais":25,"ano":"2026","cultura":"Milho"}},{"type":"Feature","geometry":{"type":"Point","coordinates":[-52.21767003233493,-10.356063832741768]},"properties":{"Fazenda":"FE","Campo":"FE 04","produtividade":192.63479999999996,"unidade_produtividade":"sc/ha","pontos_originais":25,"ano":"2026","cultura":"Milho"}},{"type":"Feature","geometry":{"type":"Point","coordinates":[-52.217441719687066,-10.356064696431464]},"properties":{"Fazenda":"FE","Campo":"FE 04","produtividade":193.6068,"unidade_produtividade":"sc/ha","pontos_originais":25,"ano":"2026","cultura":"Milho"}},{"type":"Feature","geometry":{"type":"Point","coordinates":[-52.21721340701912,-10.356065559959296]},"properties":{"Fazenda":"FE","Campo":"FE 04","produtividade":192.8024,"unidade_produtividade":"sc/ha","pontos_originais":25,"ano":"2026","cultura":"Milho"}},{"type":"Feature","geometry":{"type":"Point","coordinates":[-52.21698509433109,-10.356066423325267]},"properties":{"Fazenda":"FE","Campo":"FE 04","produtividade":195.31240000000003,"unidade_produtividade":"sc/ha","pontos_originais":25,"ano":"2026","cultura":"Milho"}},{"type":"Feature","geometry":{"type":"Point","coordinates":[-52.21812665757036,-10.356062104876791]},"properties":{"Fazenda":"FE","Campo":"FE 04","produtividade":192.3872,"unidade_produtividade":"sc/ha","pontos_originais":25,"ano":"2026","cultura":"Milho"}},{"type":"Feature","geometry":{"type":"Point","coordinates":[-52.217898344962684,-10.35606296889021]},"properties":{"Fazenda":"FE","Campo":"FE 04","produtividade":193.08800000000008,"unidade_produtividade":"sc/ha","pontos_originais":25,"ano":"2026","cultura":"Milho"}},{"type":"Feature","geometry":{"type":"Point","coordinates":[-52.21607184337835,-10.35606987517054]},"properties":{"Fazenda":"FE","Campo":"FE 04","produtividade":180.9456,"unidade_produtividade":"sc/ha","pontos_originais":25,"ano":"2026","cultura":"Milho"}},{"type":"Feature","geometry":{"type":"Point","coordinates":[-52.216300156146644,-10.356069012452018]},"properties":{"Fazenda":"FE","Campo":"FE 04","produtividade":187.25640000000004,"unidade_produtividade":"sc/ha","pontos_originais":25,"ano":"2026","cultura":"Milho"}},{"type":"Feature","geometry":{"type":"Point","coordinates":[-52.21584353059002,-10.356070737727205]},"properties":{"Fazenda":"FE","Campo":"FE 04","produtividade":181.59720000000004,"unidade_produtividade":"sc/ha","pontos_originais":25,"ano":"2026","cultura":"Milho"}},{"type":"Feature","geometry":{"type":"Point","coordinates":[-52.21561521778162,-10.356071600122007]},"properties":{"Fazenda":"FE","Campo":"FE 04","produtividade":184.6436,"unidade_produtividade":"sc/ha","pontos_originais":25,"ano":"2026","cultura":"Milho"}},{"type":"Feature","geometry":{"type":"Point","coordinates":[-52.21675678162303,-10.356067286529377]},"properties":{"Fazenda":"FE","Campo":"FE 04","produtividade":197.3656,"unidade_produtividade":"sc/ha","pontos_originais":25,"ano":"2026","cultura":"Milho"}},{"type":"Feature","geometry":{"type":"Point","coordinates":[-52.216528468894865,-10.356068149571628]},"properties":{"Fazenda":"FE","Campo":"FE 04","produtividade":194.85280000000003,"unidade_produtividade":"sc/ha","pontos_originais":25,"ano":"2026","cultura":"Milho"}},{"type":"Feature","geometry":{"type":"Point","coordinates":[-52.21972397141479,-10.355829994354865]},"properties":{"Fazenda":"FE","Campo":"FE 04","produtividade":186.87600000000003,"unidade_produtividade":"sc/ha","pontos_originais":25,"ano":"2026","cultura":"Milho"}},{"type":"Feature","geometry":{"type":"Point","coordinates":[-52.21949565911129,-10.355830859482026]},"properties":{"Fazenda":"FE","Campo":"FE 04","produtividade":187.05399999999997,"unidade_produtividade":"sc/ha","pontos_originais":25,"ano":"2026","cultura":"Milho"}},{"type":"Feature","geometry":{"type":"Point","coordinates":[-52.21926734678769,-10.35583172444733]},"properties":{"Fazenda":"FE","Campo":"FE 04","produtividade":190.2848,"unidade_produtividade":"sc/ha","pontos_originais":25,"ano":"2026","cultura":"Milho"}},{"type":"Feature","geometry":{"type":"Point","coordinates":[-52.219039034443995,-10.355832589250774]},"properties":{"Fazenda":"FE","Campo":"FE 04","produtividade":192.54160000000005,"unidade_produtividade":"sc/ha","pontos_originais":25,"ano":"2026","cultura":"Milho"}},{"type":"Feature","geometry":{"type":"Point","coordinates":[-52.22040890820451,-10.355827398002239]},"properties":{"Fazenda":"FE","Campo":"FE 04","produtividade":192.12959999999998,"unidade_produtividade":"sc/ha","pontos_originais":25,"ano":"2026","cultura":"Milho"}},{"type":"Feature","geometry":{"type":"Point","coordinates":[-52.22018059596141,-10.355828263614972]},"properties":{"Fazenda":"FE","Campo":"FE 04","produtividade":191.66719999999995,"unidade_produtividade":"sc/ha","pontos_originais":25,"ano":"2026","cultura":"Milho"}},{"type":"Feature","geometry":{"type":"Point","coordinates":[-52.21995228369815,-10.355829129065848]},"properties":{"Fazenda":"FE","Campo":"FE 04","produtividade":188.13960000000003,"unidade_produtividade":"sc/ha","pontos_originais":25,"ano":"2026","cultura":"Milho"}},{"type":"Feature","geometry":{"type":"Point","coordinates":[-52.21812578486811,-10.355836046845981]},"properties":{"Fazenda":"FE","Campo":"FE 04","produtividade":197.30199999999996,"unidade_produtividade":"sc/ha","pontos_originais":25,"ano":"2026","cultura":"Milho"}},{"type":"Feature","geometry":{"type":"Point","coordinates":[-52.218354097292234,-10.355835182689965]},"properties":{"Fazenda":"FE","Campo":"FE 04","produtividade":195.2572,"unidade_produtividade":"sc/ha","pontos_originais":25,"ano":"2026","cultura":"Milho"}},{"type":"Feature","geometry":{"type":"Point","coordinates":[-52.2178974724239,-10.35583691084014]},"properties":{"Fazenda":"FE","Campo":"FE 04","produtividade":201.50999999999996,"unidade_produtividade":"sc/ha","pontos_originais":25,"ano":"2026","cultura":"Milho"}},{"type":"Feature","geometry":{"type":"Point","coordinates":[-52.217669159959605,-10.35583777467244]},"properties":{"Fazenda":"FE","Campo":"FE 04","produtividade":199.0252,"unidade_produtividade":"sc/ha","pontos_originais":25,"ano":"2026","cultura":"Milho"}},{"type":"Feature","geometry":{"type":"Point","coordinates":[-52.21881072208018,-10.355833453892364]},"properties":{"Fazenda":"FE","Campo":"FE 04","produtividade":193.2888,"unidade_produtividade":"sc/ha","pontos_originais":25,"ano":"2026","cultura":"Milho"}},{"type":"Feature","geometry":{"type":"Point","coordinates":[-52.21858240969625,-10.355834318372095]},"properties":{"Fazenda":"FE","Campo":"FE 04","produtividade":193.2384,"unidade_produtividade":"sc/ha","pontos_originais":25,"ano":"2026","cultura":"Milho"}},{"type":"Feature","geometry":{"type":"Point","coordinates":[-52.22246371748625,-10.355819600204091]},"properties":{"Fazenda":"FE","Campo":"FE 04","produtividade":170.3896,"unidade_produtividade":"sc/ha","pontos_originais":25,"ano":"2026","cultura":"Milho"}},{"type":"Feature","geometry":{"type":"Point","coordinates":[-52.22269202952793,-10.35581873297279]},"properties":{"Fazenda":"FE","Campo":"FE 04","produtividade":158.9732,"unidade_produtividade":"sc/ha","pontos_originais":25,"ano":"2026","cultura":"Milho"}},{"type":"Feature","geometry":{"type":"Point","coordinates":[-52.22223540542446,-10.355820467273533]},"properties":{"Fazenda":"FE","Campo":"FE 04","produtividade":176.01919999999998,"unidade_produtividade":"sc/ha","pontos_originais":25,"ano":"2026","cultura":"Milho"}},{"type":"Feature","geometry":{"type":"Point","coordinates":[-52.22200709334247,-10.355821334181119]},"properties":{"Fazenda":"FE","Campo":"FE 04","produtividade":178.49559999999997,"unidade_produtividade":"sc/ha","pontos_originais":25,"ano":"2026","cultura":"Milho"}},{"type":"Feature","geometry":{"type":"Point","coordinates":[-52.22289388697649,-10.355813206917682]},"properties":{"Fazenda":"FE","Campo":"FE 04","produtividade":144.5378947368421,"unidade_produtividade":"sc/ha","pontos_originais":19,"ano":"2026","cultura":"Milho"}},{"type":"Feature","geometry":{"type":"Point","coordinates":[-52.221093844813076,-10.355824800192902]},"properties":{"Fazenda":"FE","Campo":"FE 04","produtividade":192.52599999999995,"unidade_produtividade":"sc/ha","pontos_originais":25,"ano":"2026","cultura":"Milho"}},{"type":"Feature","geometry":{"type":"Point","coordinates":[-52.22086553263036,-10.355825666291205]},"properties":{"Fazenda":"FE","Campo":"FE 04","produtividade":192.824,"unidade_produtividade":"sc/ha","pontos_originais":25,"ano":"2026","cultura":"Milho"}},{"type":"Feature","geometry":{"type":"Point","coordinates":[-52.22063722042751,-10.355826532227649]},"properties":{"Fazenda":"FE","Campo":"FE 04","produtividade":192.36480000000006,"unidade_produtividade":"sc/ha","pontos_originais":25,"ano":"2026","cultura":"Milho"}},{"type":"Feature","geometry":{"type":"Point","coordinates":[-52.22177878124035,-10.35582220092685]},"properties":{"Fazenda":"FE","Campo":"FE 04","produtividade":181.59399999999994,"unidade_produtividade":"sc/ha","pontos_originais":25,"ano":"2026","cultura":"Milho"}},{"type":"Feature","geometry":{"type":"Point","coordinates":[-52.221550469118085,-10.355823067510725]},"properties":{"Fazenda":"FE","Campo":"FE 04","produtividade":185.1696,"unidade_produtividade":"sc/ha","pontos_originais":25,"ano":"2026","cultura":"Milho"}},{"type":"Feature","geometry":{"type":"Point","coordinates":[-52.22132215697566,-10.35582393393274]},"properties":{"Fazenda":"FE","Campo":"FE 04","produtividade":189.0864,"unidade_produtividade":"sc/ha","pontos_originais":25,"ano":"2026","cultura":"Milho"}},{"type":"Feature","geometry":{"type":"Point","coordinates":[-52.21675590990159,-10.355841228383056]},"properties":{"Fazenda":"FE","Campo":"FE 04","produtividade":198.516,"unidade_produtividade":"sc/ha","pontos_originais":25,"ano":"2026","cultura":"Milho"}},{"type":"Feature","geometry":{"type":"Point","coordinates":[-52.21652759733692,-10.355842091406068]},"properties":{"Fazenda":"FE","Campo":"FE 04","produtividade":193.28079999999997,"unidade_produtividade":"sc/ha","pontos_originais":25,"ano":"2026","cultura":"Milho"}},{"type":"Feature","geometry":{"type":"Point","coordinates":[-52.21629928475215,-10.355842954267215]},"properties":{"Fazenda":"FE","Campo":"FE 04","produtividade":182.22839999999997,"unidade_produtividade":"sc/ha","pontos_originais":25,"ano":"2026","cultura":"Milho"}},{"type":"Feature","geometry":{"type":"Point","coordinates":[-52.21607097214734,-10.35584381696651]},"properties":{"Fazenda":"FE","Campo":"FE 04","produtividade":172.0864,"unidade_produtividade":"sc/ha","pontos_originais":25,"ano":"2026","cultura":"Milho"}},{"type":"Feature","geometry":{"type":"Point","coordinates":[-52.21744084747521,-10.35583863834288]},"properties":{"Fazenda":"FE","Campo":"FE 04","produtividade":198.71760000000003,"unidade_produtividade":"sc/ha","pontos_originais":25,"ano":"2026","cultura":"Milho"}},{"type":"Feature","geometry":{"type":"Point","coordinates":[-52.21721253497074,-10.355839501851465]},"properties":{"Fazenda":"FE","Campo":"FE 04","produtividade":198.05119999999997,"unidade_produtividade":"sc/ha","pontos_originais":25,"ano":"2026","cultura":"Milho"}},{"type":"Feature","geometry":{"type":"Point","coordinates":[-52.2169842224462,-10.355840365198192]},"properties":{"Fazenda":"FE","Campo":"FE 04","produtividade":197.39879999999994,"unidade_produtividade":"sc/ha","pontos_originais":25,"ano":"2026","cultura":"Milho"}},{"type":"Feature","geometry":{"type":"Point","coordinates":[-52.21515772152753,-10.355847266145098]},"properties":{"Fazenda":"FE","Campo":"FE 04","produtividade":195.21760000000003,"unidade_produtividade":"sc/ha","pontos_originais":25,"ano":"2026","cultura":"Milho"}},{"type":"Feature","geometry":{"type":"Point","coordinates":[-52.215386034212564,-10.35584640409324]},"properties":{"Fazenda":"FE","Campo":"FE 04","produtividade":191.93880000000004,"unidade_produtividade":"sc/ha","pontos_originais":25,"ano":"2026","cultura":"Milho"}},{"type":"Feature","geometry":{"type":"Point","coordinates":[-52.214929408822464,-10.355848128035099]},"properties":{"Fazenda":"FE","Campo":"FE 04","produtividade":192.69119999999998,"unidade_produtividade":"sc/ha","pontos_originais":25,"ano":"2026","cultura":"Milho"}},{"type":"Feature","geometry":{"type":"Point","coordinates":[-52.21584265952246,-10.355844679503946]},"properties":{"Fazenda":"FE","Campo":"FE 04","produtividade":172.57719999999998,"unidade_produtividade":"sc/ha","pontos_originais":25,"ano":"2026","cultura":"Milho"}},{"type":"Feature","geometry":{"type":"Point","coordinates":[-52.21561434687753,-10.355845541879521]},"properties":{"Fazenda":"FE","Campo":"FE 04","produtividade":184.01960000000003,"unidade_produtividade":"sc/ha","pontos_originais":25,"ano":"2026","cultura":"Milho"}}]}