{"type":"FeatureCollection","features":[{"type":"Feature","geometry":{"type":"Point","coordinates":[-52.298051997050806,-10.355536826761968]},"properties":{"Fazenda":"FE","Campo":"FE 05.1","produtividade":119.8720609632,"unidade_produtividade":"sc/ha","pontos_originais":25,"ano":"2026","cultura":"Milho"}},{"type":"Feature","geometry":{"type":"Point","coordinates":[-52.29782369186092,-10.35553774741612]},"properties":{"Fazenda":"FE","Campo":"FE 05.1","produtividade":114.76624440959996,"unidade_produtividade":"sc/ha","pontos_originais":25,"ano":"2026","cultura":"Milho"}},{"type":"Feature","geometry":{"type":"Point","coordinates":[-52.29759538664965,-10.355538667908434]},"properties":{"Fazenda":"FE","Campo":"FE 05.1","produtividade":121.3005743712,"unidade_produtividade":"sc/ha","pontos_originais":25,"ano":"2026","cultura":"Milho"}},{"type":"Feature","geometry":{"type":"Point","coordinates":[-52.297367081416944,-10.355539588238914]},"properties":{"Fazenda":"FE","Campo":"FE 05.1","produtividade":129.63524333759997,"unidade_produtividade":"sc/ha","pontos_originais":25,"ano":"2026","cultura":"Milho"}},{"type":"Feature","geometry":{"type":"Point","coordinates":[-52.298736912491975,-10.35553406382852]},"properties":{"Fazenda":"FE","Campo":"FE 05.1","produtividade":129.8963064672,"unidade_produtividade":"sc/ha","pontos_originais":25,"ano":"2026","cultura":"Milho"}},{"type":"Feature","geometry":{"type":"Point","coordinates":[-52.29850860736635,-10.355534984968171]},"properties":{"Fazenda":"FE","Campo":"FE 05.1","produtividade":127.13068428479997,"unidade_produtividade":"sc/ha","pontos_originais":25,"ano":"2026","cultura":"Milho"}},{"type":"Feature","geometry":{"type":"Point","coordinates":[-52.29828030221928,-10.355535905945988]},"properties":{"Fazenda":"FE","Campo":"FE 05.1","produtividade":127.02713768639997,"unidade_produtividade":"sc/ha","pontos_originais":25,"ano":"2026","cultura":"Milho"}},{"type":"Feature","geometry":{"type":"Point","coordinates":[-52.29646003612254,-10.355530912796029]},"properties":{"Fazenda":"FE","Campo":"FE 05.1","produtividade":105.81604648363637,"unidade_produtividade":"sc/ha","pontos_originais":22,"ano":"2026","cultura":"Milho"}},{"type":"Feature","geometry":{"type":"Point","coordinates":[-52.29668216559049,-10.355542348259362]},"properties":{"Fazenda":"FE","Campo":"FE 05.1","produtividade":108.91929625919998,"unidade_produtividade":"sc/ha","pontos_originais":25,"ano":"2026","cultura":"Milho"}},{"type":"Feature","geometry":{"type":"Point","coordinates":[-52.299651063851485,-10.355756428573795]},"properties":{"Fazenda":"FE","Campo":"FE 05.1","produtividade":142.3419020352,"unidade_produtividade":"sc/ha","pontos_originais":25,"ano":"2026","cultura":"Milho"}},{"type":"Feature","geometry":{"type":"Point","coordinates":[-52.29978795384587,-10.355733270327274]},"properties":{"Fazenda":"FE","Campo":"FE 05.1","produtividade":143.91232631999998,"unidade_produtividade":"sc/ha","pontos_originais":4,"ano":"2026","cultura":"Milho"}},{"type":"Feature","geometry":{"type":"Point","coordinates":[-52.299422758648106,-10.355757350381324]},"properties":{"Fazenda":"FE","Campo":"FE 05.1","produtividade":141.92101566719998,"unidade_produtividade":"sc/ha","pontos_originais":25,"ano":"2026","cultura":"Milho"}},{"type":"Feature","geometry":{"type":"Point","coordinates":[-52.29919445342329,-10.35575827202702]},"properties":{"Fazenda":"FE","Campo":"FE 05.1","produtividade":135.016546896,"unidade_produtividade":"sc/ha","pontos_originais":25,"ano":"2026","cultura":"Milho"}},{"type":"Feature","geometry":{"type":"Point","coordinates":[-52.29713877616285,-10.355540508407566]},"properties":{"Fazenda":"FE","Campo":"FE 05.1","produtividade":127.89803456639999,"unidade_produtividade":"sc/ha","pontos_originais":25,"ano":"2026","cultura":"Milho"}},{"type":"Feature","geometry":{"type":"Point","coordinates":[-52.29691047088737,-10.355541428414378]},"properties":{"Fazenda":"FE","Campo":"FE 05.1","produtividade":113.90152435200001,"unidade_produtividade":"sc/ha","pontos_originais":25,"ano":"2026","cultura":"Milho"}},{"type":"Feature","geometry":{"type":"Point","coordinates":[-52.29942182774037,-10.35553129943857]},"properties":{"Fazenda":"FE","Campo":"FE 05.1","produtividade":139.9795604928,"unidade_produtividade":"sc/ha","pontos_originais":25,"ano":"2026","cultura":"Milho"}},{"type":"Feature","geometry":{"type":"Point","coordinates":[-52.29965013278031,-10.35553037765159]},"properties":{"Fazenda":"FE","Campo":"FE 05.1","produtividade":143.7865152192,"unidade_produtividade":"sc/ha","pontos_originais":25,"ano":"2026","cultura":"Milho"}},{"type":"Feature","geometry":{"type":"Point","coordinates":[-52.299193522679,-10.35553222106372]},"properties":{"Fazenda":"FE","Campo":"FE 05.1","produtividade":133.8271859232,"unidade_produtividade":"sc/ha","pontos_originais":25,"ano":"2026","cultura":"Milho"}},{"type":"Feature","geometry":{"type":"Point","coordinates":[-52.298965217596205,-10.355533142527038]},"properties":{"Fazenda":"FE","Campo":"FE 05.1","produtividade":130.44902834880003,"unidade_produtividade":"sc/ha","pontos_originais":25,"ano":"2026","cultura":"Milho"}},{"type":"Feature","geometry":{"type":"Point","coordinates":[-52.29980994629625,-10.355529732310076]},"properties":{"Fazenda":"FE","Campo":"FE 05.1","produtividade":147.977575704,"unidade_produtividade":"sc/ha","pontos_originais":10,"ano":"2026","cultura":"Milho"}},{"type":"Feature","geometry":{"type":"Point","coordinates":[-52.29623347074692,-10.355509582471358]},"properties":{"Fazenda":"FE","Campo":"FE 05.1","produtividade":100.7241506682353,"unidade_produtividade":"sc/ha","pontos_originais":17,"ano":"2026","cultura":"Milho"}},{"type":"Feature","geometry":{"type":"Point","coordinates":[-52.298509537620305,-10.355761035993085]},"properties":{"Fazenda":"FE","Campo":"FE 05.1","produtividade":126.72950230080001,"unidade_produtividade":"sc/ha","pontos_originais":25,"ano":"2026","cultura":"Milho"}},{"type":"Feature","geometry":{"type":"Point","coordinates":[-52.298737842909375,-10.355760114832899]},"properties":{"Fazenda":"FE","Campo":"FE 05.1","produtividade":125.55655439040001,"unidade_produtividade":"sc/ha","pontos_originais":25,"ano":"2026","cultura":"Milho"}},{"type":"Feature","geometry":{"type":"Point","coordinates":[-52.2982812323098,-10.355761956991435]},"properties":{"Fazenda":"FE","Campo":"FE 05.1","produtividade":125.66912097599997,"unidade_produtividade":"sc/ha","pontos_originais":25,"ano":"2026","cultura":"Milho"}},{"type":"Feature","geometry":{"type":"Point","coordinates":[-52.29805292697786,-10.355762877827944]},"properties":{"Fazenda":"FE","Campo":"FE 05.1","produtividade":120.6500061312,"unidade_produtividade":"sc/ha","pontos_originais":25,"ano":"2026","cultura":"Milho"}},{"type":"Feature","geometry":{"type":"Point","coordinates":[-52.29896614817705,-10.355759193510877]},"properties":{"Fazenda":"FE","Campo":"FE 05.1","produtividade":124.82158268159999,"unidade_produtividade":"sc/ha","pontos_originais":25,"ano":"2026","cultura":"Milho"}},{"type":"Feature","geometry":{"type":"Point","coordinates":[-52.297147754010645,-10.355704875783864]},"properties":{"Fazenda":"FE","Campo":"FE 05.1","produtividade":121.52541652363638,"unidade_produtividade":"sc/ha","pontos_originais":11,"ano":"2026","cultura":"Milho"}},{"type":"Feature","geometry":{"type":"Point","coordinates":[-52.296926279681294,-10.355684532824398]},"properties":{"Fazenda":"FE","Campo":"FE 05.1","produtividade":106.71811667999998,"unidade_produtividade":"sc/ha","pontos_originais":6,"ano":"2026","cultura":"Milho"}},{"type":"Feature","geometry":{"type":"Point","coordinates":[-52.29782462162452,-10.355763798502617]},"properties":{"Fazenda":"FE","Campo":"FE 05.1","produtividade":112.5476184672,"unidade_produtividade":"sc/ha","pontos_originais":25,"ano":"2026","cultura":"Milho"}},{"type":"Feature","geometry":{"type":"Point","coordinates":[-52.297600594097354,-10.355747478541614]},"properties":{"Fazenda":"FE","Campo":"FE 05.1","produtividade":119.80383336000001,"unidade_produtividade":"sc/ha","pontos_originais":21,"ano":"2026","cultura":"Milho"}},{"type":"Feature","geometry":{"type":"Point","coordinates":[-52.29737355583614,-10.355726057412182]},"properties":{"Fazenda":"FE","Campo":"FE 05.1","produtividade":125.93160153,"unidade_produtividade":"sc/ha","pontos_originais":16,"ano":"2026","cultura":"Milho"}},{"type":"Feature","geometry":{"type":"Point","coordinates":[-52.296751214576375,-10.355677703038792]},"properties":{"Fazenda":"FE","Campo":"FE 05.1","produtividade":110.36018448,"unidade_produtividade":"sc/ha","pontos_originais":2,"ano":"2026","cultura":"Milho"}},{"type":"Feature","geometry":{"type":"Point","coordinates":[-52.29873868030302,-10.35596356073411]},"properties":{"Fazenda":"FE","Campo":"FE 05.1","produtividade":127.23519311999999,"unidade_produtividade":"sc/ha","pontos_originais":20,"ano":"2026","cultura":"Milho"}},{"type":"Feature","geometry":{"type":"Point","coordinates":[-52.2985102818383,-10.355941876810766]},"properties":{"Fazenda":"FE","Campo":"FE 05.1","produtividade":128.518884144,"unidade_produtividade":"sc/ha","pontos_originais":15,"ano":"2026","cultura":"Milho"}},{"type":"Feature","geometry":{"type":"Point","coordinates":[-52.29828188338513,-10.355920192721424]},"properties":{"Fazenda":"FE","Campo":"FE 05.1","produtividade":127.27639360799999,"unidade_produtividade":"sc/ha","pontos_originais":10,"ano":"2026","cultura":"Milho"}},{"type":"Feature","geometry":{"type":"Point","coordinates":[-52.29963673024637,-10.355971776625037]},"properties":{"Fazenda":"FE","Campo":"FE 05.1","produtividade":134.76149135999998,"unidade_produtividade":"sc/ha","pontos_originais":21,"ano":"2026","cultura":"Milho"}},{"type":"Feature","geometry":{"type":"Point","coordinates":[-52.2980687363067,-10.35590598211562]},"properties":{"Fazenda":"FE","Campo":"FE 05.1","produtividade":126.77455728,"unidade_produtividade":"sc/ha","pontos_originais":6,"ano":"2026","cultura":"Milho"}},{"type":"Feature","geometry":{"type":"Point","coordinates":[-52.29942368957727,-10.355983401320827]},"properties":{"Fazenda":"FE","Campo":"FE 05.1","produtividade":135.150304464,"unidade_produtividade":"sc/ha","pontos_originais":25,"ano":"2026","cultura":"Milho"}},{"type":"Feature","geometry":{"type":"Point","coordinates":[-52.299195384189005,-10.35598432298707]},"properties":{"Fazenda":"FE","Campo":"FE 05.1","produtividade":132.90364362239998,"unidade_produtividade":"sc/ha","pontos_originais":25,"ano":"2026","cultura":"Milho"}},{"type":"Feature","geometry":{"type":"Point","coordinates":[-52.29896707877933,-10.355985244491471]},"properties":{"Fazenda":"FE","Campo":"FE 05.1","produtividade":126.3494350944,"unidade_produtividade":"sc/ha","pontos_originais":25,"ano":"2026","cultura":"Milho"}},{"type":"Feature","geometry":{"type":"Point","coordinates":[-52.297916501676106,-10.355899060904186]},"properties":{"Fazenda":"FE","Campo":"FE 05.1","produtividade":122.97644856,"unidade_produtividade":"sc/ha","pontos_originais":1,"ano":"2026","cultura":"Milho"}},{"type":"Feature","geometry":{"type":"Point","coordinates":[-52.299424341239686,-10.35614163697666]},"properties":{"Fazenda":"FE","Campo":"FE 05.1","produtividade":131.471387712,"unidade_produtividade":"sc/ha","pontos_originais":10,"ano":"2026","cultura":"Milho"}},{"type":"Feature","geometry":{"type":"Point","coordinates":[-52.29919594265787,-10.35611995356167]},"properties":{"Fazenda":"FE","Campo":"FE 05.1","produtividade":131.31104918399998,"unidade_produtividade":"sc/ha","pontos_originais":5,"ano":"2026","cultura":"Milho"}},{"type":"Feature","geometry":{"type":"Point","coordinates":[-52.29958406197264,-10.35611838661747]},"properties":{"Fazenda":"FE","Campo":"FE 05.1","produtividade":131.53376376,"unidade_produtividade":"sc/ha","pontos_originais":2,"ano":"2026","cultura":"Milho"}},{"type":"Feature","geometry":{"type":"Point","coordinates":[-52.29485015706155,-10.354193393007021]},"properties":{"Fazenda":"FE","Campo":"FE 05.1","produtividade":159.2707161024,"unidade_produtividade":"sc/ha","pontos_originais":25,"ano":"2026","cultura":"Milho"}},{"type":"Feature","geometry":{"type":"Point","coordinates":[-52.29507846154882,-10.354192474579577]},"properties":{"Fazenda":"FE","Campo":"FE 05.1","produtividade":161.38758323520003,"unidade_produtividade":"sc/ha","pontos_originais":25,"ano":"2026","cultura":"Milho"}},{"type":"Feature","geometry":{"type":"Point","coordinates":[-52.294621852552936,-10.354194311272654]},"properties":{"Fazenda":"FE","Campo":"FE 05.1","produtividade":158.104901808,"unidade_produtividade":"sc/ha","pontos_originais":25,"ano":"2026","cultura":"Milho"}},{"type":"Feature","geometry":{"type":"Point","coordinates":[-52.29439354802295,-10.354195229376474]},"properties":{"Fazenda":"FE","Campo":"FE 05.1","produtividade":155.6259675264,"unidade_produtividade":"sc/ha","pontos_originais":25,"ano":"2026","cultura":"Milho"}},{"type":"Feature","geometry":{"type":"Point","coordinates":[-52.295763374882426,-10.354189718326367]},"properties":{"Fazenda":"FE","Campo":"FE 05.1","produtividade":166.36140158399994,"unidade_produtividade":"sc/ha","pontos_originais":25,"ano":"2026","cultura":"Milho"}},{"type":"Feature","geometry":{"type":"Point","coordinates":[-52.29553507045925,-10.35419063723925]},"properties":{"Fazenda":"FE","Campo":"FE 05.1","produtividade":172.75871592000004,"unidade_produtividade":"sc/ha","pontos_originais":25,"ano":"2026","cultura":"Milho"}},{"type":"Feature","geometry":{"type":"Point","coordinates":[-52.29530676601472,-10.35419155599032]},"properties":{"Fazenda":"FE","Campo":"FE 05.1","produtividade":170.1125054496,"unidade_produtividade":"sc/ha","pontos_originais":25,"ano":"2026","cultura":"Milho"}},{"type":"Feature","geometry":{"type":"Point","coordinates":[-52.29348032968961,-10.354198900173618]},"properties":{"Fazenda":"FE","Campo":"FE 05.1","produtividade":142.26263936639995,"unidade_produtividade":"sc/ha","pontos_originais":25,"ano":"2026","cultura":"Milho"}},{"type":"Feature","geometry":{"type":"Point","coordinates":[-52.29325202505294,-10.35419981746837]},"properties":{"Fazenda":"FE","Campo":"FE 05.1","produtividade":131.85021810239996,"unidade_produtividade":"sc/ha","pontos_originais":25,"ano":"2026","cultura":"Milho"}},{"type":"Feature","geometry":{"type":"Point","coordinates":[-52.29302372039493,-10.354200734601312]},"properties":{"Fazenda":"FE","Campo":"FE 05.1","produtividade":147.9842257824,"unidade_produtividade":"sc/ha","pontos_originais":25,"ano":"2026","cultura":"Milho"}},{"type":"Feature","geometry":{"type":"Point","coordinates":[-52.29279541571559,-10.354201651572435]},"properties":{"Fazenda":"FE","Campo":"FE 05.1","produtividade":141.43871488320002,"unidade_produtividade":"sc/ha","pontos_originais":25,"ano":"2026","cultura":"Milho"}},{"type":"Feature","geometry":{"type":"Point","coordinates":[-52.29416524347163,-10.354196147318481]},"properties":{"Fazenda":"FE","Campo":"FE 05.1","produtividade":148.9135904928,"unidade_produtividade":"sc/ha","pontos_originais":25,"ano":"2026","cultura":"Milho"}},{"type":"Feature","geometry":{"type":"Point","coordinates":[-52.293936938898966,-10.354197065098669]},"properties":{"Fazenda":"FE","Campo":"FE 05.1","produtividade":141.7534479648,"unidade_produtividade":"sc/ha","pontos_originais":25,"ano":"2026","cultura":"Milho"}},{"type":"Feature","geometry":{"type":"Point","coordinates":[-52.29370863430495,-10.354197982717048]},"properties":{"Fazenda":"FE","Campo":"FE 05.1","produtividade":146.95838216639996,"unidade_produtividade":"sc/ha","pontos_originais":25,"ano":"2026","cultura":"Milho"}},{"type":"Feature","geometry":{"type":"Point","coordinates":[-52.29781811372879,-10.354181440828867]},"properties":{"Fazenda":"FE","Campo":"FE 05.1","produtividade":161.70573525120003,"unidade_produtividade":"sc/ha","pontos_originais":25,"ano":"2026","cultura":"Milho"}},{"type":"Feature","geometry":{"type":"Point","coordinates":[-52.29804641793807,-10.354180520297865]},"properties":{"Fazenda":"FE","Campo":"FE 05.1","produtividade":161.8165001376,"unidade_produtividade":"sc/ha","pontos_originais":25,"ano":"2026","cultura":"Milho"}},{"type":"Feature","geometry":{"type":"Point","coordinates":[-52.29758980949809,-10.354182361198063]},"properties":{"Fazenda":"FE","Campo":"FE 05.1","produtividade":156.35910608639998,"unidade_produtividade":"sc/ha","pontos_originais":25,"ano":"2026","cultura":"Milho"}},{"type":"Feature","geometry":{"type":"Point","coordinates":[-52.29736150524601,-10.354183281405444]},"properties":{"Fazenda":"FE","Campo":"FE 05.1","produtividade":156.2640242688,"unidade_produtividade":"sc/ha","pontos_originais":25,"ano":"2026","cultura":"Milho"}},{"type":"Feature","geometry":{"type":"Point","coordinates":[-52.2985030262924,-10.354178678750419]},"properties":{"Fazenda":"FE","Campo":"FE 05.1","produtividade":174.57894074879997,"unidade_produtividade":"sc/ha","pontos_originais":25,"ano":"2026","cultura":"Milho"}},{"type":"Feature","geometry":{"type":"Point","coordinates":[-52.29873133043745,-10.35417775773398]},"properties":{"Fazenda":"FE","Campo":"FE 05.1","produtividade":174.6399578112,"unidade_produtividade":"sc/ha","pontos_originais":25,"ano":"2026","cultura":"Milho"}},{"type":"Feature","geometry":{"type":"Point","coordinates":[-52.298274722125925,-10.35417959960505]},"properties":{"Fazenda":"FE","Campo":"FE 05.1","produtividade":164.0518258176,"unidade_produtividade":"sc/ha","pontos_originais":25,"ano":"2026","cultura":"Milho"}},{"type":"Feature","geometry":{"type":"Point","coordinates":[-52.29644828802368,-10.354186960616843]},"properties":{"Fazenda":"FE","Campo":"FE 05.1","produtividade":137.43297146880002,"unidade_produtividade":"sc/ha","pontos_originais":25,"ano":"2026","cultura":"Milho"}},{"type":"Feature","geometry":{"type":"Point","coordinates":[-52.29621998366465,-10.354187880015168]},"properties":{"Fazenda":"FE","Campo":"FE 05.1","produtividade":150.00702171839998,"unidade_produtividade":"sc/ha","pontos_originais":25,"ano":"2026","cultura":"Milho"}},{"type":"Feature","geometry":{"type":"Point","coordinates":[-52.29599167928423,-10.354188799251672]},"properties":{"Fazenda":"FE","Campo":"FE 05.1","produtividade":159.6632131584,"unidade_produtividade":"sc/ha","pontos_originais":25,"ano":"2026","cultura":"Milho"}},{"type":"Feature","geometry":{"type":"Point","coordinates":[-52.29713320097251,-10.354184201451014]},"properties":{"Fazenda":"FE","Campo":"FE 05.1","produtividade":162.5681304576,"unidade_produtividade":"sc/ha","pontos_originais":25,"ano":"2026","cultura":"Milho"}},{"type":"Feature","geometry":{"type":"Point","coordinates":[-52.296904896677624,-10.354185121334769]},"properties":{"Fazenda":"FE","Campo":"FE 05.1","produtividade":160.38391279679996,"unidade_produtividade":"sc/ha","pontos_originais":25,"ano":"2026","cultura":"Milho"}},{"type":"Feature","geometry":{"type":"Point","coordinates":[-52.29667659236134,-10.354186041056714]},"properties":{"Fazenda":"FE","Campo":"FE 05.1","produtividade":143.5781979072,"unidade_produtividade":"sc/ha","pontos_originais":25,"ano":"2026","cultura":"Milho"}},{"type":"Feature","geometry":{"type":"Point","coordinates":[-52.29895963456106,-10.354176836555725]},"properties":{"Fazenda":"FE","Campo":"FE 05.1","produtividade":171.19520510399997,"unidade_produtividade":"sc/ha","pontos_originais":25,"ano":"2026","cultura":"Milho"}},{"type":"Feature","geometry":{"type":"Point","coordinates":[-52.29211050154966,-10.35420440151493]},"properties":{"Fazenda":"FE","Campo":"FE 05.1","produtividade":75.15229559039999,"unidade_produtividade":"sc/ha","pontos_originais":25,"ano":"2026","cultura":"Milho"}},{"type":"Feature","geometry":{"type":"Point","coordinates":[-52.291882196785046,-10.354205317838804]},"properties":{"Fazenda":"FE","Campo":"FE 05.1","produtividade":86.4941269248,"unidade_produtividade":"sc/ha","pontos_originais":25,"ano":"2026","cultura":"Milho"}},{"type":"Feature","geometry":{"type":"Point","coordinates":[-52.29165389199914,-10.354206234000861]},"properties":{"Fazenda":"FE","Campo":"FE 05.1","produtividade":87.73620166079999,"unidade_produtividade":"sc/ha","pontos_originais":25,"ano":"2026","cultura":"Milho"}},{"type":"Feature","geometry":{"type":"Point","coordinates":[-52.291425587191924,-10.354207150001107]},"properties":{"Fazenda":"FE","Campo":"FE 05.1","produtividade":78.33081473279998,"unidade_produtividade":"sc/ha","pontos_originais":25,"ano":"2026","cultura":"Milho"}},{"type":"Feature","geometry":{"type":"Point","coordinates":[-52.292567111014925,-10.354202568381748]},"properties":{"Fazenda":"FE","Campo":"FE 05.1","produtividade":97.09835385599999,"unidade_produtividade":"sc/ha","pontos_originais":25,"ano":"2026","cultura":"Milho"}},{"type":"Feature","geometry":{"type":"Point","coordinates":[-52.29233880629295,-10.354203485029247]},"properties":{"Fazenda":"FE","Campo":"FE 05.1","produtividade":72.30811291200001,"unidade_produtividade":"sc/ha","pontos_originais":25,"ano":"2026","cultura":"Milho"}},{"type":"Feature","geometry":{"type":"Point","coordinates":[-52.29964454680339,-10.354174072050105]},"properties":{"Fazenda":"FE","Campo":"FE 05.1","produtividade":166.4719608384,"unidade_produtividade":"sc/ha","pontos_originais":25,"ano":"2026","cultura":"Milho"}},{"type":"Feature","geometry":{"type":"Point","coordinates":[-52.29987285084128,-10.354173150224605]},"properties":{"Fazenda":"FE","Campo":"FE 05.1","produtividade":169.43544152639996,"unidade_produtividade":"sc/ha","pontos_originais":25,"ano":"2026","cultura":"Milho"}},{"type":"Feature","geometry":{"type":"Point","coordinates":[-52.29941624274406,-10.354174993713789]},"properties":{"Fazenda":"FE","Campo":"FE 05.1","produtividade":167.19633766080003,"unidade_produtividade":"sc/ha","pontos_originais":25,"ano":"2026","cultura":"Milho"}},{"type":"Feature","geometry":{"type":"Point","coordinates":[-52.29918793866327,-10.354175915215665]},"properties":{"Fazenda":"FE","Campo":"FE 05.1","produtividade":168.92550198719997,"unidade_produtividade":"sc/ha","pontos_originais":25,"ano":"2026","cultura":"Milho"}},{"type":"Feature","geometry":{"type":"Point","coordinates":[-52.29119728236342,-10.354208065839536]},"properties":{"Fazenda":"FE","Campo":"FE 05.1","produtividade":76.83489938879998,"unidade_produtividade":"sc/ha","pontos_originais":25,"ano":"2026","cultura":"Milho"}},{"type":"Feature","geometry":{"type":"Point","coordinates":[-52.290995228020904,-10.354247628600888]},"properties":{"Fazenda":"FE","Campo":"FE 05.1","produtividade":85.49102015999999,"unidade_produtividade":"sc/ha","pontos_originais":14,"ano":"2026","cultura":"Milho"}},{"type":"Feature","geometry":{"type":"Point","coordinates":[-52.30006620490561,-10.35416439099383]},"properties":{"Fazenda":"FE","Campo":"FE 05.1","produtividade":171.27346764705885,"unidade_produtividade":"sc/ha","pontos_originais":17,"ano":"2026","cultura":"Milho"}},{"type":"Feature","geometry":{"type":"Point","coordinates":[-52.29667752117941,-10.35441209226528]},"properties":{"Fazenda":"FE","Campo":"FE 05.1","produtividade":134.3043930816,"unidade_produtividade":"sc/ha","pontos_originais":25,"ano":"2026","cultura":"Milho"}},{"type":"Feature","geometry":{"type":"Point","coordinates":[-52.29644921667831,-10.354413011845915]},"properties":{"Fazenda":"FE","Campo":"FE 05.1","produtividade":125.02260126719997,"unidade_produtividade":"sc/ha","pontos_originais":25,"ano":"2026","cultura":"Milho"}},{"type":"Feature","geometry":{"type":"Point","coordinates":[-52.29622091215585,-10.354413931264736]},"properties":{"Fazenda":"FE","Campo":"FE 05.1","produtividade":136.39081276799996,"unidade_produtividade":"sc/ha","pontos_originais":25,"ano":"2026","cultura":"Milho"}},{"type":"Feature","geometry":{"type":"Point","coordinates":[-52.29599260761201,-10.354414850521735]},"properties":{"Fazenda":"FE","Campo":"FE 05.1","produtividade":149.27220786239997,"unidade_produtividade":"sc/ha","pontos_originais":25,"ano":"2026","cultura":"Milho"}},{"type":"Feature","geometry":{"type":"Point","coordinates":[-52.297362434554316,-10.35440933255248]},"properties":{"Fazenda":"FE","Campo":"FE 05.1","produtividade":149.01641556479998,"unidade_produtividade":"sc/ha","pontos_originais":25,"ano":"2026","cultura":"Milho"}},{"type":"Feature","geometry":{"type":"Point","coordinates":[-52.29759073896984,-10.354408412324583]},"properties":{"Fazenda":"FE","Campo":"FE 05.1","produtividade":151.6936280832,"unidade_produtividade":"sc/ha","pontos_originais":25,"ano":"2026","cultura":"Milho"}},{"type":"Feature","geometry":{"type":"Point","coordinates":[-52.29713413011742,-10.354410252618564]},"properties":{"Fazenda":"FE","Campo":"FE 05.1","produtividade":153.21244841279997,"unidade_produtividade":"sc/ha","pontos_originais":25,"ano":"2026","cultura":"Milho"}},{"type":"Feature","geometry":{"type":"Point","coordinates":[-52.2969058256591,-10.354411172522827]},"properties":{"Fazenda":"FE","Campo":"FE 05.1","produtividade":150.796338336,"unidade_produtividade":"sc/ha","pontos_originais":25,"ano":"2026","cultura":"Milho"}},{"type":"Feature","geometry":{"type":"Point","coordinates":[-52.29530769385223,-10.354417607321848]},"properties":{"Fazenda":"FE","Campo":"FE 05.1","produtividade":162.27235422719997,"unidade_produtividade":"sc/ha","pontos_originais":25,"ano":"2026","cultura":"Milho"}},{"type":"Feature","geometry":{"type":"Point","coordinates":[-52.2950793892229,-10.354418525931585]},"properties":{"Fazenda":"FE","Campo":"FE 05.1","produtividade":156.46589017919996,"unidade_produtividade":"sc/ha","pontos_originais":25,"ano":"2026","cultura":"Milho"}},{"type":"Feature","geometry":{"type":"Point","coordinates":[-52.29485108457222,-10.354419444379506]},"properties":{"Fazenda":"FE","Campo":"FE 05.1","produtividade":153.654623136,"unidade_produtividade":"sc/ha","pontos_originais":25,"ano":"2026","cultura":"Milho"}},{"type":"Feature","geometry":{"type":"Point","coordinates":[-52.294622779900166,-10.35442036266561]},"properties":{"Fazenda":"FE","Campo":"FE 05.1","produtividade":151.4846587968,"unidade_produtividade":"sc/ha","pontos_originais":25,"ano":"2026","cultura":"Milho"}},{"type":"Feature","geometry":{"type":"Point","coordinates":[-52.29576430304678,-10.354415769616924]},"properties":{"Fazenda":"FE","Campo":"FE 05.1","produtividade":154.05871783680004,"unidade_produtividade":"sc/ha","pontos_originais":25,"ano":"2026","cultura":"Milho"}},{"type":"Feature","geometry":{"type":"Point","coordinates":[-52.29553599846018,-10.354416688550291]},"properties":{"Fazenda":"FE","Campo":"FE 05.1","produtividade":159.85330845119998,"unidade_produtividade":"sc/ha","pontos_originais":25,"ano":"2026","cultura":"Milho"}},{"type":"Feature","geometry":{"type":"Point","coordinates":[-52.299645477745955,-10.35440012299181]},"properties":{"Fazenda":"FE","Campo":"FE 05.1","produtividade":159.0328984608,"unidade_produtividade":"sc/ha","pontos_originais":25,"ano":"2026","cultura":"Milho"}},{"type":"Feature","geometry":{"type":"Point","coordinates":[-52.29941717352319,-10.354401044676047]},"properties":{"Fazenda":"FE","Campo":"FE 05.1","produtividade":164.9148463872,"unidade_produtividade":"sc/ha","pontos_originais":25,"ano":"2026","cultura":"Milho"}},{"type":"Feature","geometry":{"type":"Point","coordinates":[-52.299188869278986,-10.354401966198468]},"properties":{"Fazenda":"FE","Campo":"FE 05.1","produtividade":172.1582366112,"unidade_produtividade":"sc/ha","pontos_originais":25,"ano":"2026","cultura":"Milho"}},{"type":"Feature","geometry":{"type":"Point","coordinates":[-52.29896056501337,-10.354402887559072]},"properties":{"Fazenda":"FE","Campo":"FE 05.1","produtividade":171.98912787839996,"unidade_produtividade":"sc/ha","pontos_originais":25,"ano":"2026","cultura":"Milho"}},{"type":"Feature","geometry":{"type":"Point","coordinates":[-52.30004496352086,-10.354387207114863]},"properties":{"Fazenda":"FE","Campo":"FE 05.1","produtividade":167.97275586,"unidade_produtividade":"sc/ha","pontos_originais":12,"ano":"2026","cultura":"Milho"}},{"type":"Feature","geometry":{"type":"Point","coordinates":[-52.29987378194727,-10.35439920114576]},"properties":{"Fazenda":"FE","Campo":"FE 05.1","produtividade":162.87963874559998,"unidade_produtividade":"sc/ha","pontos_originais":25,"ano":"2026","cultura":"Milho"}},{"type":"Feature","geometry":{"type":"Point","coordinates":[-52.298047347736656,-10.35440657138334]},"properties":{"Fazenda":"FE","Campo":"FE 05.1","produtividade":152.97871196159997,"unidade_produtividade":"sc/ha","pontos_originais":25,"ano":"2026","cultura":"Milho"}},{"type":"Feature","geometry":{"type":"Point","coordinates":[-52.29827565208798,-10.354405650669998]},"properties":{"Fazenda":"FE","Campo":"FE 05.1","produtividade":154.87352798400002,"unidade_produtividade":"sc/ha","pontos_originais":25,"ano":"2026","cultura":"Milho"}},{"type":"Feature","geometry":{"type":"Point","coordinates":[-52.29781904336395,-10.354407491934872]},"properties":{"Fazenda":"FE","Campo":"FE 05.1","produtividade":155.8622205504,"unidade_produtividade":"sc/ha","pontos_originais":25,"ano":"2026","cultura":"Milho"}},{"type":"Feature","geometry":{"type":"Point","coordinates":[-52.29873226072631,-10.35440380875786]},"properties":{"Fazenda":"FE","Campo":"FE 05.1","produtividade":169.13625422399997,"unidade_produtividade":"sc/ha","pontos_originais":25,"ano":"2026","cultura":"Milho"}},{"type":"Feature","geometry":{"type":"Point","coordinates":[-52.298503956417846,-10.354404729794837]},"properties":{"Fazenda":"FE","Campo":"FE 05.1","produtividade":165.13853166719997,"unidade_produtividade":"sc/ha","pontos_originais":25,"ano":"2026","cultura":"Milho"}},{"type":"Feature","geometry":{"type":"Point","coordinates":[-52.29096990224602,-10.354435033236195]},"properties":{"Fazenda":"FE","Campo":"FE 05.1","produtividade":90.30040185600001,"unidade_produtividade":"sc/ha","pontos_originais":25,"ano":"2026","cultura":"Milho"}},{"type":"Feature","geometry":{"type":"Point","coordinates":[-52.29165481722184,-10.354432285659648]},"properties":{"Fazenda":"FE","Campo":"FE 05.1","produtividade":91.49370672960002,"unidade_produtividade":"sc/ha","pontos_originais":25,"ano":"2026","cultura":"Milho"}},{"type":"Feature","geometry":{"type":"Point","coordinates":[-52.291426512251185,-10.354433201680314]},"properties":{"Fazenda":"FE","Campo":"FE 05.1","produtividade":83.44339960319998,"unidade_produtividade":"sc/ha","pontos_originais":25,"ano":"2026","cultura":"Milho"}},{"type":"Feature","geometry":{"type":"Point","coordinates":[-52.29119820725926,-10.354434117539165]},"properties":{"Fazenda":"FE","Campo":"FE 05.1","produtividade":83.09325185280001,"unidade_produtividade":"sc/ha","pontos_originais":25,"ano":"2026","cultura":"Milho"}},{"type":"Feature","geometry":{"type":"Point","coordinates":[-52.293709560998494,-10.354424034191863]},"properties":{"Fazenda":"FE","Campo":"FE 05.1","produtividade":130.98903431040003,"unidade_produtividade":"sc/ha","pontos_originais":25,"ano":"2026","cultura":"Milho"}},{"type":"Feature","geometry":{"type":"Point","coordinates":[-52.29393786575592,-10.354423116553026]},"properties":{"Fazenda":"FE","Campo":"FE 05.1","produtividade":127.4761599552,"unidade_produtividade":"sc/ha","pontos_originais":25,"ano":"2026","cultura":"Milho"}},{"type":"Feature","geometry":{"type":"Point","coordinates":[-52.29348125621972,-10.35442495166889]},"properties":{"Fazenda":"FE","Campo":"FE 05.1","produtividade":133.580116656,"unidade_produtividade":"sc/ha","pontos_originais":25,"ano":"2026","cultura":"Milho"}},{"type":"Feature","geometry":{"type":"Point","coordinates":[-52.293252951419625,-10.354425868984093]},"properties":{"Fazenda":"FE","Campo":"FE 05.1","produtividade":127.39741015679999,"unidade_produtividade":"sc/ha","pontos_originais":25,"ano":"2026","cultura":"Milho"}},{"type":"Feature","geometry":{"type":"Point","coordinates":[-52.29439447520677,-10.3544212807899]},"properties":{"Fazenda":"FE","Campo":"FE 05.1","produtividade":145.92735904319997,"unidade_produtividade":"sc/ha","pontos_originais":25,"ano":"2026","cultura":"Milho"}},{"type":"Feature","geometry":{"type":"Point","coordinates":[-52.29416617049202,-10.354422198752374]},"properties":{"Fazenda":"FE","Campo":"FE 05.1","produtividade":137.165361984,"unidade_produtividade":"sc/ha","pontos_originais":25,"ano":"2026","cultura":"Milho"}},{"type":"Feature","geometry":{"type":"Point","coordinates":[-52.29233973200593,-10.35442953662674]},"properties":{"Fazenda":"FE","Campo":"FE 05.1","produtividade":82.7808895872,"unidade_produtividade":"sc/ha","pontos_originais":25,"ano":"2026","cultura":"Milho"}},{"type":"Feature","geometry":{"type":"Point","coordinates":[-52.292111427099215,-10.354430453132862]},"properties":{"Fazenda":"FE","Campo":"FE 05.1","produtividade":88.973491824,"unidade_produtividade":"sc/ha","pontos_originais":25,"ano":"2026","cultura":"Milho"}},{"type":"Feature","geometry":{"type":"Point","coordinates":[-52.291883122171186,-10.354431369477162]},"properties":{"Fazenda":"FE","Campo":"FE 05.1","produtividade":95.08514581439997,"unidade_produtividade":"sc/ha","pontos_originais":25,"ano":"2026","cultura":"Milho"}},{"type":"Feature","geometry":{"type":"Point","coordinates":[-52.29302464659818,-10.354426786137479]},"properties":{"Fazenda":"FE","Campo":"FE 05.1","produtividade":129.51532359359996,"unidade_produtividade":"sc/ha","pontos_originais":25,"ano":"2026","cultura":"Milho"}},{"type":"Feature","geometry":{"type":"Point","coordinates":[-52.29279634175543,-10.354427703129051]},"properties":{"Fazenda":"FE","Campo":"FE 05.1","produtividade":118.679005872,"unidade_produtividade":"sc/ha","pontos_originais":25,"ano":"2026","cultura":"Milho"}},{"type":"Feature","geometry":{"type":"Point","coordinates":[-52.29256803689133,-10.354428619958805]},"properties":{"Fazenda":"FE","Campo":"FE 05.1","produtividade":93.29384494080001,"unidade_produtividade":"sc/ha","pontos_originais":25,"ano":"2026","cultura":"Milho"}},{"type":"Feature","geometry":{"type":"Point","coordinates":[-52.297132271849016,-10.353958150280206]},"properties":{"Fazenda":"FE","Campo":"FE 05.1","produtividade":170.1755570592,"unidade_produtividade":"sc/ha","pontos_originais":25,"ano":"2026","cultura":"Milho"}},{"type":"Feature","geometry":{"type":"Point","coordinates":[-52.297360575959075,-10.353957230255155]},"properties":{"Fazenda":"FE","Campo":"FE 05.1","produtividade":164.45422103039996,"unidade_produtividade":"sc/ha","pontos_originais":25,"ano":"2026","cultura":"Milho"}},{"type":"Feature","geometry":{"type":"Point","coordinates":[-52.29690396771753,-10.35395907014346]},"properties":{"Fazenda":"FE","Campo":"FE 05.1","produtividade":164.1458570976,"unidade_produtividade":"sc/ha","pontos_originais":25,"ano":"2026","cultura":"Milho"}},{"type":"Feature","geometry":{"type":"Point","coordinates":[-52.29667566356469,-10.353959989844896]},"properties":{"Fazenda":"FE","Campo":"FE 05.1","produtividade":156.57945407999998,"unidade_produtividade":"sc/ha","pontos_originais":25,"ano":"2026","cultura":"Milho"}},{"type":"Feature","geometry":{"type":"Point","coordinates":[-52.29804548816089,-10.353954469209135]},"properties":{"Fazenda":"FE","Campo":"FE 05.1","produtividade":168.11070272639998,"unidade_produtividade":"sc/ha","pontos_originais":25,"ano":"2026","cultura":"Milho"}},{"type":"Feature","geometry":{"type":"Point","coordinates":[-52.29781718411501,-10.353955389719617]},"properties":{"Fazenda":"FE","Campo":"FE 05.1","produtividade":165.80980765439992,"unidade_produtividade":"sc/ha","pontos_originais":25,"ano":"2026","cultura":"Milho"}},{"type":"Feature","geometry":{"type":"Point","coordinates":[-52.29758888004773,-10.353956310068293]},"properties":{"Fazenda":"FE","Campo":"FE 05.1","produtividade":158.61829112639998,"unidade_produtividade":"sc/ha","pontos_originais":25,"ano":"2026","cultura":"Milho"}},{"type":"Feature","geometry":{"type":"Point","coordinates":[-52.295762446739445,-10.353963667032563]},"properties":{"Fazenda":"FE","Campo":"FE 05.1","produtividade":171.0637197696,"unidade_produtividade":"sc/ha","pontos_originais":25,"ano":"2026","cultura":"Milho"}},{"type":"Feature","geometry":{"type":"Point","coordinates":[-52.29553414247969,-10.353964585924958]},"properties":{"Fazenda":"FE","Campo":"FE 05.1","produtividade":178.15080729599995,"unidade_produtividade":"sc/ha","pontos_originais":25,"ano":"2026","cultura":"Milho"}},{"type":"Feature","geometry":{"type":"Point","coordinates":[-52.29530583819858,-10.353965504655548]},"properties":{"Fazenda":"FE","Campo":"FE 05.1","produtividade":171.31831395839995,"unidade_produtividade":"sc/ha","pontos_originais":25,"ano":"2026","cultura":"Milho"}},{"type":"Feature","geometry":{"type":"Point","coordinates":[-52.29507753389609,-10.35396642322432]},"properties":{"Fazenda":"FE","Campo":"FE 05.1","produtividade":163.70128797119997,"unidade_produtividade":"sc/ha","pontos_originais":25,"ano":"2026","cultura":"Milho"}},{"type":"Feature","geometry":{"type":"Point","coordinates":[-52.29644735939044,-10.353960909384526]},"properties":{"Fazenda":"FE","Campo":"FE 05.1","produtividade":160.4284188192,"unidade_produtividade":"sc/ha","pontos_originais":25,"ano":"2026","cultura":"Milho"}},{"type":"Feature","geometry":{"type":"Point","coordinates":[-52.29621905519482,-10.35396182876235]},"properties":{"Fazenda":"FE","Campo":"FE 05.1","produtividade":167.3791457184,"unidade_produtividade":"sc/ha","pontos_originais":25,"ano":"2026","cultura":"Milho"}},{"type":"Feature","geometry":{"type":"Point","coordinates":[-52.295990750977815,-10.35396274797836]},"properties":{"Fazenda":"FE","Campo":"FE 05.1","produtividade":165.897822384,"unidade_produtividade":"sc/ha","pontos_originais":25,"ano":"2026","cultura":"Milho"}},{"type":"Feature","geometry":{"type":"Point","coordinates":[-52.300087745273906,-10.353940062603366]},"properties":{"Fazenda":"FE","Campo":"FE 05.1","produtividade":167.11262682545453,"unidade_produtividade":"sc/ha","pontos_originais":22,"ano":"2026","cultura":"Milho"}},{"type":"Feature","geometry":{"type":"Point","coordinates":[-52.291659243750765,-10.35399248744619]},"properties":{"Fazenda":"FE","Campo":"FE 05.1","produtividade":88.23089474181816,"unidade_produtividade":"sc/ha","pontos_originais":22,"ano":"2026","cultura":"Milho"}},{"type":"Feature","geometry":{"type":"Point","coordinates":[-52.29987191975673,-10.353947099300202]},"properties":{"Fazenda":"FE","Campo":"FE 05.1","produtividade":168.5496006432,"unidade_produtividade":"sc/ha","pontos_originais":25,"ano":"2026","cultura":"Milho"}},{"type":"Feature","geometry":{"type":"Point","coordinates":[-52.29964361588226,-10.353948021105147]},"properties":{"Fazenda":"FE","Campo":"FE 05.1","produtividade":168.2882526528,"unidade_produtividade":"sc/ha","pontos_originais":25,"ano":"2026","cultura":"Milho"}},{"type":"Feature","geometry":{"type":"Point","coordinates":[-52.29233788060129,-10.353977433428504]},"properties":{"Fazenda":"FE","Campo":"FE 05.1","produtividade":67.63527328320001,"unidade_produtividade":"sc/ha","pontos_originais":25,"ano":"2026","cultura":"Milho"}},{"type":"Feature","geometry":{"type":"Point","coordinates":[-52.292109576021396,-10.353978349893755]},"properties":{"Fazenda":"FE","Campo":"FE 05.1","produtividade":73.22422645440001,"unidade_produtividade":"sc/ha","pontos_originais":25,"ano":"2026","cultura":"Milho"}},{"type":"Feature","geometry":{"type":"Point","coordinates":[-52.29188127142022,-10.353979266197191]},"properties":{"Fazenda":"FE","Campo":"FE 05.1","produtividade":83.69521715519998,"unidade_produtividade":"sc/ha","pontos_originais":25,"ano":"2026","cultura":"Milho"}},{"type":"Feature","geometry":{"type":"Point","coordinates":[-52.29873040017,-10.353951706706846]},"properties":{"Fazenda":"FE","Campo":"FE 05.1","produtividade":173.58319319040004,"unidade_produtividade":"sc/ha","pontos_originais":25,"ano":"2026","cultura":"Milho"}},{"type":"Feature","geometry":{"type":"Point","coordinates":[-52.298502096188386,-10.35395262770275]},"properties":{"Fazenda":"FE","Campo":"FE 05.1","produtividade":173.430984384,"unidade_produtividade":"sc/ha","pontos_originais":25,"ano":"2026","cultura":"Milho"}},{"type":"Feature","geometry":{"type":"Point","coordinates":[-52.298273792185334,-10.353953548536849]},"properties":{"Fazenda":"FE","Campo":"FE 05.1","produtividade":167.20840644479998,"unidade_produtividade":"sc/ha","pontos_originais":25,"ano":"2026","cultura":"Milho"}},{"type":"Feature","geometry":{"type":"Point","coordinates":[-52.299415311986316,-10.353948942748284]},"properties":{"Fazenda":"FE","Campo":"FE 05.1","produtividade":167.6226037248,"unidade_produtividade":"sc/ha","pontos_originais":25,"ano":"2026","cultura":"Milho"}},{"type":"Feature","geometry":{"type":"Point","coordinates":[-52.299187008068984,-10.353949864229612]},"properties":{"Fazenda":"FE","Campo":"FE 05.1","produtividade":166.6426130208,"unidade_produtividade":"sc/ha","pontos_originais":25,"ano":"2026","cultura":"Milho"}},{"type":"Feature","geometry":{"type":"Point","coordinates":[-52.2989587041302,-10.353950785549133]},"properties":{"Fazenda":"FE","Campo":"FE 05.1","produtividade":167.96111693760005,"unidade_produtividade":"sc/ha","pontos_originais":25,"ano":"2026","cultura":"Milho"}},{"type":"Feature","geometry":{"type":"Point","coordinates":[-52.29143701107296,-10.354023245785193]},"properties":{"Fazenda":"FE","Campo":"FE 05.1","produtividade":82.88149161599999,"unidade_produtividade":"sc/ha","pontos_originais":15,"ano":"2026","cultura":"Milho"}},{"type":"Feature","geometry":{"type":"Point","coordinates":[-52.29439262086052,-10.353969177959794]},"properties":{"Fazenda":"FE","Campo":"FE 05.1","produtividade":167.59880424000002,"unidade_produtividade":"sc/ha","pontos_originais":25,"ano":"2026","cultura":"Milho"}},{"type":"Feature","geometry":{"type":"Point","coordinates":[-52.29416431647259,-10.353970095881333]},"properties":{"Fazenda":"FE","Campo":"FE 05.1","produtividade":161.61165740159998,"unidade_produtividade":"sc/ha","pontos_originais":25,"ano":"2026","cultura":"Milho"}},{"type":"Feature","geometry":{"type":"Point","coordinates":[-52.29393601206335,-10.353971013641063]},"properties":{"Fazenda":"FE","Campo":"FE 05.1","produtividade":157.4199785088,"unidade_produtividade":"sc/ha","pontos_originais":25,"ano":"2026","cultura":"Milho"}},{"type":"Feature","geometry":{"type":"Point","coordinates":[-52.29370770763276,-10.353971931238984]},"properties":{"Fazenda":"FE","Campo":"FE 05.1","produtividade":160.2881245728,"unidade_produtividade":"sc/ha","pontos_originais":25,"ano":"2026","cultura":"Milho"}},{"type":"Feature","geometry":{"type":"Point","coordinates":[-52.294849229572264,-10.353967341631288]},"properties":{"Fazenda":"FE","Campo":"FE 05.1","produtividade":162.6730160832,"unidade_produtividade":"sc/ha","pontos_originais":25,"ano":"2026","cultura":"Milho"}},{"type":"Feature","geometry":{"type":"Point","coordinates":[-52.29462092522704,-10.353968259876444]},"properties":{"Fazenda":"FE","Campo":"FE 05.1","produtividade":164.82417719039998,"unidade_produtividade":"sc/ha","pontos_originais":25,"ano":"2026","cultura":"Milho"}},{"type":"Feature","geometry":{"type":"Point","coordinates":[-52.29279448969708,-10.353975600012568]},"properties":{"Fazenda":"FE","Campo":"FE 05.1","produtividade":136.40925795839996,"unidade_produtividade":"sc/ha","pontos_originais":25,"ano":"2026","cultura":"Milho"}},{"type":"Feature","geometry":{"type":"Point","coordinates":[-52.293022794212995,-10.353974683061885]},"properties":{"Fazenda":"FE","Campo":"FE 05.1","produtividade":147.8111912928,"unidade_produtividade":"sc/ha","pontos_originais":25,"ano":"2026","cultura":"Milho"}},{"type":"Feature","geometry":{"type":"Point","coordinates":[-52.29256618515985,-10.35397651680144]},"properties":{"Fazenda":"FE","Campo":"FE 05.1","produtividade":87.2048304288,"unidade_produtividade":"sc/ha","pontos_originais":25,"ano":"2026","cultura":"Milho"}},{"type":"Feature","geometry":{"type":"Point","coordinates":[-52.29347940318085,-10.353972848675095]},"properties":{"Fazenda":"FE","Campo":"FE 05.1","produtividade":142.19422922880003,"unidade_produtividade":"sc/ha","pontos_originais":25,"ano":"2026","cultura":"Milho"}},{"type":"Feature","geometry":{"type":"Point","coordinates":[-52.29325109870758,-10.353973765949394]},"properties":{"Fazenda":"FE","Campo":"FE 05.1","produtividade":128.0081347776,"unidade_produtividade":"sc/ha","pontos_originais":25,"ano":"2026","cultura":"Milho"}},{"type":"Feature","geometry":{"type":"Point","coordinates":[-52.291253757373646,-10.354060903296435]},"properties":{"Fazenda":"FE","Campo":"FE 05.1","produtividade":78.40381122,"unidade_produtividade":"sc/ha","pontos_originais":4,"ano":"2026","cultura":"Milho"}},{"type":"Feature","geometry":{"type":"Point","coordinates":[-52.29530491040379,-10.35373945331752]},"properties":{"Fazenda":"FE","Campo":"FE 05.1","produtividade":171.147093264,"unidade_produtividade":"sc/ha","pontos_originais":25,"ano":"2026","cultura":"Milho"}},{"type":"Feature","geometry":{"type":"Point","coordinates":[-52.29507660626473,-10.353740371865813]},"properties":{"Fazenda":"FE","Campo":"FE 05.1","produtividade":164.34125951039996,"unidade_produtividade":"sc/ha","pontos_originais":25,"ano":"2026","cultura":"Milho"}},{"type":"Feature","geometry":{"type":"Point","coordinates":[-52.29484830210429,-10.353741290252303]},"properties":{"Fazenda":"FE","Campo":"FE 05.1","produtividade":162.7793792352,"unidade_produtividade":"sc/ha","pontos_originais":25,"ano":"2026","cultura":"Milho"}},{"type":"Feature","geometry":{"type":"Point","coordinates":[-52.29461999792252,-10.353742208476987]},"properties":{"Fazenda":"FE","Campo":"FE 05.1","produtividade":166.5106220736,"unidade_produtividade":"sc/ha","pontos_originais":25,"ano":"2026","cultura":"Milho"}},{"type":"Feature","geometry":{"type":"Point","coordinates":[-52.29598982269278,-10.353736696701798]},"properties":{"Fazenda":"FE","Campo":"FE 05.1","produtividade":162.363386304,"unidade_produtividade":"sc/ha","pontos_originais":25,"ano":"2026","cultura":"Milho"}},{"type":"Feature","geometry":{"type":"Point","coordinates":[-52.29576151861784,-10.353737615735511]},"properties":{"Fazenda":"FE","Campo":"FE 05.1","produtividade":168.83440398719995,"unidade_produtividade":"sc/ha","pontos_originais":25,"ano":"2026","cultura":"Milho"}},{"type":"Feature","geometry":{"type":"Point","coordinates":[-52.29553321452151,-10.35373853460742]},"properties":{"Fazenda":"FE","Campo":"FE 05.1","produtividade":178.91384414399997,"unidade_produtividade":"sc/ha","pontos_originais":25,"ano":"2026","cultura":"Milho"}},{"type":"Feature","geometry":{"type":"Point","coordinates":[-52.29370678098189,-10.35374587975767]},"properties":{"Fazenda":"FE","Campo":"FE 05.1","produtividade":166.26559642559997,"unidade_produtividade":"sc/ha","pontos_originais":25,"ano":"2026","cultura":"Milho"}},{"type":"Feature","geometry":{"type":"Point","coordinates":[-52.29393508524906,-10.353744962180208]},"properties":{"Fazenda":"FE","Campo":"FE 05.1","produtividade":167.31853447679998,"unidade_produtividade":"sc/ha","pontos_originais":25,"ano":"2026","cultura":"Milho"}},{"type":"Feature","geometry":{"type":"Point","coordinates":[-52.2934784766934,-10.353746797173326]},"properties":{"Fazenda":"FE","Campo":"FE 05.1","produtividade":139.71337349759997,"unidade_produtividade":"sc/ha","pontos_originais":25,"ano":"2026","cultura":"Milho"}},{"type":"Feature","geometry":{"type":"Point","coordinates":[-52.29325017238356,-10.353747714427175]},"properties":{"Fazenda":"FE","Campo":"FE 05.1","produtividade":124.0474870656,"unidade_produtividade":"sc/ha","pontos_originais":25,"ano":"2026","cultura":"Milho"}},{"type":"Feature","geometry":{"type":"Point","coordinates":[-52.29439169371939,-10.353743126539868]},"properties":{"Fazenda":"FE","Campo":"FE 05.1","produtividade":171.25493152319996,"unidade_produtividade":"sc/ha","pontos_originais":25,"ano":"2026","cultura":"Milho"}},{"type":"Feature","geometry":{"type":"Point","coordinates":[-52.2941633894949,-10.353744044440939]},"properties":{"Fazenda":"FE","Campo":"FE 05.1","produtividade":167.85639823680006,"unidade_produtividade":"sc/ha","pontos_originais":25,"ano":"2026","cultura":"Milho"}},{"type":"Feature","geometry":{"type":"Point","coordinates":[-52.29827286226613,-10.3537274974654]},"properties":{"Fazenda":"FE","Campo":"FE 05.1","produtividade":168.6351695616,"unidade_produtividade":"sc/ha","pontos_originais":25,"ano":"2026","cultura":"Milho"}},{"type":"Feature","geometry":{"type":"Point","coordinates":[-52.29804455840509,-10.353728418117164]},"properties":{"Fazenda":"FE","Campo":"FE 05.1","produtividade":169.30707393600002,"unidade_produtividade":"sc/ha","pontos_originais":25,"ano":"2026","cultura":"Milho"}},{"type":"Feature","geometry":{"type":"Point","coordinates":[-52.297816254522644,-10.353729338607117]},"properties":{"Fazenda":"FE","Campo":"FE 05.1","produtividade":165.49152439679995,"unidade_produtividade":"sc/ha","pontos_originais":25,"ano":"2026","cultura":"Milho"}},{"type":"Feature","geometry":{"type":"Point","coordinates":[-52.2975879506188,-10.353730258935272]},"properties":{"Fazenda":"FE","Campo":"FE 05.1","produtividade":158.8367624256,"unidade_produtividade":"sc/ha","pontos_originais":25,"ano":"2026","cultura":"Milho"}},{"type":"Feature","geometry":{"type":"Point","coordinates":[-52.29895777372075,-10.353724734539288]},"properties":{"Fazenda":"FE","Campo":"FE 05.1","produtividade":169.37595521279997,"unidade_produtividade":"sc/ha","pontos_originais":25,"ano":"2026","cultura":"Milho"}},{"type":"Feature","geometry":{"type":"Point","coordinates":[-52.29872946992396,-10.353725655676465]},"properties":{"Fazenda":"FE","Campo":"FE 05.1","produtividade":173.7569752128,"unidade_produtividade":"sc/ha","pontos_originais":25,"ano":"2026","cultura":"Milho"}},{"type":"Feature","geometry":{"type":"Point","coordinates":[-52.298501166105744,-10.353726576651834]},"properties":{"Fazenda":"FE","Campo":"FE 05.1","produtividade":171.9628692768,"unidade_produtividade":"sc/ha","pontos_originais":25,"ano":"2026","cultura":"Milho"}},{"type":"Feature","geometry":{"type":"Point","coordinates":[-52.296674734789406,-10.353733938629832]},"properties":{"Fazenda":"FE","Campo":"FE 05.1","produtividade":164.18140784640002,"unidade_produtividade":"sc/ha","pontos_originais":25,"ano":"2026","cultura":"Milho"}},{"type":"Feature","geometry":{"type":"Point","coordinates":[-52.29690303877884,-10.3537330189489]},"properties":{"Fazenda":"FE","Campo":"FE 05.1","produtividade":163.077936336,"unidade_produtividade":"sc/ha","pontos_originais":25,"ano":"2026","cultura":"Milho"}},{"type":"Feature","geometry":{"type":"Point","coordinates":[-52.29644643077858,-10.353734858148957]},"properties":{"Fazenda":"FE","Campo":"FE 05.1","produtividade":171.43293746879996,"unidade_produtividade":"sc/ha","pontos_originais":25,"ano":"2026","cultura":"Milho"}},{"type":"Feature","geometry":{"type":"Point","coordinates":[-52.29621812674637,-10.35373577750628]},"properties":{"Fazenda":"FE","Campo":"FE 05.1","produtividade":169.93010865600002,"unidade_produtividade":"sc/ha","pontos_originais":25,"ano":"2026","cultura":"Milho"}},{"type":"Feature","geometry":{"type":"Point","coordinates":[-52.29735964669353,-10.353731179101619]},"properties":{"Fazenda":"FE","Campo":"FE 05.1","produtividade":167.25142223999995,"unidade_produtividade":"sc/ha","pontos_originais":25,"ano":"2026","cultura":"Milho"}},{"type":"Feature","geometry":{"type":"Point","coordinates":[-52.29713134274689,-10.353732099106162]},"properties":{"Fazenda":"FE","Campo":"FE 05.1","produtividade":170.84711609279998,"unidade_produtividade":"sc/ha","pontos_originais":25,"ano":"2026","cultura":"Milho"}},{"type":"Feature","geometry":{"type":"Point","coordinates":[-52.29234492009975,-10.353757246944543]},"properties":{"Fazenda":"FE","Campo":"FE 05.1","produtividade":79.61796447652173,"unidade_produtividade":"sc/ha","pontos_originais":23,"ano":"2026","cultura":"Milho"}},{"type":"Feature","geometry":{"type":"Point","coordinates":[-52.300099292383244,-10.353720126426351]},"properties":{"Fazenda":"FE","Campo":"FE 05.1","produtividade":165.34069332480001,"unidade_produtividade":"sc/ha","pontos_originais":25,"ano":"2026","cultura":"Milho"}},{"type":"Feature","geometry":{"type":"Point","coordinates":[-52.30023608832469,-10.353674363008185]},"properties":{"Fazenda":"FE","Campo":"FE 05.1","produtividade":165.3602076,"unidade_produtividade":"sc/ha","pontos_originais":3,"ano":"2026","cultura":"Milho"}},{"type":"Feature","geometry":{"type":"Point","coordinates":[-52.29987098869363,-10.353721048372547]},"properties":{"Fazenda":"FE","Campo":"FE 05.1","produtividade":166.51902456,"unidade_produtividade":"sc/ha","pontos_originais":25,"ano":"2026","cultura":"Milho"}},{"type":"Feature","geometry":{"type":"Point","coordinates":[-52.299642684982565,-10.35372197015694]},"properties":{"Fazenda":"FE","Campo":"FE 05.1","produtividade":167.45989679999994,"unidade_produtividade":"sc/ha","pontos_originais":25,"ano":"2026","cultura":"Milho"}},{"type":"Feature","geometry":{"type":"Point","coordinates":[-52.29302186805239,-10.353748631519217]},"properties":{"Fazenda":"FE","Campo":"FE 05.1","produtividade":138.19441104,"unidade_produtividade":"sc/ha","pontos_originais":25,"ano":"2026","cultura":"Milho"}},{"type":"Feature","geometry":{"type":"Point","coordinates":[-52.29279356369988,-10.353749548449455]},"properties":{"Fazenda":"FE","Campo":"FE 05.1","produtividade":123.19567464959997,"unidade_produtividade":"sc/ha","pontos_originais":25,"ano":"2026","cultura":"Milho"}},{"type":"Feature","geometry":{"type":"Point","coordinates":[-52.292565259326075,-10.353750465217884]},"properties":{"Fazenda":"FE","Campo":"FE 05.1","produtividade":84.61459843199998,"unidade_produtividade":"sc/ha","pontos_originais":25,"ano":"2026","cultura":"Milho"}},{"type":"Feature","geometry":{"type":"Point","coordinates":[-52.29941438125006,-10.353722891779526]},"properties":{"Fazenda":"FE","Campo":"FE 05.1","produtividade":167.6219487264,"unidade_produtividade":"sc/ha","pontos_originais":25,"ano":"2026","cultura":"Milho"}},{"type":"Feature","geometry":{"type":"Point","coordinates":[-52.299186077496124,-10.353723813240313]},"properties":{"Fazenda":"FE","Campo":"FE 05.1","produtividade":167.55873079679998,"unidade_produtividade":"sc/ha","pontos_originais":25,"ano":"2026","cultura":"Milho"}},{"type":"Feature","geometry":{"type":"Point","coordinates":[-52.29210902071384,-10.35384271891962]},"properties":{"Fazenda":"FE","Campo":"FE 05.1","produtividade":81.49667299199999,"unidade_produtividade":"sc/ha","pontos_originais":5,"ano":"2026","cultura":"Milho"}},{"type":"Feature","geometry":{"type":"Point","coordinates":[-52.29416153560355,-10.353291941550406]},"properties":{"Fazenda":"FE","Campo":"FE 05.1","produtividade":165.42949248000002,"unidade_produtividade":"sc/ha","pontos_originais":25,"ano":"2026","cultura":"Milho"}},{"type":"Feature","geometry":{"type":"Point","coordinates":[-52.29393323168454,-10.353292859248747]},"properties":{"Fazenda":"FE","Campo":"FE 05.1","produtividade":163.30883022720002,"unidade_produtividade":"sc/ha","pontos_originais":25,"ano":"2026","cultura":"Milho"}},{"type":"Feature","geometry":{"type":"Point","coordinates":[-52.293704927744194,-10.353293776785295]},"properties":{"Fazenda":"FE","Campo":"FE 05.1","produtividade":163.1780011008,"unidade_produtividade":"sc/ha","pontos_originais":25,"ano":"2026","cultura":"Milho"}},{"type":"Feature","geometry":{"type":"Point","coordinates":[-52.293476623782524,-10.353294694160038]},"properties":{"Fazenda":"FE","Campo":"FE 05.1","produtividade":145.77604473600002,"unidade_produtividade":"sc/ha","pontos_originais":25,"ano":"2026","cultura":"Milho"}},{"type":"Feature","geometry":{"type":"Point","coordinates":[-52.29484644723249,-10.353289187484588]},"properties":{"Fazenda":"FE","Campo":"FE 05.1","produtividade":166.9167646272,"unidade_produtividade":"sc/ha","pontos_originais":25,"ano":"2026","cultura":"Milho"}},{"type":"Feature","geometry":{"type":"Point","coordinates":[-52.295074751066075,-10.353288269139052]},"properties":{"Fazenda":"FE","Campo":"FE 05.1","produtividade":165.64526697600002,"unidade_produtividade":"sc/ha","pontos_originais":25,"ano":"2026","cultura":"Milho"}},{"type":"Feature","geometry":{"type":"Point","coordinates":[-52.29461814337751,-10.353290105668325]},"properties":{"Fazenda":"FE","Campo":"FE 05.1","produtividade":171.58677379199997,"unidade_produtividade":"sc/ha","pontos_originais":25,"ano":"2026","cultura":"Milho"}},{"type":"Feature","geometry":{"type":"Point","coordinates":[-52.2943898395012,-10.353291023690264]},"properties":{"Fazenda":"FE","Campo":"FE 05.1","produtividade":169.23527328959997,"unidade_produtividade":"sc/ha","pontos_originais":25,"ano":"2026","cultura":"Milho"}},{"type":"Feature","geometry":{"type":"Point","coordinates":[-52.29279171176949,-10.353297445313476]},"properties":{"Fazenda":"FE","Campo":"FE 05.1","produtividade":106.791568128,"unidade_produtividade":"sc/ha","pontos_originais":25,"ano":"2026","cultura":"Milho"}},{"type":"Feature","geometry":{"type":"Point","coordinates":[-52.29256340772249,-10.353298362041025]},"properties":{"Fazenda":"FE","Campo":"FE 05.1","produtividade":119.78350735679999,"unidade_produtividade":"sc/ha","pontos_originais":25,"ano":"2026","cultura":"Milho"}},{"type":"Feature","geometry":{"type":"Point","coordinates":[-52.300252396197564,-10.353476499313285]},"properties":{"Fazenda":"FE","Campo":"FE 05.1","produtividade":163.40363171999996,"unidade_produtividade":"sc/ha","pontos_originais":8,"ano":"2026","cultura":"Milho"}},{"type":"Feature","geometry":{"type":"Point","coordinates":[-52.29241135929047,-10.353336648376331]},"properties":{"Fazenda":"FE","Campo":"FE 05.1","produtividade":133.98791364,"unidade_produtividade":"sc/ha","pontos_originais":6,"ano":"2026","cultura":"Milho"}},{"type":"Feature","geometry":{"type":"Point","coordinates":[-52.30009836117817,-10.353494075516]},"properties":{"Fazenda":"FE","Campo":"FE 05.1","produtividade":163.66145826239998,"unidade_produtividade":"sc/ha","pontos_originais":25,"ano":"2026","cultura":"Milho"}},{"type":"Feature","geometry":{"type":"Point","coordinates":[-52.293248319799496,-10.35329561137298]},"properties":{"Fazenda":"FE","Campo":"FE 05.1","produtividade":131.58686096639997,"unidade_produtividade":"sc/ha","pontos_originais":25,"ano":"2026","cultura":"Milho"}},{"type":"Feature","geometry":{"type":"Point","coordinates":[-52.29302001579516,-10.353296528424128]},"properties":{"Fazenda":"FE","Campo":"FE 05.1","produtividade":119.01239159039999,"unidade_produtividade":"sc/ha","pontos_originais":25,"ano":"2026","cultura":"Milho"}},{"type":"Feature","geometry":{"type":"Point","coordinates":[-52.29712948460684,-10.353279996748313]},"properties":{"Fazenda":"FE","Campo":"FE 05.1","produtividade":171.27544996799995,"unidade_produtividade":"sc/ha","pontos_originais":25,"ano":"2026","cultura":"Milho"}},{"type":"Feature","geometry":{"type":"Point","coordinates":[-52.2969011809656,-10.353280916550029]},"properties":{"Fazenda":"FE","Campo":"FE 05.1","produtividade":167.60833891199994,"unidade_produtividade":"sc/ha","pontos_originais":25,"ano":"2026","cultura":"Milho"}},{"type":"Feature","geometry":{"type":"Point","coordinates":[-52.29667287730299,-10.353281836189948]},"properties":{"Fazenda":"FE","Campo":"FE 05.1","produtividade":168.3434049696,"unidade_produtividade":"sc/ha","pontos_originais":25,"ano":"2026","cultura":"Milho"}},{"type":"Feature","geometry":{"type":"Point","coordinates":[-52.296444573619,-10.353282755668074]},"properties":{"Fazenda":"FE","Campo":"FE 05.1","produtividade":169.5886107552,"unidade_produtividade":"sc/ha","pontos_originais":25,"ano":"2026","cultura":"Milho"}},{"type":"Feature","geometry":{"type":"Point","coordinates":[-52.29781439540213,-10.353277236372369]},"properties":{"Fazenda":"FE","Campo":"FE 05.1","produtividade":170.08066998719994,"unidade_produtividade":"sc/ha","pontos_originais":25,"ano":"2026","cultura":"Milho"}},{"type":"Feature","geometry":{"type":"Point","coordinates":[-52.297586091825124,-10.353278156659483]},"properties":{"Fazenda":"FE","Campo":"FE 05.1","produtividade":164.7166655232,"unidade_produtividade":"sc/ha","pontos_originais":25,"ano":"2026","cultura":"Milho"}},{"type":"Feature","geometry":{"type":"Point","coordinates":[-52.29735778822666,-10.353279076784794]},"properties":{"Fazenda":"FE","Campo":"FE 05.1","produtividade":167.53164180480002,"unidade_produtividade":"sc/ha","pontos_originais":25,"ano":"2026","cultura":"Milho"}},{"type":"Feature","geometry":{"type":"Point","coordinates":[-52.295531358669194,-10.353286431962585]},"properties":{"Fazenda":"FE","Campo":"FE 05.1","produtividade":175.60424609280003,"unidade_produtividade":"sc/ha","pontos_originais":25,"ano":"2026","cultura":"Milho"}},{"type":"Feature","geometry":{"type":"Point","coordinates":[-52.29575966243871,-10.353285513131654]},"properties":{"Fazenda":"FE","Campo":"FE 05.1","produtividade":171.67802359680002,"unidade_produtividade":"sc/ha","pontos_originais":25,"ano":"2026","cultura":"Milho"}},{"type":"Feature","geometry":{"type":"Point","coordinates":[-52.295303054878325,-10.353287350631717]},"properties":{"Fazenda":"FE","Campo":"FE 05.1","produtividade":169.89688094399997,"unidade_produtividade":"sc/ha","pontos_originais":25,"ano":"2026","cultura":"Milho"}},{"type":"Feature","geometry":{"type":"Point","coordinates":[-52.29621626991363,-10.353283674984395]},"properties":{"Fazenda":"FE","Campo":"FE 05.1","produtividade":165.7871173728,"unidade_produtividade":"sc/ha","pontos_originais":25,"ano":"2026","cultura":"Milho"}},{"type":"Feature","geometry":{"type":"Point","coordinates":[-52.29598796618684,-10.353284594138925]},"properties":{"Fazenda":"FE","Campo":"FE 05.1","produtividade":165.42959711039998,"unidade_produtividade":"sc/ha","pontos_originais":25,"ano":"2026","cultura":"Milho"}},{"type":"Feature","geometry":{"type":"Point","coordinates":[-52.2962171983193,-10.353509726246964]},"properties":{"Fazenda":"FE","Campo":"FE 05.1","produtividade":163.36233023039998,"unidade_produtividade":"sc/ha","pontos_originais":25,"ano":"2026","cultura":"Milho"}},{"type":"Feature","geometry":{"type":"Point","coordinates":[-52.2964455021881,-10.353508806910142]},"properties":{"Fazenda":"FE","Campo":"FE 05.1","produtividade":169.53675641279997,"unidade_produtividade":"sc/ha","pontos_originais":25,"ano":"2026","cultura":"Milho"}},{"type":"Feature","geometry":{"type":"Point","coordinates":[-52.29598889442913,-10.353510645421988]},"properties":{"Fazenda":"FE","Campo":"FE 05.1","produtividade":157.6310222592,"unidade_produtividade":"sc/ha","pontos_originais":25,"ano":"2026","cultura":"Milho"}},{"type":"Feature","geometry":{"type":"Point","coordinates":[-52.295760590517595,-10.353511564435207]},"properties":{"Fazenda":"FE","Campo":"FE 05.1","produtividade":168.29196370559998,"unidade_produtividade":"sc/ha","pontos_originais":25,"ano":"2026","cultura":"Milho"}},{"type":"Feature","geometry":{"type":"Point","coordinates":[-52.29690210986153,-10.353506967751086]},"properties":{"Fazenda":"FE","Campo":"FE 05.1","produtividade":164.0194944192,"unidade_produtividade":"sc/ha","pontos_originais":25,"ano":"2026","cultura":"Milho"}},{"type":"Feature","geometry":{"type":"Point","coordinates":[-52.29713041366617,-10.353506047928859]},"properties":{"Fazenda":"FE","Campo":"FE 05.1","produtividade":170.0965096992,"unidade_produtividade":"sc/ha","pontos_originais":25,"ano":"2026","cultura":"Milho"}},{"type":"Feature","geometry":{"type":"Point","coordinates":[-52.29667380603551,-10.353507887411515]},"properties":{"Fazenda":"FE","Campo":"FE 05.1","produtividade":165.02314550399998,"unidade_produtividade":"sc/ha","pontos_originais":25,"ano":"2026","cultura":"Milho"}},{"type":"Feature","geometry":{"type":"Point","coordinates":[-52.294847374657714,-10.35351523887007]},"properties":{"Fazenda":"FE","Campo":"FE 05.1","produtividade":164.16955376639996,"unidade_produtividade":"sc/ha","pontos_originais":25,"ano":"2026","cultura":"Milho"}},{"type":"Feature","geometry":{"type":"Point","coordinates":[-52.29461907063936,-10.353516157074282]},"properties":{"Fazenda":"FE","Campo":"FE 05.1","produtividade":167.04396676800002,"unidade_produtividade":"sc/ha","pontos_originais":25,"ano":"2026","cultura":"Milho"}},{"type":"Feature","geometry":{"type":"Point","coordinates":[-52.294390766599626,-10.353517075116692]},"properties":{"Fazenda":"FE","Campo":"FE 05.1","produtividade":167.22654076799998,"unidade_produtividade":"sc/ha","pontos_originais":25,"ano":"2026","cultura":"Milho"}},{"type":"Feature","geometry":{"type":"Point","coordinates":[-52.29416246253856,-10.353517992997299]},"properties":{"Fazenda":"FE","Campo":"FE 05.1","produtividade":165.95186005440002,"unidade_produtividade":"sc/ha","pontos_originais":25,"ano":"2026","cultura":"Milho"}},{"type":"Feature","geometry":{"type":"Point","coordinates":[-52.29553228658467,-10.353512483286625]},"properties":{"Fazenda":"FE","Campo":"FE 05.1","produtividade":178.2808072416,"unidade_produtividade":"sc/ha","pontos_originais":25,"ano":"2026","cultura":"Milho"}},{"type":"Feature","geometry":{"type":"Point","coordinates":[-52.29530398263039,-10.35351340197624]},"properties":{"Fazenda":"FE","Campo":"FE 05.1","produtividade":171.0819950112,"unidade_produtividade":"sc/ha","pontos_originais":25,"ano":"2026","cultura":"Milho"}},{"type":"Feature","geometry":{"type":"Point","coordinates":[-52.29507567865473,-10.353514320504054]},"properties":{"Fazenda":"FE","Campo":"FE 05.1","produtividade":164.95555789439996,"unidade_produtividade":"sc/ha","pontos_originais":25,"ano":"2026","cultura":"Milho"}},{"type":"Feature","geometry":{"type":"Point","coordinates":[-52.299185146944694,-10.353497762247759]},"properties":{"Fazenda":"FE","Campo":"FE 05.1","produtividade":168.79270121279998,"unidade_produtividade":"sc/ha","pontos_originais":25,"ano":"2026","cultura":"Milho"}},{"type":"Feature","geometry":{"type":"Point","coordinates":[-52.29895684333273,-10.353498683526196]},"properties":{"Fazenda":"FE","Campo":"FE 05.1","produtividade":173.02231497600002,"unidade_produtividade":"sc/ha","pontos_originais":25,"ano":"2026","cultura":"Milho"}},{"type":"Feature","geometry":{"type":"Point","coordinates":[-52.29872853969936,-10.35349960464283]},"properties":{"Fazenda":"FE","Campo":"FE 05.1","produtividade":177.13565110079998,"unidade_produtividade":"sc/ha","pontos_originais":25,"ano":"2026","cultura":"Milho"}},{"type":"Feature","geometry":{"type":"Point","coordinates":[-52.29850023604455,-10.353500525597665]},"properties":{"Fazenda":"FE","Campo":"FE 05.1","produtividade":173.52533499839998,"unidade_produtividade":"sc/ha","pontos_originais":25,"ano":"2026","cultura":"Milho"}},{"type":"Feature","geometry":{"type":"Point","coordinates":[-52.29987005765195,-10.353494997441642]},"properties":{"Fazenda":"FE","Campo":"FE 05.1","produtividade":163.57646087999998,"unidade_produtividade":"sc/ha","pontos_originais":25,"ano":"2026","cultura":"Milho"}},{"type":"Feature","geometry":{"type":"Point","coordinates":[-52.29964175410431,-10.353495919205479]},"properties":{"Fazenda":"FE","Campo":"FE 05.1","produtividade":164.42792735039998,"unidade_produtividade":"sc/ha","pontos_originais":25,"ano":"2026","cultura":"Milho"}},{"type":"Feature","geometry":{"type":"Point","coordinates":[-52.29941345053522,-10.353496840807516]},"properties":{"Fazenda":"FE","Campo":"FE 05.1","produtividade":166.70187495359994,"unidade_produtividade":"sc/ha","pontos_originais":25,"ano":"2026","cultura":"Milho"}},{"type":"Feature","geometry":{"type":"Point","coordinates":[-52.29781532495169,-10.35350328749137]},"properties":{"Fazenda":"FE","Campo":"FE 05.1","produtividade":167.30584819199998,"unidade_produtividade":"sc/ha","pontos_originais":25,"ano":"2026","cultura":"Milho"}},{"type":"Feature","geometry":{"type":"Point","coordinates":[-52.297587021211264,-10.353504207799]},"properties":{"Fazenda":"FE","Campo":"FE 05.1","produtividade":160.73119016639998,"unidade_produtividade":"sc/ha","pontos_originais":25,"ano":"2026","cultura":"Milho"}},{"type":"Feature","geometry":{"type":"Point","coordinates":[-52.29735871744941,-10.35350512794483]},"properties":{"Fazenda":"FE","Campo":"FE 05.1","produtividade":166.1317826112,"unidade_produtividade":"sc/ha","pontos_originais":25,"ano":"2026","cultura":"Milho"}},{"type":"Feature","geometry":{"type":"Point","coordinates":[-52.298271932368344,-10.353501446390702]},"properties":{"Fazenda":"FE","Campo":"FE 05.1","produtividade":170.6102171424,"unidade_produtividade":"sc/ha","pontos_originais":25,"ano":"2026","cultura":"Milho"}},{"type":"Feature","geometry":{"type":"Point","coordinates":[-52.29804362867072,-10.353502367021935]},"properties":{"Fazenda":"FE","Campo":"FE 05.1","produtividade":170.65607428799999,"unidade_produtividade":"sc/ha","pontos_originais":25,"ano":"2026","cultura":"Milho"}},{"type":"Feature","geometry":{"type":"Point","coordinates":[-52.29324924608087,-10.353521662901704]},"properties":{"Fazenda":"FE","Campo":"FE 05.1","produtividade":119.857095792,"unidade_produtividade":"sc/ha","pontos_originais":25,"ano":"2026","cultura":"Milho"}},{"type":"Feature","geometry":{"type":"Point","coordinates":[-52.2934775502273,-10.353520745668304]},"properties":{"Fazenda":"FE","Campo":"FE 05.1","produtividade":137.80957800959996,"unidade_produtividade":"sc/ha","pontos_originais":25,"ano":"2026","cultura":"Milho"}},{"type":"Feature","geometry":{"type":"Point","coordinates":[-52.29302094191311,-10.353522579973298]},"properties":{"Fazenda":"FE","Campo":"FE 05.1","produtividade":122.99186854079997,"unidade_produtividade":"sc/ha","pontos_originais":25,"ano":"2026","cultura":"Milho"}},{"type":"Feature","geometry":{"type":"Point","coordinates":[-52.29279263772403,-10.353523496883088]},"properties":{"Fazenda":"FE","Campo":"FE 05.1","produtividade":109.41308340479996,"unidade_produtividade":"sc/ha","pontos_originais":25,"ano":"2026","cultura":"Milho"}},{"type":"Feature","geometry":{"type":"Point","coordinates":[-52.29393415845615,-10.353518910716103]},"properties":{"Fazenda":"FE","Campo":"FE 05.1","produtividade":168.084392112,"unidade_produtividade":"sc/ha","pontos_originais":25,"ano":"2026","cultura":"Milho"}},{"type":"Feature","geometry":{"type":"Point","coordinates":[-52.293705854352396,-10.353519828273104]},"properties":{"Fazenda":"FE","Campo":"FE 05.1","produtividade":166.77848375999997,"unidade_produtividade":"sc/ha","pontos_originais":25,"ano":"2026","cultura":"Milho"}},{"type":"Feature","geometry":{"type":"Point","coordinates":[-52.29256433351361,-10.353524413631078]},"properties":{"Fazenda":"FE","Campo":"FE 05.1","produtividade":96.5605814208,"unidade_produtividade":"sc/ha","pontos_originais":25,"ano":"2026","cultura":"Milho"}},{"type":"Feature","geometry":{"type":"Point","coordinates":[-52.292370979069965,-10.353533168339421]},"properties":{"Fazenda":"FE","Campo":"FE 05.1","produtividade":106.87776653647057,"unidade_produtividade":"sc/ha","pontos_originais":17,"ano":"2026","cultura":"Milho"}},{"type":"Feature","geometry":{"type":"Point","coordinates":[-52.29782183239792,-10.355085645233371]},"properties":{"Fazenda":"FE","Campo":"FE 05.1","produtividade":150.16377741120002,"unidade_produtividade":"sc/ha","pontos_originais":25,"ano":"2026","cultura":"Milho"}},{"type":"Feature","geometry":{"type":"Point","coordinates":[-52.298050137260915,-10.35508472462027]},"properties":{"Fazenda":"FE","Campo":"FE 05.1","produtividade":144.3480054912,"unidade_produtividade":"sc/ha","pontos_originais":25,"ano":"2026","cultura":"Milho"}},{"type":"Feature","geometry":{"type":"Point","coordinates":[-52.29759352751353,-10.355086565684646]},"properties":{"Fazenda":"FE","Campo":"FE 05.1","produtividade":146.1083025024,"unidade_produtividade":"sc/ha","pontos_originais":25,"ano":"2026","cultura":"Milho"}},{"type":"Feature","geometry":{"type":"Point","coordinates":[-52.297365222607716,-10.355087485974092]},"properties":{"Fazenda":"FE","Campo":"FE 05.1","produtividade":141.08028076799997,"unidade_produtividade":"sc/ha","pontos_originais":25,"ano":"2026","cultura":"Milho"}},{"type":"Feature","geometry":{"type":"Point","coordinates":[-52.29873505172147,-10.355081961810008]},"properties":{"Fazenda":"FE","Campo":"FE 05.1","produtividade":132.79502517119997,"unidade_produtividade":"sc/ha","pontos_originais":25,"ano":"2026","cultura":"Milho"}},{"type":"Feature","geometry":{"type":"Point","coordinates":[-52.29850674692268,-10.355082882908587]},"properties":{"Fazenda":"FE","Campo":"FE 05.1","produtividade":129.2944990176,"unidade_produtividade":"sc/ha","pontos_originais":25,"ano":"2026","cultura":"Milho"}},{"type":"Feature","geometry":{"type":"Point","coordinates":[-52.29827844210251,-10.355083803845341]},"properties":{"Fazenda":"FE","Campo":"FE 05.1","produtividade":132.15159296640002,"unidade_produtividade":"sc/ha","pontos_originais":25,"ano":"2026","cultura":"Milho"}},{"type":"Feature","geometry":{"type":"Point","coordinates":[-52.29645200277052,-10.355091165513622]},"properties":{"Fazenda":"FE","Campo":"FE 05.1","produtividade":126.7871971968,"unidade_produtividade":"sc/ha","pontos_originais":25,"ano":"2026","cultura":"Milho"}},{"type":"Feature","geometry":{"type":"Point","coordinates":[-52.29622369775776,-10.355092084993935]},"properties":{"Fazenda":"FE","Campo":"FE 05.1","produtividade":123.85642893119999,"unidade_produtividade":"sc/ha","pontos_originais":25,"ano":"2026","cultura":"Milho"}},{"type":"Feature","geometry":{"type":"Point","coordinates":[-52.295995392723604,-10.355093004312426]},"properties":{"Fazenda":"FE","Campo":"FE 05.1","produtividade":140.50912397759998,"unidade_produtividade":"sc/ha","pontos_originais":25,"ano":"2026","cultura":"Milho"}},{"type":"Feature","geometry":{"type":"Point","coordinates":[-52.295767087668104,-10.355093923469088]},"properties":{"Fazenda":"FE","Campo":"FE 05.1","produtividade":153.25935186239994,"unidade_produtividade":"sc/ha","pontos_originais":25,"ano":"2026","cultura":"Milho"}},{"type":"Feature","geometry":{"type":"Point","coordinates":[-52.29713691768048,-10.355088406101713]},"properties":{"Fazenda":"FE","Campo":"FE 05.1","produtividade":137.100606048,"unidade_produtividade":"sc/ha","pontos_originais":25,"ano":"2026","cultura":"Milho"}},{"type":"Feature","geometry":{"type":"Point","coordinates":[-52.29690861273191,-10.355089326067509]},"properties":{"Fazenda":"FE","Campo":"FE 05.1","produtividade":139.1914063008,"unidade_produtividade":"sc/ha","pontos_originais":25,"ano":"2026","cultura":"Milho"}},{"type":"Feature","geometry":{"type":"Point","coordinates":[-52.29668030776191,-10.355090245871478]},"properties":{"Fazenda":"FE","Campo":"FE 05.1","produtividade":137.77987809599998,"unidade_produtividade":"sc/ha","pontos_originais":25,"ano":"2026","cultura":"Milho"}},{"type":"Feature","geometry":{"type":"Point","coordinates":[-52.294853867232334,-10.355097598477464]},"properties":{"Fazenda":"FE","Campo":"FE 05.1","produtividade":132.66962533439997,"unidade_produtividade":"sc/ha","pontos_originais":25,"ano":"2026","cultura":"Milho"}},{"type":"Feature","geometry":{"type":"Point","coordinates":[-52.29462556206999,-10.35509851682499]},"properties":{"Fazenda":"FE","Campo":"FE 05.1","produtividade":121.45329725760001,"unidade_produtividade":"sc/ha","pontos_originais":25,"ano":"2026","cultura":"Milho"}},{"type":"Feature","geometry":{"type":"Point","coordinates":[-52.294397256886285,-10.355099435010686]},"properties":{"Fazenda":"FE","Campo":"FE 05.1","produtividade":113.36781919680001,"unidade_produtividade":"sc/ha","pontos_originais":25,"ano":"2026","cultura":"Milho"}},{"type":"Feature","geometry":{"type":"Point","coordinates":[-52.29417487522435,-10.355092466429983]},"properties":{"Fazenda":"FE","Campo":"FE 05.1","produtividade":113.64592154086958,"unidade_produtividade":"sc/ha","pontos_originais":23,"ano":"2026","cultura":"Milho"}},{"type":"Feature","geometry":{"type":"Point","coordinates":[-52.2955387825912,-10.355094842463918]},"properties":{"Fazenda":"FE","Campo":"FE 05.1","produtividade":151.84107590399998,"unidade_produtividade":"sc/ha","pontos_originais":25,"ano":"2026","cultura":"Milho"}},{"type":"Feature","geometry":{"type":"Point","coordinates":[-52.29531047749295,-10.355095761296928]},"properties":{"Fazenda":"FE","Campo":"FE 05.1","produtividade":149.5496979648,"unidade_produtividade":"sc/ha","pontos_originais":25,"ano":"2026","cultura":"Milho"}},{"type":"Feature","geometry":{"type":"Point","coordinates":[-52.29508217237331,-10.355096679968106]},"properties":{"Fazenda":"FE","Campo":"FE 05.1","produtividade":143.7657856992,"unidade_produtividade":"sc/ha","pontos_originais":25,"ano":"2026","cultura":"Milho"}},{"type":"Feature","geometry":{"type":"Point","coordinates":[-52.29941996598919,-10.355079197543313]},"properties":{"Fazenda":"FE","Campo":"FE 05.1","produtividade":155.6612309952,"unidade_produtividade":"sc/ha","pontos_originais":25,"ano":"2026","cultura":"Milho"}},{"type":"Feature","geometry":{"type":"Point","coordinates":[-52.29919166125472,-10.355080119127372]},"properties":{"Fazenda":"FE","Campo":"FE 05.1","produtividade":148.5192487968,"unidade_produtividade":"sc/ha","pontos_originais":25,"ano":"2026","cultura":"Milho"}},{"type":"Feature","geometry":{"type":"Point","coordinates":[-52.29896335649881,-10.355081040549601]},"properties":{"Fazenda":"FE","Campo":"FE 05.1","produtividade":138.20289517440003,"unidade_produtividade":"sc/ha","pontos_originais":25,"ano":"2026","cultura":"Milho"}},{"type":"Feature","geometry":{"type":"Point","coordinates":[-52.2939453455525,-10.355075077197569]},"properties":{"Fazenda":"FE","Campo":"FE 05.1","produtividade":110.73870651789474,"unidade_produtividade":"sc/ha","pontos_originais":19,"ano":"2026","cultura":"Milho"}},{"type":"Feature","geometry":{"type":"Point","coordinates":[-52.29985916301369,-10.35507311840624]},"properties":{"Fazenda":"FE","Campo":"FE 05.1","produtividade":161.13099816,"unidade_produtividade":"sc/ha","pontos_originais":21,"ano":"2026","cultura":"Milho"}},{"type":"Feature","geometry":{"type":"Point","coordinates":[-52.29964827070225,-10.355078275797428]},"properties":{"Fazenda":"FE","Campo":"FE 05.1","produtividade":159.55255592640003,"unidade_produtividade":"sc/ha","pontos_originais":25,"ano":"2026","cultura":"Milho"}},{"type":"Feature","geometry":{"type":"Point","coordinates":[-52.29782276211871,-10.35531169632637]},"properties":{"Fazenda":"FE","Campo":"FE 05.1","produtividade":130.7751788448,"unidade_produtividade":"sc/ha","pontos_originais":25,"ano":"2026","cultura":"Milho"}},{"type":"Feature","geometry":{"type":"Point","coordinates":[-52.29759445707086,-10.355312616798164]},"properties":{"Fazenda":"FE","Campo":"FE 05.1","produtividade":134.85300897599996,"unidade_produtividade":"sc/ha","pontos_originais":25,"ano":"2026","cultura":"Milho"}},{"type":"Feature","geometry":{"type":"Point","coordinates":[-52.29736615200162,-10.35531353710813]},"properties":{"Fazenda":"FE","Campo":"FE 05.1","produtividade":136.3526553312,"unidade_produtividade":"sc/ha","pontos_originais":25,"ano":"2026","cultura":"Milho"}},{"type":"Feature","geometry":{"type":"Point","coordinates":[-52.29713784691097,-10.355314457256265]},"properties":{"Fazenda":"FE","Campo":"FE 05.1","produtividade":131.97363540479998,"unidade_produtividade":"sc/ha","pontos_originais":25,"ano":"2026","cultura":"Milho"}},{"type":"Feature","geometry":{"type":"Point","coordinates":[-52.298507677133806,-10.355308933940002]},"properties":{"Fazenda":"FE","Campo":"FE 05.1","produtividade":129.162022416,"unidade_produtividade":"sc/ha","pontos_originais":25,"ano":"2026","cultura":"Milho"}},{"type":"Feature","geometry":{"type":"Point","coordinates":[-52.298735982096005,-10.355308012820888]},"properties":{"Fazenda":"FE","Campo":"FE 05.1","produtividade":134.4225105216,"unidade_produtividade":"sc/ha","pontos_originais":25,"ano":"2026","cultura":"Milho"}},{"type":"Feature","geometry":{"type":"Point","coordinates":[-52.2982793721502,-10.355309854897287]},"properties":{"Fazenda":"FE","Campo":"FE 05.1","produtividade":133.0334947872,"unidade_produtividade":"sc/ha","pontos_originais":25,"ano":"2026","cultura":"Milho"}},{"type":"Feature","geometry":{"type":"Point","coordinates":[-52.29805106714517,-10.355310775692741]},"properties":{"Fazenda":"FE","Campo":"FE 05.1","produtividade":132.873220368,"unidade_produtividade":"sc/ha","pontos_originais":25,"ano":"2026","cultura":"Milho"}},{"type":"Feature","geometry":{"type":"Point","coordinates":[-52.296452931510686,-10.355317216729691]},"properties":{"Fazenda":"FE","Campo":"FE 05.1","produtividade":108.64318691519999,"unidade_produtividade":"sc/ha","pontos_originais":25,"ano":"2026","cultura":"Milho"}},{"type":"Feature","geometry":{"type":"Point","coordinates":[-52.29622462633447,-10.355318136230501]},"properties":{"Fazenda":"FE","Campo":"FE 05.1","produtividade":103.3511306688,"unidade_produtividade":"sc/ha","pontos_originais":25,"ano":"2026","cultura":"Milho"}},{"type":"Feature","geometry":{"type":"Point","coordinates":[-52.29599632113691,-10.355319055569485]},"properties":{"Fazenda":"FE","Campo":"FE 05.1","produtividade":117.48940539840001,"unidade_produtividade":"sc/ha","pontos_originais":25,"ano":"2026","cultura":"Milho"}},{"type":"Feature","geometry":{"type":"Point","coordinates":[-52.29576801591795,-10.355319974746642]},"properties":{"Fazenda":"FE","Campo":"FE 05.1","produtividade":131.9309879328,"unidade_produtividade":"sc/ha","pontos_originais":25,"ano":"2026","cultura":"Milho"}},{"type":"Feature","geometry":{"type":"Point","coordinates":[-52.296909541798954,-10.355315377242569]},"properties":{"Fazenda":"FE","Campo":"FE 05.1","produtividade":127.84222604159997,"unidade_produtividade":"sc/ha","pontos_originais":25,"ano":"2026","cultura":"Milho"}},{"type":"Feature","geometry":{"type":"Point","coordinates":[-52.296681236665506,-10.355316297067045]},"properties":{"Fazenda":"FE","Campo":"FE 05.1","produtividade":120.52716943679998,"unidade_produtividade":"sc/ha","pontos_originais":25,"ano":"2026","cultura":"Milho"}},{"type":"Feature","geometry":{"type":"Point","coordinates":[-52.29919259195615,-10.355306170097169]},"properties":{"Fazenda":"FE","Campo":"FE 05.1","produtividade":138.17513787840002,"unidade_produtividade":"sc/ha","pontos_originais":25,"ano":"2026","cultura":"Milho"}},{"type":"Feature","geometry":{"type":"Point","coordinates":[-52.29942089685406,-10.355305248492568]},"properties":{"Fazenda":"FE","Campo":"FE 05.1","produtividade":140.6184681888,"unidade_produtividade":"sc/ha","pontos_originais":25,"ano":"2026","cultura":"Milho"}},{"type":"Feature","geometry":{"type":"Point","coordinates":[-52.298964287036796,-10.355307091539943]},"properties":{"Fazenda":"FE","Campo":"FE 05.1","produtividade":137.9113241184,"unidade_produtividade":"sc/ha","pontos_originais":25,"ano":"2026","cultura":"Milho"}},{"type":"Feature","geometry":{"type":"Point","coordinates":[-52.299831845616886,-10.355303589200787]},"properties":{"Fazenda":"FE","Campo":"FE 05.1","produtividade":154.993812624,"unidade_produtividade":"sc/ha","pontos_originais":15,"ano":"2026","cultura":"Milho"}},{"type":"Feature","geometry":{"type":"Point","coordinates":[-52.29964920173055,-10.355304326726134]},"properties":{"Fazenda":"FE","Campo":"FE 05.1","produtividade":148.50185898239997,"unidade_produtividade":"sc/ha","pontos_originais":25,"ano":"2026","cultura":"Milho"}},{"type":"Feature","geometry":{"type":"Point","coordinates":[-52.29553971067762,-10.355320893761961]},"properties":{"Fazenda":"FE","Campo":"FE 05.1","produtividade":139.78519894079997,"unidade_produtividade":"sc/ha","pontos_originais":25,"ano":"2026","cultura":"Milho"}},{"type":"Feature","geometry":{"type":"Point","coordinates":[-52.29486511793371,-10.355271441749283]},"properties":{"Fazenda":"FE","Campo":"FE 05.1","produtividade":135.05714944615386,"unidade_produtividade":"sc/ha","pontos_originais":13,"ano":"2026","cultura":"Milho"}},{"type":"Feature","geometry":{"type":"Point","coordinates":[-52.29509058660753,-10.355292560508511]},"properties":{"Fazenda":"FE","Campo":"FE 05.1","produtividade":143.12088839999996,"unidade_produtividade":"sc/ha","pontos_originais":18,"ano":"2026","cultura":"Milho"}},{"type":"Feature","geometry":{"type":"Point","coordinates":[-52.29464331098177,-10.35525103263611]},"properties":{"Fazenda":"FE","Campo":"FE 05.1","produtividade":126.04146912000002,"unidade_produtividade":"sc/ha","pontos_originais":8,"ano":"2026","cultura":"Milho"}},{"type":"Feature","geometry":{"type":"Point","coordinates":[-52.29444347430303,-10.355234882229128]},"properties":{"Fazenda":"FE","Campo":"FE 05.1","produtividade":120.81722687999998,"unidade_produtividade":"sc/ha","pontos_originais":3,"ano":"2026","cultura":"Milho"}},{"type":"Feature","geometry":{"type":"Point","coordinates":[-52.29531732893131,-10.355313925992913]},"properties":{"Fazenda":"FE","Campo":"FE 05.1","produtividade":146.08891079999998,"unidade_produtividade":"sc/ha","pontos_originais":23,"ano":"2026","cultura":"Milho"}},{"type":"Feature","geometry":{"type":"Point","coordinates":[-52.29600843272882,-10.355488548046049]},"properties":{"Fazenda":"FE","Campo":"FE 05.1","produtividade":110.16700001999999,"unidade_produtividade":"sc/ha","pontos_originais":12,"ano":"2026","cultura":"Milho"}},{"type":"Feature","geometry":{"type":"Point","coordinates":[-52.2957881949524,-10.355468443945837]},"properties":{"Fazenda":"FE","Campo":"FE 05.1","produtividade":120.60483767999997,"unidade_produtividade":"sc/ha","pontos_originais":7,"ano":"2026","cultura":"Milho"}},{"type":"Feature","geometry":{"type":"Point","coordinates":[-52.29560875914336,-10.35545624885373]},"properties":{"Fazenda":"FE","Campo":"FE 05.1","produtividade":127.18844207999999,"unidade_produtividade":"sc/ha","pontos_originais":2,"ano":"2026","cultura":"Milho"}},{"type":"Feature","geometry":{"type":"Point","coordinates":[-52.29713598847141,-10.354862354943911]},"properties":{"Fazenda":"FE","Campo":"FE 05.1","produtividade":142.04804302079995,"unidade_produtividade":"sc/ha","pontos_originais":25,"ano":"2026","cultura":"Milho"}},{"type":"Feature","geometry":{"type":"Point","coordinates":[-52.29736429323518,-10.354861434836804]},"properties":{"Fazenda":"FE","Campo":"FE 05.1","produtividade":143.63267042879997,"unidade_produtividade":"sc/ha","pontos_originais":25,"ano":"2026","cultura":"Milho"}},{"type":"Feature","geometry":{"type":"Point","coordinates":[-52.29690768368624,-10.354863274889201]},"properties":{"Fazenda":"FE","Campo":"FE 05.1","produtividade":141.44997504959997,"unidade_produtividade":"sc/ha","pontos_originais":25,"ano":"2026","cultura":"Milho"}},{"type":"Feature","geometry":{"type":"Point","coordinates":[-52.29667937887968,-10.354864194672665]},"properties":{"Fazenda":"FE","Campo":"FE 05.1","produtividade":138.5022373056,"unidade_produtividade":"sc/ha","pontos_originais":25,"ano":"2026","cultura":"Milho"}},{"type":"Feature","geometry":{"type":"Point","coordinates":[-52.297820902698525,-10.354859594137121]},"properties":{"Fazenda":"FE","Campo":"FE 05.1","produtividade":162.56256750720001,"unidade_produtividade":"sc/ha","pontos_originais":25,"ano":"2026","cultura":"Milho"}},{"type":"Feature","geometry":{"type":"Point","coordinates":[-52.2980492073981,-10.354858673544543]},"properties":{"Fazenda":"FE","Campo":"FE 05.1","produtividade":150.74798820479998,"unidade_produtividade":"sc/ha","pontos_originais":25,"ano":"2026","cultura":"Milho"}},{"type":"Feature","geometry":{"type":"Point","coordinates":[-52.297592597977555,-10.354860514567875]},"properties":{"Fazenda":"FE","Campo":"FE 05.1","produtividade":152.9908255008,"unidade_produtividade":"sc/ha","pontos_originais":25,"ano":"2026","cultura":"Milho"}},{"type":"Feature","geometry":{"type":"Point","coordinates":[-52.295766159439616,-10.354867872188283]},"properties":{"Fazenda":"FE","Campo":"FE 05.1","produtividade":157.37676978239998,"unidade_produtividade":"sc/ha","pontos_originais":25,"ano":"2026","cultura":"Milho"}},{"type":"Feature","geometry":{"type":"Point","coordinates":[-52.29553785452617,-10.354868791162625]},"properties":{"Fazenda":"FE","Campo":"FE 05.1","produtividade":157.26079877759997,"unidade_produtividade":"sc/ha","pontos_originais":25,"ano":"2026","cultura":"Milho"}},{"type":"Feature","geometry":{"type":"Point","coordinates":[-52.29530954959133,-10.354869709975151]},"properties":{"Fazenda":"FE","Campo":"FE 05.1","produtividade":156.65680618559998,"unidade_produtividade":"sc/ha","pontos_originais":25,"ano":"2026","cultura":"Milho"}},{"type":"Feature","geometry":{"type":"Point","coordinates":[-52.29508124463515,-10.354870628625852]},"properties":{"Fazenda":"FE","Campo":"FE 05.1","produtividade":151.01499591360002,"unidade_produtividade":"sc/ha","pontos_originais":25,"ano":"2026","cultura":"Milho"}},{"type":"Feature","geometry":{"type":"Point","coordinates":[-52.29645107405173,-10.3548651142943]},"properties":{"Fazenda":"FE","Campo":"FE 05.1","produtividade":134.60434243199998,"unidade_produtividade":"sc/ha","pontos_originais":25,"ano":"2026","cultura":"Milho"}},{"type":"Feature","geometry":{"type":"Point","coordinates":[-52.296222769202416,-10.354866033754117]},"properties":{"Fazenda":"FE","Campo":"FE 05.1","produtividade":139.70724324479997,"unidade_produtividade":"sc/ha","pontos_originais":25,"ano":"2026","cultura":"Milho"}},{"type":"Feature","geometry":{"type":"Point","coordinates":[-52.2959944643317,-10.35486695305211]},"properties":{"Fazenda":"FE","Campo":"FE 05.1","produtividade":151.892205696,"unidade_produtividade":"sc/ha","pontos_originais":25,"ano":"2026","cultura":"Milho"}},{"type":"Feature","geometry":{"type":"Point","coordinates":[-52.29234130576617,-10.354813824335139]},"properties":{"Fazenda":"FE","Campo":"FE 05.1","produtividade":90.57526379999999,"unidade_produtividade":"sc/ha","pontos_originais":10,"ano":"2026","cultura":"Milho"}},{"type":"Feature","geometry":{"type":"Point","coordinates":[-52.29987564422357,-10.354851302978318]},"properties":{"Fazenda":"FE","Campo":"FE 05.1","produtividade":155.6167298112,"unidade_produtividade":"sc/ha","pontos_originais":25,"ano":"2026","cultura":"Milho"}},{"type":"Feature","geometry":{"type":"Point","coordinates":[-52.29964733969538,-10.354852224865475]},"properties":{"Fazenda":"FE","Campo":"FE 05.1","produtividade":155.8540382112,"unidade_produtividade":"sc/ha","pontos_originais":25,"ano":"2026","cultura":"Milho"}},{"type":"Feature","geometry":{"type":"Point","coordinates":[-52.299419035145775,-10.354853146590811]},"properties":{"Fazenda":"FE","Campo":"FE 05.1","produtividade":162.3069330624,"unidade_produtividade":"sc/ha","pontos_originais":25,"ano":"2026","cultura":"Milho"}},{"type":"Feature","geometry":{"type":"Point","coordinates":[-52.29303028871815,-10.354875106389523]},"properties":{"Fazenda":"FE","Campo":"FE 05.1","produtividade":88.94917205999998,"unidade_produtividade":"sc/ha","pontos_originais":24,"ano":"2026","cultura":"Milho"}},{"type":"Feature","geometry":{"type":"Point","coordinates":[-52.293254804216964,-10.35487797200579]},"properties":{"Fazenda":"FE","Campo":"FE 05.1","produtividade":89.67937265280001,"unidade_produtividade":"sc/ha","pontos_originais":25,"ano":"2026","cultura":"Milho"}},{"type":"Feature","geometry":{"type":"Point","coordinates":[-52.292802893092606,-10.354853612538752]},"properties":{"Fazenda":"FE","Campo":"FE 05.1","produtividade":90.9801364168421,"unidade_produtividade":"sc/ha","pontos_originais":19,"ano":"2026","cultura":"Milho"}},{"type":"Feature","geometry":{"type":"Point","coordinates":[-52.29256970352203,-10.354835512789407]},"properties":{"Fazenda":"FE","Campo":"FE 05.1","produtividade":89.32510137599999,"unidade_produtividade":"sc/ha","pontos_originais":15,"ano":"2026","cultura":"Milho"}},{"type":"Feature","geometry":{"type":"Point","coordinates":[-52.29873412136833,-10.354855910795877]},"properties":{"Fazenda":"FE","Campo":"FE 05.1","produtividade":129.6457136352,"unidade_produtividade":"sc/ha","pontos_originais":25,"ano":"2026","cultura":"Milho"}},{"type":"Feature","geometry":{"type":"Point","coordinates":[-52.298505816733,-10.354856831873922]},"properties":{"Fazenda":"FE","Campo":"FE 05.1","produtividade":127.42493158079998,"unidade_produtividade":"sc/ha","pontos_originais":25,"ano":"2026","cultura":"Milho"}},{"type":"Feature","geometry":{"type":"Point","coordinates":[-52.29827751207627,-10.354857752790142]},"properties":{"Fazenda":"FE","Campo":"FE 05.1","produtividade":129.2646575808,"unidade_produtividade":"sc/ha","pontos_originais":25,"ano":"2026","cultura":"Milho"}},{"type":"Feature","geometry":{"type":"Point","coordinates":[-52.29919073057471,-10.35485406815432]},"properties":{"Fazenda":"FE","Campo":"FE 05.1","produtividade":158.05169755199998,"unidade_produtividade":"sc/ha","pontos_originais":25,"ano":"2026","cultura":"Milho"}},{"type":"Feature","geometry":{"type":"Point","coordinates":[-52.29896242598224,-10.35485498955601]},"properties":{"Fazenda":"FE","Campo":"FE 05.1","produtividade":139.08039344640002,"unidade_produtividade":"sc/ha","pontos_originais":25,"ano":"2026","cultura":"Milho"}},{"type":"Feature","geometry":{"type":"Point","coordinates":[-52.294168024596836,-10.354874301610412]},"properties":{"Fazenda":"FE","Campo":"FE 05.1","produtividade":118.8802639584,"unidade_produtividade":"sc/ha","pontos_originais":25,"ano":"2026","cultura":"Milho"}},{"type":"Feature","geometry":{"type":"Point","coordinates":[-52.29439632963844,-10.354873383607005]},"properties":{"Fazenda":"FE","Campo":"FE 05.1","produtividade":124.81992129599999,"unidade_produtividade":"sc/ha","pontos_originais":25,"ano":"2026","cultura":"Milho"}},{"type":"Feature","geometry":{"type":"Point","coordinates":[-52.29393971953389,-10.354875219451992]},"properties":{"Fazenda":"FE","Campo":"FE 05.1","produtividade":111.26462901120001,"unidade_produtividade":"sc/ha","pontos_originais":25,"ano":"2026","cultura":"Milho"}},{"type":"Feature","geometry":{"type":"Point","coordinates":[-52.29371141444959,-10.354876137131747]},"properties":{"Fazenda":"FE","Campo":"FE 05.1","produtividade":106.3580305536,"unidade_produtividade":"sc/ha","pontos_originais":25,"ano":"2026","cultura":"Milho"}},{"type":"Feature","geometry":{"type":"Point","coordinates":[-52.29485293965761,-10.354871547114726]},"properties":{"Fazenda":"FE","Campo":"FE 05.1","produtividade":140.07500216640005,"unidade_produtividade":"sc/ha","pontos_originais":25,"ano":"2026","cultura":"Milho"}},{"type":"Feature","geometry":{"type":"Point","coordinates":[-52.294624634658696,-10.35487246544178]},"properties":{"Fazenda":"FE","Campo":"FE 05.1","produtividade":131.03790275519998,"unidade_produtividade":"sc/ha","pontos_originais":25,"ano":"2026","cultura":"Milho"}},{"type":"Feature","geometry":{"type":"Point","coordinates":[-52.29348310934395,-10.354877054649682]},"properties":{"Fazenda":"FE","Campo":"FE 05.1","produtividade":98.5168620576,"unidade_produtividade":"sc/ha","pontos_originais":25,"ano":"2026","cultura":"Milho"}},{"type":"Feature","geometry":{"type":"Point","coordinates":[-52.293718665621306,-10.355053722780287]},"properties":{"Fazenda":"FE","Campo":"FE 05.1","produtividade":95.60283119999998,"unidade_produtividade":"sc/ha","pontos_originais":14,"ano":"2026","cultura":"Milho"}},{"type":"Feature","geometry":{"type":"Point","coordinates":[-52.29349389456127,-10.35503273823185]},"properties":{"Fazenda":"FE","Campo":"FE 05.1","produtividade":90.46379664,"unidade_produtividade":"sc/ha","pontos_originais":9,"ano":"2026","cultura":"Milho"}},{"type":"Feature","geometry":{"type":"Point","coordinates":[-52.29327819059576,-10.355013511182767]},"properties":{"Fazenda":"FE","Campo":"FE 05.1","produtividade":87.07451885999998,"unidade_produtividade":"sc/ha","pontos_originais":4,"ano":"2026","cultura":"Milho"}},{"type":"Feature","geometry":{"type":"Point","coordinates":[-52.29371048771337,-10.354650085663433]},"properties":{"Fazenda":"FE","Campo":"FE 05.1","produtividade":121.62720507839998,"unidade_produtividade":"sc/ha","pontos_originais":25,"ano":"2026","cultura":"Milho"}},{"type":"Feature","geometry":{"type":"Point","coordinates":[-52.29348218277116,-10.354651003160908]},"properties":{"Fazenda":"FE","Campo":"FE 05.1","produtividade":118.55988930240001,"unidade_produtividade":"sc/ha","pontos_originais":25,"ano":"2026","cultura":"Milho"}},{"type":"Feature","geometry":{"type":"Point","coordinates":[-52.293253877807636,-10.354651920496567]},"properties":{"Fazenda":"FE","Campo":"FE 05.1","produtividade":108.26350375679998,"unidade_produtividade":"sc/ha","pontos_originais":25,"ano":"2026","cultura":"Milho"}},{"type":"Feature","geometry":{"type":"Point","coordinates":[-52.29302557282277,-10.3546528376704]},"properties":{"Fazenda":"FE","Campo":"FE 05.1","produtividade":99.773269344,"unidade_produtividade":"sc/ha","pontos_originais":25,"ano":"2026","cultura":"Milho"}},{"type":"Feature","geometry":{"type":"Point","coordinates":[-52.29439540241193,-10.354647332200077]},"properties":{"Fazenda":"FE","Campo":"FE 05.1","produtividade":142.42827715200002,"unidade_produtividade":"sc/ha","pontos_originais":25,"ano":"2026","cultura":"Milho"}},{"type":"Feature","geometry":{"type":"Point","coordinates":[-52.294167097533744,-10.35464825018302]},"properties":{"Fazenda":"FE","Campo":"FE 05.1","produtividade":131.6515558176,"unidade_produtividade":"sc/ha","pontos_originais":25,"ano":"2026","cultura":"Milho"}},{"type":"Feature","geometry":{"type":"Point","coordinates":[-52.29393879263423,-10.354649168004135]},"properties":{"Fazenda":"FE","Campo":"FE 05.1","produtividade":121.58315749439997,"unidade_produtividade":"sc/ha","pontos_originais":25,"ano":"2026","cultura":"Milho"}},{"type":"Feature","geometry":{"type":"Point","coordinates":[-52.292112352670074,-10.35465650474754]},"properties":{"Fazenda":"FE","Campo":"FE 05.1","produtividade":93.14078336639997,"unidade_produtividade":"sc/ha","pontos_originais":25,"ano":"2026","cultura":"Milho"}},{"type":"Feature","geometry":{"type":"Point","coordinates":[-52.29234065774023,-10.354655588220988]},"properties":{"Fazenda":"FE","Campo":"FE 05.1","produtividade":87.9714452736,"unidade_produtividade":"sc/ha","pontos_originais":25,"ano":"2026","cultura":"Milho"}},{"type":"Feature","geometry":{"type":"Point","coordinates":[-52.29188404757861,-10.35465742111227]},"properties":{"Fazenda":"FE","Campo":"FE 05.1","produtividade":95.0707243584,"unidade_produtividade":"sc/ha","pontos_originais":25,"ano":"2026","cultura":"Milho"}},{"type":"Feature","geometry":{"type":"Point","coordinates":[-52.29165564994016,-10.354635732149825]},"properties":{"Fazenda":"FE","Campo":"FE 05.1","produtividade":92.83653161999999,"unidade_produtividade":"sc/ha","pontos_originais":20,"ano":"2026","cultura":"Milho"}},{"type":"Feature","geometry":{"type":"Point","coordinates":[-52.29279726781657,-10.354653754682415]},"properties":{"Fazenda":"FE","Campo":"FE 05.1","produtividade":93.11904262080002,"unidade_produtividade":"sc/ha","pontos_originais":25,"ano":"2026","cultura":"Milho"}},{"type":"Feature","geometry":{"type":"Point","coordinates":[-52.292568962789076,-10.354654671532613]},"properties":{"Fazenda":"FE","Campo":"FE 05.1","produtividade":86.9545436256,"unidade_produtividade":"sc/ha","pontos_originais":25,"ano":"2026","cultura":"Milho"}},{"type":"Feature","geometry":{"type":"Point","coordinates":[-52.29667845001885,-10.354638143470595]},"properties":{"Fazenda":"FE","Campo":"FE 05.1","produtividade":132.3461873664,"unidade_produtividade":"sc/ha","pontos_originais":25,"ano":"2026","cultura":"Milho"}},{"type":"Feature","geometry":{"type":"Point","coordinates":[-52.296450145354335,-10.354639063071732]},"properties":{"Fazenda":"FE","Campo":"FE 05.1","produtividade":128.8165794048,"unidade_produtividade":"sc/ha","pontos_originais":25,"ano":"2026","cultura":"Milho"}},{"type":"Feature","geometry":{"type":"Point","coordinates":[-52.29622184066846,-10.354639982511051]},"properties":{"Fazenda":"FE","Campo":"FE 05.1","produtividade":138.446322336,"unidade_produtividade":"sc/ha","pontos_originais":25,"ano":"2026","cultura":"Milho"}},{"type":"Feature","geometry":{"type":"Point","coordinates":[-52.29599353596116,-10.354640901788548]},"properties":{"Fazenda":"FE","Campo":"FE 05.1","produtividade":146.462943312,"unidade_produtividade":"sc/ha","pontos_originais":25,"ano":"2026","cultura":"Milho"}},{"type":"Feature","geometry":{"type":"Point","coordinates":[-52.29736336388406,-10.354635383696268]},"properties":{"Fazenda":"FE","Campo":"FE 05.1","produtividade":145.6610716512,"unidade_produtividade":"sc/ha","pontos_originais":25,"ano":"2026","cultura":"Milho"}},{"type":"Feature","geometry":{"type":"Point","coordinates":[-52.29713505928372,-10.354636303782863]},"properties":{"Fazenda":"FE","Campo":"FE 05.1","produtividade":147.6776980224,"unidade_produtividade":"sc/ha","pontos_originais":25,"ano":"2026","cultura":"Milho"}},{"type":"Feature","geometry":{"type":"Point","coordinates":[-52.296906754661975,-10.35463722370764]},"properties":{"Fazenda":"FE","Campo":"FE 05.1","produtividade":143.4683746944,"unidade_produtividade":"sc/ha","pontos_originais":25,"ano":"2026","cultura":"Milho"}},{"type":"Feature","geometry":{"type":"Point","coordinates":[-52.295080316918344,-10.354644577280341]},"properties":{"Fazenda":"FE","Campo":"FE 05.1","produtividade":156.1827530592,"unidade_produtividade":"sc/ha","pontos_originais":25,"ano":"2026","cultura":"Milho"}},{"type":"Feature","geometry":{"type":"Point","coordinates":[-52.2953086217111,-10.354643658650128]},"properties":{"Fazenda":"FE","Campo":"FE 05.1","produtividade":159.19123872959997,"unidade_produtividade":"sc/ha","pontos_originais":25,"ano":"2026","cultura":"Milho"}},{"type":"Feature","geometry":{"type":"Point","coordinates":[-52.29485201210423,-10.354645495748741]},"properties":{"Fazenda":"FE","Campo":"FE 05.1","produtividade":151.53427658879997,"unidade_produtividade":"sc/ha","pontos_originais":25,"ano":"2026","cultura":"Milho"}},{"type":"Feature","geometry":{"type":"Point","coordinates":[-52.29462370726876,-10.354646414055319]},"properties":{"Fazenda":"FE","Campo":"FE 05.1","produtividade":147.48619354559995,"unidade_produtividade":"sc/ha","pontos_originais":25,"ano":"2026","cultura":"Milho"}},{"type":"Feature","geometry":{"type":"Point","coordinates":[-52.295765231232515,-10.354641820904225]},"properties":{"Fazenda":"FE","Campo":"FE 05.1","produtividade":152.39447576639998,"unidade_produtividade":"sc/ha","pontos_originais":25,"ano":"2026","cultura":"Milho"}},{"type":"Feature","geometry":{"type":"Point","coordinates":[-52.295536926482484,-10.354642739858086]},"properties":{"Fazenda":"FE","Campo":"FE 05.1","produtividade":158.006271024,"unidade_produtividade":"sc/ha","pontos_originais":25,"ano":"2026","cultura":"Milho"}},{"type":"Feature","geometry":{"type":"Point","coordinates":[-52.29759166846301,-10.354634463447855]},"properties":{"Fazenda":"FE","Campo":"FE 05.1","produtividade":152.0540163072,"unidade_produtividade":"sc/ha","pontos_originais":25,"ano":"2026","cultura":"Milho"}},{"type":"Feature","geometry":{"type":"Point","coordinates":[-52.29964640870995,-10.354626173930267]},"properties":{"Fazenda":"FE","Campo":"FE 05.1","produtividade":151.3845190368,"unidade_produtividade":"sc/ha","pontos_originais":25,"ano":"2026","cultura":"Milho"}},{"type":"Feature","geometry":{"type":"Point","coordinates":[-52.29987471307471,-10.354625252063665]},"properties":{"Fazenda":"FE","Campo":"FE 05.1","produtividade":153.8650639008,"unidade_produtividade":"sc/ha","pontos_originais":25,"ano":"2026","cultura":"Milho"}},{"type":"Feature","geometry":{"type":"Point","coordinates":[-52.29941810432377,-10.35462709563505]},"properties":{"Fazenda":"FE","Campo":"FE 05.1","produtividade":161.8304679936,"unidade_produtividade":"sc/ha","pontos_originais":25,"ano":"2026","cultura":"Milho"}},{"type":"Feature","geometry":{"type":"Point","coordinates":[-52.29918979991614,-10.354628017178017]},"properties":{"Fazenda":"FE","Campo":"FE 05.1","produtividade":167.69932925759997,"unidade_produtividade":"sc/ha","pontos_originais":25,"ano":"2026","cultura":"Milho"}},{"type":"Feature","geometry":{"type":"Point","coordinates":[-52.29142725231339,-10.35461404302143]},"properties":{"Fazenda":"FE","Campo":"FE 05.1","produtividade":91.10169835199999,"unidade_produtividade":"sc/ha","pontos_originais":15,"ano":"2026","cultura":"Milho"}},{"type":"Feature","geometry":{"type":"Point","coordinates":[-52.29120718192944,-10.354598485470973]},"properties":{"Fazenda":"FE","Campo":"FE 05.1","produtividade":91.42647925090908,"unidade_produtividade":"sc/ha","pontos_originais":11,"ano":"2026","cultura":"Milho"}},{"type":"Feature","geometry":{"type":"Point","coordinates":[-52.29100702290729,-10.354579559834573]},"properties":{"Fazenda":"FE","Campo":"FE 05.1","produtividade":94.651378416,"unidade_produtividade":"sc/ha","pontos_originais":5,"ano":"2026","cultura":"Milho"}},{"type":"Feature","geometry":{"type":"Point","coordinates":[-52.30001924374431,-10.35460959807713]},"properties":{"Fazenda":"FE","Campo":"FE 05.1","produtividade":159.59179152,"unidade_produtividade":"sc/ha","pontos_originais":6,"ano":"2026","cultura":"Milho"}},{"type":"Feature","geometry":{"type":"Point","coordinates":[-52.2982765820714,-10.354631701731694]},"properties":{"Fazenda":"FE","Campo":"FE 05.1","produtividade":138.6920084256,"unidade_produtividade":"sc/ha","pontos_originais":25,"ano":"2026","cultura":"Milho"}},{"type":"Feature","geometry":{"type":"Point","coordinates":[-52.29804827755666,-10.354632622465566]},"properties":{"Fazenda":"FE","Campo":"FE 05.1","produtividade":151.1177907456,"unidade_produtividade":"sc/ha","pontos_originais":25,"ano":"2026","cultura":"Milho"}},{"type":"Feature","geometry":{"type":"Point","coordinates":[-52.297819973020545,-10.354633543037622]},"properties":{"Fazenda":"FE","Campo":"FE 05.1","produtividade":159.4737837504,"unidade_produtividade":"sc/ha","pontos_originais":25,"ano":"2026","cultura":"Milho"}},{"type":"Feature","geometry":{"type":"Point","coordinates":[-52.298961495487085,-10.354628938559165]},"properties":{"Fazenda":"FE","Campo":"FE 05.1","produtividade":156.1111048224,"unidade_produtividade":"sc/ha","pontos_originais":25,"ano":"2026","cultura":"Milho"}},{"type":"Feature","geometry":{"type":"Point","coordinates":[-52.29873319103661,-10.354629859778495]},"properties":{"Fazenda":"FE","Campo":"FE 05.1","produtividade":145.7701533792,"unidade_produtividade":"sc/ha","pontos_originais":25,"ano":"2026","cultura":"Milho"}},{"type":"Feature","geometry":{"type":"Point","coordinates":[-52.2985048865647,-10.354630780836006]},"properties":{"Fazenda":"FE","Campo":"FE 05.1","produtividade":140.49799626239997,"unidade_produtividade":"sc/ha","pontos_originais":25,"ano":"2026","cultura":"Milho"}},{"type":"Feature","geometry":{"type":"Point","coordinates":[-52.30001225442885,-10.354760329414415]},"properties":{"Fazenda":"FE","Campo":"FE 05.1","produtividade":157.2263784,"unidade_produtividade":"sc/ha","pontos_originais":1,"ano":"2026","cultura":"Milho"}},{"type":"Feature","geometry":{"type":"Point","coordinates":[-52.29211290802198,-10.354792135714918]},"properties":{"Fazenda":"FE","Campo":"FE 05.1","produtividade":92.656763136,"unidade_produtividade":"sc/ha","pontos_originais":5,"ano":"2026","cultura":"Milho"}},{"type":"Feature","geometry":{"type":"Point","coordinates":[-52.29083291922814,-10.354435582583305]},"properties":{"Fazenda":"FE","Campo":"FE 05.1","produtividade":92.87483687999999,"unidade_produtividade":"sc/ha","pontos_originais":3,"ano":"2026","cultura":"Milho"}},{"type":"Feature","geometry":{"type":"Point","coordinates":[-52.29963523855668,-10.35191356245428]},"properties":{"Fazenda":"FE","Campo":"FE 05.1","produtividade":171.7300363968,"unidade_produtividade":"sc/ha","pontos_originais":25,"ano":"2026","cultura":"Milho"}},{"type":"Feature","geometry":{"type":"Point","coordinates":[-52.29940693613138,-10.351914483912475]},"properties":{"Fazenda":"FE","Campo":"FE 05.1","produtividade":174.15457012800002,"unidade_produtividade":"sc/ha","pontos_originais":25,"ano":"2026","cultura":"Milho"}},{"type":"Feature","geometry":{"type":"Point","coordinates":[-52.299178633684626,-10.351915405208894]},"properties":{"Fazenda":"FE","Campo":"FE 05.1","produtividade":175.6715137632,"unidade_produtividade":"sc/ha","pontos_originais":25,"ano":"2026","cultura":"Milho"}},{"type":"Feature","geometry":{"type":"Point","coordinates":[-52.29895033121645,-10.35191632634354]},"properties":{"Fazenda":"FE","Campo":"FE 05.1","produtividade":175.56875461440004,"unidade_produtividade":"sc/ha","pontos_originais":25,"ano":"2026","cultura":"Milho"}},{"type":"Feature","geometry":{"type":"Point","coordinates":[-52.300320145704,-10.351910797109047]},"properties":{"Fazenda":"FE","Campo":"FE 05.1","produtividade":157.0813939296,"unidade_produtividade":"sc/ha","pontos_originais":25,"ano":"2026","cultura":"Milho"}},{"type":"Feature","geometry":{"type":"Point","coordinates":[-52.30053103583896,-10.351905639535632]},"properties":{"Fazenda":"FE","Campo":"FE 05.1","produtividade":164.03570567999995,"unidade_produtividade":"sc/ha","pontos_originais":21,"ano":"2026","cultura":"Milho"}},{"type":"Feature","geometry":{"type":"Point","coordinates":[-52.300091843343004,-10.351911719052564]},"properties":{"Fazenda":"FE","Campo":"FE 05.1","produtividade":153.30690002880002,"unidade_produtividade":"sc/ha","pontos_originais":25,"ano":"2026","cultura":"Milho"}},{"type":"Feature","geometry":{"type":"Point","coordinates":[-52.29986354096059,-10.351912640834309]},"properties":{"Fazenda":"FE","Campo":"FE 05.1","produtividade":162.8039613312,"unidade_produtividade":"sc/ha","pontos_originais":25,"ano":"2026","cultura":"Milho"}},{"type":"Feature","geometry":{"type":"Point","coordinates":[-52.29826542368342,-10.351919088776818]},"properties":{"Fazenda":"FE","Campo":"FE 05.1","produtividade":177.65591880960005,"unidade_produtividade":"sc/ha","pontos_originais":25,"ano":"2026","cultura":"Milho"}},{"type":"Feature","geometry":{"type":"Point","coordinates":[-52.298037121129575,-10.351920009264358]},"properties":{"Fazenda":"FE","Campo":"FE 05.1","produtividade":176.50481264639998,"unidade_produtividade":"sc/ha","pontos_originais":25,"ano":"2026","cultura":"Milho"}},{"type":"Feature","geometry":{"type":"Point","coordinates":[-52.29780881855432,-10.351920929590126]},"properties":{"Fazenda":"FE","Campo":"FE 05.1","produtividade":177.2314187616,"unidade_produtividade":"sc/ha","pontos_originais":25,"ano":"2026","cultura":"Milho"}},{"type":"Feature","geometry":{"type":"Point","coordinates":[-52.29758051595767,-10.351921849754117]},"properties":{"Fazenda":"FE","Campo":"FE 05.1","produtividade":181.63332976319998,"unidade_produtividade":"sc/ha","pontos_originais":25,"ano":"2026","cultura":"Milho"}},{"type":"Feature","geometry":{"type":"Point","coordinates":[-52.298722028726864,-10.351917247316406]},"properties":{"Fazenda":"FE","Campo":"FE 05.1","produtividade":174.494352816,"unidade_produtividade":"sc/ha","pontos_originais":25,"ano":"2026","cultura":"Milho"}},{"type":"Feature","geometry":{"type":"Point","coordinates":[-52.298493726215845,-10.351918168127499]},"properties":{"Fazenda":"FE","Campo":"FE 05.1","produtividade":176.92688260800003,"unidade_produtividade":"sc/ha","pontos_originais":25,"ano":"2026","cultura":"Milho"}},{"type":"Feature","geometry":{"type":"Point","coordinates":[-52.295069185982776,-10.351931960880783]},"properties":{"Fazenda":"FE","Campo":"FE 05.1","produtividade":169.4856387168,"unidade_produtividade":"sc/ha","pontos_originais":25,"ano":"2026","cultura":"Milho"}},{"type":"Feature","geometry":{"type":"Point","coordinates":[-52.29529748881464,-10.35193104249633]},"properties":{"Fazenda":"FE","Campo":"FE 05.1","produtividade":158.71777891199997,"unidade_produtividade":"sc/ha","pontos_originais":25,"ano":"2026","cultura":"Milho"}},{"type":"Feature","geometry":{"type":"Point","coordinates":[-52.29484088312957,-10.351932879103456]},"properties":{"Fazenda":"FE","Campo":"FE 05.1","produtividade":178.55788184639997,"unidade_produtividade":"sc/ha","pontos_originais":25,"ano":"2026","cultura":"Milho"}},{"type":"Feature","geometry":{"type":"Point","coordinates":[-52.29461258025498,-10.351933797164357]},"properties":{"Fazenda":"FE","Campo":"FE 05.1","produtividade":172.464559344,"unidade_produtividade":"sc/ha","pontos_originais":25,"ano":"2026","cultura":"Milho"}},{"type":"Feature","geometry":{"type":"Point","coordinates":[-52.295982397182044,-10.351928286372317]},"properties":{"Fazenda":"FE","Campo":"FE 05.1","produtividade":164.5388845632,"unidade_produtividade":"sc/ha","pontos_originais":25,"ano":"2026","cultura":"Milho"}},{"type":"Feature","geometry":{"type":"Point","coordinates":[-52.29575409441427,-10.351929205242097]},"properties":{"Fazenda":"FE","Campo":"FE 05.1","produtividade":159.66884324159994,"unidade_produtividade":"sc/ha","pontos_originais":25,"ano":"2026","cultura":"Milho"}},{"type":"Feature","geometry":{"type":"Point","coordinates":[-52.29552579162515,-10.351930123950103]},"properties":{"Fazenda":"FE","Campo":"FE 05.1","produtividade":157.740310224,"unidade_produtividade":"sc/ha","pontos_originais":25,"ano":"2026","cultura":"Milho"}},{"type":"Feature","geometry":{"type":"Point","coordinates":[-52.293699368543194,-10.351937467790176]},"properties":{"Fazenda":"FE","Campo":"FE 05.1","produtividade":137.8323692928,"unidade_produtividade":"sc/ha","pontos_originais":25,"ano":"2026","cultura":"Milho"}},{"type":"Feature","geometry":{"type":"Point","coordinates":[-52.293471065561874,-10.351938385042187]},"properties":{"Fazenda":"FE","Campo":"FE 05.1","produtividade":147.4444466208,"unidade_produtividade":"sc/ha","pontos_originais":25,"ano":"2026","cultura":"Milho"}},{"type":"Feature","geometry":{"type":"Point","coordinates":[-52.29330096024941,-10.351959618852028]},"properties":{"Fazenda":"FE","Campo":"FE 05.1","produtividade":146.2872577090909,"unidade_produtividade":"sc/ha","pontos_originais":11,"ano":"2026","cultura":"Milho"}},{"type":"Feature","geometry":{"type":"Point","coordinates":[-52.29438427735905,-10.351934715063473]},"properties":{"Fazenda":"FE","Campo":"FE 05.1","produtividade":164.578042944,"unidade_produtividade":"sc/ha","pontos_originais":25,"ano":"2026","cultura":"Milho"}},{"type":"Feature","geometry":{"type":"Point","coordinates":[-52.29415597444177,-10.35193563280082]},"properties":{"Fazenda":"FE","Campo":"FE 05.1","produtividade":158.8346305056,"unidade_produtividade":"sc/ha","pontos_originais":25,"ano":"2026","cultura":"Milho"}},{"type":"Feature","geometry":{"type":"Point","coordinates":[-52.29392767150314,-10.351936550376383]},"properties":{"Fazenda":"FE","Campo":"FE 05.1","produtividade":141.96027384,"unidade_produtividade":"sc/ha","pontos_originais":25,"ano":"2026","cultura":"Milho"}},{"type":"Feature","geometry":{"type":"Point","coordinates":[-52.300503718927004,-10.352136110338153]},"properties":{"Fazenda":"FE","Campo":"FE 05.1","produtividade":162.157027536,"unidade_produtividade":"sc/ha","pontos_originais":15,"ano":"2026","cultura":"Milho"}},{"type":"Feature","geometry":{"type":"Point","coordinates":[-52.2996361692849,-10.352139613428488]},"properties":{"Fazenda":"FE","Campo":"FE 05.1","produtividade":166.90388117759997,"unidade_produtividade":"sc/ha","pontos_originais":25,"ano":"2026","cultura":"Milho"}},{"type":"Feature","geometry":{"type":"Point","coordinates":[-52.29986447185217,-10.352138691787966]},"properties":{"Fazenda":"FE","Campo":"FE 05.1","produtividade":157.52164236480002,"unidade_produtividade":"sc/ha","pontos_originais":25,"ano":"2026","cultura":"Milho"}},{"type":"Feature","geometry":{"type":"Point","coordinates":[-52.29940786669619,-10.35214053490723]},"properties":{"Fazenda":"FE","Campo":"FE 05.1","produtividade":170.69686018559997,"unidade_produtividade":"sc/ha","pontos_originais":25,"ano":"2026","cultura":"Milho"}},{"type":"Feature","geometry":{"type":"Point","coordinates":[-52.29917956408608,-10.352141456224194]},"properties":{"Fazenda":"FE","Campo":"FE 05.1","produtividade":169.6134244896,"unidade_produtividade":"sc/ha","pontos_originais":25,"ano":"2026","cultura":"Milho"}},{"type":"Feature","geometry":{"type":"Point","coordinates":[-52.30032107692238,-10.352136848021585]},"properties":{"Fazenda":"FE","Campo":"FE 05.1","produtividade":160.39243079999997,"unidade_produtividade":"sc/ha","pontos_originais":25,"ano":"2026","cultura":"Milho"}},{"type":"Feature","geometry":{"type":"Point","coordinates":[-52.30009277439799,-10.352137769985662]},"properties":{"Fazenda":"FE","Campo":"FE 05.1","produtividade":155.66817228480005,"unidade_produtividade":"sc/ha","pontos_originais":25,"ano":"2026","cultura":"Milho"}},{"type":"Feature","geometry":{"type":"Point","coordinates":[-52.29666730535706,-10.351925528792314]},"properties":{"Fazenda":"FE","Campo":"FE 05.1","produtividade":173.65392334079996,"unidade_produtividade":"sc/ha","pontos_originais":25,"ano":"2026","cultura":"Milho"}},{"type":"Feature","geometry":{"type":"Point","coordinates":[-52.29689560803929,-10.351924609275432]},"properties":{"Fazenda":"FE","Campo":"FE 05.1","produtividade":172.50504647039998,"unidade_produtividade":"sc/ha","pontos_originais":25,"ano":"2026","cultura":"Milho"}},{"type":"Feature","geometry":{"type":"Point","coordinates":[-52.296439002653436,-10.35192644814743]},"properties":{"Fazenda":"FE","Campo":"FE 05.1","produtividade":171.93481865279998,"unidade_produtividade":"sc/ha","pontos_originais":25,"ano":"2026","cultura":"Milho"}},{"type":"Feature","geometry":{"type":"Point","coordinates":[-52.29621069992842,-10.351927367340764]},"properties":{"Fazenda":"FE","Campo":"FE 05.1","produtividade":168.87907935359996,"unidade_produtividade":"sc/ha","pontos_originais":25,"ano":"2026","cultura":"Milho"}},{"type":"Feature","geometry":{"type":"Point","coordinates":[-52.29735221333962,-10.35192276975633]},"properties":{"Fazenda":"FE","Campo":"FE 05.1","produtividade":182.2655562336,"unidade_produtividade":"sc/ha","pontos_originais":25,"ano":"2026","cultura":"Milho"}},{"type":"Feature","geometry":{"type":"Point","coordinates":[-52.29712391070016,-10.351923689596767]},"properties":{"Fazenda":"FE","Campo":"FE 05.1","produtividade":176.43127803839997,"unidade_produtividade":"sc/ha","pontos_originais":25,"ano":"2026","cultura":"Milho"}},{"type":"Feature","geometry":{"type":"Point","coordinates":[-52.295298416438506,-10.35215709386035]},"properties":{"Fazenda":"FE","Campo":"FE 05.1","produtividade":162.94889015999996,"unidade_produtividade":"sc/ha","pontos_originais":25,"ano":"2026","cultura":"Milho"}},{"type":"Feature","geometry":{"type":"Point","coordinates":[-52.29507011344325,-10.352158012265281]},"properties":{"Fazenda":"FE","Campo":"FE 05.1","produtividade":170.80351182719994,"unidade_produtividade":"sc/ha","pontos_originais":25,"ano":"2026","cultura":"Milho"}},{"type":"Feature","geometry":{"type":"Point","coordinates":[-52.29484181042666,-10.352158930508436]},"properties":{"Fazenda":"FE","Campo":"FE 05.1","produtividade":177.85234393919995,"unidade_produtividade":"sc/ha","pontos_originais":25,"ano":"2026","cultura":"Milho"}},{"type":"Feature","geometry":{"type":"Point","coordinates":[-52.29461350738868,-10.352159848589809]},"properties":{"Fazenda":"FE","Campo":"FE 05.1","produtividade":175.3292205504,"unidade_produtividade":"sc/ha","pontos_originais":25,"ano":"2026","cultura":"Milho"}},{"type":"Feature","geometry":{"type":"Point","coordinates":[-52.295983325296056,-10.352154337674873]},"properties":{"Fazenda":"FE","Campo":"FE 05.1","produtividade":169.90712081279995,"unidade_produtividade":"sc/ha","pontos_originais":25,"ano":"2026","cultura":"Milho"}},{"type":"Feature","geometry":{"type":"Point","coordinates":[-52.29621162820583,-10.352153418622825]},"properties":{"Fazenda":"FE","Campo":"FE 05.1","produtividade":163.709655984,"unidade_produtividade":"sc/ha","pontos_originais":25,"ano":"2026","cultura":"Milho"}},{"type":"Feature","geometry":{"type":"Point","coordinates":[-52.29575502236493,-10.352155256565148]},"properties":{"Fazenda":"FE","Campo":"FE 05.1","produtividade":173.5486161696,"unidade_produtividade":"sc/ha","pontos_originais":25,"ano":"2026","cultura":"Milho"}},{"type":"Feature","geometry":{"type":"Point","coordinates":[-52.29552671941239,-10.35215617529364]},"properties":{"Fazenda":"FE","Campo":"FE 05.1","produtividade":166.16271087359996,"unidade_produtividade":"sc/ha","pontos_originais":25,"ano":"2026","cultura":"Milho"}},{"type":"Feature","geometry":{"type":"Point","coordinates":[-52.29392859814671,-10.352162601863235]},"properties":{"Fazenda":"FE","Campo":"FE 05.1","produtividade":152.12222928,"unidade_produtividade":"sc/ha","pontos_originais":25,"ano":"2026","cultura":"Milho"}},{"type":"Feature","geometry":{"type":"Point","coordinates":[-52.293700295023335,-10.352163519297484]},"properties":{"Fazenda":"FE","Campo":"FE 05.1","produtividade":141.6813902784,"unidade_produtividade":"sc/ha","pontos_originais":25,"ano":"2026","cultura":"Milho"}},{"type":"Feature","geometry":{"type":"Point","coordinates":[-52.29347199187865,-10.352164436569954]},"properties":{"Fazenda":"FE","Campo":"FE 05.1","produtividade":151.3978458048,"unidade_produtividade":"sc/ha","pontos_originais":25,"ano":"2026","cultura":"Milho"}},{"type":"Feature","geometry":{"type":"Point","coordinates":[-52.29324750920055,-10.352169105923]},"properties":{"Fazenda":"FE","Campo":"FE 05.1","produtividade":149.05955106000002,"unidade_produtividade":"sc/ha","pontos_originais":24,"ano":"2026","cultura":"Milho"}},{"type":"Feature","geometry":{"type":"Point","coordinates":[-52.29438520432937,-10.352160766509396]},"properties":{"Fazenda":"FE","Campo":"FE 05.1","produtividade":169.93765776959998,"unidade_produtividade":"sc/ha","pontos_originais":25,"ano":"2026","cultura":"Milho"}},{"type":"Feature","geometry":{"type":"Point","coordinates":[-52.29415690124872,-10.352161684267205]},"properties":{"Fazenda":"FE","Campo":"FE 05.1","produtividade":167.66132302079998,"unidade_produtividade":"sc/ha","pontos_originais":25,"ano":"2026","cultura":"Milho"}},{"type":"Feature","geometry":{"type":"Point","coordinates":[-52.29826635343131,-10.352145139874262]},"properties":{"Fazenda":"FE","Campo":"FE 05.1","produtividade":178.08938925119998,"unidade_produtividade":"sc/ha","pontos_originais":25,"ano":"2026","cultura":"Milho"}},{"type":"Feature","geometry":{"type":"Point","coordinates":[-52.29803805071408,-10.352146060382333]},"properties":{"Fazenda":"FE","Campo":"FE 05.1","produtividade":178.5617701056,"unidade_produtividade":"sc/ha","pontos_originais":25,"ano":"2026","cultura":"Milho"}},{"type":"Feature","geometry":{"type":"Point","coordinates":[-52.297809747975435,-10.352146980728623]},"properties":{"Fazenda":"FE","Campo":"FE 05.1","produtividade":176.79905570879998,"unidade_produtividade":"sc/ha","pontos_originais":25,"ano":"2026","cultura":"Milho"}},{"type":"Feature","geometry":{"type":"Point","coordinates":[-52.297581445215386,-10.352147900913133]},"properties":{"Fazenda":"FE","Campo":"FE 05.1","produtividade":179.37662621759998,"unidade_produtividade":"sc/ha","pontos_originais":25,"ano":"2026","cultura":"Milho"}},{"type":"Feature","geometry":{"type":"Point","coordinates":[-52.298951261454505,-10.352142377379382]},"properties":{"Fazenda":"FE","Campo":"FE 05.1","produtividade":171.4544762112,"unidade_produtividade":"sc/ha","pontos_originais":25,"ano":"2026","cultura":"Milho"}},{"type":"Feature","geometry":{"type":"Point","coordinates":[-52.298722958801534,-10.352143298372788]},"properties":{"Fazenda":"FE","Campo":"FE 05.1","produtividade":173.34900011520006,"unidade_produtividade":"sc/ha","pontos_originais":25,"ano":"2026","cultura":"Milho"}},{"type":"Feature","geometry":{"type":"Point","coordinates":[-52.29849465612713,-10.352144219204417]},"properties":{"Fazenda":"FE","Campo":"FE 05.1","produtividade":176.3502650784,"unidade_produtividade":"sc/ha","pontos_originais":25,"ano":"2026","cultura":"Milho"}},{"type":"Feature","geometry":{"type":"Point","coordinates":[-52.29666823396124,-10.352151580033379]},"properties":{"Fazenda":"FE","Campo":"FE 05.1","produtividade":172.74313566719997,"unidade_produtividade":"sc/ha","pontos_originais":25,"ano":"2026","cultura":"Milho"}},{"type":"Feature","geometry":{"type":"Point","coordinates":[-52.296896536806884,-10.352150660495983]},"properties":{"Fazenda":"FE","Campo":"FE 05.1","produtividade":175.57648395840002,"unidade_produtividade":"sc/ha","pontos_originais":25,"ano":"2026","cultura":"Milho"}},{"type":"Feature","geometry":{"type":"Point","coordinates":[-52.296439931094234,-10.352152499408989]},"properties":{"Fazenda":"FE","Campo":"FE 05.1","produtividade":165.3495784416,"unidade_produtividade":"sc/ha","pontos_originais":25,"ano":"2026","cultura":"Milho"}},{"type":"Feature","geometry":{"type":"Point","coordinates":[-52.297353142433955,-10.352148820935863]},"properties":{"Fazenda":"FE","Campo":"FE 05.1","produtividade":182.8356382944,"unidade_produtividade":"sc/ha","pontos_originais":25,"ano":"2026","cultura":"Milho"}},{"type":"Feature","geometry":{"type":"Point","coordinates":[-52.297124839631095,-10.352149740796815]},"properties":{"Fazenda":"FE","Campo":"FE 05.1","produtividade":179.74939167359997,"unidade_produtividade":"sc/ha","pontos_originais":25,"ano":"2026","cultura":"Milho"}},{"type":"Feature","geometry":{"type":"Point","coordinates":[-52.293106984623655,-10.352233719343493]},"properties":{"Fazenda":"FE","Campo":"FE 05.1","produtividade":138.84909948,"unidade_produtividade":"sc/ha","pontos_originais":2,"ano":"2026","cultura":"Milho"}},{"type":"Feature","geometry":{"type":"Point","coordinates":[-52.29506825854365,-10.351705909493033]},"properties":{"Fazenda":"FE","Campo":"FE 05.1","produtividade":165.02697267839997,"unidade_produtividade":"sc/ha","pontos_originais":25,"ano":"2026","cultura":"Milho"}},{"type":"Feature","geometry":{"type":"Point","coordinates":[-52.29483995585381,-10.351706827695232]},"properties":{"Fazenda":"FE","Campo":"FE 05.1","produtividade":175.885873632,"unidade_produtividade":"sc/ha","pontos_originais":25,"ano":"2026","cultura":"Milho"}},{"type":"Feature","geometry":{"type":"Point","coordinates":[-52.29461165314262,-10.351707745735652]},"properties":{"Fazenda":"FE","Campo":"FE 05.1","produtividade":167.24308386239997,"unidade_produtividade":"sc/ha","pontos_originais":25,"ano":"2026","cultura":"Milho"}},{"type":"Feature","geometry":{"type":"Point","coordinates":[-52.29438335041007,-10.351708663614303]},"properties":{"Fazenda":"FE","Campo":"FE 05.1","produtividade":155.067070032,"unidade_produtividade":"sc/ha","pontos_originais":25,"ano":"2026","cultura":"Milho"}},{"type":"Feature","geometry":{"type":"Point","coordinates":[-52.29575316648499,-10.3517031539158]},"properties":{"Fazenda":"FE","Campo":"FE 05.1","produtividade":146.41361582399998,"unidade_produtividade":"sc/ha","pontos_originais":25,"ano":"2026","cultura":"Milho"}},{"type":"Feature","geometry":{"type":"Point","coordinates":[-52.295524863859264,-10.351704072603315]},"properties":{"Fazenda":"FE","Campo":"FE 05.1","produtividade":146.83292063999997,"unidade_produtividade":"sc/ha","pontos_originais":25,"ano":"2026","cultura":"Milho"}},{"type":"Feature","geometry":{"type":"Point","coordinates":[-52.29529656121213,-10.35170499112906]},"properties":{"Fazenda":"FE","Campo":"FE 05.1","produtividade":151.68806997119998,"unidade_produtividade":"sc/ha","pontos_originais":25,"ano":"2026","cultura":"Milho"}},{"type":"Feature","geometry":{"type":"Point","coordinates":[-52.293478104396684,-10.351718198607568]},"properties":{"Fazenda":"FE","Campo":"FE 05.1","produtividade":143.70292483826086,"unidade_produtividade":"sc/ha","pontos_originais":23,"ano":"2026","cultura":"Milho"}},{"type":"Feature","geometry":{"type":"Point","coordinates":[-52.29369844208435,-10.35171141627962]},"properties":{"Fazenda":"FE","Campo":"FE 05.1","produtividade":134.6578055424,"unidade_produtividade":"sc/ha","pontos_originais":25,"ano":"2026","cultura":"Milho"}},{"type":"Feature","geometry":{"type":"Point","coordinates":[-52.300547516683245,-10.351683824108527]},"properties":{"Fazenda":"FE","Campo":"FE 05.1","produtividade":167.57295750719996,"unidade_produtividade":"sc/ha","pontos_originais":25,"ano":"2026","cultura":"Milho"}},{"type":"Feature","geometry":{"type":"Point","coordinates":[-52.30031921450707,-10.351684746193255]},"properties":{"Fazenda":"FE","Campo":"FE 05.1","produtividade":160.50957451199997,"unidade_produtividade":"sc/ha","pontos_originais":25,"ano":"2026","cultura":"Milho"}},{"type":"Feature","geometry":{"type":"Point","coordinates":[-52.294155047656176,-10.351709581331182]},"properties":{"Fazenda":"FE","Campo":"FE 05.1","produtividade":145.44542839679997,"unidade_produtividade":"sc/ha","pontos_originais":25,"ano":"2026","cultura":"Milho"}},{"type":"Feature","geometry":{"type":"Point","coordinates":[-52.29392674488095,-10.35171049888629]},"properties":{"Fazenda":"FE","Campo":"FE 05.1","produtividade":131.8061433024,"unidade_produtividade":"sc/ha","pontos_originais":25,"ano":"2026","cultura":"Milho"}},{"type":"Feature","geometry":{"type":"Point","coordinates":[-52.29803619156648,-10.351693958143137]},"properties":{"Fazenda":"FE","Campo":"FE 05.1","produtividade":177.1310806272,"unidade_produtividade":"sc/ha","pontos_originais":25,"ano":"2026","cultura":"Milho"}},{"type":"Feature","geometry":{"type":"Point","coordinates":[-52.2978078891546,-10.351694878448376]},"properties":{"Fazenda":"FE","Campo":"FE 05.1","produtividade":178.13085917760003,"unidade_produtividade":"sc/ha","pontos_originais":25,"ano":"2026","cultura":"Milho"}},{"type":"Feature","geometry":{"type":"Point","coordinates":[-52.29757958672132,-10.351695798591848]},"properties":{"Fazenda":"FE","Campo":"FE 05.1","produtividade":182.07689250239997,"unidade_produtividade":"sc/ha","pontos_originais":25,"ano":"2026","cultura":"Milho"}},{"type":"Feature","geometry":{"type":"Point","coordinates":[-52.297351284266654,-10.351696718573546]},"properties":{"Fazenda":"FE","Campo":"FE 05.1","produtividade":180.1415621376,"unidade_produtividade":"sc/ha","pontos_originais":25,"ano":"2026","cultura":"Milho"}},{"type":"Feature","geometry":{"type":"Point","coordinates":[-52.298721098673624,-10.351691196256777]},"properties":{"Fazenda":"FE","Campo":"FE 05.1","produtividade":175.29568559999998,"unidade_produtividade":"sc/ha","pontos_originais":25,"ano":"2026","cultura":"Milho"}},{"type":"Feature","geometry":{"type":"Point","coordinates":[-52.29849279632597,-10.351692117047337]},"properties":{"Fazenda":"FE","Campo":"FE 05.1","produtividade":176.8793429088,"unidade_produtividade":"sc/ha","pontos_originais":25,"ano":"2026","cultura":"Milho"}},{"type":"Feature","geometry":{"type":"Point","coordinates":[-52.29826449395694,-10.351693037676121]},"properties":{"Fazenda":"FE","Campo":"FE 05.1","produtividade":177.24314583359995,"unidade_produtividade":"sc/ha","pontos_originais":25,"ano":"2026","cultura":"Milho"}},{"type":"Feature","geometry":{"type":"Point","coordinates":[-52.296438074234004,-10.351700396882611]},"properties":{"Fazenda":"FE","Campo":"FE 05.1","produtividade":174.79576699199998,"unidade_produtividade":"sc/ha","pontos_originais":25,"ano":"2026","cultura":"Milho"}},{"type":"Feature","geometry":{"type":"Point","coordinates":[-52.29666637677424,-10.351699477548006]},"properties":{"Fazenda":"FE","Campo":"FE 05.1","produtividade":170.63357693759997,"unidade_produtividade":"sc/ha","pontos_originais":25,"ano":"2026","cultura":"Milho"}},{"type":"Feature","geometry":{"type":"Point","coordinates":[-52.29620977167238,-10.351701316055449]},"properties":{"Fazenda":"FE","Campo":"FE 05.1","produtividade":172.39040360640004,"unidade_produtividade":"sc/ha","pontos_originais":25,"ano":"2026","cultura":"Milho"}},{"type":"Feature","geometry":{"type":"Point","coordinates":[-52.295981469089384,-10.35170223506651]},"properties":{"Fazenda":"FE","Campo":"FE 05.1","produtividade":161.0852981472,"unidade_produtividade":"sc/ha","pontos_originais":25,"ano":"2026","cultura":"Milho"}},{"type":"Feature","geometry":{"type":"Point","coordinates":[-52.297122981790565,-10.351697638393473]},"properties":{"Fazenda":"FE","Campo":"FE 05.1","produtividade":171.0125754624,"unidade_produtividade":"sc/ha","pontos_originais":25,"ano":"2026","cultura":"Milho"}},{"type":"Feature","geometry":{"type":"Point","coordinates":[-52.29689467929311,-10.351698558051629]},"properties":{"Fazenda":"FE","Campo":"FE 05.1","produtividade":165.92662175040002,"unidade_produtividade":"sc/ha","pontos_originais":25,"ano":"2026","cultura":"Milho"}},{"type":"Feature","geometry":{"type":"Point","coordinates":[-52.29940600558799,-10.351688432914468]},"properties":{"Fazenda":"FE","Campo":"FE 05.1","produtividade":173.17929928319998,"unidade_produtividade":"sc/ha","pontos_originais":25,"ano":"2026","cultura":"Milho"}},{"type":"Feature","geometry":{"type":"Point","coordinates":[-52.29917770330463,-10.351689354190343]},"properties":{"Fazenda":"FE","Campo":"FE 05.1","produtividade":176.97292119359994,"unidade_produtividade":"sc/ha","pontos_originais":25,"ano":"2026","cultura":"Milho"}},{"type":"Feature","geometry":{"type":"Point","coordinates":[-52.29894940099984,-10.351690275304446]},"properties":{"Fazenda":"FE","Campo":"FE 05.1","produtividade":176.41812908160003,"unidade_produtividade":"sc/ha","pontos_originais":25,"ano":"2026","cultura":"Milho"}},{"type":"Feature","geometry":{"type":"Point","coordinates":[-52.30009091230948,-10.35168566811622]},"properties":{"Fazenda":"FE","Campo":"FE 05.1","produtividade":156.0483302112,"unidade_produtividade":"sc/ha","pontos_originais":25,"ano":"2026","cultura":"Milho"}},{"type":"Feature","geometry":{"type":"Point","coordinates":[-52.299862610090415,-10.351686589877406]},"properties":{"Fazenda":"FE","Campo":"FE 05.1","produtividade":165.38721272639998,"unidade_produtividade":"sc/ha","pontos_originais":25,"ano":"2026","cultura":"Milho"}},{"type":"Feature","geometry":{"type":"Point","coordinates":[-52.29963430784992,-10.351687511476824]},"properties":{"Fazenda":"FE","Campo":"FE 05.1","produtividade":170.5945443552,"unidade_produtividade":"sc/ha","pontos_originais":25,"ano":"2026","cultura":"Milho"}},{"type":"Feature","geometry":{"type":"Point","coordinates":[-52.293333528041856,-10.351803304396764]},"properties":{"Fazenda":"FE","Campo":"FE 05.1","produtividade":142.47798264,"unidade_produtividade":"sc/ha","pontos_originais":1,"ano":"2026","cultura":"Milho"}},{"type":"Feature","geometry":{"type":"Point","coordinates":[-52.29872016864179,-10.351465145193897]},"properties":{"Fazenda":"FE","Campo":"FE 05.1","produtividade":175.01411914559998,"unidade_produtividade":"sc/ha","pontos_originais":25,"ano":"2026","cultura":"Milho"}},{"type":"Feature","geometry":{"type":"Point","coordinates":[-52.29849186645753,-10.351466065963923]},"properties":{"Fazenda":"FE","Campo":"FE 05.1","produtividade":177.1443735264,"unidade_produtividade":"sc/ha","pontos_originais":25,"ano":"2026","cultura":"Milho"}},{"type":"Feature","geometry":{"type":"Point","coordinates":[-52.29826356425185,-10.351466986572177]},"properties":{"Fazenda":"FE","Campo":"FE 05.1","produtividade":177.43553513280003,"unidade_produtividade":"sc/ha","pontos_originais":25,"ano":"2026","cultura":"Milho"}},{"type":"Feature","geometry":{"type":"Point","coordinates":[-52.298035262024776,-10.351467907018666]},"properties":{"Fazenda":"FE","Campo":"FE 05.1","produtividade":176.35794482879996,"unidade_produtividade":"sc/ha","pontos_originais":25,"ano":"2026","cultura":"Milho"}},{"type":"Feature","geometry":{"type":"Point","coordinates":[-52.299405075066005,-10.351462381913215]},"properties":{"Fazenda":"FE","Campo":"FE 05.1","produtividade":168.3211719168,"unidade_produtividade":"sc/ha","pontos_originais":25,"ano":"2026","cultura":"Milho"}},{"type":"Feature","geometry":{"type":"Point","coordinates":[-52.299176772946026,-10.351463303168545]},"properties":{"Fazenda":"FE","Campo":"FE 05.1","produtividade":174.9013674912,"unidade_produtividade":"sc/ha","pontos_originais":25,"ano":"2026","cultura":"Milho"}},{"type":"Feature","geometry":{"type":"Point","coordinates":[-52.298948470804625,-10.351464224262104]},"properties":{"Fazenda":"FE","Campo":"FE 05.1","produtividade":175.9135510944,"unidade_produtividade":"sc/ha","pontos_originais":25,"ano":"2026","cultura":"Milho"}},{"type":"Feature","geometry":{"type":"Point","coordinates":[-52.297122052902395,-10.351471587186929]},"properties":{"Fazenda":"FE","Campo":"FE 05.1","produtividade":165.49073150399997,"unidade_produtividade":"sc/ha","pontos_originais":25,"ano":"2026","cultura":"Milho"}},{"type":"Feature","geometry":{"type":"Point","coordinates":[-52.297350355215094,-10.351470667387511]},"properties":{"Fazenda":"FE","Campo":"FE 05.1","produtividade":176.5853623296,"unidade_produtividade":"sc/ha","pontos_originais":25,"ano":"2026","cultura":"Milho"}},{"type":"Feature","geometry":{"type":"Point","coordinates":[-52.29689375056831,-10.35147250682457]},"properties":{"Fazenda":"FE","Campo":"FE 05.1","produtividade":159.84313571519996,"unidade_produtividade":"sc/ha","pontos_originais":25,"ano":"2026","cultura":"Milho"}},{"type":"Feature","geometry":{"type":"Point","coordinates":[-52.296665448212835,-10.351473426300448]},"properties":{"Fazenda":"FE","Campo":"FE 05.1","produtividade":163.09767277439997,"unidade_produtividade":"sc/ha","pontos_originais":25,"ano":"2026","cultura":"Milho"}},{"type":"Feature","geometry":{"type":"Point","coordinates":[-52.29780695977628,-10.351468827303382]},"properties":{"Fazenda":"FE","Campo":"FE 05.1","produtividade":178.51558213439995,"unidade_produtividade":"sc/ha","pontos_originais":25,"ano":"2026","cultura":"Milho"}},{"type":"Feature","geometry":{"type":"Point","coordinates":[-52.29757865750637,-10.351469747426334]},"properties":{"Fazenda":"FE","Campo":"FE 05.1","produtividade":181.01427402239997,"unidade_produtividade":"sc/ha","pontos_originais":25,"ano":"2026","cultura":"Milho"}},{"type":"Feature","geometry":{"type":"Point","coordinates":[-52.294610726051616,-10.351481694303704]},"properties":{"Fazenda":"FE","Campo":"FE 05.1","produtividade":161.348991552,"unidade_produtividade":"sc/ha","pontos_originais":25,"ano":"2026","cultura":"Milho"}},{"type":"Feature","geometry":{"type":"Point","coordinates":[-52.294382423482446,-10.351482612161885]},"properties":{"Fazenda":"FE","Campo":"FE 05.1","produtividade":147.2729876352,"unidade_produtividade":"sc/ha","pontos_originais":25,"ano":"2026","cultura":"Milho"}},{"type":"Feature","geometry":{"type":"Point","coordinates":[-52.29415412089192,-10.3514835298583]},"properties":{"Fazenda":"FE","Campo":"FE 05.1","produtividade":142.0856543232,"unidade_produtividade":"sc/ha","pontos_originais":25,"ano":"2026","cultura":"Milho"}},{"type":"Feature","geometry":{"type":"Point","coordinates":[-52.29392581828006,-10.351484447392943]},"properties":{"Fazenda":"FE","Campo":"FE 05.1","produtividade":136.6024558752,"unidade_produtividade":"sc/ha","pontos_originais":25,"ano":"2026","cultura":"Milho"}},{"type":"Feature","geometry":{"type":"Point","coordinates":[-52.29529563363101,-10.351478939758543]},"properties":{"Fazenda":"FE","Campo":"FE 05.1","produtividade":147.9623580288,"unidade_produtividade":"sc/ha","pontos_originais":25,"ano":"2026","cultura":"Milho"}},{"type":"Feature","geometry":{"type":"Point","coordinates":[-52.29552393611474,-10.35147802125328]},"properties":{"Fazenda":"FE","Campo":"FE 05.1","produtividade":140.30208884159998,"unidade_produtividade":"sc/ha","pontos_originais":25,"ano":"2026","cultura":"Milho"}},{"type":"Feature","geometry":{"type":"Point","coordinates":[-52.29506733112589,-10.351479858102033]},"properties":{"Fazenda":"FE","Campo":"FE 05.1","produtividade":168.0618947616,"unidade_produtividade":"sc/ha","pontos_originais":25,"ano":"2026","cultura":"Milho"}},{"type":"Feature","geometry":{"type":"Point","coordinates":[-52.29483902859945,-10.351480776283752]},"properties":{"Fazenda":"FE","Campo":"FE 05.1","produtividade":176.5954177344,"unidade_produtividade":"sc/ha","pontos_originais":25,"ano":"2026","cultura":"Milho"}},{"type":"Feature","geometry":{"type":"Point","coordinates":[-52.30008998129737,-10.351459617176623]},"properties":{"Fazenda":"FE","Campo":"FE 05.1","produtividade":160.24511784959998,"unidade_produtividade":"sc/ha","pontos_originais":25,"ano":"2026","cultura":"Milho"}},{"type":"Feature","geometry":{"type":"Point","coordinates":[-52.300318283331606,-10.351458695274223]},"properties":{"Fazenda":"FE","Campo":"FE 05.1","produtividade":164.65257728639997,"unidade_produtividade":"sc/ha","pontos_originais":25,"ano":"2026","cultura":"Milho"}},{"type":"Feature","geometry":{"type":"Point","coordinates":[-52.299861679241694,-10.351460538917252]},"properties":{"Fazenda":"FE","Campo":"FE 05.1","produtividade":161.94677466239997,"unidade_produtividade":"sc/ha","pontos_originais":25,"ano":"2026","cultura":"Milho"}},{"type":"Feature","geometry":{"type":"Point","coordinates":[-52.299633377164554,-10.35146146049612]},"properties":{"Fazenda":"FE","Campo":"FE 05.1","produtividade":163.71275497919996,"unidade_produtividade":"sc/ha","pontos_originais":25,"ano":"2026","cultura":"Milho"}},{"type":"Feature","geometry":{"type":"Point","coordinates":[-52.30069111451176,-10.351442119099499]},"properties":{"Fazenda":"FE","Campo":"FE 05.1","produtividade":165.05852076,"unidade_produtividade":"sc/ha","pontos_originais":6,"ano":"2026","cultura":"Milho"}},{"type":"Feature","geometry":{"type":"Point","coordinates":[-52.30054658534441,-10.351457773210052]},"properties":{"Fazenda":"FE","Campo":"FE 05.1","produtividade":167.1528918528,"unidade_produtividade":"sc/ha","pontos_originais":25,"ano":"2026","cultura":"Milho"}},{"type":"Feature","geometry":{"type":"Point","coordinates":[-52.29371202252478,-10.351506722238364]},"properties":{"Fazenda":"FE","Campo":"FE 05.1","produtividade":134.0925850231579,"unidade_produtividade":"sc/ha","pontos_originais":19,"ano":"2026","cultura":"Milho"}},{"type":"Feature","geometry":{"type":"Point","coordinates":[-52.295752238577094,-10.351477102586252]},"properties":{"Fazenda":"FE","Campo":"FE 05.1","produtividade":145.3586081472,"unidade_produtividade":"sc/ha","pontos_originais":25,"ano":"2026","cultura":"Milho"}},{"type":"Feature","geometry":{"type":"Point","coordinates":[-52.296437145835974,-10.351474345614552]},"properties":{"Fazenda":"FE","Campo":"FE 05.1","produtividade":169.75480314239996,"unidade_produtividade":"sc/ha","pontos_originais":25,"ano":"2026","cultura":"Milho"}},{"type":"Feature","geometry":{"type":"Point","coordinates":[-52.296208843437725,-10.351475264766886]},"properties":{"Fazenda":"FE","Campo":"FE 05.1","produtividade":172.51314776640004,"unidade_produtividade":"sc/ha","pontos_originais":25,"ano":"2026","cultura":"Milho"}},{"type":"Feature","geometry":{"type":"Point","coordinates":[-52.295980541018096,-10.351476183757457]},"properties":{"Fazenda":"FE","Campo":"FE 05.1","produtividade":163.53403899839995,"unidade_produtividade":"sc/ha","pontos_originais":25,"ano":"2026","cultura":"Milho"}},{"type":"Feature","geometry":{"type":"Point","coordinates":[-52.29352430204839,-10.351558398355625]},"properties":{"Fazenda":"FE","Campo":"FE 05.1","produtividade":139.55621198399996,"unidade_produtividade":"sc/ha","pontos_originais":5,"ano":"2026","cultura":"Milho"}},{"type":"Feature","geometry":{"type":"Point","coordinates":[-52.30068412540133,-10.351592850432574]},"properties":{"Fazenda":"FE","Campo":"FE 05.1","produtividade":167.19366384,"unidade_produtividade":"sc/ha","pontos_originais":1,"ano":"2026","cultura":"Milho"}},{"type":"Feature","geometry":{"type":"Point","coordinates":[-52.29597868493965,-10.351024081129596]},"properties":{"Fazenda":"FE","Campo":"FE 05.1","produtividade":165.39711874559998,"unidade_produtividade":"sc/ha","pontos_originais":25,"ano":"2026","cultura":"Milho"}},{"type":"Feature","geometry":{"type":"Point","coordinates":[-52.29575038282541,-10.35102499991741]},"properties":{"Fazenda":"FE","Campo":"FE 05.1","produtividade":161.6737183488,"unidade_produtividade":"sc/ha","pontos_originais":25,"ano":"2026","cultura":"Milho"}},{"type":"Feature","geometry":{"type":"Point","coordinates":[-52.295522080689786,-10.351025918543469]},"properties":{"Fazenda":"FE","Campo":"FE 05.1","produtividade":164.57113854719998,"unidade_produtividade":"sc/ha","pontos_originais":25,"ano":"2026","cultura":"Milho"}},{"type":"Feature","geometry":{"type":"Point","coordinates":[-52.2952937785328,-10.35102683700776]},"properties":{"Fazenda":"FE","Campo":"FE 05.1","produtividade":170.24959788479998,"unidade_produtividade":"sc/ha","pontos_originais":25,"ano":"2026","cultura":"Milho"}},{"type":"Feature","geometry":{"type":"Point","coordinates":[-52.29666359115415,-10.351021323795578]},"properties":{"Fazenda":"FE","Campo":"FE 05.1","produtividade":161.9468145792,"unidade_produtividade":"sc/ha","pontos_originais":25,"ano":"2026","cultura":"Milho"}},{"type":"Feature","geometry":{"type":"Point","coordinates":[-52.29643528910402,-10.351022243068677]},"properties":{"Fazenda":"FE","Campo":"FE 05.1","produtividade":164.81363068800002,"unidade_produtividade":"sc/ha","pontos_originais":25,"ano":"2026","cultura":"Milho"}},{"type":"Feature","geometry":{"type":"Point","coordinates":[-52.29620698703253,-10.351023162180018]},"properties":{"Fazenda":"FE","Campo":"FE 05.1","produtividade":170.71152839999996,"unidade_produtividade":"sc/ha","pontos_originais":25,"ano":"2026","cultura":"Milho"}},{"type":"Feature","geometry":{"type":"Point","coordinates":[-52.29438056969124,-10.351030509247302]},"properties":{"Fazenda":"FE","Campo":"FE 05.1","produtividade":157.70459557439997,"unidade_produtividade":"sc/ha","pontos_originais":25,"ano":"2026","cultura":"Milho"}},{"type":"Feature","geometry":{"type":"Point","coordinates":[-52.29460887193366,-10.351029591430057]},"properties":{"Fazenda":"FE","Campo":"FE 05.1","produtividade":162.25268492159998,"unidade_produtividade":"sc/ha","pontos_originais":25,"ano":"2026","cultura":"Milho"}},{"type":"Feature","geometry":{"type":"Point","coordinates":[-52.29415226742748,-10.351031426902782]},"properties":{"Fazenda":"FE","Campo":"FE 05.1","produtividade":160.52977301759998,"unidade_produtividade":"sc/ha","pontos_originais":25,"ano":"2026","cultura":"Milho"}},{"type":"Feature","geometry":{"type":"Point","coordinates":[-52.293927785622,-10.351036096631724]},"properties":{"Fazenda":"FE","Campo":"FE 05.1","produtividade":150.23346471,"unidade_produtividade":"sc/ha","pontos_originais":24,"ano":"2026","cultura":"Milho"}},{"type":"Feature","geometry":{"type":"Point","coordinates":[-52.29506547635444,-10.351027755310287]},"properties":{"Fazenda":"FE","Campo":"FE 05.1","produtividade":176.87052432000002,"unidade_produtividade":"sc/ha","pontos_originais":25,"ano":"2026","cultura":"Milho"}},{"type":"Feature","geometry":{"type":"Point","coordinates":[-52.29483717415471,-10.351028673451058]},"properties":{"Fazenda":"FE","Campo":"FE 05.1","produtividade":175.18551402239999,"unidade_produtividade":"sc/ha","pontos_originais":25,"ano":"2026","cultura":"Milho"}},{"type":"Feature","geometry":{"type":"Point","coordinates":[-52.29894661047848,-10.351012122167674]},"properties":{"Fazenda":"FE","Campo":"FE 05.1","produtividade":175.06755383040002,"unidade_produtividade":"sc/ha","pontos_originais":25,"ano":"2026","cultura":"Milho"}},{"type":"Feature","geometry":{"type":"Point","coordinates":[-52.298718308642385,-10.35101304305839]},"properties":{"Fazenda":"FE","Campo":"FE 05.1","produtividade":178.52929113599996,"unidade_produtividade":"sc/ha","pontos_originais":25,"ano":"2026","cultura":"Milho"}},{"type":"Feature","geometry":{"type":"Point","coordinates":[-52.29849000678487,-10.351013963787347]},"properties":{"Fazenda":"FE","Campo":"FE 05.1","produtividade":179.950489488,"unidade_produtividade":"sc/ha","pontos_originais":25,"ano":"2026","cultura":"Milho"}},{"type":"Feature","geometry":{"type":"Point","coordinates":[-52.298261704905954,-10.351014884354537]},"properties":{"Fazenda":"FE","Campo":"FE 05.1","produtividade":175.15543731839998,"unidade_produtividade":"sc/ha","pontos_originais":25,"ano":"2026","cultura":"Milho"}},{"type":"Feature","geometry":{"type":"Point","coordinates":[-52.29963151585821,-10.351009358524962]},"properties":{"Fazenda":"FE","Campo":"FE 05.1","produtividade":162.8354804832,"unidade_produtividade":"sc/ha","pontos_originais":25,"ano":"2026","cultura":"Milho"}},{"type":"Feature","geometry":{"type":"Point","coordinates":[-52.299403214086375,-10.351010279900958]},"properties":{"Fazenda":"FE","Campo":"FE 05.1","produtividade":164.99238477119997,"unidade_produtividade":"sc/ha","pontos_originais":25,"ano":"2026","cultura":"Milho"}},{"type":"Feature","geometry":{"type":"Point","coordinates":[-52.29917491229314,-10.351011201115195]},"properties":{"Fazenda":"FE","Campo":"FE 05.1","produtividade":169.36158879359994,"unidade_produtividade":"sc/ha","pontos_originais":25,"ano":"2026","cultura":"Milho"}},{"type":"Feature","geometry":{"type":"Point","coordinates":[-52.29734849717616,-10.351018565005704]},"properties":{"Fazenda":"FE","Campo":"FE 05.1","produtividade":173.257140672,"unidade_produtividade":"sc/ha","pontos_originais":25,"ano":"2026","cultura":"Milho"}},{"type":"Feature","geometry":{"type":"Point","coordinates":[-52.297576799140714,-10.351017645085554]},"properties":{"Fazenda":"FE","Campo":"FE 05.1","produtividade":181.29795667200003,"unidade_produtividade":"sc/ha","pontos_originais":25,"ano":"2026","cultura":"Milho"}},{"type":"Feature","geometry":{"type":"Point","coordinates":[-52.29712019519021,-10.351019484764088]},"properties":{"Fazenda":"FE","Campo":"FE 05.1","produtividade":163.5038389152,"unidade_produtividade":"sc/ha","pontos_originais":25,"ano":"2026","cultura":"Milho"}},{"type":"Feature","geometry":{"type":"Point","coordinates":[-52.29689189318287,-10.351020404360714]},"properties":{"Fazenda":"FE","Campo":"FE 05.1","produtividade":163.791500544,"unidade_produtividade":"sc/ha","pontos_originais":25,"ano":"2026","cultura":"Milho"}},{"type":"Feature","geometry":{"type":"Point","coordinates":[-52.29803340300561,-10.351015804759971]},"properties":{"Fazenda":"FE","Campo":"FE 05.1","produtividade":174.43368895679998,"unidade_produtividade":"sc/ha","pontos_originais":25,"ano":"2026","cultura":"Milho"}},{"type":"Feature","geometry":{"type":"Point","coordinates":[-52.297805101083874,-10.351016725003644]},"properties":{"Fazenda":"FE","Campo":"FE 05.1","produtividade":178.04715485759996,"unidade_produtividade":"sc/ha","pontos_originais":25,"ano":"2026","cultura":"Milho"}},{"type":"Feature","geometry":{"type":"Point","coordinates":[-52.29712112403561,-10.351245535977132]},"properties":{"Fazenda":"FE","Campo":"FE 05.1","produtividade":163.12570948799998,"unidade_produtividade":"sc/ha","pontos_originais":25,"ano":"2026","cultura":"Milho"}},{"type":"Feature","geometry":{"type":"Point","coordinates":[-52.29734942618492,-10.35124461619823]},"properties":{"Fazenda":"FE","Campo":"FE 05.1","produtividade":174.26168020800003,"unidade_produtividade":"sc/ha","pontos_originais":25,"ano":"2026","cultura":"Milho"}},{"type":"Feature","geometry":{"type":"Point","coordinates":[-52.296892821864894,-10.351246455594266]},"properties":{"Fazenda":"FE","Campo":"FE 05.1","produtividade":160.15130671680004,"unidade_produtividade":"sc/ha","pontos_originais":25,"ano":"2026","cultura":"Milho"}},{"type":"Feature","geometry":{"type":"Point","coordinates":[-52.296664519672795,-10.351247375049633]},"properties":{"Fazenda":"FE","Campo":"FE 05.1","produtividade":159.40941791040004,"unidade_produtividade":"sc/ha","pontos_originais":25,"ano":"2026","cultura":"Milho"}},{"type":"Feature","geometry":{"type":"Point","coordinates":[-52.29780603041936,-10.351242776155134]},"properties":{"Fazenda":"FE","Campo":"FE 05.1","produtividade":179.35040329919997,"unidade_produtividade":"sc/ha","pontos_originais":25,"ano":"2026","cultura":"Milho"}},{"type":"Feature","geometry":{"type":"Point","coordinates":[-52.29803433250449,-10.351241855890942]},"properties":{"Fazenda":"FE","Campo":"FE 05.1","produtividade":175.66481257919997,"unidade_produtividade":"sc/ha","pontos_originais":25,"ano":"2026","cultura":"Milho"}},{"type":"Feature","geometry":{"type":"Point","coordinates":[-52.29757772831284,-10.351243696257566]},"properties":{"Fazenda":"FE","Campo":"FE 05.1","produtividade":180.5192724384,"unidade_produtividade":"sc/ha","pontos_originais":25,"ano":"2026","cultura":"Milho"}},{"type":"Feature","geometry":{"type":"Point","coordinates":[-52.295751310690555,-10.351251051253458]},"properties":{"Fazenda":"FE","Campo":"FE 05.1","produtividade":150.878318976,"unidade_produtividade":"sc/ha","pontos_originais":25,"ano":"2026","cultura":"Milho"}},{"type":"Feature","geometry":{"type":"Point","coordinates":[-52.29552300839156,-10.3512519699]},"properties":{"Fazenda":"FE","Campo":"FE 05.1","produtividade":145.7395777152,"unidade_produtividade":"sc/ha","pontos_originais":25,"ano":"2026","cultura":"Milho"}},{"type":"Feature","geometry":{"type":"Point","coordinates":[-52.29529470607122,-10.351252888384774]},"properties":{"Fazenda":"FE","Campo":"FE 05.1","produtividade":157.87612834559997,"unidade_produtividade":"sc/ha","pontos_originais":25,"ano":"2026","cultura":"Milho"}},{"type":"Feature","geometry":{"type":"Point","coordinates":[-52.29506640372948,-10.351253806707785]},"properties":{"Fazenda":"FE","Campo":"FE 05.1","produtividade":175.06546364160005,"unidade_produtividade":"sc/ha","pontos_originais":25,"ano":"2026","cultura":"Milho"}},{"type":"Feature","geometry":{"type":"Point","coordinates":[-52.296436217459316,-10.351248294343236]},"properties":{"Fazenda":"FE","Campo":"FE 05.1","produtividade":162.16741658879994,"unidade_produtividade":"sc/ha","pontos_originais":25,"ano":"2026","cultura":"Milho"}},{"type":"Feature","geometry":{"type":"Point","coordinates":[-52.29620791522444,-10.351249213475079]},"properties":{"Fazenda":"FE","Campo":"FE 05.1","produtividade":167.95778872319997,"unidade_produtividade":"sc/ha","pontos_originais":25,"ano":"2026","cultura":"Milho"}},{"type":"Feature","geometry":{"type":"Point","coordinates":[-52.29597961296818,-10.351250132445152]},"properties":{"Fazenda":"FE","Campo":"FE 05.1","produtividade":163.35357030720002,"unidade_produtividade":"sc/ha","pontos_originais":25,"ano":"2026","cultura":"Milho"}},{"type":"Feature","geometry":{"type":"Point","coordinates":[-52.30008905030673,-10.351233566233773]},"properties":{"Fazenda":"FE","Campo":"FE 05.1","produtividade":161.2237810176,"unidade_produtividade":"sc/ha","pontos_originais":25,"ano":"2026","cultura":"Milho"}},{"type":"Feature","geometry":{"type":"Point","coordinates":[-52.2998607484144,-10.351234487953853]},"properties":{"Fazenda":"FE","Campo":"FE 05.1","produtividade":160.32664670399998,"unidade_produtividade":"sc/ha","pontos_originais":25,"ano":"2026","cultura":"Milho"}},{"type":"Feature","geometry":{"type":"Point","coordinates":[-52.299632446500674,-10.351235409512164]},"properties":{"Fazenda":"FE","Campo":"FE 05.1","produtividade":159.57124545599999,"unidade_produtividade":"sc/ha","pontos_originais":25,"ano":"2026","cultura":"Milho"}},{"type":"Feature","geometry":{"type":"Point","coordinates":[-52.299404144565486,-10.35123633090871]},"properties":{"Fazenda":"FE","Campo":"FE 05.1","produtividade":163.8785046528,"unidade_produtividade":"sc/ha","pontos_originais":25,"ano":"2026","cultura":"Milho"}},{"type":"Feature","geometry":{"type":"Point","coordinates":[-52.29376894192101,-10.351087220569315]},"properties":{"Fazenda":"FE","Campo":"FE 05.1","produtividade":140.755612032,"unidade_produtividade":"sc/ha","pontos_originais":5,"ano":"2026","cultura":"Milho"}},{"type":"Feature","geometry":{"type":"Point","coordinates":[-52.30071683382715,-10.351219728130108]},"properties":{"Fazenda":"FE","Campo":"FE 05.1","produtividade":161.20930769999998,"unidade_produtividade":"sc/ha","pontos_originais":12,"ano":"2026","cultura":"Milho"}},{"type":"Feature","geometry":{"type":"Point","coordinates":[-52.30054565402701,-10.351231722308327]},"properties":{"Fazenda":"FE","Campo":"FE 05.1","produtividade":162.8851279104,"unidade_produtividade":"sc/ha","pontos_originais":25,"ano":"2026","cultura":"Milho"}},{"type":"Feature","geometry":{"type":"Point","coordinates":[-52.30031735217757,-10.351232644351935]},"properties":{"Fazenda":"FE","Campo":"FE 05.1","produtividade":163.20282874559996,"unidade_produtividade":"sc/ha","pontos_originais":25,"ano":"2026","cultura":"Milho"}},{"type":"Feature","geometry":{"type":"Point","coordinates":[-52.29871923863138,-10.351239094127768]},"properties":{"Fazenda":"FE","Campo":"FE 05.1","produtividade":178.01685619200006,"unidade_produtividade":"sc/ha","pontos_originais":25,"ano":"2026","cultura":"Milho"}},{"type":"Feature","geometry":{"type":"Point","coordinates":[-52.298490936610506,-10.351240014877257]},"properties":{"Fazenda":"FE","Campo":"FE 05.1","produtividade":180.00742233599993,"unidade_produtividade":"sc/ha","pontos_originais":25,"ano":"2026","cultura":"Milho"}},{"type":"Feature","geometry":{"type":"Point","coordinates":[-52.29826263456819,-10.351240935464983]},"properties":{"Fazenda":"FE","Campo":"FE 05.1","produtividade":176.5693012608,"unidade_produtividade":"sc/ha","pontos_originais":25,"ano":"2026","cultura":"Milho"}},{"type":"Feature","geometry":{"type":"Point","coordinates":[-52.29917584260887,-10.351237252143495]},"properties":{"Fazenda":"FE","Campo":"FE 05.1","produtividade":170.68872985919995,"unidade_produtividade":"sc/ha","pontos_originais":25,"ano":"2026","cultura":"Milho"}},{"type":"Feature","geometry":{"type":"Point","coordinates":[-52.298947540630834,-10.351238173216514]},"properties":{"Fazenda":"FE","Campo":"FE 05.1","produtividade":176.2328740032,"unidade_produtividade":"sc/ha","pontos_originais":25,"ano":"2026","cultura":"Milho"}},{"type":"Feature","geometry":{"type":"Point","coordinates":[-52.29415319414905,-10.351257478382164]},"properties":{"Fazenda":"FE","Campo":"FE 05.1","produtividade":152.1929521728,"unidade_produtividade":"sc/ha","pontos_originais":25,"ano":"2026","cultura":"Milho"}},{"type":"Feature","geometry":{"type":"Point","coordinates":[-52.294381496576186,-10.35125656070622]},"properties":{"Fazenda":"FE","Campo":"FE 05.1","produtividade":148.18766054399998,"unidade_produtividade":"sc/ha","pontos_originais":25,"ano":"2026","cultura":"Milho"}},{"type":"Feature","geometry":{"type":"Point","coordinates":[-52.293924891700556,-10.351258395896345]},"properties":{"Fazenda":"FE","Campo":"FE 05.1","produtividade":151.501819392,"unidade_produtividade":"sc/ha","pontos_originais":25,"ano":"2026","cultura":"Milho"}},{"type":"Feature","geometry":{"type":"Point","coordinates":[-52.29374224972696,-10.351259129795531]},"properties":{"Fazenda":"FE","Campo":"FE 05.1","produtividade":140.58389015999998,"unidade_produtividade":"sc/ha","pontos_originais":15,"ano":"2026","cultura":"Milho"}},{"type":"Feature","geometry":{"type":"Point","coordinates":[-52.2948381013664,-10.35125472486903]},"properties":{"Fazenda":"FE","Campo":"FE 05.1","produtividade":176.97369412800003,"unidade_produtividade":"sc/ha","pontos_originais":25,"ano":"2026","cultura":"Milho"}},{"type":"Feature","geometry":{"type":"Point","coordinates":[-52.294609798981966,-10.351255642868507]},"properties":{"Fazenda":"FE","Campo":"FE 05.1","produtividade":157.323424608,"unidade_produtividade":"sc/ha","pontos_originais":25,"ano":"2026","cultura":"Milho"}},{"type":"Feature","geometry":{"type":"Point","coordinates":[-52.29347569735908,-10.353068642648518]},"properties":{"Fazenda":"FE","Campo":"FE 05.1","produtividade":149.7117093696,"unidade_produtividade":"sc/ha","pontos_originais":25,"ano":"2026","cultura":"Milho"}},{"type":"Feature","geometry":{"type":"Point","coordinates":[-52.29370400115736,-10.353067725294228]},"properties":{"Fazenda":"FE","Campo":"FE 05.1","produtividade":153.2567572704,"unidade_produtividade":"sc/ha","pontos_originais":25,"ano":"2026","cultura":"Milho"}},{"type":"Feature","geometry":{"type":"Point","coordinates":[-52.29324739353947,-10.35306955984101]},"properties":{"Fazenda":"FE","Campo":"FE 05.1","produtividade":140.80427544959994,"unidade_produtividade":"sc/ha","pontos_originais":25,"ano":"2026","cultura":"Milho"}},{"type":"Feature","geometry":{"type":"Point","coordinates":[-52.293019089698525,-10.35307047687171]},"properties":{"Fazenda":"FE","Campo":"FE 05.1","produtividade":117.468138816,"unidade_produtividade":"sc/ha","pontos_originais":25,"ano":"2026","cultura":"Milho"}},{"type":"Feature","geometry":{"type":"Point","coordinates":[-52.294388912424154,-10.35306497226059]},"properties":{"Fazenda":"FE","Campo":"FE 05.1","produtividade":176.529767904,"unidade_produtividade":"sc/ha","pontos_originais":25,"ano":"2026","cultura":"Milho"}},{"type":"Feature","geometry":{"type":"Point","coordinates":[-52.29416060868991,-10.353065890100265]},"properties":{"Fazenda":"FE","Campo":"FE 05.1","produtividade":166.70696434560003,"unidade_produtividade":"sc/ha","pontos_originais":25,"ano":"2026","cultura":"Milho"}},{"type":"Feature","geometry":{"type":"Point","coordinates":[-52.293932304934295,-10.353066807778143]},"properties":{"Fazenda":"FE","Campo":"FE 05.1","produtividade":161.5570494048,"unidade_produtividade":"sc/ha","pontos_originais":25,"ano":"2026","cultura":"Milho"}},{"type":"Feature","geometry":{"type":"Point","coordinates":[-52.299868195632925,-10.35304289557008]},"properties":{"Fazenda":"FE","Campo":"FE 05.1","produtividade":156.85082723519997,"unidade_produtividade":"sc/ha","pontos_originais":25,"ano":"2026","cultura":"Milho"}},{"type":"Feature","geometry":{"type":"Point","coordinates":[-52.300096498832325,-10.353041973685558]},"properties":{"Fazenda":"FE","Campo":"FE 05.1","produtividade":161.075785248,"unidade_produtividade":"sc/ha","pontos_originais":25,"ano":"2026","cultura":"Milho"}},{"type":"Feature","geometry":{"type":"Point","coordinates":[-52.29963989241212,-10.353043817292816]},"properties":{"Fazenda":"FE","Campo":"FE 05.1","produtividade":156.1515242112,"unidade_produtividade":"sc/ha","pontos_originais":25,"ano":"2026","cultura":"Milho"}},{"type":"Feature","geometry":{"type":"Point","coordinates":[-52.29941158916983,-10.353044738853757]},"properties":{"Fazenda":"FE","Campo":"FE 05.1","produtividade":160.11573600959994,"unidade_produtividade":"sc/ha","pontos_originais":25,"ano":"2026","cultura":"Milho"}},{"type":"Feature","geometry":{"type":"Point","coordinates":[-52.29279706280847,-10.353083698823282]},"properties":{"Fazenda":"FE","Campo":"FE 05.1","produtividade":115.30018469454545,"unidade_produtividade":"sc/ha","pontos_originais":22,"ano":"2026","cultura":"Milho"}},{"type":"Feature","geometry":{"type":"Point","coordinates":[-52.29260329561355,-10.353127404548564]},"properties":{"Fazenda":"FE","Campo":"FE 05.1","produtividade":129.86339688,"unidade_produtividade":"sc/ha","pontos_originais":9,"ano":"2026","cultura":"Milho"}},{"type":"Feature","geometry":{"type":"Point","coordinates":[-52.30029834729958,-10.353036399447216]},"properties":{"Fazenda":"FE","Campo":"FE 05.1","produtividade":161.9428554947368,"unidade_produtividade":"sc/ha","pontos_originais":19,"ano":"2026","cultura":"Milho"}},{"type":"Feature","geometry":{"type":"Point","coordinates":[-52.29644364507128,-10.353056704422753]},"properties":{"Fazenda":"FE","Campo":"FE 05.1","produtividade":170.5144869792,"unidade_produtividade":"sc/ha","pontos_originais":25,"ano":"2026","cultura":"Milho"}},{"type":"Feature","geometry":{"type":"Point","coordinates":[-52.29667194859187,-10.353055784965134]},"properties":{"Fazenda":"FE","Campo":"FE 05.1","produtividade":170.0291875968,"unidade_produtividade":"sc/ha","pontos_originais":25,"ano":"2026","cultura":"Milho"}},{"type":"Feature","geometry":{"type":"Point","coordinates":[-52.29621534152929,-10.35305762371858]},"properties":{"Fazenda":"FE","Campo":"FE 05.1","produtividade":167.84141734080004,"unidade_produtividade":"sc/ha","pontos_originais":25,"ano":"2026","cultura":"Milho"}},{"type":"Feature","geometry":{"type":"Point","coordinates":[-52.29598703796595,-10.353058542852613]},"properties":{"Fazenda":"FE","Campo":"FE 05.1","produtividade":171.68557029119995,"unidade_produtividade":"sc/ha","pontos_originais":25,"ano":"2026","cultura":"Milho"}},{"type":"Feature","geometry":{"type":"Point","coordinates":[-52.29712855556892,-10.353053945564511]},"properties":{"Fazenda":"FE","Campo":"FE 05.1","produtividade":173.24908594560003,"unidade_produtividade":"sc/ha","pontos_originais":25,"ano":"2026","cultura":"Milho"}},{"type":"Feature","geometry":{"type":"Point","coordinates":[-52.29735685902533,-10.353053025621508]},"properties":{"Fazenda":"FE","Campo":"FE 05.1","produtividade":175.45181471999996,"unidade_produtividade":"sc/ha","pontos_originais":25,"ano":"2026","cultura":"Milho"}},{"type":"Feature","geometry":{"type":"Point","coordinates":[-52.29690025209107,-10.353054865345717]},"properties":{"Fazenda":"FE","Campo":"FE 05.1","produtividade":168.43633793279997,"unidade_produtividade":"sc/ha","pontos_originais":25,"ano":"2026","cultura":"Milho"}},{"type":"Feature","geometry":{"type":"Point","coordinates":[-52.295073823498775,-10.353062217770798]},"properties":{"Fazenda":"FE","Campo":"FE 05.1","produtividade":164.51312976,"unidade_produtividade":"sc/ha","pontos_originais":25,"ano":"2026","cultura":"Milho"}},{"type":"Feature","geometry":{"type":"Point","coordinates":[-52.294845519828606,-10.353063136095857]},"properties":{"Fazenda":"FE","Campo":"FE 05.1","produtividade":171.29526200639998,"unidade_produtividade":"sc/ha","pontos_originais":25,"ano":"2026","cultura":"Milho"}},{"type":"Feature","geometry":{"type":"Point","coordinates":[-52.29461721613707,-10.353064054259121]},"properties":{"Fazenda":"FE","Campo":"FE 05.1","produtividade":179.4884289408,"unidade_produtividade":"sc/ha","pontos_originais":25,"ano":"2026","cultura":"Milho"}},{"type":"Feature","geometry":{"type":"Point","coordinates":[-52.29575873438122,-10.35305946182485]},"properties":{"Fazenda":"FE","Campo":"FE 05.1","produtividade":175.06186991999996,"unidade_produtividade":"sc/ha","pontos_originais":25,"ano":"2026","cultura":"Milho"}},{"type":"Feature","geometry":{"type":"Point","coordinates":[-52.295530430775116,-10.353060380635295]},"properties":{"Fazenda":"FE","Campo":"FE 05.1","produtividade":173.43165934080002,"unidade_produtividade":"sc/ha","pontos_originais":25,"ano":"2026","cultura":"Milho"}},{"type":"Feature","geometry":{"type":"Point","coordinates":[-52.29530212714762,-10.353061299283944]},"properties":{"Fazenda":"FE","Campo":"FE 05.1","produtividade":166.8942376416,"unidade_produtividade":"sc/ha","pontos_originais":25,"ano":"2026","cultura":"Milho"}},{"type":"Feature","geometry":{"type":"Point","coordinates":[-52.29849837598641,-10.353048423479583]},"properties":{"Fazenda":"FE","Campo":"FE 05.1","produtividade":176.1269263488,"unidade_produtividade":"sc/ha","pontos_originais":25,"ano":"2026","cultura":"Milho"}},{"type":"Feature","geometry":{"type":"Point","coordinates":[-52.298270072637024,-10.353049344231554]},"properties":{"Fazenda":"FE","Campo":"FE 05.1","produtividade":174.7774137312,"unidade_produtividade":"sc/ha","pontos_originais":25,"ano":"2026","cultura":"Milho"}},{"type":"Feature","geometry":{"type":"Point","coordinates":[-52.29804176926619,-10.353050264821734]},"properties":{"Fazenda":"FE","Campo":"FE 05.1","produtividade":174.14585919359996,"unidade_produtividade":"sc/ha","pontos_originais":25,"ano":"2026","cultura":"Milho"}},{"type":"Feature","geometry":{"type":"Point","coordinates":[-52.297813465873986,-10.35305118525012]},"properties":{"Fazenda":"FE","Campo":"FE 05.1","produtividade":172.542856752,"unidade_produtividade":"sc/ha","pontos_originais":25,"ano":"2026","cultura":"Milho"}},{"type":"Feature","geometry":{"type":"Point","coordinates":[-52.2991832859061,-10.353045660252903]},"properties":{"Fazenda":"FE","Campo":"FE 05.1","produtividade":164.69026963200002,"unidade_produtividade":"sc/ha","pontos_originais":25,"ano":"2026","cultura":"Milho"}},{"type":"Feature","geometry":{"type":"Point","coordinates":[-52.29895498262096,-10.35304658149026]},"properties":{"Fazenda":"FE","Campo":"FE 05.1","produtividade":170.39160613440004,"unidade_produtividade":"sc/ha","pontos_originais":25,"ano":"2026","cultura":"Milho"}},{"type":"Feature","geometry":{"type":"Point","coordinates":[-52.298726679314406,-10.353047502565817]},"properties":{"Fazenda":"FE","Campo":"FE 05.1","produtividade":175.83143135039998,"unidade_produtividade":"sc/ha","pontos_originais":25,"ano":"2026","cultura":"Milho"}},{"type":"Feature","geometry":{"type":"Point","coordinates":[-52.29758516246036,-10.35305210551671]},"properties":{"Fazenda":"FE","Campo":"FE 05.1","produtividade":172.6949712096,"unidade_produtividade":"sc/ha","pontos_originais":25,"ano":"2026","cultura":"Milho"}},{"type":"Feature","geometry":{"type":"Point","coordinates":[-52.298271002491965,-10.353275395312753]},"properties":{"Fazenda":"FE","Campo":"FE 05.1","produtividade":173.8221200352,"unidade_produtividade":"sc/ha","pontos_originais":25,"ano":"2026","cultura":"Milho"}},{"type":"Feature","geometry":{"type":"Point","coordinates":[-52.29804269895775,-10.353276315923459]},"properties":{"Fazenda":"FE","Campo":"FE 05.1","produtividade":173.49245383679997,"unidade_produtividade":"sc/ha","pontos_originais":25,"ano":"2026","cultura":"Milho"}},{"type":"Feature","geometry":{"type":"Point","coordinates":[-52.30027300496715,-10.353256882220897]},"properties":{"Fazenda":"FE","Campo":"FE 05.1","produtividade":161.42048844923076,"unidade_produtividade":"sc/ha","pontos_originais":13,"ano":"2026","cultura":"Milho"}},{"type":"Feature","geometry":{"type":"Point","coordinates":[-52.30009742999454,-10.353268024602405]},"properties":{"Fazenda":"FE","Campo":"FE 05.1","produtividade":161.10818740799996,"unidade_produtividade":"sc/ha","pontos_originais":25,"ano":"2026","cultura":"Milho"}},{"type":"Feature","geometry":{"type":"Point","coordinates":[-52.29986912663173,-10.35326894650749]},"properties":{"Fazenda":"FE","Campo":"FE 05.1","produtividade":160.0396364448,"unidade_produtividade":"sc/ha","pontos_originais":25,"ano":"2026","cultura":"Milho"}},{"type":"Feature","geometry":{"type":"Point","coordinates":[-52.298955912966136,-10.35327263250985]},"properties":{"Fazenda":"FE","Campo":"FE 05.1","produtividade":176.2455046464,"unidade_produtividade":"sc/ha","pontos_originais":25,"ano":"2026","cultura":"Milho"}},{"type":"Feature","geometry":{"type":"Point","coordinates":[-52.29918421641469,-10.353271711251953]},"properties":{"Fazenda":"FE","Campo":"FE 05.1","produtividade":170.50449447359995,"unidade_produtividade":"sc/ha","pontos_originais":25,"ano":"2026","cultura":"Milho"}},{"type":"Feature","geometry":{"type":"Point","coordinates":[-52.298727609496176,-10.35327355360595]},"properties":{"Fazenda":"FE","Campo":"FE 05.1","produtividade":179.30561302079997,"unidade_produtividade":"sc/ha","pontos_originais":25,"ano":"2026","cultura":"Milho"}},{"type":"Feature","geometry":{"type":"Point","coordinates":[-52.29849930600478,-10.35327447454025]},"properties":{"Fazenda":"FE","Campo":"FE 05.1","produtividade":176.64320661119996,"unidade_produtividade":"sc/ha","pontos_originais":25,"ano":"2026","cultura":"Milho"}},{"type":"Feature","geometry":{"type":"Point","coordinates":[-52.29964082324748,-10.353269868250772]},"properties":{"Fazenda":"FE","Campo":"FE 05.1","produtividade":160.3522853856,"unidade_produtividade":"sc/ha","pontos_originais":25,"ano":"2026","cultura":"Milho"}},{"type":"Feature","geometry":{"type":"Point","coordinates":[-52.2994125198418,-10.353270789832264]},"properties":{"Fazenda":"FE","Campo":"FE 05.1","produtividade":165.09148427519995,"unidade_produtividade":"sc/ha","pontos_originais":25,"ano":"2026","cultura":"Milho"}},{"type":"Feature","geometry":{"type":"Point","coordinates":[-52.29484459244608,-10.352837084703873]},"properties":{"Fazenda":"FE","Campo":"FE 05.1","produtividade":173.2333635648,"unidade_produtividade":"sc/ha","pontos_originais":25,"ano":"2026","cultura":"Milho"}},{"type":"Feature","geometry":{"type":"Point","coordinates":[-52.29507289595286,-10.352836166399292]},"properties":{"Fazenda":"FE","Campo":"FE 05.1","produtividade":162.11353737599995,"unidade_produtividade":"sc/ha","pontos_originais":25,"ano":"2026","cultura":"Milho"}},{"type":"Feature","geometry":{"type":"Point","coordinates":[-52.29461628891793,-10.352838002846665]},"properties":{"Fazenda":"FE","Campo":"FE 05.1","produtividade":181.26619862400003,"unidade_produtividade":"sc/ha","pontos_originais":25,"ano":"2026","cultura":"Milho"}},{"type":"Feature","geometry":{"type":"Point","coordinates":[-52.29438798536843,-10.352838920827667]},"properties":{"Fazenda":"FE","Campo":"FE 05.1","produtividade":176.38282388160002,"unidade_produtividade":"sc/ha","pontos_originais":25,"ano":"2026","cultura":"Milho"}},{"type":"Feature","geometry":{"type":"Point","coordinates":[-52.295757806345094,-10.3528334105148]},"properties":{"Fazenda":"FE","Campo":"FE 05.1","produtividade":176.39875370879997,"unidade_produtividade":"sc/ha","pontos_originais":25,"ano":"2026","cultura":"Milho"}},{"type":"Feature","geometry":{"type":"Point","coordinates":[-52.29552950290238,-10.352834329304756]},"properties":{"Fazenda":"FE","Campo":"FE 05.1","produtividade":171.77906390399997,"unidade_produtividade":"sc/ha","pontos_originais":25,"ano":"2026","cultura":"Milho"}},{"type":"Feature","geometry":{"type":"Point","coordinates":[-52.29530119943832,-10.352835247932918]},"properties":{"Fazenda":"FE","Campo":"FE 05.1","produtividade":161.7566817888,"unidade_produtividade":"sc/ha","pontos_originais":25,"ano":"2026","cultura":"Milho"}},{"type":"Feature","geometry":{"type":"Point","coordinates":[-52.29347477095696,-10.352842591133749]},"properties":{"Fazenda":"FE","Campo":"FE 05.1","produtividade":145.12170072959998,"unidade_produtividade":"sc/ha","pontos_originais":25,"ano":"2026","cultura":"Milho"}},{"type":"Feature","geometry":{"type":"Point","coordinates":[-52.29324646730077,-10.352843508305794]},"properties":{"Fazenda":"FE","Campo":"FE 05.1","produtividade":138.01502131199996,"unidade_produtividade":"sc/ha","pontos_originais":25,"ano":"2026","cultura":"Milho"}},{"type":"Feature","geometry":{"type":"Point","coordinates":[-52.293036372357435,-10.352830788868536]},"properties":{"Fazenda":"FE","Campo":"FE 05.1","produtividade":113.63016571199998,"unidade_produtividade":"sc/ha","pontos_originais":20,"ano":"2026","cultura":"Milho"}},{"type":"Feature","geometry":{"type":"Point","coordinates":[-52.30032005013344,-10.352811248593534]},"properties":{"Fazenda":"FE","Campo":"FE 05.1","produtividade":159.04226330999998,"unidade_produtividade":"sc/ha","pontos_originais":24,"ano":"2026","cultura":"Milho"}},{"type":"Feature","geometry":{"type":"Point","coordinates":[-52.294159681797574,-10.352839838646874]},"properties":{"Fazenda":"FE","Campo":"FE 05.1","produtividade":168.1676682336,"unidade_produtividade":"sc/ha","pontos_originais":25,"ano":"2026","cultura":"Milho"}},{"type":"Feature","geometry":{"type":"Point","coordinates":[-52.29393137820538,-10.35284075630429]},"properties":{"Fazenda":"FE","Campo":"FE 05.1","produtividade":159.38532267839997,"unidade_produtividade":"sc/ha","pontos_originais":25,"ano":"2026","cultura":"Milho"}},{"type":"Feature","geometry":{"type":"Point","coordinates":[-52.29370307459186,-10.352841673799917]},"properties":{"Fazenda":"FE","Campo":"FE 05.1","produtividade":142.01250497279997,"unidade_produtividade":"sc/ha","pontos_originais":25,"ano":"2026","cultura":"Milho"}},{"type":"Feature","geometry":{"type":"Point","coordinates":[-52.29781253636724,-10.352825134124618]},"properties":{"Fazenda":"FE","Campo":"FE 05.1","produtividade":174.323490768,"unidade_produtividade":"sc/ha","pontos_originais":25,"ano":"2026","cultura":"Milho"}},{"type":"Feature","geometry":{"type":"Point","coordinates":[-52.29804083959607,-10.352824213716756]},"properties":{"Fazenda":"FE","Campo":"FE 05.1","produtividade":174.6000337536,"unidade_produtividade":"sc/ha","pontos_originais":25,"ano":"2026","cultura":"Milho"}},{"type":"Feature","geometry":{"type":"Point","coordinates":[-52.297584233117014,-10.352826054370691]},"properties":{"Fazenda":"FE","Campo":"FE 05.1","produtividade":176.67896117760003,"unidade_produtividade":"sc/ha","pontos_originais":25,"ano":"2026","cultura":"Milho"}},{"type":"Feature","geometry":{"type":"Point","coordinates":[-52.297355929845395,-10.352826974454972]},"properties":{"Fazenda":"FE","Campo":"FE 05.1","produtividade":180.1269320256,"unidade_produtividade":"sc/ha","pontos_originais":25,"ano":"2026","cultura":"Milho"}},{"type":"Feature","geometry":{"type":"Point","coordinates":[-52.29849744598947,-10.352822372415666]},"properties":{"Fazenda":"FE","Campo":"FE 05.1","produtividade":173.99800978559998,"unidade_produtividade":"sc/ha","pontos_originais":25,"ano":"2026","cultura":"Milho"}},{"type":"Feature","geometry":{"type":"Point","coordinates":[-52.29872574915405,-10.352821451522429]},"properties":{"Fazenda":"FE","Campo":"FE 05.1","produtividade":170.58246408,"unidade_produtividade":"sc/ha","pontos_originais":25,"ano":"2026","cultura":"Milho"}},{"type":"Feature","geometry":{"type":"Point","coordinates":[-52.29826914280348,-10.352823293147106]},"properties":{"Fazenda":"FE","Campo":"FE 05.1","produtividade":174.50014982399998,"unidade_produtividade":"sc/ha","pontos_originais":25,"ano":"2026","cultura":"Milho"}},{"type":"Feature","geometry":{"type":"Point","coordinates":[-52.296442716544945,-10.352830653174188]},"properties":{"Fazenda":"FE","Campo":"FE 05.1","produtividade":166.48165759679995,"unidade_produtividade":"sc/ha","pontos_originais":25,"ano":"2026","cultura":"Milho"}},{"type":"Feature","geometry":{"type":"Point","coordinates":[-52.29621441316638,-10.352831572449515]},"properties":{"Fazenda":"FE","Campo":"FE 05.1","produtividade":160.49392047359999,"unidade_produtividade":"sc/ha","pontos_originais":25,"ano":"2026","cultura":"Milho"}},{"type":"Feature","geometry":{"type":"Point","coordinates":[-52.29598610976642,-10.352832491563055]},"properties":{"Fazenda":"FE","Campo":"FE 05.1","produtividade":166.7824802784,"unidade_produtividade":"sc/ha","pontos_originais":25,"ano":"2026","cultura":"Milho"}},{"type":"Feature","geometry":{"type":"Point","coordinates":[-52.29712762655235,-10.352827894377462]},"properties":{"Fazenda":"FE","Campo":"FE 05.1","produtividade":174.2835540096,"unidade_produtividade":"sc/ha","pontos_originais":25,"ano":"2026","cultura":"Milho"}},{"type":"Feature","geometry":{"type":"Point","coordinates":[-52.29689932323794,-10.35282881413816]},"properties":{"Fazenda":"FE","Campo":"FE 05.1","produtividade":166.84667133119999,"unidade_produtividade":"sc/ha","pontos_originais":25,"ano":"2026","cultura":"Milho"}},{"type":"Feature","geometry":{"type":"Point","coordinates":[-52.296671019902135,-10.35282973373707]},"properties":{"Fazenda":"FE","Campo":"FE 05.1","produtividade":168.4612496448,"unidade_produtividade":"sc/ha","pontos_originais":25,"ano":"2026","cultura":"Milho"}},{"type":"Feature","geometry":{"type":"Point","coordinates":[-52.299410658519264,-10.352818687872]},"properties":{"Fazenda":"FE","Campo":"FE 05.1","produtividade":157.17595682880003,"unidade_produtividade":"sc/ha","pontos_originais":25,"ano":"2026","cultura":"Milho"}},{"type":"Feature","geometry":{"type":"Point","coordinates":[-52.29963896159814,-10.352817766331606]},"properties":{"Fazenda":"FE","Campo":"FE 05.1","produtividade":153.31654719359997,"unidade_produtividade":"sc/ha","pontos_originais":25,"ano":"2026","cultura":"Milho"}},{"type":"Feature","geometry":{"type":"Point","coordinates":[-52.29918235541894,-10.3528196092506]},"properties":{"Fazenda":"FE","Campo":"FE 05.1","produtividade":155.83785436799997,"unidade_produtividade":"sc/ha","pontos_originais":25,"ano":"2026","cultura":"Milho"}},{"type":"Feature","geometry":{"type":"Point","coordinates":[-52.29895405229721,-10.352820530467412]},"properties":{"Fazenda":"FE","Campo":"FE 05.1","produtividade":160.838836704,"unidade_produtividade":"sc/ha","pontos_originais":25,"ano":"2026","cultura":"Milho"}},{"type":"Feature","geometry":{"type":"Point","coordinates":[-52.3000955676916,-10.352815922765458]},"properties":{"Fazenda":"FE","Campo":"FE 05.1","produtividade":157.87944325439997,"unidade_produtividade":"sc/ha","pontos_originais":25,"ano":"2026","cultura":"Milho"}},{"type":"Feature","geometry":{"type":"Point","coordinates":[-52.2998672646556,-10.352816844629428]},"properties":{"Fazenda":"FE","Campo":"FE 05.1","produtividade":152.55591019199997,"unidade_produtividade":"sc/ha","pontos_originais":25,"ano":"2026","cultura":"Milho"}},{"type":"Feature","geometry":{"type":"Point","coordinates":[-52.29598518158825,-10.352606440270245]},"properties":{"Fazenda":"FE","Campo":"FE 05.1","produtividade":158.7815653536,"unidade_produtividade":"sc/ha","pontos_originais":25,"ano":"2026","cultura":"Milho"}},{"type":"Feature","geometry":{"type":"Point","coordinates":[-52.29575687833031,-10.352607359201494]},"properties":{"Fazenda":"FE","Campo":"FE 05.1","produtividade":172.89143625600002,"unidade_produtividade":"sc/ha","pontos_originais":25,"ano":"2026","cultura":"Milho"}},{"type":"Feature","geometry":{"type":"Point","coordinates":[-52.29552857505103,-10.352608277970965]},"properties":{"Fazenda":"FE","Campo":"FE 05.1","produtividade":170.40357754559997,"unidade_produtividade":"sc/ha","pontos_originais":25,"ano":"2026","cultura":"Milho"}},{"type":"Feature","geometry":{"type":"Point","coordinates":[-52.29530027175035,-10.352609196578646]},"properties":{"Fazenda":"FE","Campo":"FE 05.1","produtividade":162.2361079584,"unidade_produtividade":"sc/ha","pontos_originais":25,"ano":"2026","cultura":"Milho"}},{"type":"Feature","geometry":{"type":"Point","coordinates":[-52.29667009123379,-10.352603682505755]},"properties":{"Fazenda":"FE","Campo":"FE 05.1","produtividade":167.79108346560002,"unidade_produtividade":"sc/ha","pontos_originais":25,"ano":"2026","cultura":"Milho"}},{"type":"Feature","geometry":{"type":"Point","coordinates":[-52.2968983944062,-10.352602762927349]},"properties":{"Fazenda":"FE","Campo":"FE 05.1","produtividade":171.2925621792,"unidade_produtividade":"sc/ha","pontos_originais":25,"ano":"2026","cultura":"Milho"}},{"type":"Feature","geometry":{"type":"Point","coordinates":[-52.29644178804,-10.35260460192237]},"properties":{"Fazenda":"FE","Campo":"FE 05.1","produtividade":159.78340324799998,"unidade_produtividade":"sc/ha","pontos_originais":25,"ano":"2026","cultura":"Milho"}},{"type":"Feature","geometry":{"type":"Point","coordinates":[-52.29621348482479,-10.352605521177201]},"properties":{"Fazenda":"FE","Campo":"FE 05.1","produtividade":155.21075055359998,"unidade_produtividade":"sc/ha","pontos_originais":25,"ano":"2026","cultura":"Milho"}},{"type":"Feature","geometry":{"type":"Point","coordinates":[-52.29461536172018,-10.352611951430964]},"properties":{"Fazenda":"FE","Campo":"FE 05.1","produtividade":176.86223674559997,"unidade_produtividade":"sc/ha","pontos_originais":25,"ano":"2026","cultura":"Milho"}},{"type":"Feature","geometry":{"type":"Point","coordinates":[-52.29438705833406,-10.352612869391491]},"properties":{"Fazenda":"FE","Campo":"FE 05.1","produtividade":171.08500026240003,"unidade_produtividade":"sc/ha","pontos_originais":25,"ano":"2026","cultura":"Milho"}},{"type":"Feature","geometry":{"type":"Point","coordinates":[-52.2941587549266,-10.35261378719023]},"properties":{"Fazenda":"FE","Campo":"FE 05.1","produtividade":165.6215249472,"unidade_produtividade":"sc/ha","pontos_originais":25,"ano":"2026","cultura":"Milho"}},{"type":"Feature","geometry":{"type":"Point","coordinates":[-52.29393045149783,-10.352614704827188]},"properties":{"Fazenda":"FE","Campo":"FE 05.1","produtividade":155.4779578464,"unidade_produtividade":"sc/ha","pontos_originais":25,"ano":"2026","cultura":"Milho"}},{"type":"Feature","geometry":{"type":"Point","coordinates":[-52.29507196842831,-10.352610115024538]},"properties":{"Fazenda":"FE","Campo":"FE 05.1","produtividade":164.7345730464,"unidade_produtividade":"sc/ha","pontos_originais":25,"ano":"2026","cultura":"Milho"}},{"type":"Feature","geometry":{"type":"Point","coordinates":[-52.29484366508492,-10.352611033308643]},"properties":{"Fazenda":"FE","Campo":"FE 05.1","produtividade":172.344207168,"unidade_produtividade":"sc/ha","pontos_originais":25,"ano":"2026","cultura":"Milho"}},{"type":"Feature","geometry":{"type":"Point","coordinates":[-52.298953121994884,-10.352594479441318]},"properties":{"Fazenda":"FE","Campo":"FE 05.1","produtividade":163.87876592639998,"unidade_produtividade":"sc/ha","pontos_originais":25,"ano":"2026","cultura":"Milho"}},{"type":"Feature","geometry":{"type":"Point","coordinates":[-52.29872481901511,-10.3525954004758]},"properties":{"Fazenda":"FE","Campo":"FE 05.1","produtividade":172.36386679679998,"unidade_produtividade":"sc/ha","pontos_originais":25,"ano":"2026","cultura":"Milho"}},{"type":"Feature","geometry":{"type":"Point","coordinates":[-52.298496516013955,-10.352596321348498]},"properties":{"Fazenda":"FE","Campo":"FE 05.1","produtividade":173.17479049920001,"unidade_produtividade":"sc/ha","pontos_originais":25,"ano":"2026","cultura":"Milho"}},{"type":"Feature","geometry":{"type":"Point","coordinates":[-52.298268212991324,-10.352597242059408]},"properties":{"Fazenda":"FE","Campo":"FE 05.1","produtividade":176.17854844799996,"unidade_produtividade":"sc/ha","pontos_originais":25,"ano":"2026","cultura":"Milho"}},{"type":"Feature","geometry":{"type":"Point","coordinates":[-52.29963803080564,-10.35259171536715]},"properties":{"Fazenda":"FE","Campo":"FE 05.1","produtividade":153.6549509376,"unidade_produtividade":"sc/ha","pontos_originais":25,"ano":"2026","cultura":"Milho"}},{"type":"Feature","geometry":{"type":"Point","coordinates":[-52.299409727890136,-10.352592636886992]},"properties":{"Fazenda":"FE","Campo":"FE 05.1","produtividade":159.97905604799996,"unidade_produtividade":"sc/ha","pontos_originais":25,"ano":"2026","cultura":"Milho"}},{"type":"Feature","geometry":{"type":"Point","coordinates":[-52.29918142495323,-10.352593558245049]},"properties":{"Fazenda":"FE","Campo":"FE 05.1","produtividade":158.56623115200003,"unidade_produtividade":"sc/ha","pontos_originais":25,"ano":"2026","cultura":"Milho"}},{"type":"Feature","geometry":{"type":"Point","coordinates":[-52.29735500068684,-10.352600923285186]},"properties":{"Fazenda":"FE","Campo":"FE 05.1","produtividade":181.30214854080003,"unidade_produtividade":"sc/ha","pontos_originais":25,"ano":"2026","cultura":"Milho"}},{"type":"Feature","geometry":{"type":"Point","coordinates":[-52.29758330379508,-10.352600003221424]},"properties":{"Fazenda":"FE","Campo":"FE 05.1","produtividade":177.9251679072,"unidade_produtividade":"sc/ha","pontos_originais":25,"ano":"2026","cultura":"Milho"}},{"type":"Feature","geometry":{"type":"Point","coordinates":[-52.297126697557225,-10.352601843187163]},"properties":{"Fazenda":"FE","Campo":"FE 05.1","produtividade":177.94217851200003,"unidade_produtividade":"sc/ha","pontos_originais":25,"ano":"2026","cultura":"Milho"}},{"type":"Feature","geometry":{"type":"Point","coordinates":[-52.298039909947335,-10.352598162608533]},"properties":{"Fazenda":"FE","Campo":"FE 05.1","produtividade":176.84927769599994,"unidade_produtividade":"sc/ha","pontos_originais":25,"ano":"2026","cultura":"Milho"}},{"type":"Feature","geometry":{"type":"Point","coordinates":[-52.29781160688189,-10.352599082995871]},"properties":{"Fazenda":"FE","Campo":"FE 05.1","produtividade":176.15275251839998,"unidade_produtividade":"sc/ha","pontos_originais":25,"ano":"2026","cultura":"Milho"}},{"type":"Feature","geometry":{"type":"Point","coordinates":[-52.29301723756924,-10.352618373757124]},"properties":{"Fazenda":"FE","Campo":"FE 05.1","produtividade":121.97379660480001,"unidade_produtividade":"sc/ha","pontos_originais":25,"ano":"2026","cultura":"Milho"}},{"type":"Feature","geometry":{"type":"Point","coordinates":[-52.29324554108339,-10.352617456767325]},"properties":{"Fazenda":"FE","Campo":"FE 05.1","produtividade":142.3358129088,"unidade_produtividade":"sc/ha","pontos_originais":25,"ano":"2026","cultura":"Milho"}},{"type":"Feature","geometry":{"type":"Point","coordinates":[-52.29286518953628,-10.352656660262086]},"properties":{"Fazenda":"FE","Campo":"FE 05.1","produtividade":115.51781303999998,"unidade_produtividade":"sc/ha","pontos_originais":6,"ano":"2026","cultura":"Milho"}},{"type":"Feature","geometry":{"type":"Point","coordinates":[-52.300459827987495,-10.352565791473427]},"properties":{"Fazenda":"FE","Campo":"FE 05.1","produtividade":160.294491,"unidade_produtividade":"sc/ha","pontos_originais":4,"ano":"2026","cultura":"Milho"}},{"type":"Feature","geometry":{"type":"Point","coordinates":[-52.30032293942345,-10.352588949836909]},"properties":{"Fazenda":"FE","Campo":"FE 05.1","produtividade":159.53779820159997,"unidade_produtividade":"sc/ha","pontos_originais":25,"ano":"2026","cultura":"Milho"}},{"type":"Feature","geometry":{"type":"Point","coordinates":[-52.300094636572304,-10.352589871842108]},"properties":{"Fazenda":"FE","Campo":"FE 05.1","produtividade":153.8067321504,"unidade_produtividade":"sc/ha","pontos_originais":25,"ano":"2026","cultura":"Milho"}},{"type":"Feature","geometry":{"type":"Point","coordinates":[-52.29370214804767,-10.352615622302356]},"properties":{"Fazenda":"FE","Campo":"FE 05.1","produtividade":141.8350602816,"unidade_produtividade":"sc/ha","pontos_originais":25,"ano":"2026","cultura":"Milho"}},{"type":"Feature","geometry":{"type":"Point","coordinates":[-52.2934738445762,-10.352616539615735]},"properties":{"Fazenda":"FE","Campo":"FE 05.1","produtividade":145.823881392,"unidade_produtividade":"sc/ha","pontos_originais":25,"ano":"2026","cultura":"Milho"}},{"type":"Feature","geometry":{"type":"Point","coordinates":[-52.299866333699654,-10.352590793685524]},"properties":{"Fazenda":"FE","Campo":"FE 05.1","produtividade":149.0311037376,"unidade_produtividade":"sc/ha","pontos_originais":25,"ano":"2026","cultura":"Milho"}},{"type":"Feature","geometry":{"type":"Point","coordinates":[-52.2928656525097,-10.352769686048282]},"properties":{"Fazenda":"FE","Campo":"FE 05.1","produtividade":109.91162952,"unidade_produtividade":"sc/ha","pontos_originais":3,"ano":"2026","cultura":"Milho"}},{"type":"Feature","geometry":{"type":"Point","coordinates":[-52.2973540715497,-10.35237487211215]},"properties":{"Fazenda":"FE","Campo":"FE 05.1","produtividade":183.03664659840004,"unidade_produtividade":"sc/ha","pontos_originais":25,"ano":"2026","cultura":"Milho"}},{"type":"Feature","geometry":{"type":"Point","coordinates":[-52.29758237449453,-10.352373952068902]},"properties":{"Fazenda":"FE","Campo":"FE 05.1","produtividade":179.453513232,"unidade_produtividade":"sc/ha","pontos_originais":25,"ano":"2026","cultura":"Milho"}},{"type":"Feature","geometry":{"type":"Point","coordinates":[-52.29712576858346,-10.352375791993614]},"properties":{"Fazenda":"FE","Campo":"FE 05.1","produtividade":180.88462244160002,"unidade_produtividade":"sc/ha","pontos_originais":25,"ano":"2026","cultura":"Milho"}},{"type":"Feature","geometry":{"type":"Point","coordinates":[-52.29689746559584,-10.352376711713296]},"properties":{"Fazenda":"FE","Campo":"FE 05.1","produtividade":176.09364178559997,"unidade_produtividade":"sc/ha","pontos_originais":25,"ano":"2026","cultura":"Milho"}},{"type":"Feature","geometry":{"type":"Point","coordinates":[-52.2982672832006,-10.352371190968462]},"properties":{"Fazenda":"FE","Campo":"FE 05.1","produtividade":178.38502032960002,"unidade_produtividade":"sc/ha","pontos_originais":25,"ano":"2026","cultura":"Milho"}},{"type":"Feature","geometry":{"type":"Point","coordinates":[-52.29803898031999,-10.352372111497056]},"properties":{"Fazenda":"FE","Campo":"FE 05.1","produtividade":179.6600699712,"unidade_produtividade":"sc/ha","pontos_originais":25,"ano":"2026","cultura":"Milho"}},{"type":"Feature","geometry":{"type":"Point","coordinates":[-52.29781067741797,-10.352373031863872]},"properties":{"Fazenda":"FE","Campo":"FE 05.1","produtividade":177.42261781439996,"unidade_produtividade":"sc/ha","pontos_originais":25,"ano":"2026","cultura":"Milho"}},{"type":"Feature","geometry":{"type":"Point","coordinates":[-52.29598425343147,-10.352380388974185]},"properties":{"Fazenda":"FE","Campo":"FE 05.1","produtividade":162.40580395199999,"unidade_produtividade":"sc/ha","pontos_originais":25,"ano":"2026","cultura":"Milho"}},{"type":"Feature","geometry":{"type":"Point","coordinates":[-52.29575595033694,-10.352381307884947]},"properties":{"Fazenda":"FE","Campo":"FE 05.1","produtividade":174.12925743360003,"unidade_produtividade":"sc/ha","pontos_originais":25,"ano":"2026","cultura":"Milho"}},{"type":"Feature","geometry":{"type":"Point","coordinates":[-52.295527647221014,-10.352382226633928]},"properties":{"Fazenda":"FE","Campo":"FE 05.1","produtividade":169.13162266559996,"unidade_produtividade":"sc/ha","pontos_originais":25,"ano":"2026","cultura":"Milho"}},{"type":"Feature","geometry":{"type":"Point","coordinates":[-52.29529934408375,-10.352383145221124]},"properties":{"Fazenda":"FE","Campo":"FE 05.1","produtividade":164.03242988159997,"unidade_produtividade":"sc/ha","pontos_originais":25,"ano":"2026","cultura":"Milho"}},{"type":"Feature","geometry":{"type":"Point","coordinates":[-52.29666916258683,-10.35237763127119]},"properties":{"Fazenda":"FE","Campo":"FE 05.1","produtividade":170.28110312639998,"unidade_produtividade":"sc/ha","pontos_originais":25,"ano":"2026","cultura":"Milho"}},{"type":"Feature","geometry":{"type":"Point","coordinates":[-52.29644085955641,-10.352378550667305]},"properties":{"Fazenda":"FE","Campo":"FE 05.1","produtividade":159.33913531200002,"unidade_produtividade":"sc/ha","pontos_originais":25,"ano":"2026","cultura":"Milho"}},{"type":"Feature","geometry":{"type":"Point","coordinates":[-52.29621255650464,-10.352379469901635]},"properties":{"Fazenda":"FE","Campo":"FE 05.1","produtividade":156.5590916736,"unidade_produtividade":"sc/ha","pontos_originais":25,"ano":"2026","cultura":"Milho"}},{"type":"Feature","geometry":{"type":"Point","coordinates":[-52.30032200816218,-10.352362898930874]},"properties":{"Fazenda":"FE","Campo":"FE 05.1","produtividade":162.85613379839998,"unidade_produtividade":"sc/ha","pontos_originais":25,"ano":"2026","cultura":"Milho"}},{"type":"Feature","geometry":{"type":"Point","coordinates":[-52.30048182003161,-10.352362253451025]},"properties":{"Fazenda":"FE","Campo":"FE 05.1","produtividade":163.059482376,"unidade_produtividade":"sc/ha","pontos_originais":10,"ano":"2026","cultura":"Milho"}},{"type":"Feature","geometry":{"type":"Point","coordinates":[-52.30009370547441,-10.352363820915512]},"properties":{"Fazenda":"FE","Campo":"FE 05.1","produtividade":156.47476380479998,"unidade_produtividade":"sc/ha","pontos_originais":25,"ano":"2026","cultura":"Milho"}},{"type":"Feature","geometry":{"type":"Point","coordinates":[-52.2998654027652,-10.352364742738368]},"properties":{"Fazenda":"FE","Campo":"FE 05.1","produtividade":151.15032777599998,"unidade_produtividade":"sc/ha","pontos_originais":25,"ano":"2026","cultura":"Milho"}},{"type":"Feature","geometry":{"type":"Point","coordinates":[-52.29895219171399,-10.352368428411976]},"properties":{"Fazenda":"FE","Campo":"FE 05.1","produtividade":170.1974381184,"unidade_produtividade":"sc/ha","pontos_originais":25,"ano":"2026","cultura":"Milho"}},{"type":"Feature","geometry":{"type":"Point","coordinates":[-52.29872388889762,-10.35236934942592]},"properties":{"Fazenda":"FE","Campo":"FE 05.1","produtividade":173.5405826112,"unidade_produtividade":"sc/ha","pontos_originais":25,"ano":"2026","cultura":"Milho"}},{"type":"Feature","geometry":{"type":"Point","coordinates":[-52.298495586059836,-10.352370270278081]},"properties":{"Fazenda":"FE","Campo":"FE 05.1","produtividade":175.9755364416,"unidade_produtividade":"sc/ha","pontos_originais":25,"ano":"2026","cultura":"Milho"}},{"type":"Feature","geometry":{"type":"Point","coordinates":[-52.299637100034545,-10.352365664399443]},"properties":{"Fazenda":"FE","Campo":"FE 05.1","produtividade":158.73440909759995,"unidade_produtividade":"sc/ha","pontos_originais":25,"ano":"2026","cultura":"Milho"}},{"type":"Feature","geometry":{"type":"Point","coordinates":[-52.29940879728247,-10.352366585898736]},"properties":{"Fazenda":"FE","Campo":"FE 05.1","produtividade":164.55209097599996,"unidade_produtividade":"sc/ha","pontos_originais":25,"ano":"2026","cultura":"Milho"}},{"type":"Feature","geometry":{"type":"Point","coordinates":[-52.299180494508946,-10.352367507236247]},"properties":{"Fazenda":"FE","Campo":"FE 05.1","produtividade":164.39204275199998,"unidade_produtividade":"sc/ha","pontos_originais":25,"ano":"2026","cultura":"Milho"}},{"type":"Feature","geometry":{"type":"Point","coordinates":[-52.29461443454374,-10.35238590001201]},"properties":{"Fazenda":"FE","Campo":"FE 05.1","produtividade":175.3100568576,"unidade_produtividade":"sc/ha","pontos_originais":25,"ano":"2026","cultura":"Milho"}},{"type":"Feature","geometry":{"type":"Point","coordinates":[-52.29438613132104,-10.352386817952068]},"properties":{"Fazenda":"FE","Campo":"FE 05.1","produtividade":170.7270197472,"unidade_produtividade":"sc/ha","pontos_originais":25,"ano":"2026","cultura":"Milho"}},{"type":"Feature","geometry":{"type":"Point","coordinates":[-52.29415782807698,-10.352387735730346]},"properties":{"Fazenda":"FE","Campo":"FE 05.1","produtividade":167.40728040959996,"unidade_produtividade":"sc/ha","pontos_originais":25,"ano":"2026","cultura":"Milho"}},{"type":"Feature","geometry":{"type":"Point","coordinates":[-52.293929524811574,-10.35238865334684]},"properties":{"Fazenda":"FE","Campo":"FE 05.1","produtividade":155.7097020864,"unidade_produtividade":"sc/ha","pontos_originais":25,"ano":"2026","cultura":"Milho"}},{"type":"Feature","geometry":{"type":"Point","coordinates":[-52.2950710409251,-10.35238406364654]},"properties":{"Fazenda":"FE","Campo":"FE 05.1","produtividade":168.5456694432,"unidade_produtividade":"sc/ha","pontos_originais":25,"ano":"2026","cultura":"Milho"}},{"type":"Feature","geometry":{"type":"Point","coordinates":[-52.294842737745086,-10.352384981910166]},"properties":{"Fazenda":"FE","Campo":"FE 05.1","produtividade":173.9991631392,"unidade_produtividade":"sc/ha","pontos_originais":25,"ano":"2026","cultura":"Milho"}},{"type":"Feature","geometry":{"type":"Point","coordinates":[-52.29304593293554,-10.352410819550851]},"properties":{"Fazenda":"FE","Campo":"FE 05.1","produtividade":134.57384966117647,"unidade_produtividade":"sc/ha","pontos_originais":17,"ano":"2026","cultura":"Milho"}},{"type":"Feature","geometry":{"type":"Point","coordinates":[-52.29324461488736,-10.352391405225605]},"properties":{"Fazenda":"FE","Campo":"FE 05.1","produtividade":147.8970402336,"unidade_produtividade":"sc/ha","pontos_originais":25,"ano":"2026","cultura":"Milho"}},{"type":"Feature","geometry":{"type":"Point","coordinates":[-52.293701221524834,-10.352389570801545]},"properties":{"Fazenda":"FE","Campo":"FE 05.1","produtividade":143.98701004799997,"unidade_produtividade":"sc/ha","pontos_originais":25,"ano":"2026","cultura":"Milho"}},{"type":"Feature","geometry":{"type":"Point","coordinates":[-52.293472918216764,-10.352390488094468]},"properties":{"Fazenda":"FE","Campo":"FE 05.1","produtividade":149.54221175039999,"unidade_produtividade":"sc/ha","pontos_originais":25,"ano":"2026","cultura":"Milho"}},{"type":"Feature","geometry":{"type":"Point","coordinates":[-52.29551558737554,-10.349443558956777]},"properties":{"Fazenda":"FE","Campo":"FE 05.1","produtividade":144.0362093184,"unidade_produtividade":"sc/ha","pontos_originais":25,"ano":"2026","cultura":"Milho"}},{"type":"Feature","geometry":{"type":"Point","coordinates":[-52.295305711188135,-10.349483586061561]},"properties":{"Fazenda":"FE","Campo":"FE 05.1","produtividade":134.172509184,"unidade_produtividade":"sc/ha","pontos_originais":15,"ano":"2026","cultura":"Milho"}},{"type":"Feature","geometry":{"type":"Point","coordinates":[-52.30099480528072,-10.34942147073416]},"properties":{"Fazenda":"FE","Campo":"FE 05.1","produtividade":146.4167505024,"unidade_produtividade":"sc/ha","pontos_originais":25,"ano":"2026","cultura":"Milho"}},{"type":"Feature","geometry":{"type":"Point","coordinates":[-52.300766504781066,-10.349422392936733]},"properties":{"Fazenda":"FE","Campo":"FE 05.1","produtividade":156.62223158400002,"unidade_produtividade":"sc/ha","pontos_originais":25,"ano":"2026","cultura":"Milho"}},{"type":"Feature","geometry":{"type":"Point","coordinates":[-52.29620049028778,-10.349440803023642]},"properties":{"Fazenda":"FE","Campo":"FE 05.1","produtividade":148.4660239776,"unidade_produtividade":"sc/ha","pontos_originais":25,"ano":"2026","cultura":"Milho"}},{"type":"Feature","geometry":{"type":"Point","coordinates":[-52.29597218933841,-10.349441721829756]},"properties":{"Fazenda":"FE","Campo":"FE 05.1","produtividade":158.03508732479997,"unidade_produtividade":"sc/ha","pontos_originais":25,"ano":"2026","cultura":"Milho"}},{"type":"Feature","geometry":{"type":"Point","coordinates":[-52.29574388836765,-10.349442640474136]},"properties":{"Fazenda":"FE","Campo":"FE 05.1","produtividade":157.19490702719997,"unidade_produtividade":"sc/ha","pontos_originais":25,"ano":"2026","cultura":"Milho"}},{"type":"Feature","geometry":{"type":"Point","coordinates":[-52.299853302567946,-10.349426080129659]},"properties":{"Fazenda":"FE","Campo":"FE 05.1","produtividade":176.9098296672,"unidade_produtividade":"sc/ha","pontos_originais":25,"ano":"2026","cultura":"Milho"}},{"type":"Feature","geometry":{"type":"Point","coordinates":[-52.30008160315339,-10.349425158574029]},"properties":{"Fazenda":"FE","Campo":"FE 05.1","produtividade":174.7025872704,"unidade_produtividade":"sc/ha","pontos_originais":25,"ano":"2026","cultura":"Milho"}},{"type":"Feature","geometry":{"type":"Point","coordinates":[-52.29962500196105,-10.349427001523551]},"properties":{"Fazenda":"FE","Campo":"FE 05.1","produtividade":177.2641390464,"unidade_produtividade":"sc/ha","pontos_originais":25,"ano":"2026","cultura":"Milho"}},{"type":"Feature","geometry":{"type":"Point","coordinates":[-52.299396701332746,-10.349427922755709]},"properties":{"Fazenda":"FE","Campo":"FE 05.1","produtividade":173.90170022399997,"unidade_produtividade":"sc/ha","pontos_originais":25,"ano":"2026","cultura":"Milho"}},{"type":"Feature","geometry":{"type":"Point","coordinates":[-52.30053820425996,-10.349423314977566]},"properties":{"Fazenda":"FE","Campo":"FE 05.1","produtividade":164.1048679872,"unidade_produtividade":"sc/ha","pontos_originais":25,"ano":"2026","cultura":"Milho"}},{"type":"Feature","geometry":{"type":"Point","coordinates":[-52.3003099037174,-10.349424236856665]},"properties":{"Fazenda":"FE","Campo":"FE 05.1","produtividade":167.4000554688,"unidade_produtividade":"sc/ha","pontos_originais":25,"ano":"2026","cultura":"Milho"}},{"type":"Feature","geometry":{"type":"Point","coordinates":[-52.29825519786976,-10.349432526490462]},"properties":{"Fazenda":"FE","Campo":"FE 05.1","produtividade":174.85877505599998,"unidade_produtividade":"sc/ha","pontos_originais":25,"ano":"2026","cultura":"Milho"}},{"type":"Feature","geometry":{"type":"Point","coordinates":[-52.2984834986052,-10.34943160606698]},"properties":{"Fazenda":"FE","Campo":"FE 05.1","produtividade":171.1094668416,"unidade_produtividade":"sc/ha","pontos_originais":25,"ano":"2026","cultura":"Milho"}},{"type":"Feature","geometry":{"type":"Point","coordinates":[-52.29802689711291,-10.349433446752203]},"properties":{"Fazenda":"FE","Campo":"FE 05.1","produtividade":178.94547276479997,"unidade_produtividade":"sc/ha","pontos_originais":25,"ano":"2026","cultura":"Milho"}},{"type":"Feature","geometry":{"type":"Point","coordinates":[-52.29779859633466,-10.349434366852211]},"properties":{"Fazenda":"FE","Campo":"FE 05.1","produtividade":176.30157807359998,"unidade_produtividade":"sc/ha","pontos_originais":25,"ano":"2026","cultura":"Milho"}},{"type":"Feature","geometry":{"type":"Point","coordinates":[-52.299168400682994,-10.34942884382613]},"properties":{"Fazenda":"FE","Campo":"FE 05.1","produtividade":169.45210920959994,"unidade_produtividade":"sc/ha","pontos_originais":25,"ano":"2026","cultura":"Milho"}},{"type":"Feature","geometry":{"type":"Point","coordinates":[-52.29894010001181,-10.349429764734818]},"properties":{"Fazenda":"FE","Campo":"FE 05.1","produtividade":173.05778952,"unidade_produtividade":"sc/ha","pontos_originais":25,"ano":"2026","cultura":"Milho"}},{"type":"Feature","geometry":{"type":"Point","coordinates":[-52.29871179931921,-10.349430685481769]},"properties":{"Fazenda":"FE","Campo":"FE 05.1","produtividade":173.3836684608,"unidade_produtividade":"sc/ha","pontos_originais":25,"ano":"2026","cultura":"Milho"}},{"type":"Feature","geometry":{"type":"Point","coordinates":[-52.296885393007635,-10.349438045634875]},"properties":{"Fazenda":"FE","Campo":"FE 05.1","produtividade":150.11650624319995,"unidade_produtividade":"sc/ha","pontos_originais":25,"ano":"2026","cultura":"Milho"}},{"type":"Feature","geometry":{"type":"Point","coordinates":[-52.296657092122395,-10.349438964926199]},"properties":{"Fazenda":"FE","Campo":"FE 05.1","produtividade":143.30770292160003,"unidade_produtividade":"sc/ha","pontos_originais":25,"ano":"2026","cultura":"Milho"}},{"type":"Feature","geometry":{"type":"Point","coordinates":[-52.296428791215796,-10.349439884055787]},"properties":{"Fazenda":"FE","Campo":"FE 05.1","produtividade":141.1133518368,"unidade_produtividade":"sc/ha","pontos_originais":25,"ano":"2026","cultura":"Milho"}},{"type":"Feature","geometry":{"type":"Point","coordinates":[-52.297570295534996,-10.34943528679048]},"properties":{"Fazenda":"FE","Campo":"FE 05.1","produtividade":171.7303660128,"unidade_produtividade":"sc/ha","pontos_originais":25,"ano":"2026","cultura":"Milho"}},{"type":"Feature","geometry":{"type":"Point","coordinates":[-52.297341994713925,-10.349436206567013]},"properties":{"Fazenda":"FE","Campo":"FE 05.1","produtividade":164.3315645664,"unidade_produtividade":"sc/ha","pontos_originais":25,"ano":"2026","cultura":"Milho"}},{"type":"Feature","geometry":{"type":"Point","coordinates":[-52.29711369387148,-10.349437126181813]},"properties":{"Fazenda":"FE","Campo":"FE 05.1","produtividade":158.80119413759996,"unidade_produtividade":"sc/ha","pontos_originais":25,"ano":"2026","cultura":"Milho"}},{"type":"Feature","geometry":{"type":"Point","coordinates":[-52.295150676657464,-10.349535448764398]},"properties":{"Fazenda":"FE","Campo":"FE 05.1","produtividade":135.50374656,"unidade_produtividade":"sc/ha","pontos_originais":1,"ano":"2026","cultura":"Milho"}},{"type":"Feature","geometry":{"type":"Point","coordinates":[-52.30099191621654,-10.34964376947814]},"properties":{"Fazenda":"FE","Campo":"FE 05.1","produtividade":143.92397061,"unidade_produtividade":"sc/ha","pontos_originais":24,"ano":"2026","cultura":"Milho"}},{"type":"Feature","geometry":{"type":"Point","coordinates":[-52.3000825339725,-10.34965120954287]},"properties":{"Fazenda":"FE","Campo":"FE 05.1","produtividade":168.59601783359994,"unidade_produtividade":"sc/ha","pontos_originais":25,"ano":"2026","cultura":"Milho"}},{"type":"Feature","geometry":{"type":"Point","coordinates":[-52.299854233223726,-10.349652131119056]},"properties":{"Fazenda":"FE","Campo":"FE 05.1","produtividade":173.8966059936,"unidade_produtividade":"sc/ha","pontos_originais":25,"ano":"2026","cultura":"Milho"}},{"type":"Feature","geometry":{"type":"Point","coordinates":[-52.29962593245348,-10.3496530525335]},"properties":{"Fazenda":"FE","Campo":"FE 05.1","produtividade":176.08545642239997,"unidade_produtividade":"sc/ha","pontos_originais":25,"ano":"2026","cultura":"Milho"}},{"type":"Feature","geometry":{"type":"Point","coordinates":[-52.299397631661826,-10.349653973786207]},"properties":{"Fazenda":"FE","Campo":"FE 05.1","produtividade":172.16904438720002,"unidade_produtividade":"sc/ha","pontos_originais":25,"ano":"2026","cultura":"Milho"}},{"type":"Feature","geometry":{"type":"Point","coordinates":[-52.30076743609022,-10.349648443843883]},"properties":{"Fazenda":"FE","Campo":"FE 05.1","produtividade":157.30542817919996,"unidade_produtividade":"sc/ha","pontos_originais":25,"ano":"2026","cultura":"Milho"}},{"type":"Feature","geometry":{"type":"Point","coordinates":[-52.300539135405764,-10.349649365905286]},"properties":{"Fazenda":"FE","Campo":"FE 05.1","produtividade":163.3653385056,"unidade_produtividade":"sc/ha","pontos_originais":25,"ano":"2026","cultura":"Milho"}},{"type":"Feature","geometry":{"type":"Point","coordinates":[-52.30031083469985,-10.349650287804948]},"properties":{"Fazenda":"FE","Campo":"FE 05.1","produtividade":163.70851351680002,"unidade_produtividade":"sc/ha","pontos_originais":25,"ano":"2026","cultura":"Milho"}},{"type":"Feature","geometry":{"type":"Point","coordinates":[-52.295744816083214,-10.34966869183292]},"properties":{"Fazenda":"FE","Campo":"FE 05.1","produtividade":165.42199235520002,"unidade_produtividade":"sc/ha","pontos_originais":25,"ano":"2026","cultura":"Milho"}},{"type":"Feature","geometry":{"type":"Point","coordinates":[-52.29551651492775,-10.34966961033605]},"properties":{"Fazenda":"FE","Campo":"FE 05.1","produtividade":157.6941047136,"unidade_produtividade":"sc/ha","pontos_originais":25,"ano":"2026","cultura":"Milho"}},{"type":"Feature","geometry":{"type":"Point","coordinates":[-52.2952882137509,-10.349670528677436]},"properties":{"Fazenda":"FE","Campo":"FE 05.1","produtividade":147.158641728,"unidade_produtividade":"sc/ha","pontos_originais":25,"ano":"2026","cultura":"Milho"}},{"type":"Feature","geometry":{"type":"Point","coordinates":[-52.29507033202512,-10.349681680190553]},"properties":{"Fazenda":"FE","Campo":"FE 05.1","produtividade":140.69491815272727,"unidade_produtividade":"sc/ha","pontos_originais":22,"ano":"2026","cultura":"Milho"}},{"type":"Feature","geometry":{"type":"Point","coordinates":[-52.29642971942141,-10.34966593535309]},"properties":{"Fazenda":"FE","Campo":"FE 05.1","produtividade":161.41819700159996,"unidade_produtividade":"sc/ha","pontos_originais":25,"ano":"2026","cultura":"Milho"}},{"type":"Feature","geometry":{"type":"Point","coordinates":[-52.29620141833005,-10.34966685434144]},"properties":{"Fazenda":"FE","Campo":"FE 05.1","produtividade":167.66019143999998,"unidade_produtividade":"sc/ha","pontos_originais":25,"ano":"2026","cultura":"Milho"}},{"type":"Feature","geometry":{"type":"Point","coordinates":[-52.2959731172173,-10.349667773168049]},"properties":{"Fazenda":"FE","Campo":"FE 05.1","produtividade":169.9784781408,"unidade_produtividade":"sc/ha","pontos_originais":25,"ano":"2026","cultura":"Milho"}},{"type":"Feature","geometry":{"type":"Point","coordinates":[-52.29848442828091,-10.34965765717964]},"properties":{"Fazenda":"FE","Campo":"FE 05.1","produtividade":170.98306908479998,"unidade_produtividade":"sc/ha","pontos_originais":25,"ano":"2026","cultura":"Milho"}},{"type":"Feature","geometry":{"type":"Point","coordinates":[-52.29871272915826,-10.349656736573888]},"properties":{"Fazenda":"FE","Campo":"FE 05.1","produtividade":171.48812244480004,"unidade_produtividade":"sc/ha","pontos_originais":25,"ano":"2026","cultura":"Milho"}},{"type":"Feature","geometry":{"type":"Point","coordinates":[-52.29825612738211,-10.349658577623645]},"properties":{"Fazenda":"FE","Campo":"FE 05.1","produtividade":174.77612006400003,"unidade_produtividade":"sc/ha","pontos_originais":25,"ano":"2026","cultura":"Milho"}},{"type":"Feature","geometry":{"type":"Point","coordinates":[-52.29802782646192,-10.349659497905918]},"properties":{"Fazenda":"FE","Campo":"FE 05.1","produtividade":179.65994659199998,"unidade_produtividade":"sc/ha","pontos_originais":25,"ano":"2026","cultura":"Milho"}},{"type":"Feature","geometry":{"type":"Point","coordinates":[-52.299169330848734,-10.349654894877174]},"properties":{"Fazenda":"FE","Campo":"FE 05.1","produtividade":167.7771434304,"unidade_produtividade":"sc/ha","pontos_originais":25,"ano":"2026","cultura":"Milho"}},{"type":"Feature","geometry":{"type":"Point","coordinates":[-52.298941030014205,-10.349655815806402]},"properties":{"Fazenda":"FE","Campo":"FE 05.1","produtividade":170.5032812448,"unidade_produtividade":"sc/ha","pontos_originais":25,"ano":"2026","cultura":"Milho"}},{"type":"Feature","geometry":{"type":"Point","coordinates":[-52.29711462256712,-10.349663177417598]},"properties":{"Fazenda":"FE","Campo":"FE 05.1","produtividade":163.39084473599996,"unidade_produtividade":"sc/ha","pontos_originais":25,"ano":"2026","cultura":"Milho"}},{"type":"Feature","geometry":{"type":"Point","coordinates":[-52.296886321539944,-10.349664096891168]},"properties":{"Fazenda":"FE","Campo":"FE 05.1","produtividade":156.0722125536,"unidade_produtividade":"sc/ha","pontos_originais":25,"ano":"2026","cultura":"Milho"}},{"type":"Feature","geometry":{"type":"Point","coordinates":[-52.29665802049135,-10.349665016202998]},"properties":{"Fazenda":"FE","Campo":"FE 05.1","produtividade":153.2596179744,"unidade_produtividade":"sc/ha","pontos_originais":25,"ano":"2026","cultura":"Milho"}},{"type":"Feature","geometry":{"type":"Point","coordinates":[-52.29779952552033,-10.349660418026447]},"properties":{"Fazenda":"FE","Campo":"FE 05.1","produtividade":178.80364111679998,"unidade_produtividade":"sc/ha","pontos_originais":25,"ano":"2026","cultura":"Milho"}},{"type":"Feature","geometry":{"type":"Point","coordinates":[-52.29757122455733,-10.34966133798524]},"properties":{"Fazenda":"FE","Campo":"FE 05.1","produtividade":172.6651207008,"unidade_produtividade":"sc/ha","pontos_originais":25,"ano":"2026","cultura":"Milho"}},{"type":"Feature","geometry":{"type":"Point","coordinates":[-52.29734292357293,-10.349662257782287]},"properties":{"Fazenda":"FE","Campo":"FE 05.1","produtividade":167.5096258752,"unidade_produtividade":"sc/ha","pontos_originais":25,"ano":"2026","cultura":"Milho"}},{"type":"Feature","geometry":{"type":"Point","coordinates":[-52.29490802078495,-10.349747409370194]},"properties":{"Fazenda":"FE","Campo":"FE 05.1","produtividade":142.43136768,"unidade_produtividade":"sc/ha","pontos_originais":3,"ano":"2026","cultura":"Milho"}},{"type":"Feature","geometry":{"type":"Point","coordinates":[-52.30097021380474,-10.349868920335249]},"properties":{"Fazenda":"FE","Campo":"FE 05.1","produtividade":147.77867186526314,"unidade_produtividade":"sc/ha","pontos_originais":19,"ano":"2026","cultura":"Milho"}},{"type":"Feature","geometry":{"type":"Point","coordinates":[-52.29711555128417,-10.349889228650136]},"properties":{"Fazenda":"FE","Campo":"FE 05.1","produtividade":166.55156159039998,"unidade_produtividade":"sc/ha","pontos_originais":25,"ano":"2026","cultura":"Milho"}},{"type":"Feature","geometry":{"type":"Point","coordinates":[-52.29734385245332,-10.349888308994311]},"properties":{"Fazenda":"FE","Campo":"FE 05.1","produtividade":169.1023963104,"unidade_produtividade":"sc/ha","pontos_originais":25,"ano":"2026","cultura":"Milho"}},{"type":"Feature","geometry":{"type":"Point","coordinates":[-52.29688725009363,-10.349890148144214]},"properties":{"Fazenda":"FE","Campo":"FE 05.1","produtividade":163.5136034112,"unidade_produtividade":"sc/ha","pontos_originais":25,"ano":"2026","cultura":"Milho"}},{"type":"Feature","geometry":{"type":"Point","coordinates":[-52.29665894888168,-10.349891067476548]},"properties":{"Fazenda":"FE","Campo":"FE 05.1","produtividade":165.9613874688,"unidade_produtividade":"sc/ha","pontos_originais":25,"ano":"2026","cultura":"Milho"}},{"type":"Feature","geometry":{"type":"Point","coordinates":[-52.297800454727394,-10.349886469197436]},"properties":{"Fazenda":"FE","Campo":"FE 05.1","produtividade":177.59329116479995,"unidade_produtividade":"sc/ha","pontos_originais":25,"ano":"2026","cultura":"Milho"}},{"type":"Feature","geometry":{"type":"Point","coordinates":[-52.29802875583235,-10.34988554905638]},"properties":{"Fazenda":"FE","Campo":"FE 05.1","produtividade":178.8160504032,"unidade_produtividade":"sc/ha","pontos_originais":25,"ano":"2026","cultura":"Milho"}},{"type":"Feature","geometry":{"type":"Point","coordinates":[-52.29757215360106,-10.349887389176745]},"properties":{"Fazenda":"FE","Campo":"FE 05.1","produtividade":171.67581970560002,"unidade_produtividade":"sc/ha","pontos_originais":25,"ano":"2026","cultura":"Milho"}},{"type":"Feature","geometry":{"type":"Point","coordinates":[-52.29574574382014,-10.34989474318846]},"properties":{"Fazenda":"FE","Campo":"FE 05.1","produtividade":164.8990544544,"unidade_produtividade":"sc/ha","pontos_originais":25,"ano":"2026","cultura":"Milho"}},{"type":"Feature","geometry":{"type":"Point","coordinates":[-52.295517442501335,-10.349895661712074]},"properties":{"Fazenda":"FE","Campo":"FE 05.1","produtividade":156.57742860480002,"unidade_produtividade":"sc/ha","pontos_originais":25,"ano":"2026","cultura":"Milho"}},{"type":"Feature","geometry":{"type":"Point","coordinates":[-52.29528914116115,-10.349896580073946]},"properties":{"Fazenda":"FE","Campo":"FE 05.1","produtividade":150.1986761856,"unidade_produtividade":"sc/ha","pontos_originais":25,"ano":"2026","cultura":"Milho"}},{"type":"Feature","geometry":{"type":"Point","coordinates":[-52.295060839799596,-10.349897498274075]},"properties":{"Fazenda":"FE","Campo":"FE 05.1","produtividade":147.2913160992,"unidade_produtividade":"sc/ha","pontos_originais":25,"ano":"2026","cultura":"Milho"}},{"type":"Feature","geometry":{"type":"Point","coordinates":[-52.296430647648364,-10.349891986647142]},"properties":{"Fazenda":"FE","Campo":"FE 05.1","produtividade":173.53913653439994,"unidade_produtividade":"sc/ha","pontos_originais":25,"ano":"2026","cultura":"Milho"}},{"type":"Feature","geometry":{"type":"Point","coordinates":[-52.29620234639369,-10.34989290565599]},"properties":{"Fazenda":"FE","Campo":"FE 05.1","produtividade":174.36300356159998,"unidade_produtividade":"sc/ha","pontos_originais":25,"ano":"2026","cultura":"Milho"}},{"type":"Feature","geometry":{"type":"Point","coordinates":[-52.29597404511761,-10.349893824503095]},"properties":{"Fazenda":"FE","Campo":"FE 05.1","produtividade":171.8671094784,"unidade_produtividade":"sc/ha","pontos_originais":25,"ano":"2026","cultura":"Milho"}},{"type":"Feature","geometry":{"type":"Point","coordinates":[-52.30008346481308,-10.349877260508462]},"properties":{"Fazenda":"FE","Campo":"FE 05.1","produtividade":166.07791730879998,"unidade_produtividade":"sc/ha","pontos_originais":25,"ano":"2026","cultura":"Milho"}},{"type":"Feature","geometry":{"type":"Point","coordinates":[-52.29985516390092,-10.3498781821052]},"properties":{"Fazenda":"FE","Campo":"FE 05.1","produtividade":170.15477250240002,"unidade_produtividade":"sc/ha","pontos_originais":25,"ano":"2026","cultura":"Milho"}},{"type":"Feature","geometry":{"type":"Point","coordinates":[-52.29962686296734,-10.349879103540196]},"properties":{"Fazenda":"FE","Campo":"FE 05.1","produtividade":172.75978278719998,"unidade_produtividade":"sc/ha","pontos_originais":25,"ano":"2026","cultura":"Milho"}},{"type":"Feature","geometry":{"type":"Point","coordinates":[-52.29939856201233,-10.349880024813453]},"properties":{"Fazenda":"FE","Campo":"FE 05.1","produtividade":170.2742646528,"unidade_produtividade":"sc/ha","pontos_originais":25,"ano":"2026","cultura":"Milho"}},{"type":"Feature","geometry":{"type":"Point","coordinates":[-52.30076836742083,-10.349874494747786]},"properties":{"Fazenda":"FE","Campo":"FE 05.1","produtividade":155.5224070176,"unidade_produtividade":"sc/ha","pontos_originais":25,"ano":"2026","cultura":"Milho"}},{"type":"Feature","geometry":{"type":"Point","coordinates":[-52.300540066573014,-10.34987541682975]},"properties":{"Fazenda":"FE","Campo":"FE 05.1","produtividade":163.70286710399998,"unidade_produtividade":"sc/ha","pontos_originais":25,"ano":"2026","cultura":"Milho"}},{"type":"Feature","geometry":{"type":"Point","coordinates":[-52.30031176570379,-10.349876338749977]},"properties":{"Fazenda":"FE","Campo":"FE 05.1","produtividade":165.0978546336,"unidade_produtividade":"sc/ha","pontos_originais":25,"ano":"2026","cultura":"Milho"}},{"type":"Feature","geometry":{"type":"Point","coordinates":[-52.29871365901874,-10.34988278766276]},"properties":{"Fazenda":"FE","Campo":"FE 05.1","produtividade":172.50520008959995,"unidade_produtividade":"sc/ha","pontos_originais":25,"ano":"2026","cultura":"Milho"}},{"type":"Feature","geometry":{"type":"Point","coordinates":[-52.29848535797803,-10.349883708289044]},"properties":{"Fazenda":"FE","Campo":"FE 05.1","produtividade":171.09882115199997,"unidade_produtividade":"sc/ha","pontos_originais":25,"ano":"2026","cultura":"Milho"}},{"type":"Feature","geometry":{"type":"Point","coordinates":[-52.2982570569159,-10.349884628753584]},"properties":{"Fazenda":"FE","Campo":"FE 05.1","produtividade":173.392355808,"unidade_produtividade":"sc/ha","pontos_originais":25,"ano":"2026","cultura":"Milho"}},{"type":"Feature","geometry":{"type":"Point","coordinates":[-52.2991702610359,-10.349880945924967]},"properties":{"Fazenda":"FE","Campo":"FE 05.1","produtividade":164.88388062720003,"unidade_produtividade":"sc/ha","pontos_originais":25,"ano":"2026","cultura":"Milho"}},{"type":"Feature","geometry":{"type":"Point","coordinates":[-52.29894196003803,-10.349881866874737]},"properties":{"Fazenda":"FE","Campo":"FE 05.1","produtividade":169.479224208,"unidade_produtividade":"sc/ha","pontos_originais":25,"ano":"2026","cultura":"Milho"}},{"type":"Feature","geometry":{"type":"Point","coordinates":[-52.29779766717038,-10.349208315674725]},"properties":{"Fazenda":"FE","Campo":"FE 05.1","produtividade":166.68783875520003,"unidade_produtividade":"sc/ha","pontos_originais":25,"ano":"2026","cultura":"Milho"}},{"type":"Feature","geometry":{"type":"Point","coordinates":[-52.29756936653406,-10.349209235592477]},"properties":{"Fazenda":"FE","Campo":"FE 05.1","produtividade":160.60048260479994,"unidade_produtividade":"sc/ha","pontos_originais":25,"ano":"2026","cultura":"Milho"}},{"type":"Feature","geometry":{"type":"Point","coordinates":[-52.29734106587636,-10.349210155348493]},"properties":{"Fazenda":"FE","Campo":"FE 05.1","produtividade":151.9460105184,"unidade_produtividade":"sc/ha","pontos_originais":25,"ano":"2026","cultura":"Milho"}},{"type":"Feature","geometry":{"type":"Point","coordinates":[-52.29711276519724,-10.349211074942778]},"properties":{"Fazenda":"FE","Campo":"FE 05.1","produtividade":142.08040768319998,"unidade_produtividade":"sc/ha","pontos_originais":25,"ano":"2026","cultura":"Milho"}},{"type":"Feature","geometry":{"type":"Point","coordinates":[-52.29848256895091,-10.349205554951077]},"properties":{"Fazenda":"FE","Campo":"FE 05.1","produtividade":164.57047205759997,"unidade_produtividade":"sc/ha","pontos_originais":25,"ano":"2026","cultura":"Milho"}},{"type":"Feature","geometry":{"type":"Point","coordinates":[-52.29871086950156,-10.3492046343864]},"properties":{"Fazenda":"FE","Campo":"FE 05.1","produtividade":172.10376650879996,"unidade_produtividade":"sc/ha","pontos_originais":25,"ano":"2026","cultura":"Milho"}},{"type":"Feature","geometry":{"type":"Point","coordinates":[-52.298254268378805,-10.349206475354023]},"properties":{"Fazenda":"FE","Campo":"FE 05.1","produtividade":165.1764127104,"unidade_produtividade":"sc/ha","pontos_originais":25,"ano":"2026","cultura":"Milho"}},{"type":"Feature","geometry":{"type":"Point","coordinates":[-52.2980259677853,-10.349207395595242]},"properties":{"Fazenda":"FE","Campo":"FE 05.1","produtividade":169.34163886079997,"unidade_produtividade":"sc/ha","pontos_originais":25,"ano":"2026","cultura":"Milho"}},{"type":"Feature","geometry":{"type":"Point","coordinates":[-52.3011536840531,-10.349194774226365]},"properties":{"Fazenda":"FE","Campo":"FE 05.1","produtividade":138.61226131200002,"unidade_produtividade":"sc/ha","pontos_originais":10,"ano":"2026","cultura":"Milho"}},{"type":"Feature","geometry":{"type":"Point","coordinates":[-52.296431683512594,-10.349217584960217]},"properties":{"Fazenda":"FE","Campo":"FE 05.1","produtividade":116.20627010999999,"unidade_produtividade":"sc/ha","pontos_originais":24,"ano":"2026","cultura":"Milho"}},{"type":"Feature","geometry":{"type":"Point","coordinates":[-52.300993873829704,-10.349195419844332]},"properties":{"Fazenda":"FE","Campo":"FE 05.1","produtividade":143.3081607552,"unidade_produtividade":"sc/ha","pontos_originais":25,"ano":"2026","cultura":"Milho"}},{"type":"Feature","geometry":{"type":"Point","coordinates":[-52.30076557349338,-10.349196342026332]},"properties":{"Fazenda":"FE","Campo":"FE 05.1","produtividade":156.50679098879993,"unidade_produtividade":"sc/ha","pontos_originais":25,"ano":"2026","cultura":"Milho"}},{"type":"Feature","geometry":{"type":"Point","coordinates":[-52.3005372731356,-10.349197264046602]},"properties":{"Fazenda":"FE","Campo":"FE 05.1","produtividade":162.209198592,"unidade_produtividade":"sc/ha","pontos_originais":25,"ano":"2026","cultura":"Milho"}},{"type":"Feature","geometry":{"type":"Point","coordinates":[-52.296884464496735,-10.349211994375331]},"properties":{"Fazenda":"FE","Campo":"FE 05.1","produtividade":132.8790167712,"unidade_produtividade":"sc/ha","pontos_originais":25,"ano":"2026","cultura":"Milho"}},{"type":"Feature","geometry":{"type":"Point","coordinates":[-52.29665616377484,-10.349212913646152]},"properties":{"Fazenda":"FE","Campo":"FE 05.1","produtividade":123.1383541248,"unidade_produtividade":"sc/ha","pontos_originais":25,"ano":"2026","cultura":"Milho"}},{"type":"Feature","geometry":{"type":"Point","coordinates":[-52.30030897275638,-10.349198185905138]},"properties":{"Fazenda":"FE","Campo":"FE 05.1","produtividade":167.63825171520003,"unidade_produtividade":"sc/ha","pontos_originais":25,"ano":"2026","cultura":"Milho"}},{"type":"Feature","geometry":{"type":"Point","coordinates":[-52.300080672355705,-10.349199107601942]},"properties":{"Fazenda":"FE","Campo":"FE 05.1","produtividade":176.14522759679997,"unidade_produtividade":"sc/ha","pontos_originais":25,"ano":"2026","cultura":"Milho"}},{"type":"Feature","geometry":{"type":"Point","coordinates":[-52.2969009603068,-10.349059340823676]},"properties":{"Fazenda":"FE","Campo":"FE 05.1","produtividade":115.72877294999999,"unidade_produtividade":"sc/ha","pontos_originais":8,"ano":"2026","cultura":"Milho"}},{"type":"Feature","geometry":{"type":"Point","coordinates":[-52.29711855841129,-10.349033436982012]},"properties":{"Fazenda":"FE","Campo":"FE 05.1","produtividade":119.44712519999999,"unidade_produtividade":"sc/ha","pontos_originais":14,"ano":"2026","cultura":"Milho"}},{"type":"Feature","geometry":{"type":"Point","coordinates":[-52.296724096965875,-10.349077007121782]},"properties":{"Fazenda":"FE","Campo":"FE 05.1","produtividade":114.70216464,"unidade_produtividade":"sc/ha","pontos_originais":2,"ano":"2026","cultura":"Milho"}},{"type":"Feature","geometry":{"type":"Point","coordinates":[-52.29916747053868,-10.34920279277184]},"properties":{"Fazenda":"FE","Campo":"FE 05.1","produtividade":172.52305136640004,"unidade_produtividade":"sc/ha","pontos_originais":25,"ano":"2026","cultura":"Milho"}},{"type":"Feature","geometry":{"type":"Point","coordinates":[-52.29939577102508,-10.349201871721961]},"properties":{"Fazenda":"FE","Campo":"FE 05.1","produtividade":175.19282665920002,"unidade_produtividade":"sc/ha","pontos_originais":25,"ano":"2026","cultura":"Milho"}},{"type":"Feature","geometry":{"type":"Point","coordinates":[-52.29893917003083,-10.349203713659984]},"properties":{"Fazenda":"FE","Campo":"FE 05.1","produtividade":175.88543878079992,"unidade_produtividade":"sc/ha","pontos_originais":25,"ano":"2026","cultura":"Milho"}},{"type":"Feature","geometry":{"type":"Point","coordinates":[-52.299852371933596,-10.349200029137016]},"properties":{"Fazenda":"FE","Campo":"FE 05.1","produtividade":178.62126791039998,"unidade_produtividade":"sc/ha","pontos_originais":25,"ano":"2026","cultura":"Milho"}},{"type":"Feature","geometry":{"type":"Point","coordinates":[-52.29962407149005,-10.349200950510353]},"properties":{"Fazenda":"FE","Campo":"FE 05.1","produtividade":178.64061243839998,"unidade_produtividade":"sc/ha","pontos_originais":25,"ano":"2026","cultura":"Milho"}},{"type":"Feature","geometry":{"type":"Point","coordinates":[-52.29619965506771,-10.349237356834891]},"properties":{"Fazenda":"FE","Campo":"FE 05.1","produtividade":120.536351964,"unidade_produtividade":"sc/ha","pontos_originais":20,"ano":"2026","cultura":"Milho"}},{"type":"Feature","geometry":{"type":"Point","coordinates":[-52.29597617524748,-10.349241825513566]},"properties":{"Fazenda":"FE","Campo":"FE 05.1","produtividade":129.04222172210524,"unidade_produtividade":"sc/ha","pontos_originais":19,"ano":"2026","cultura":"Milho"}},{"type":"Feature","geometry":{"type":"Point","coordinates":[-52.29575371171509,-10.349268712417366]},"properties":{"Fazenda":"FE","Campo":"FE 05.1","produtividade":135.05601544615382,"unidade_produtividade":"sc/ha","pontos_originais":13,"ano":"2026","cultura":"Milho"}},{"type":"Feature","geometry":{"type":"Point","coordinates":[-52.29557205970009,-10.349296395960856]},"properties":{"Fazenda":"FE","Campo":"FE 05.1","produtividade":132.03701406,"unidade_produtividade":"sc/ha","pontos_originais":4,"ano":"2026","cultura":"Milho"}},{"type":"Feature","geometry":{"type":"Point","coordinates":[-52.301131692414884,-10.349398312253903]},"properties":{"Fazenda":"FE","Campo":"FE 05.1","produtividade":144.69610554,"unidade_produtividade":"sc/ha","pontos_originais":4,"ano":"2026","cultura":"Milho"}},{"type":"Feature","geometry":{"type":"Point","coordinates":[-52.29984958015923,-10.348521876139587]},"properties":{"Fazenda":"FE","Campo":"FE 05.1","produtividade":179.22837945599997,"unidade_produtividade":"sc/ha","pontos_originais":25,"ano":"2026","cultura":"Milho"}},{"type":"Feature","geometry":{"type":"Point","coordinates":[-52.299621280205685,-10.348522797451274]},"properties":{"Fazenda":"FE","Campo":"FE 05.1","produtividade":176.8340149632,"unidade_produtividade":"sc/ha","pontos_originais":25,"ano":"2026","cultura":"Milho"}},{"type":"Feature","geometry":{"type":"Point","coordinates":[-52.299392980230685,-10.348523718601234]},"properties":{"Fazenda":"FE","Campo":"FE 05.1","produtividade":170.40363500159998,"unidade_produtividade":"sc/ha","pontos_originais":25,"ano":"2026","cultura":"Milho"}},{"type":"Feature","geometry":{"type":"Point","coordinates":[-52.29916468023429,-10.348524639589478]},"properties":{"Fazenda":"FE","Campo":"FE 05.1","produtividade":168.03597303360002,"unidade_produtividade":"sc/ha","pontos_originais":25,"ano":"2026","cultura":"Milho"}},{"type":"Feature","geometry":{"type":"Point","coordinates":[-52.30053447989122,-10.348519111234209]},"properties":{"Fazenda":"FE","Campo":"FE 05.1","produtividade":164.68297392959997,"unidade_produtividade":"sc/ha","pontos_originais":25,"ano":"2026","cultura":"Milho"}},{"type":"Feature","geometry":{"type":"Point","coordinates":[-52.30030618000201,-10.348520033031058]},"properties":{"Fazenda":"FE","Campo":"FE 05.1","produtividade":168.87784314239997,"unidade_produtividade":"sc/ha","pontos_originais":25,"ano":"2026","cultura":"Milho"}},{"type":"Feature","geometry":{"type":"Point","coordinates":[-52.30007788009134,-10.348520954666183]},"properties":{"Fazenda":"FE","Campo":"FE 05.1","produtividade":175.49974572480002,"unidade_produtividade":"sc/ha","pontos_originais":25,"ano":"2026","cultura":"Milho"}},{"type":"Feature","geometry":{"type":"Point","coordinates":[-52.29826241342591,-10.348543348180307]},"properties":{"Fazenda":"FE","Campo":"FE 05.1","produtividade":108.46267056,"unidade_produtividade":"sc/ha","pontos_originais":21,"ano":"2026","cultura":"Milho"}},{"type":"Feature","geometry":{"type":"Point","coordinates":[-52.2984797801165,-10.348527401583874]},"properties":{"Fazenda":"FE","Campo":"FE 05.1","produtividade":121.8043473696,"unidade_produtividade":"sc/ha","pontos_originais":25,"ano":"2026","cultura":"Milho"}},{"type":"Feature","geometry":{"type":"Point","coordinates":[-52.29809958973729,-10.348604285789229]},"properties":{"Fazenda":"FE","Campo":"FE 05.1","produtividade":107.92860624000001,"unidade_produtividade":"sc/ha","pontos_originais":3,"ano":"2026","cultura":"Milho"}},{"type":"Feature","geometry":{"type":"Point","coordinates":[-52.30121937943018,-10.348516344873344]},"properties":{"Fazenda":"FE","Campo":"FE 05.1","produtividade":133.2610913088,"unidade_produtividade":"sc/ha","pontos_originais":25,"ano":"2026","cultura":"Milho"}},{"type":"Feature","geometry":{"type":"Point","coordinates":[-52.30099107960532,-10.348517267155351]},"properties":{"Fazenda":"FE","Campo":"FE 05.1","produtividade":152.38704640319997,"unidade_produtividade":"sc/ha","pontos_originais":25,"ano":"2026","cultura":"Milho"}},{"type":"Feature","geometry":{"type":"Point","coordinates":[-52.298936380216446,-10.348525560415997]},"properties":{"Fazenda":"FE","Campo":"FE 05.1","produtividade":158.15975535359996,"unidade_produtividade":"sc/ha","pontos_originais":25,"ano":"2026","cultura":"Milho"}},{"type":"Feature","geometry":{"type":"Point","coordinates":[-52.298708080177185,-10.348526481080796]},"properties":{"Fazenda":"FE","Campo":"FE 05.1","produtividade":139.18645056959997,"unidade_produtividade":"sc/ha","pontos_originais":25,"ano":"2026","cultura":"Milho"}},{"type":"Feature","geometry":{"type":"Point","coordinates":[-52.30076277975899,-10.348518189275639]},"properties":{"Fazenda":"FE","Campo":"FE 05.1","produtividade":163.2013893216,"unidade_produtividade":"sc/ha","pontos_originais":25,"ano":"2026","cultura":"Milho"}},{"type":"Feature","geometry":{"type":"Point","coordinates":[-52.30053541095124,-10.348745162174923]},"properties":{"Fazenda":"FE","Campo":"FE 05.1","produtividade":161.58179963519996,"unidade_produtividade":"sc/ha","pontos_originais":25,"ano":"2026","cultura":"Milho"}},{"type":"Feature","geometry":{"type":"Point","coordinates":[-52.30030711089867,-10.34874608399233]},"properties":{"Fazenda":"FE","Campo":"FE 05.1","produtividade":162.7550160768,"unidade_produtividade":"sc/ha","pontos_originais":25,"ano":"2026","cultura":"Milho"}},{"type":"Feature","geometry":{"type":"Point","coordinates":[-52.30007881082468,-10.34874700564802]},"properties":{"Fazenda":"FE","Campo":"FE 05.1","produtividade":174.07701904319998,"unidade_produtividade":"sc/ha","pontos_originais":25,"ano":"2026","cultura":"Milho"}},{"type":"Feature","geometry":{"type":"Point","coordinates":[-52.29985051072925,-10.348747927141979]},"properties":{"Fazenda":"FE","Campo":"FE 05.1","produtividade":180.0725072832,"unidade_produtividade":"sc/ha","pontos_originais":25,"ano":"2026","cultura":"Milho"}},{"type":"Feature","geometry":{"type":"Point","coordinates":[-52.30120289895112,-10.348738160299563]},"properties":{"Fazenda":"FE","Campo":"FE 05.1","produtividade":135.63080711999996,"unidade_produtividade":"sc/ha","pontos_originais":21,"ano":"2026","cultura":"Milho"}},{"type":"Feature","geometry":{"type":"Point","coordinates":[-52.30099201099198,-10.348743318054925]},"properties":{"Fazenda":"FE","Campo":"FE 05.1","produtividade":153.9788219424,"unidade_produtividade":"sc/ha","pontos_originais":25,"ano":"2026","cultura":"Milho"}},{"type":"Feature","geometry":{"type":"Point","coordinates":[-52.30076371098233,-10.348744240195785]},"properties":{"Fazenda":"FE","Campo":"FE 05.1","produtividade":166.3727905728,"unidade_produtividade":"sc/ha","pontos_originais":25,"ano":"2026","cultura":"Milho"}},{"type":"Feature","geometry":{"type":"Point","coordinates":[-52.29893731013314,-10.348751611500575]},"properties":{"Fazenda":"FE","Campo":"FE 05.1","produtividade":169.39145684160002,"unidade_produtividade":"sc/ha","pontos_originais":25,"ano":"2026","cultura":"Milho"}},{"type":"Feature","geometry":{"type":"Point","coordinates":[-52.29916561031432,-10.348750690653514]},"properties":{"Fazenda":"FE","Campo":"FE 05.1","produtividade":173.05822074239998,"unidade_produtividade":"sc/ha","pontos_originais":25,"ano":"2026","cultura":"Milho"}},{"type":"Feature","geometry":{"type":"Point","coordinates":[-52.29870900993056,-10.348752532185912]},"properties":{"Fazenda":"FE","Campo":"FE 05.1","produtividade":150.95468102399997,"unidade_produtividade":"sc/ha","pontos_originais":25,"ano":"2026","cultura":"Milho"}},{"type":"Feature","geometry":{"type":"Point","coordinates":[-52.29848070970655,-10.348753452709525]},"properties":{"Fazenda":"FE","Campo":"FE 05.1","produtividade":136.4833489824,"unidade_produtividade":"sc/ha","pontos_originais":25,"ano":"2026","cultura":"Milho"}},{"type":"Feature","geometry":{"type":"Point","coordinates":[-52.29962221061237,-10.348748848474212]},"properties":{"Fazenda":"FE","Campo":"FE 05.1","produtividade":178.29516216959996,"unidade_produtividade":"sc/ha","pontos_originais":25,"ano":"2026","cultura":"Milho"}},{"type":"Feature","geometry":{"type":"Point","coordinates":[-52.299393910474045,-10.348749769644726]},"properties":{"Fazenda":"FE","Campo":"FE 05.1","produtividade":173.58458423040003,"unidade_produtividade":"sc/ha","pontos_originais":25,"ano":"2026","cultura":"Milho"}},{"type":"Feature","geometry":{"type":"Point","coordinates":[-52.29802792968574,-10.348759045456081]},"properties":{"Fazenda":"FE","Campo":"FE 05.1","produtividade":132.18959376000004,"unidade_produtividade":"sc/ha","pontos_originais":24,"ano":"2026","cultura":"Milho"}},{"type":"Feature","geometry":{"type":"Point","coordinates":[-52.298252409461135,-10.34875437307141]},"properties":{"Fazenda":"FE","Campo":"FE 05.1","produtividade":128.24003807999998,"unidade_produtividade":"sc/ha","pontos_originais":25,"ano":"2026","cultura":"Milho"}},{"type":"Feature","geometry":{"type":"Point","coordinates":[-52.297816799980914,-10.348813669979426]},"properties":{"Fazenda":"FE","Campo":"FE 05.1","produtividade":138.86420917090908,"unidade_produtividade":"sc/ha","pontos_originais":11,"ano":"2026","cultura":"Milho"}},{"type":"Feature","geometry":{"type":"Point","coordinates":[-52.3003080418168,-10.348972134950358]},"properties":{"Fazenda":"FE","Campo":"FE 05.1","produtividade":162.52334804159997,"unidade_produtividade":"sc/ha","pontos_originais":25,"ano":"2026","cultura":"Milho"}},{"type":"Feature","geometry":{"type":"Point","coordinates":[-52.300079741579474,-10.348973056626603]},"properties":{"Fazenda":"FE","Campo":"FE 05.1","produtividade":174.2358848832,"unidade_produtividade":"sc/ha","pontos_originais":25,"ano":"2026","cultura":"Milho"}},{"type":"Feature","geometry":{"type":"Point","coordinates":[-52.2998514413207,-10.34897397814112]},"properties":{"Fazenda":"FE","Campo":"FE 05.1","produtividade":179.3552683104,"unidade_produtividade":"sc/ha","pontos_originais":25,"ano":"2026","cultura":"Milho"}},{"type":"Feature","geometry":{"type":"Point","coordinates":[-52.299623141040485,-10.34897489949391]},"properties":{"Fazenda":"FE","Campo":"FE 05.1","produtividade":178.72090205759997,"unidade_produtividade":"sc/ha","pontos_originais":25,"ano":"2026","cultura":"Milho"}},{"type":"Feature","geometry":{"type":"Point","coordinates":[-52.30099294240011,-10.348969368951254]},"properties":{"Fazenda":"FE","Campo":"FE 05.1","produtividade":146.3169058848,"unidade_produtividade":"sc/ha","pontos_originais":25,"ano":"2026","cultura":"Milho"}},{"type":"Feature","geometry":{"type":"Point","coordinates":[-52.30117558252362,-10.348968631109981]},"properties":{"Fazenda":"FE","Campo":"FE 05.1","produtividade":134.191231776,"unidade_produtividade":"sc/ha","pontos_originais":15,"ano":"2026","cultura":"Milho"}},{"type":"Feature","geometry":{"type":"Point","coordinates":[-52.30076464222712,-10.348970291112682]},"properties":{"Fazenda":"FE","Campo":"FE 05.1","produtividade":162.2536798176,"unidade_produtividade":"sc/ha","pontos_originais":25,"ano":"2026","cultura":"Milho"}},{"type":"Feature","geometry":{"type":"Point","coordinates":[-52.30053634203269,-10.348971213112385]},"properties":{"Fazenda":"FE","Campo":"FE 05.1","produtividade":161.1093528576,"unidade_produtividade":"sc/ha","pontos_originais":25,"ano":"2026","cultura":"Milho"}},{"type":"Feature","geometry":{"type":"Point","coordinates":[-52.29893824007129,-10.348977662581904]},"properties":{"Fazenda":"FE","Campo":"FE 05.1","produtividade":177.00792520319996,"unidade_produtividade":"sc/ha","pontos_originais":25,"ano":"2026","cultura":"Milho"}},{"type":"Feature","geometry":{"type":"Point","coordinates":[-52.29870993970535,-10.348978583287781]},"properties":{"Fazenda":"FE","Campo":"FE 05.1","produtividade":167.33616863039998,"unidade_produtividade":"sc/ha","pontos_originais":25,"ano":"2026","cultura":"Milho"}},{"type":"Feature","geometry":{"type":"Point","coordinates":[-52.29848163931801,-10.348979503831924]},"properties":{"Fazenda":"FE","Campo":"FE 05.1","produtividade":153.383966064,"unidade_produtividade":"sc/ha","pontos_originais":25,"ano":"2026","cultura":"Milho"}},{"type":"Feature","geometry":{"type":"Point","coordinates":[-52.298253338909255,-10.348980424214345]},"properties":{"Fazenda":"FE","Campo":"FE 05.1","produtividade":149.633437968,"unidade_produtividade":"sc/ha","pontos_originais":25,"ano":"2026","cultura":"Milho"}},{"type":"Feature","geometry":{"type":"Point","coordinates":[-52.29939484073885,-10.348975820684968]},"properties":{"Fazenda":"FE","Campo":"FE 05.1","produtividade":175.28197538880002,"unidade_produtividade":"sc/ha","pontos_originais":25,"ano":"2026","cultura":"Milho"}},{"type":"Feature","geometry":{"type":"Point","coordinates":[-52.29916654041578,-10.348976741714303]},"properties":{"Fazenda":"FE","Campo":"FE 05.1","produtividade":174.13647088319993,"unidade_produtividade":"sc/ha","pontos_originais":25,"ano":"2026","cultura":"Milho"}},{"type":"Feature","geometry":{"type":"Point","coordinates":[-52.29763637029173,-10.348847277726206]},"properties":{"Fazenda":"FE","Campo":"FE 05.1","produtividade":139.43009304,"unidade_produtividade":"sc/ha","pontos_originais":2,"ano":"2026","cultura":"Milho"}},{"type":"Feature","geometry":{"type":"Point","coordinates":[-52.298025038479075,-10.348981344435034]},"properties":{"Fazenda":"FE","Campo":"FE 05.1","produtividade":153.9292228992,"unidade_produtividade":"sc/ha","pontos_originais":25,"ano":"2026","cultura":"Milho"}},{"type":"Feature","geometry":{"type":"Point","coordinates":[-52.29779673802751,-10.34898226449399]},"properties":{"Fazenda":"FE","Campo":"FE 05.1","produtividade":154.6995548448,"unidade_produtividade":"sc/ha","pontos_originais":25,"ano":"2026","cultura":"Milho"}},{"type":"Feature","geometry":{"type":"Point","coordinates":[-52.297568437554546,-10.348983184391223]},"properties":{"Fazenda":"FE","Campo":"FE 05.1","produtividade":145.6478464895999,"unidade_produtividade":"sc/ha","pontos_originais":25,"ano":"2026","cultura":"Milho"}},{"type":"Feature","geometry":{"type":"Point","coordinates":[-52.29734505093164,-10.349010259118213]},"properties":{"Fazenda":"FE","Campo":"FE 05.1","produtividade":134.76881349473683,"unidade_produtividade":"sc/ha","pontos_originais":19,"ano":"2026","cultura":"Milho"}},{"type":"Feature","geometry":{"type":"Point","coordinates":[-52.30098828557404,-10.34783911443713]},"properties":{"Fazenda":"FE","Campo":"FE 05.1","produtividade":125.18656557119999,"unidade_produtividade":"sc/ha","pontos_originais":25,"ano":"2026","cultura":"Milho"}},{"type":"Feature","geometry":{"type":"Point","coordinates":[-52.300764405720244,-10.34785724186222]},"properties":{"Fazenda":"FE","Campo":"FE 05.1","produtividade":143.16933023999997,"unidade_produtividade":"sc/ha","pontos_originais":21,"ano":"2026","cultura":"Milho"}},{"type":"Feature","geometry":{"type":"Point","coordinates":[-52.30053755724592,-10.347880494263517]},"properties":{"Fazenda":"FE","Campo":"FE 05.1","produtividade":150.63242071500002,"unidade_produtividade":"sc/ha","pontos_originais":16,"ano":"2026","cultura":"Milho"}},{"type":"Feature","geometry":{"type":"Point","coordinates":[-52.30031503511652,-10.34789834678791]},"properties":{"Fazenda":"FE","Campo":"FE 05.1","produtividade":153.08198262,"unidade_produtividade":"sc/ha","pontos_originais":12,"ano":"2026","cultura":"Milho"}},{"type":"Feature","geometry":{"type":"Point","coordinates":[-52.30140993497614,-10.347829432652881]},"properties":{"Fazenda":"FE","Campo":"FE 05.1","produtividade":90.57844389176472,"unidade_produtividade":"sc/ha","pontos_originais":17,"ano":"2026","cultura":"Milho"}},{"type":"Feature","geometry":{"type":"Point","coordinates":[-52.30121658490895,-10.347838192216846]},"properties":{"Fazenda":"FE","Campo":"FE 05.1","produtividade":97.45505824320001,"unidade_produtividade":"sc/ha","pontos_originais":25,"ano":"2026","cultura":"Milho"}},{"type":"Feature","geometry":{"type":"Point","coordinates":[-52.30009497562868,-10.347920225912889]},"properties":{"Fazenda":"FE","Campo":"FE 05.1","produtividade":159.14165039999997,"unidade_produtividade":"sc/ha","pontos_originais":7,"ano":"2026","cultura":"Milho"}},{"type":"Feature","geometry":{"type":"Point","coordinates":[-52.30143405439347,-10.347671540194927]},"properties":{"Fazenda":"FE","Campo":"FE 05.1","produtividade":86.5567752,"unidade_produtividade":"sc/ha","pontos_originais":9,"ano":"2026","cultura":"Milho"}},{"type":"Feature","geometry":{"type":"Point","coordinates":[-52.30123121492445,-10.347694965165687]},"properties":{"Fazenda":"FE","Campo":"FE 05.1","produtividade":95.75872487999999,"unidade_produtividade":"sc/ha","pontos_originais":6,"ano":"2026","cultura":"Milho"}},{"type":"Feature","geometry":{"type":"Point","coordinates":[-52.3010790464883,-10.347703115032806]},"properties":{"Fazenda":"FE","Campo":"FE 05.1","produtividade":109.87105248,"unidade_produtividade":"sc/ha","pontos_originais":1,"ano":"2026","cultura":"Milho"}},{"type":"Feature","geometry":{"type":"Point","coordinates":[-52.30098921689634,-10.348065165346455]},"properties":{"Fazenda":"FE","Campo":"FE 05.1","produtividade":133.051953888,"unidade_produtividade":"sc/ha","pontos_originais":25,"ano":"2026","cultura":"Milho"}},{"type":"Feature","geometry":{"type":"Point","coordinates":[-52.301217516394566,-10.348064243105593]},"properties":{"Fazenda":"FE","Campo":"FE 05.1","produtividade":110.0376047232,"unidade_produtividade":"sc/ha","pontos_originais":25,"ano":"2026","cultura":"Milho"}},{"type":"Feature","geometry":{"type":"Point","coordinates":[-52.30076091737666,-10.348066087425602]},"properties":{"Fazenda":"FE","Campo":"FE 05.1","produtividade":152.37210905280006,"unidade_produtividade":"sc/ha","pontos_originais":25,"ano":"2026","cultura":"Milho"}},{"type":"Feature","geometry":{"type":"Point","coordinates":[-52.300532617835536,-10.348067009343037]},"properties":{"Fazenda":"FE","Campo":"FE 05.1","produtividade":155.55786039360004,"unidade_produtividade":"sc/ha","pontos_originais":25,"ano":"2026","cultura":"Milho"}},{"type":"Feature","geometry":{"type":"Point","coordinates":[-52.30007601868895,-10.348068852692768]},"properties":{"Fazenda":"FE","Campo":"FE 05.1","produtividade":162.59318006399997,"unidade_produtividade":"sc/ha","pontos_originais":25,"ano":"2026","cultura":"Milho"}},{"type":"Feature","geometry":{"type":"Point","coordinates":[-52.29984771908348,-10.34806977412506]},"properties":{"Fazenda":"FE","Campo":"FE 05.1","produtividade":167.8749081408,"unidade_produtividade":"sc/ha","pontos_originais":25,"ano":"2026","cultura":"Milho"}},{"type":"Feature","geometry":{"type":"Point","coordinates":[-52.30138869442183,-10.348052248780272]},"properties":{"Fazenda":"FE","Campo":"FE 05.1","produtividade":128.38804901999998,"unidade_produtividade":"sc/ha","pontos_originais":12,"ano":"2026","cultura":"Milho"}},{"type":"Feature","geometry":{"type":"Point","coordinates":[-52.29962569655495,-10.348083000328616]},"properties":{"Fazenda":"FE","Campo":"FE 05.1","produtividade":160.62880725818178,"unidade_produtividade":"sc/ha","pontos_originais":22,"ano":"2026","cultura":"Milho"}},{"type":"Feature","geometry":{"type":"Point","coordinates":[-52.29939885382093,-10.348101725944133]},"properties":{"Fazenda":"FE","Campo":"FE 05.1","produtividade":151.57253832,"unidade_produtividade":"sc/ha","pontos_originais":18,"ano":"2026","cultura":"Milho"}},{"type":"Feature","geometry":{"type":"Point","coordinates":[-52.300304318272964,-10.348067931098758]},"properties":{"Fazenda":"FE","Campo":"FE 05.1","produtividade":154.48825465919998,"unidade_produtividade":"sc/ha","pontos_originais":25,"ano":"2026","cultura":"Milho"}},{"type":"Feature","geometry":{"type":"Point","coordinates":[-52.29991565063186,-10.347933867114948]},"properties":{"Fazenda":"FE","Campo":"FE 05.1","produtividade":164.7042012,"unidade_produtividade":"sc/ha","pontos_originais":2,"ano":"2026","cultura":"Milho"}},{"type":"Feature","geometry":{"type":"Point","coordinates":[-52.299173571668305,-10.348124660582426]},"properties":{"Fazenda":"FE","Campo":"FE 05.1","produtividade":146.21981976,"unidade_produtividade":"sc/ha","pontos_originais":13,"ano":"2026","cultura":"Milho"}},{"type":"Feature","geometry":{"type":"Point","coordinates":[-52.298951945133346,-10.348146855789418]},"properties":{"Fazenda":"FE","Campo":"FE 05.1","produtividade":137.27187936,"unidade_produtividade":"sc/ha","pontos_originais":8,"ano":"2026","cultura":"Milho"}},{"type":"Feature","geometry":{"type":"Point","coordinates":[-52.29893545032115,-10.348299509328172]},"properties":{"Fazenda":"FE","Campo":"FE 05.1","produtividade":144.94916399039997,"unidade_produtividade":"sc/ha","pontos_originais":25,"ano":"2026","cultura":"Milho"}},{"type":"Feature","geometry":{"type":"Point","coordinates":[-52.29916375017567,-10.348298588522193]},"properties":{"Fazenda":"FE","Campo":"FE 05.1","produtividade":156.4027538976,"unidade_produtividade":"sc/ha","pontos_originais":25,"ano":"2026","cultura":"Milho"}},{"type":"Feature","geometry":{"type":"Point","coordinates":[-52.298707150445246,-10.348300429972431]},"properties":{"Fazenda":"FE","Campo":"FE 05.1","produtividade":124.57114649279998,"unidade_produtividade":"sc/ha","pontos_originais":25,"ano":"2026","cultura":"Milho"}},{"type":"Feature","geometry":{"type":"Point","coordinates":[-52.29849777200971,-10.348330528333065]},"properties":{"Fazenda":"FE","Campo":"FE 05.1","produtividade":105.3460367152941,"unidade_produtividade":"sc/ha","pontos_originais":17,"ano":"2026","cultura":"Milho"}},{"type":"Feature","geometry":{"type":"Point","coordinates":[-52.301218447901626,-10.348290293991091]},"properties":{"Fazenda":"FE","Campo":"FE 05.1","produtividade":130.2833712096,"unidade_produtividade":"sc/ha","pontos_originais":25,"ano":"2026","cultura":"Milho"}},{"type":"Feature","geometry":{"type":"Point","coordinates":[-52.30136297556722,-10.34827463975671]},"properties":{"Fazenda":"FE","Campo":"FE 05.1","produtividade":113.8003524,"unidade_produtividade":"sc/ha","pontos_originais":6,"ano":"2026","cultura":"Milho"}},{"type":"Feature","geometry":{"type":"Point","coordinates":[-52.29962034982041,-10.348296746425078]},"properties":{"Fazenda":"FE","Campo":"FE 05.1","produtividade":169.31723941439998,"unidade_produtividade":"sc/ha","pontos_originais":25,"ano":"2026","cultura":"Milho"}},{"type":"Feature","geometry":{"type":"Point","coordinates":[-52.299848649610624,-10.34829582513395]},"properties":{"Fazenda":"FE","Campo":"FE 05.1","produtividade":175.53262204799998,"unidade_produtividade":"sc/ha","pontos_originais":25,"ano":"2026","cultura":"Milho"}},{"type":"Feature","geometry":{"type":"Point","coordinates":[-52.29939205000876,-10.348297667554494]},"properties":{"Fazenda":"FE","Campo":"FE 05.1","produtividade":161.5490031456,"unidade_produtividade":"sc/ha","pontos_originais":25,"ano":"2026","cultura":"Milho"}},{"type":"Feature","geometry":{"type":"Point","coordinates":[-52.300305249126744,-10.348293982066535]},"properties":{"Fazenda":"FE","Campo":"FE 05.1","produtividade":165.1838880384,"unidade_produtividade":"sc/ha","pontos_originais":25,"ano":"2026","cultura":"Milho"}},{"type":"Feature","geometry":{"type":"Point","coordinates":[-52.300533548852655,-10.348293060290244]},"properties":{"Fazenda":"FE","Campo":"FE 05.1","produtividade":163.72221465599998,"unidade_produtividade":"sc/ha","pontos_originais":25,"ano":"2026","cultura":"Milho"}},{"type":"Feature","geometry":{"type":"Point","coordinates":[-52.30007694937941,-10.3482949036811]},"properties":{"Fazenda":"FE","Campo":"FE 05.1","produtividade":171.25233390719998,"unidade_produtividade":"sc/ha","pontos_originais":25,"ano":"2026","cultura":"Milho"}},{"type":"Feature","geometry":{"type":"Point","coordinates":[-52.30099014824011,-10.348291216252528]},"properties":{"Fazenda":"FE","Campo":"FE 05.1","produtividade":140.88692076479998,"unidade_produtividade":"sc/ha","pontos_originais":25,"ano":"2026","cultura":"Milho"}},{"type":"Feature","geometry":{"type":"Point","coordinates":[-52.300761848557094,-10.348292138352246]},"properties":{"Fazenda":"FE","Campo":"FE 05.1","produtividade":158.65960380479999,"unidade_produtividade":"sc/ha","pontos_originais":25,"ano":"2026","cultura":"Milho"}},{"type":"Feature","geometry":{"type":"Point","coordinates":[-52.298752252573344,-10.348164615196847]},"properties":{"Fazenda":"FE","Campo":"FE 05.1","produtividade":116.04548087999997,"unidade_produtividade":"sc/ha","pontos_originais":3,"ano":"2026","cultura":"Milho"}},{"type":"Feature","geometry":{"type":"Point","coordinates":[-52.29834224238487,-10.348392323130353]},"properties":{"Fazenda":"FE","Campo":"FE 05.1","produtividade":102.94054343999998,"unidade_produtividade":"sc/ha","pontos_originais":1,"ano":"2026","cultura":"Milho"}},{"type":"Feature","geometry":{"type":"Point","coordinates":[-52.30135598666161,-10.348425371085536]},"properties":{"Fazenda":"FE","Campo":"FE 05.1","produtividade":116.11641384,"unidade_produtividade":"sc/ha","pontos_originais":1,"ano":"2026","cultura":"Milho"}},{"type":"Feature","geometry":{"type":"Point","coordinates":[-52.300759614745,-10.350772583612029]},"properties":{"Fazenda":"FE","Campo":"FE 05.1","produtividade":159.65317276363632,"unidade_produtividade":"sc/ha","pontos_originais":22,"ano":"2026","cultura":"Milho"}},{"type":"Feature","geometry":{"type":"Point","coordinates":[-52.30054379145653,-10.350779620495132]},"properties":{"Fazenda":"FE","Campo":"FE 05.1","produtividade":159.88509855360002,"unidade_produtividade":"sc/ha","pontos_originais":25,"ano":"2026","cultura":"Milho"}},{"type":"Feature","geometry":{"type":"Point","coordinates":[-52.30031548993388,-10.350780542497612]},"properties":{"Fazenda":"FE","Campo":"FE 05.1","produtividade":161.06980740479995,"unidade_produtividade":"sc/ha","pontos_originais":25,"ano":"2026","cultura":"Milho"}},{"type":"Feature","geometry":{"type":"Point","coordinates":[-52.300087188389725,-10.350781464338333]},"properties":{"Fazenda":"FE","Campo":"FE 05.1","produtividade":161.30772302399998,"unidade_produtividade":"sc/ha","pontos_originais":25,"ano":"2026","cultura":"Milho"}},{"type":"Feature","geometry":{"type":"Point","coordinates":[-52.29460794490672,-10.350803539988364]},"properties":{"Fazenda":"FE","Campo":"FE 05.1","produtividade":165.93257782080002,"unidade_produtividade":"sc/ha","pontos_originais":25,"ano":"2026","cultura":"Milho"}},{"type":"Feature","geometry":{"type":"Point","coordinates":[-52.29437964282767,-10.350804457785138]},"properties":{"Fazenda":"FE","Campo":"FE 05.1","produtividade":160.5337919136,"unidade_produtividade":"sc/ha","pontos_originais":25,"ano":"2026","cultura":"Milho"}},{"type":"Feature","geometry":{"type":"Point","coordinates":[-52.294151340727275,-10.350805375420155]},"properties":{"Fazenda":"FE","Campo":"FE 05.1","produtividade":152.18669551679997,"unidade_produtividade":"sc/ha","pontos_originais":25,"ano":"2026","cultura":"Milho"}},{"type":"Feature","geometry":{"type":"Point","coordinates":[-52.29397901051416,-10.350846255575128]},"properties":{"Fazenda":"FE","Campo":"FE 05.1","produtividade":143.04553535999997,"unidade_produtividade":"sc/ha","pontos_originais":9,"ano":"2026","cultura":"Milho"}},{"type":"Feature","geometry":{"type":"Point","coordinates":[-52.29917398199884,-10.350785150083647]},"properties":{"Fazenda":"FE","Campo":"FE 05.1","produtividade":166.0676435712,"unidade_produtividade":"sc/ha","pontos_originais":25,"ano":"2026","cultura":"Milho"}},{"type":"Feature","geometry":{"type":"Point","coordinates":[-52.299402283628716,-10.350784228889955]},"properties":{"Fazenda":"FE","Campo":"FE 05.1","produtividade":166.42984075200002,"unidade_produtividade":"sc/ha","pontos_originais":25,"ano":"2026","cultura":"Milho"}},{"type":"Feature","geometry":{"type":"Point","coordinates":[-52.29894568034755,-10.350786071115584]},"properties":{"Fazenda":"FE","Campo":"FE 05.1","produtividade":172.79350583039997,"unidade_produtividade":"sc/ha","pontos_originais":25,"ano":"2026","cultura":"Milho"}},{"type":"Feature","geometry":{"type":"Point","coordinates":[-52.2987173786748,-10.350786991985762]},"properties":{"Fazenda":"FE","Campo":"FE 05.1","produtividade":175.47088950719998,"unidade_produtividade":"sc/ha","pontos_originais":25,"ano":"2026","cultura":"Milho"}},{"type":"Feature","geometry":{"type":"Point","coordinates":[-52.29985888682415,-10.350782386017297]},"properties":{"Fazenda":"FE","Campo":"FE 05.1","produtividade":165.22287344639997,"unidade_produtividade":"sc/ha","pontos_originais":25,"ano":"2026","cultura":"Milho"}},{"type":"Feature","geometry":{"type":"Point","coordinates":[-52.299630585237146,-10.350783307534504]},"properties":{"Fazenda":"FE","Campo":"FE 05.1","produtividade":167.58767712960002,"unidade_produtividade":"sc/ha","pontos_originais":25,"ano":"2026","cultura":"Milho"}},{"type":"Feature","geometry":{"type":"Point","coordinates":[-52.29666266265689,-10.350795272538267]},"properties":{"Fazenda":"FE","Campo":"FE 05.1","produtividade":166.64783486399995,"unidade_produtividade":"sc/ha","pontos_originais":25,"ano":"2026","cultura":"Milho"}},{"type":"Feature","geometry":{"type":"Point","coordinates":[-52.29689096452225,-10.350794353123911]},"properties":{"Fazenda":"FE","Campo":"FE 05.1","produtividade":164.13622202880003,"unidade_produtividade":"sc/ha","pontos_originais":25,"ano":"2026","cultura":"Milho"}},{"type":"Feature","geometry":{"type":"Point","coordinates":[-52.29643436077016,-10.35079619179087]},"properties":{"Fazenda":"FE","Campo":"FE 05.1","produtividade":173.69854185600002,"unidade_produtividade":"sc/ha","pontos_originais":25,"ano":"2026","cultura":"Milho"}},{"type":"Feature","geometry":{"type":"Point","coordinates":[-52.29620605886202,-10.350797110881707]},"properties":{"Fazenda":"FE","Campo":"FE 05.1","produtividade":176.04481507199998,"unidade_produtividade":"sc/ha","pontos_originais":25,"ano":"2026","cultura":"Milho"}},{"type":"Feature","geometry":{"type":"Point","coordinates":[-52.29757586999,-10.350791593910289]},"properties":{"Fazenda":"FE","Campo":"FE 05.1","produtividade":180.3763787616,"unidade_produtividade":"sc/ha","pontos_originais":25,"ano":"2026","cultura":"Milho"}},{"type":"Feature","geometry":{"type":"Point","coordinates":[-52.29734756818879,-10.350792513809923]},"properties":{"Fazenda":"FE","Campo":"FE 05.1","produtividade":172.97593528320002,"unidade_produtividade":"sc/ha","pontos_originais":25,"ano":"2026","cultura":"Milho"}},{"type":"Feature","geometry":{"type":"Point","coordinates":[-52.29711926636621,-10.350793433547796]},"properties":{"Fazenda":"FE","Campo":"FE 05.1","produtividade":163.4738015232,"unidade_produtividade":"sc/ha","pontos_originais":25,"ano":"2026","cultura":"Milho"}},{"type":"Feature","geometry":{"type":"Point","coordinates":[-52.29529285101574,-10.350800785627493]},"properties":{"Fazenda":"FE","Campo":"FE 05.1","produtividade":173.7280458144,"unidade_produtividade":"sc/ha","pontos_originais":25,"ano":"2026","cultura":"Milho"}},{"type":"Feature","geometry":{"type":"Point","coordinates":[-52.29506454900076,-10.350801703909545]},"properties":{"Fazenda":"FE","Campo":"FE 05.1","produtividade":175.1656499712,"unidade_produtividade":"sc/ha","pontos_originais":25,"ano":"2026","cultura":"Milho"}},{"type":"Feature","geometry":{"type":"Point","coordinates":[-52.294836246964415,-10.350802622029832]},"properties":{"Fazenda":"FE","Campo":"FE 05.1","produtividade":171.71259698880004,"unidade_produtividade":"sc/ha","pontos_originais":25,"ano":"2026","cultura":"Milho"}},{"type":"Feature","geometry":{"type":"Point","coordinates":[-52.2959777569325,-10.350798029810797]},"properties":{"Fazenda":"FE","Campo":"FE 05.1","produtividade":170.62157589119994,"unidade_produtividade":"sc/ha","pontos_originais":25,"ano":"2026","cultura":"Milho"}},{"type":"Feature","geometry":{"type":"Point","coordinates":[-52.295749454981625,-10.350798948578117]},"properties":{"Fazenda":"FE","Campo":"FE 05.1","produtividade":169.49881609919998,"unidade_produtividade":"sc/ha","pontos_originais":25,"ano":"2026","cultura":"Milho"}},{"type":"Feature","geometry":{"type":"Point","coordinates":[-52.29552115300936,-10.350799867183685]},"properties":{"Fazenda":"FE","Campo":"FE 05.1","produtividade":171.74968272,"unidade_produtividade":"sc/ha","pontos_originais":25,"ano":"2026","cultura":"Milho"}},{"type":"Feature","geometry":{"type":"Point","coordinates":[-52.29780417176977,-10.350790673848898]},"properties":{"Fazenda":"FE","Campo":"FE 05.1","produtividade":177.9810236064,"unidade_produtividade":"sc/ha","pontos_originais":25,"ano":"2026","cultura":"Milho"}},{"type":"Feature","geometry":{"type":"Point","coordinates":[-52.29848907698068,-10.350787912694182]},"properties":{"Fazenda":"FE","Campo":"FE 05.1","produtividade":176.15853984960003,"unidade_produtividade":"sc/ha","pontos_originais":25,"ano":"2026","cultura":"Milho"}},{"type":"Feature","geometry":{"type":"Point","coordinates":[-52.29826077526511,-10.350788833240845]},"properties":{"Fazenda":"FE","Campo":"FE 05.1","produtividade":174.5495976672,"unidade_produtividade":"sc/ha","pontos_originais":25,"ano":"2026","cultura":"Milho"}},{"type":"Feature","geometry":{"type":"Point","coordinates":[-52.298032473528146,-10.350789753625747]},"properties":{"Fazenda":"FE","Campo":"FE 05.1","produtividade":174.6190154016,"unidade_produtividade":"sc/ha","pontos_originais":25,"ano":"2026","cultura":"Milho"}},{"type":"Feature","geometry":{"type":"Point","coordinates":[-52.30008811933751,-10.351007515287678]},"properties":{"Fazenda":"FE","Campo":"FE 05.1","produtividade":160.52963693759995,"unidade_produtividade":"sc/ha","pontos_originais":25,"ano":"2026","cultura":"Milho"}},{"type":"Feature","geometry":{"type":"Point","coordinates":[-52.299859817608564,-10.351008436987199]},"properties":{"Fazenda":"FE","Campo":"FE 05.1","produtividade":161.88599710079998,"unidade_produtividade":"sc/ha","pontos_originais":25,"ano":"2026","cultura":"Milho"}},{"type":"Feature","geometry":{"type":"Point","coordinates":[-52.3007380747965,-10.350996912005861]},"properties":{"Fazenda":"FE","Campo":"FE 05.1","produtividade":159.1399673788235,"unidade_produtividade":"sc/ha","pontos_originais":17,"ano":"2026","cultura":"Milho"}},{"type":"Feature","geometry":{"type":"Point","coordinates":[-52.30054472273105,-10.351005671403355]},"properties":{"Fazenda":"FE","Campo":"FE 05.1","produtividade":159.62333627520002,"unidade_produtividade":"sc/ha","pontos_originais":25,"ano":"2026","cultura":"Milho"}},{"type":"Feature","geometry":{"type":"Point","coordinates":[-52.30031642104499,-10.351006593426398]},"properties":{"Fazenda":"FE","Campo":"FE 05.1","produtividade":160.90628702399997,"unidade_produtividade":"sc/ha","pontos_originais":25,"ano":"2026","cultura":"Milho"}},{"type":"Feature","geometry":{"type":"Point","coordinates":[-52.2998579560612,-10.350556335044148]},"properties":{"Fazenda":"FE","Campo":"FE 05.1","produtividade":166.80637774079997,"unidade_produtividade":"sc/ha","pontos_originais":25,"ano":"2026","cultura":"Milho"}},{"type":"Feature","geometry":{"type":"Point","coordinates":[-52.300086257463406,-10.350555413385742]},"properties":{"Fazenda":"FE","Campo":"FE 05.1","produtividade":161.97380438399998,"unidade_produtividade":"sc/ha","pontos_originais":25,"ano":"2026","cultura":"Milho"}},{"type":"Feature","geometry":{"type":"Point","coordinates":[-52.29962965463755,-10.350557256540805]},"properties":{"Fazenda":"FE","Campo":"FE 05.1","produtividade":167.31627373439997,"unidade_produtividade":"sc/ha","pontos_originais":25,"ano":"2026","cultura":"Milho"}},{"type":"Feature","geometry":{"type":"Point","coordinates":[-52.29940135319248,-10.350558177875705]},"properties":{"Fazenda":"FE","Campo":"FE 05.1","produtividade":164.26310906879996,"unidade_produtividade":"sc/ha","pontos_originais":25,"ano":"2026","cultura":"Milho"}},{"type":"Feature","geometry":{"type":"Point","coordinates":[-52.30054286020348,-10.35055356958366]},"properties":{"Fazenda":"FE","Campo":"FE 05.1","produtividade":161.24948017919996,"unidade_produtividade":"sc/ha","pontos_originais":25,"ano":"2026","cultura":"Milho"}},{"type":"Feature","geometry":{"type":"Point","coordinates":[-52.30077116154136,-10.350552647439992]},"properties":{"Fazenda":"FE","Campo":"FE 05.1","produtividade":157.52752102079998,"unidade_produtividade":"sc/ha","pontos_originais":25,"ano":"2026","cultura":"Milho"}},{"type":"Feature","geometry":{"type":"Point","coordinates":[-52.300314558844164,-10.350554491565576]},"properties":{"Fazenda":"FE","Campo":"FE 05.1","produtividade":162.09253206719998,"unidade_produtividade":"sc/ha","pontos_originais":25,"ano":"2026","cultura":"Milho"}},{"type":"Feature","geometry":{"type":"Point","coordinates":[-52.298488147197894,-10.350561861597772]},"properties":{"Fazenda":"FE","Campo":"FE 05.1","produtividade":174.54797922240002,"unidade_produtividade":"sc/ha","pontos_originais":25,"ano":"2026","cultura":"Milho"}},{"type":"Feature","geometry":{"type":"Point","coordinates":[-52.29825984564569,-10.350562782123902]},"properties":{"Fazenda":"FE","Campo":"FE 05.1","produtividade":173.95514095680002,"unidade_produtividade":"sc/ha","pontos_originais":25,"ano":"2026","cultura":"Milho"}},{"type":"Feature","geometry":{"type":"Point","coordinates":[-52.29803154407208,-10.350563702488282]},"properties":{"Fazenda":"FE","Campo":"FE 05.1","produtividade":177.4865119104,"unidade_produtividade":"sc/ha","pontos_originais":25,"ano":"2026","cultura":"Milho"}},{"type":"Feature","geometry":{"type":"Point","coordinates":[-52.29780324247707,-10.350564622690905]},"properties":{"Fazenda":"FE","Campo":"FE 05.1","produtividade":179.29593440639994,"unidade_produtividade":"sc/ha","pontos_originais":25,"ano":"2026","cultura":"Milho"}},{"type":"Feature","geometry":{"type":"Point","coordinates":[-52.29917305172596,-10.350559099048853]},"properties":{"Fazenda":"FE","Campo":"FE 05.1","produtividade":161.36594470080001,"unidade_produtividade":"sc/ha","pontos_originais":25,"ano":"2026","cultura":"Milho"}},{"type":"Feature","geometry":{"type":"Point","coordinates":[-52.29894475023802,-10.350560020060245]},"properties":{"Fazenda":"FE","Campo":"FE 05.1","produtividade":169.56128165759998,"unidade_produtividade":"sc/ha","pontos_originais":25,"ano":"2026","cultura":"Milho"}},{"type":"Feature","geometry":{"type":"Point","coordinates":[-52.298716448728655,-10.350560940909887]},"properties":{"Fazenda":"FE","Campo":"FE 05.1","produtividade":174.59655796799998,"unidade_produtividade":"sc/ha","pontos_originais":25,"ano":"2026","cultura":"Milho"}},{"type":"Feature","geometry":{"type":"Point","coordinates":[-52.29620513071287,-10.350571059580153]},"properties":{"Fazenda":"FE","Campo":"FE 05.1","produtividade":178.1295558336,"unidade_produtividade":"sc/ha","pontos_originais":25,"ano":"2026","cultura":"Milho"}},{"type":"Feature","geometry":{"type":"Point","coordinates":[-52.29597682894671,-10.35057197848874]},"properties":{"Fazenda":"FE","Campo":"FE 05.1","produtividade":173.9490639264,"unidade_produtividade":"sc/ha","pontos_originais":25,"ano":"2026","cultura":"Milho"}},{"type":"Feature","geometry":{"type":"Point","coordinates":[-52.29574852715919,-10.350572897235576]},"properties":{"Fazenda":"FE","Campo":"FE 05.1","produtividade":171.22834935360004,"unidade_produtividade":"sc/ha","pontos_originais":25,"ano":"2026","cultura":"Milho"}},{"type":"Feature","geometry":{"type":"Point","coordinates":[-52.295520225350295,-10.350573815820656]},"properties":{"Fazenda":"FE","Campo":"FE 05.1","produtividade":170.3681386848,"unidade_produtividade":"sc/ha","pontos_originais":25,"ano":"2026","cultura":"Milho"}},{"type":"Feature","geometry":{"type":"Point","coordinates":[-52.29689003588301,-10.35056830188386]},"properties":{"Fazenda":"FE","Campo":"FE 05.1","produtividade":165.52489302720002,"unidade_produtividade":"sc/ha","pontos_originais":25,"ano":"2026","cultura":"Milho"}},{"type":"Feature","geometry":{"type":"Point","coordinates":[-52.29666173418101,-10.350569221277711]},"properties":{"Fazenda":"FE","Campo":"FE 05.1","produtividade":173.46277872000007,"unidade_produtividade":"sc/ha","pontos_originais":25,"ano":"2026","cultura":"Milho"}},{"type":"Feature","geometry":{"type":"Point","coordinates":[-52.29643343245763,-10.35057014050981]},"properties":{"Fazenda":"FE","Campo":"FE 05.1","produtividade":179.00606949119995,"unidade_produtividade":"sc/ha","pontos_originais":25,"ano":"2026","cultura":"Milho"}},{"type":"Feature","geometry":{"type":"Point","coordinates":[-52.294607017901114,-10.35057748854342]},"properties":{"Fazenda":"FE","Campo":"FE 05.1","produtividade":161.7609595392,"unidade_produtividade":"sc/ha","pontos_originais":25,"ano":"2026","cultura":"Milho"}},{"type":"Feature","geometry":{"type":"Point","coordinates":[-52.294835319795446,-10.350576570605362]},"properties":{"Fazenda":"FE","Campo":"FE 05.1","produtividade":165.60361137599998,"unidade_produtividade":"sc/ha","pontos_originais":25,"ano":"2026","cultura":"Milho"}},{"type":"Feature","geometry":{"type":"Point","coordinates":[-52.29437871598544,-10.350578406319725]},"properties":{"Fazenda":"FE","Campo":"FE 05.1","produtividade":149.5453325184,"unidade_produtividade":"sc/ha","pontos_originais":25,"ano":"2026","cultura":"Milho"}},{"type":"Feature","geometry":{"type":"Point","coordinates":[-52.30090795603375,-10.350506883906606]},"properties":{"Fazenda":"FE","Campo":"FE 05.1","produtividade":153.92582856,"unidade_produtividade":"sc/ha","pontos_originais":3,"ano":"2026","cultura":"Milho"}},{"type":"Feature","geometry":{"type":"Point","coordinates":[-52.29529192352005,-10.350574734243978]},"properties":{"Fazenda":"FE","Campo":"FE 05.1","produtividade":171.5860256544,"unidade_produtividade":"sc/ha","pontos_originais":25,"ano":"2026","cultura":"Milho"}},{"type":"Feature","geometry":{"type":"Point","coordinates":[-52.29506362166843,-10.35057565250555]},"properties":{"Fazenda":"FE","Campo":"FE 05.1","produtividade":169.9504765056,"unidade_produtividade":"sc/ha","pontos_originais":25,"ano":"2026","cultura":"Milho"}},{"type":"Feature","geometry":{"type":"Point","coordinates":[-52.29419625977484,-10.350624350724631]},"properties":{"Fazenda":"FE","Campo":"FE 05.1","produtividade":141.41043503999998,"unidade_produtividade":"sc/ha","pontos_originais":10,"ano":"2026","cultura":"Milho"}},{"type":"Feature","geometry":{"type":"Point","coordinates":[-52.29711833756362,-10.350567382328254]},"properties":{"Fazenda":"FE","Campo":"FE 05.1","produtividade":163.6408974816,"unidade_produtividade":"sc/ha","pontos_originais":25,"ano":"2026","cultura":"Milho"}},{"type":"Feature","geometry":{"type":"Point","coordinates":[-52.29757494086065,-10.350565542731777]},"properties":{"Fazenda":"FE","Campo":"FE 05.1","produtividade":179.03913148799998,"unidade_produtividade":"sc/ha","pontos_originais":25,"ano":"2026","cultura":"Milho"}},{"type":"Feature","geometry":{"type":"Point","coordinates":[-52.29734663922283,-10.35056646261089]},"properties":{"Fazenda":"FE","Campo":"FE 05.1","produtividade":172.6744678848,"unidade_produtividade":"sc/ha","pontos_originais":25,"ano":"2026","cultura":"Milho"}},{"type":"Feature","geometry":{"type":"Point","coordinates":[-52.300769298772884,-10.350100545648434]},"properties":{"Fazenda":"FE","Campo":"FE 05.1","produtividade":156.6357476544,"unidade_produtividade":"sc/ha","pontos_originais":25,"ano":"2026","cultura":"Milho"}},{"type":"Feature","geometry":{"type":"Point","coordinates":[-52.30094487192777,-10.350089403115824]},"properties":{"Fazenda":"FE","Campo":"FE 05.1","produtividade":149.31743671384618,"unidade_produtividade":"sc/ha","pontos_originais":13,"ano":"2026","cultura":"Milho"}},{"type":"Feature","geometry":{"type":"Point","coordinates":[-52.300540997761715,-10.350101467750969]},"properties":{"Fazenda":"FE","Campo":"FE 05.1","produtividade":165.5245724832,"unidade_produtividade":"sc/ha","pontos_originais":25,"ano":"2026","cultura":"Milho"}},{"type":"Feature","geometry":{"type":"Point","coordinates":[-52.30031269672912,-10.350102389691761]},"properties":{"Fazenda":"FE","Campo":"FE 05.1","produtividade":165.97978004159998,"unidade_produtividade":"sc/ha","pontos_originais":25,"ano":"2026","cultura":"Milho"}},{"type":"Feature","geometry":{"type":"Point","coordinates":[-52.295290068592756,-10.350122631467205]},"properties":{"Fazenda":"FE","Campo":"FE 05.1","produtividade":152.34164406719998,"unidade_produtividade":"sc/ha","pontos_originais":25,"ano":"2026","cultura":"Milho"}},{"type":"Feature","geometry":{"type":"Point","coordinates":[-52.29506176706784,-10.350123549687817]},"properties":{"Fazenda":"FE","Campo":"FE 05.1","produtividade":151.73228387519998,"unidade_produtividade":"sc/ha","pontos_originais":25,"ano":"2026","cultura":"Milho"}},{"type":"Feature","geometry":{"type":"Point","coordinates":[-52.29484388500434,-10.350134701086267]},"properties":{"Fazenda":"FE","Campo":"FE 05.1","produtividade":152.99147258181821,"unidade_produtividade":"sc/ha","pontos_originais":22,"ano":"2026","cultura":"Milho"}},{"type":"Feature","geometry":{"type":"Point","coordinates":[-52.29466629157192,-10.350185421277947]},"properties":{"Fazenda":"FE","Campo":"FE 05.1","produtividade":148.80835116,"unidade_produtividade":"sc/ha","pontos_originais":6,"ano":"2026","cultura":"Milho"}},{"type":"Feature","geometry":{"type":"Point","coordinates":[-52.29939949238429,-10.350106075837454]},"properties":{"Fazenda":"FE","Campo":"FE 05.1","produtividade":166.3978141728,"unidade_produtividade":"sc/ha","pontos_originais":25,"ano":"2026","cultura":"Milho"}},{"type":"Feature","geometry":{"type":"Point","coordinates":[-52.29917119124448,-10.350106996969512]},"properties":{"Fazenda":"FE","Campo":"FE 05.1","produtividade":163.26729135359994,"unidade_produtividade":"sc/ha","pontos_originais":25,"ano":"2026","cultura":"Milho"}},{"type":"Feature","geometry":{"type":"Point","coordinates":[-52.298942890083275,-10.350107917939821]},"properties":{"Fazenda":"FE","Campo":"FE 05.1","produtividade":168.96796862399998,"unidade_produtividade":"sc/ha","pontos_originais":25,"ano":"2026","cultura":"Milho"}},{"type":"Feature","geometry":{"type":"Point","coordinates":[-52.29871458890063,-10.350108838748385]},"properties":{"Fazenda":"FE","Campo":"FE 05.1","produtividade":174.2135568768,"unidade_produtividade":"sc/ha","pontos_originais":25,"ano":"2026","cultura":"Milho"}},{"type":"Feature","geometry":{"type":"Point","coordinates":[-52.300084395675064,-10.3501033114708]},"properties":{"Fazenda":"FE","Campo":"FE 05.1","produtividade":165.86024313600004,"unidade_produtividade":"sc/ha","pontos_originais":25,"ano":"2026","cultura":"Milho"}},{"type":"Feature","geometry":{"type":"Point","coordinates":[-52.29985609459957,-10.3501042330881]},"properties":{"Fazenda":"FE","Campo":"FE 05.1","produtividade":168.7915533024,"unidade_produtividade":"sc/ha","pontos_originais":25,"ano":"2026","cultura":"Milho"}},{"type":"Feature","geometry":{"type":"Point","coordinates":[-52.29962779350265,-10.35010515454365]},"properties":{"Fazenda":"FE","Campo":"FE 05.1","produtividade":168.6247155936,"unidade_produtividade":"sc/ha","pontos_originais":25,"ano":"2026","cultura":"Milho"}},{"type":"Feature","geometry":{"type":"Point","coordinates":[-52.29734478135508,-10.350114360203087]},"properties":{"Fazenda":"FE","Campo":"FE 05.1","produtividade":171.42220650239997,"unidade_produtividade":"sc/ha","pontos_originais":25,"ano":"2026","cultura":"Milho"}},{"type":"Feature","geometry":{"type":"Point","coordinates":[-52.29757308266618,-10.350113440365003]},"properties":{"Fazenda":"FE","Campo":"FE 05.1","produtividade":173.98833177599997,"unidade_produtividade":"sc/ha","pontos_originais":25,"ano":"2026","cultura":"Milho"}},{"type":"Feature","geometry":{"type":"Point","coordinates":[-52.29711648002259,-10.350115279879423]},"properties":{"Fazenda":"FE","Campo":"FE 05.1","produtividade":168.8645835072,"unidade_produtividade":"sc/ha","pontos_originais":25,"ano":"2026","cultura":"Milho"}},{"type":"Feature","geometry":{"type":"Point","coordinates":[-52.29688817866869,-10.35011619939401]},"properties":{"Fazenda":"FE","Campo":"FE 05.1","produtividade":167.64315966719994,"unidade_produtividade":"sc/ha","pontos_originais":25,"ano":"2026","cultura":"Milho"}},{"type":"Feature","geometry":{"type":"Point","coordinates":[-52.29825798647109,-10.350110679880272]},"properties":{"Fazenda":"FE","Campo":"FE 05.1","produtividade":173.78268888959997,"unidade_produtividade":"sc/ha","pontos_originais":25,"ano":"2026","cultura":"Milho"}},{"type":"Feature","geometry":{"type":"Point","coordinates":[-52.2980296852242,-10.350111600203599]},"properties":{"Fazenda":"FE","Campo":"FE 05.1","produtividade":180.64077917759997,"unidade_produtividade":"sc/ha","pontos_originais":25,"ano":"2026","cultura":"Milho"}},{"type":"Feature","geometry":{"type":"Point","coordinates":[-52.29780138395589,-10.350112520365174]},"properties":{"Fazenda":"FE","Campo":"FE 05.1","produtividade":179.53512857279998,"unidade_produtividade":"sc/ha","pontos_originais":25,"ano":"2026","cultura":"Milho"}},{"type":"Feature","geometry":{"type":"Point","coordinates":[-52.29597497303925,-10.350119875834894]},"properties":{"Fazenda":"FE","Campo":"FE 05.1","produtividade":172.77035045759996,"unidade_produtividade":"sc/ha","pontos_originais":25,"ano":"2026","cultura":"Milho"}},{"type":"Feature","geometry":{"type":"Point","coordinates":[-52.29574667157846,-10.350120794540747]},"properties":{"Fazenda":"FE","Campo":"FE 05.1","produtividade":168.28168996800002,"unidade_produtividade":"sc/ha","pontos_originais":25,"ano":"2026","cultura":"Milho"}},{"type":"Feature","geometry":{"type":"Point","coordinates":[-52.29551837009629,-10.35012171308485]},"properties":{"Fazenda":"FE","Campo":"FE 05.1","produtividade":161.58459320640003,"unidade_produtividade":"sc/ha","pontos_originais":25,"ano":"2026","cultura":"Milho"}},{"type":"Feature","geometry":{"type":"Point","coordinates":[-52.296659877293415,-10.350117118746855]},"properties":{"Fazenda":"FE","Campo":"FE 05.1","produtividade":173.08578571200005,"unidade_produtividade":"sc/ha","pontos_originais":25,"ano":"2026","cultura":"Milho"}},{"type":"Feature","geometry":{"type":"Point","coordinates":[-52.29643157589673,-10.350118037937948]},"properties":{"Fazenda":"FE","Campo":"FE 05.1","produtividade":177.0532513344,"unidade_produtividade":"sc/ha","pontos_originais":25,"ano":"2026","cultura":"Milho"}},{"type":"Feature","geometry":{"type":"Point","coordinates":[-52.29620327447869,-10.350118956967295]},"properties":{"Fazenda":"FE","Campo":"FE 05.1","produtividade":175.71322319040002,"unidade_produtividade":"sc/ha","pontos_originais":25,"ano":"2026","cultura":"Milho"}},{"type":"Feature","geometry":{"type":"Point","coordinates":[-52.30077023014639,-10.350326596545838]},"properties":{"Fazenda":"FE","Campo":"FE 05.1","produtividade":157.43101127039995,"unidade_produtividade":"sc/ha","pontos_originais":25,"ano":"2026","cultura":"Milho"}},{"type":"Feature","geometry":{"type":"Point","coordinates":[-52.30092426356414,-10.350309020211077]},"properties":{"Fazenda":"FE","Campo":"FE 05.1","produtividade":153.60961392,"unidade_produtividade":"sc/ha","pontos_originais":8,"ano":"2026","cultura":"Milho"}},{"type":"Feature","geometry":{"type":"Point","coordinates":[-52.29985702531968,-10.350330284067747]},"properties":{"Fazenda":"FE","Campo":"FE 05.1","produtividade":167.13317718719998,"unidade_produtividade":"sc/ha","pontos_originais":25,"ano":"2026","cultura":"Milho"}},{"type":"Feature","geometry":{"type":"Point","coordinates":[-52.30008532655851,-10.350329362429893]},"properties":{"Fazenda":"FE","Campo":"FE 05.1","produtividade":163.3125334176,"unidade_produtividade":"sc/ha","pontos_originais":25,"ano":"2026","cultura":"Milho"}},{"type":"Feature","geometry":{"type":"Point","coordinates":[-52.29962872405938,-10.350331205543851]},"properties":{"Fazenda":"FE","Campo":"FE 05.1","produtividade":165.8688700032,"unidade_produtividade":"sc/ha","pontos_originais":25,"ano":"2026","cultura":"Milho"}},{"type":"Feature","geometry":{"type":"Point","coordinates":[-52.29940042277767,-10.350332126858202]},"properties":{"Fazenda":"FE","Campo":"FE 05.1","produtividade":163.2809356416,"unidade_produtividade":"sc/ha","pontos_originais":25,"ano":"2026","cultura":"Milho"}},{"type":"Feature","geometry":{"type":"Point","coordinates":[-52.30054192897188,-10.35032751866894]},"properties":{"Fazenda":"FE","Campo":"FE 05.1","produtividade":163.1757554784,"unidade_produtividade":"sc/ha","pontos_originais":25,"ano":"2026","cultura":"Milho"}},{"type":"Feature","geometry":{"type":"Point","coordinates":[-52.30031362777592,-10.350328440630294]},"properties":{"Fazenda":"FE","Campo":"FE 05.1","produtividade":163.64246391359995,"unidade_produtividade":"sc/ha","pontos_originais":25,"ano":"2026","cultura":"Milho"}},{"type":"Feature","geometry":{"type":"Point","coordinates":[-52.29848628769656,-10.350109759395204]},"properties":{"Fazenda":"FE","Campo":"FE 05.1","produtividade":172.2686730912,"unidade_produtividade":"sc/ha","pontos_originais":25,"ano":"2026","cultura":"Milho"}},{"type":"Feature","geometry":{"type":"Point","coordinates":[-52.295519297712616,-10.350347764454376]},"properties":{"Fazenda":"FE","Campo":"FE 05.1","produtividade":168.38689250879995,"unidade_produtividade":"sc/ha","pontos_originais":25,"ano":"2026","cultura":"Milho"}},{"type":"Feature","geometry":{"type":"Point","coordinates":[-52.295747599358144,-10.350346845889787]},"properties":{"Fazenda":"FE","Campo":"FE 05.1","produtividade":169.53009756480006,"unidade_produtividade":"sc/ha","pontos_originais":25,"ano":"2026","cultura":"Milho"}},{"type":"Feature","geometry":{"type":"Point","coordinates":[-52.29529099604571,-10.350348682857216]},"properties":{"Fazenda":"FE","Campo":"FE 05.1","produtividade":163.92169100159998,"unidade_produtividade":"sc/ha","pontos_originais":25,"ano":"2026","cultura":"Milho"}},{"type":"Feature","geometry":{"type":"Point","coordinates":[-52.295062694357476,-10.350349601098305]},"properties":{"Fazenda":"FE","Campo":"FE 05.1","produtividade":160.52569666559998,"unidade_produtividade":"sc/ha","pontos_originais":25,"ano":"2026","cultura":"Milho"}},{"type":"Feature","geometry":{"type":"Point","coordinates":[-52.29620420258509,-10.35034500827535]},"properties":{"Fazenda":"FE","Campo":"FE 05.1","produtividade":177.47222411519996,"unidade_produtividade":"sc/ha","pontos_originais":25,"ano":"2026","cultura":"Milho"}},{"type":"Feature","geometry":{"type":"Point","coordinates":[-52.296432504166496,-10.350344089225503]},"properties":{"Fazenda":"FE","Campo":"FE 05.1","produtividade":178.82867923199996,"unidade_produtividade":"sc/ha","pontos_originais":25,"ano":"2026","cultura":"Milho"}},{"type":"Feature","geometry":{"type":"Point","coordinates":[-52.29597590098231,-10.350345927163442]},"properties":{"Fazenda":"FE","Campo":"FE 05.1","produtividade":173.0827901376,"unidade_produtividade":"sc/ha","pontos_originais":25,"ano":"2026","cultura":"Milho"}},{"type":"Feature","geometry":{"type":"Point","coordinates":[-52.29483439264784,-10.350350519177644]},"properties":{"Fazenda":"FE","Campo":"FE 05.1","produtividade":158.14377532800003,"unidade_produtividade":"sc/ha","pontos_originais":25,"ano":"2026","cultura":"Milho"}},{"type":"Feature","geometry":{"type":"Point","coordinates":[-52.29460609091688,-10.350351437095226]},"properties":{"Fazenda":"FE","Campo":"FE 05.1","produtividade":152.94518910719998,"unidade_produtividade":"sc/ha","pontos_originais":25,"ano":"2026","cultura":"Milho"}},{"type":"Feature","geometry":{"type":"Point","coordinates":[-52.29848721743653,-10.350335810498114]},"properties":{"Fazenda":"FE","Campo":"FE 05.1","produtividade":174.7163246976,"unidade_produtividade":"sc/ha","pontos_originais":25,"ano":"2026","cultura":"Milho"}},{"type":"Feature","geometry":{"type":"Point","coordinates":[-52.29825891604768,-10.350336731003713]},"properties":{"Fazenda":"FE","Campo":"FE 05.1","produtividade":175.7472044832,"unidade_produtividade":"sc/ha","pontos_originais":25,"ano":"2026","cultura":"Milho"}},{"type":"Feature","geometry":{"type":"Point","coordinates":[-52.298030614637426,-10.350337651347566]},"properties":{"Fazenda":"FE","Campo":"FE 05.1","produtividade":182.0536439904,"unidade_produtividade":"sc/ha","pontos_originais":25,"ano":"2026","cultura":"Milho"}},{"type":"Feature","geometry":{"type":"Point","coordinates":[-52.297802313205786,-10.350338571529665]},"properties":{"Fazenda":"FE","Campo":"FE 05.1","produtividade":181.4817203136,"unidade_produtividade":"sc/ha","pontos_originais":25,"ano":"2026","cultura":"Milho"}},{"type":"Feature","geometry":{"type":"Point","coordinates":[-52.29917212147452,-10.350333048010805]},"properties":{"Fazenda":"FE","Campo":"FE 05.1","produtividade":163.0005231456,"unidade_produtividade":"sc/ha","pontos_originais":25,"ano":"2026","cultura":"Milho"}},{"type":"Feature","geometry":{"type":"Point","coordinates":[-52.29894382014992,-10.350333969001658]},"properties":{"Fazenda":"FE","Campo":"FE 05.1","produtividade":168.8682062592,"unidade_produtividade":"sc/ha","pontos_originais":25,"ano":"2026","cultura":"Milho"}},{"type":"Feature","geometry":{"type":"Point","coordinates":[-52.29871551880394,-10.35033488983076]},"properties":{"Fazenda":"FE","Campo":"FE 05.1","produtividade":175.25101265279994,"unidade_produtividade":"sc/ha","pontos_originais":25,"ano":"2026","cultura":"Milho"}},{"type":"Feature","geometry":{"type":"Point","coordinates":[-52.297117408782405,-10.350341331105465]},"properties":{"Fazenda":"FE","Campo":"FE 05.1","produtividade":167.8835186784,"unidade_produtividade":"sc/ha","pontos_originais":25,"ano":"2026","cultura":"Milho"}},{"type":"Feature","geometry":{"type":"Point","coordinates":[-52.29688910726516,-10.35034225064056]},"properties":{"Fazenda":"FE","Campo":"FE 05.1","produtividade":167.9109064416,"unidade_produtividade":"sc/ha","pontos_originais":25,"ano":"2026","cultura":"Milho"}},{"type":"Feature","geometry":{"type":"Point","coordinates":[-52.29666080572652,-10.350343170013911]},"properties":{"Fazenda":"FE","Campo":"FE 05.1","produtividade":175.915853568,"unidade_produtividade":"sc/ha","pontos_originais":25,"ano":"2026","cultura":"Milho"}},{"type":"Feature","geometry":{"type":"Point","coordinates":[-52.29757401175272,-10.350339491550017]},"properties":{"Fazenda":"FE","Campo":"FE 05.1","produtividade":177.61868550719996,"unidade_produtividade":"sc/ha","pontos_originais":25,"ano":"2026","cultura":"Milho"}},{"type":"Feature","geometry":{"type":"Point","coordinates":[-52.29734571027826,-10.350340411408613]},"properties":{"Fazenda":"FE","Campo":"FE 05.1","produtividade":172.68761865599998,"unidade_produtividade":"sc/ha","pontos_originais":25,"ano":"2026","cultura":"Milho"}},{"type":"Feature","geometry":{"type":"Point","coordinates":[-52.294423634882456,-10.350397381609717]},"properties":{"Fazenda":"FE","Campo":"FE 05.1","produtividade":142.73353936799998,"unidade_produtividade":"sc/ha","pontos_originais":10,"ano":"2026","cultura":"Milho"}},{"type":"Feature","geometry":{"type":"Point","coordinates":[-52.29487819869556,-10.349898232722033]},"properties":{"Fazenda":"FE","Campo":"FE 05.1","produtividade":146.255720688,"unidade_produtividade":"sc/ha","pontos_originais":15,"ano":"2026","cultura":"Milho"}}]}