{"type":"FeatureCollection","features":[{"type":"Feature","geometry":{"type":"Point","coordinates":[-52.212472204042506,-10.296864419299226]},"properties":{"Fazenda":"FE","Campo":"FE 19","produtividade":117.32805899999997,"unidade_produtividade":"sc/ha","pontos_originais":14,"ano":"2026","cultura":"Milho"}},{"type":"Feature","geometry":{"type":"Point","coordinates":[-52.22835648786342,-10.29679805955045]},"properties":{"Fazenda":"FE","Campo":"FE 19","produtividade":118.06959266666665,"unidade_produtividade":"sc/ha","pontos_originais":15,"ano":"2026","cultura":"Milho"}},{"type":"Feature","geometry":{"type":"Point","coordinates":[-52.212651534657496,-10.296857288445867]},"properties":{"Fazenda":"FE","Campo":"FE 19","produtividade":123.2556248,"unidade_produtividade":"sc/ha","pontos_originais":25,"ano":"2026","cultura":"Milho"}},{"type":"Feature","geometry":{"type":"Point","coordinates":[-52.22817387267628,-10.296798752631176]},"properties":{"Fazenda":"FE","Campo":"FE 19","produtividade":127.80782784000002,"unidade_produtividade":"sc/ha","pontos_originais":25,"ano":"2026","cultura":"Milho"}},{"type":"Feature","geometry":{"type":"Point","coordinates":[-52.22794560367479,-10.296799618842623]},"properties":{"Fazenda":"FE","Campo":"FE 19","produtividade":143.08422968,"unidade_produtividade":"sc/ha","pontos_originais":25,"ano":"2026","cultura":"Milho"}},{"type":"Feature","geometry":{"type":"Point","coordinates":[-52.21310807533599,-10.296855577424731]},"properties":{"Fazenda":"FE","Campo":"FE 19","produtividade":150.92169847999995,"unidade_produtividade":"sc/ha","pontos_originais":25,"ano":"2026","cultura":"Milho"}},{"type":"Feature","geometry":{"type":"Point","coordinates":[-52.21333634564521,-10.296854721672782]},"properties":{"Fazenda":"FE","Campo":"FE 19","produtividade":158.39830328000002,"unidade_produtividade":"sc/ha","pontos_originais":25,"ano":"2026","cultura":"Milho"}},{"type":"Feature","geometry":{"type":"Point","coordinates":[-52.21287980500674,-10.296856433015757]},"properties":{"Fazenda":"FE","Campo":"FE 19","produtividade":137.06438928,"unidade_produtividade":"sc/ha","pontos_originais":25,"ano":"2026","cultura":"Milho"}},{"type":"Feature","geometry":{"type":"Point","coordinates":[-52.227032527466484,-10.296803082079288]},"properties":{"Fazenda":"FE","Campo":"FE 19","produtividade":158.83504000000002,"unidade_produtividade":"sc/ha","pontos_originais":25,"ano":"2026","cultura":"Milho"}},{"type":"Feature","geometry":{"type":"Point","coordinates":[-52.22680425836383,-10.296803947486165]},"properties":{"Fazenda":"FE","Campo":"FE 19","produtividade":158.62842687999998,"unidade_produtividade":"sc/ha","pontos_originais":25,"ano":"2026","cultura":"Milho"}},{"type":"Feature","geometry":{"type":"Point","coordinates":[-52.22657598924097,-10.296804812732134]},"properties":{"Fazenda":"FE","Campo":"FE 19","produtividade":155.85793327999997,"unidade_produtividade":"sc/ha","pontos_originais":25,"ano":"2026","cultura":"Milho"}},{"type":"Feature","geometry":{"type":"Point","coordinates":[-52.226347720097884,-10.296805677817188]},"properties":{"Fazenda":"FE","Campo":"FE 19","produtividade":156.78520424,"unidade_produtividade":"sc/ha","pontos_originais":25,"ano":"2026","cultura":"Milho"}},{"type":"Feature","geometry":{"type":"Point","coordinates":[-52.22771733465307,-10.296800484893158]},"properties":{"Fazenda":"FE","Campo":"FE 19","produtividade":152.60620368,"unidade_produtividade":"sc/ha","pontos_originais":25,"ano":"2026","cultura":"Milho"}},{"type":"Feature","geometry":{"type":"Point","coordinates":[-52.22748906561111,-10.296801350782783]},"properties":{"Fazenda":"FE","Campo":"FE 19","produtividade":154.87158232,"unidade_produtividade":"sc/ha","pontos_originais":25,"ano":"2026","cultura":"Milho"}},{"type":"Feature","geometry":{"type":"Point","coordinates":[-52.227260796548904,-10.296802216511491]},"properties":{"Fazenda":"FE","Campo":"FE 19","produtividade":158.40556479999998,"unidade_produtividade":"sc/ha","pontos_originais":25,"ano":"2026","cultura":"Milho"}},{"type":"Feature","geometry":{"type":"Point","coordinates":[-52.21539077752806,-10.296847012663989]},"properties":{"Fazenda":"FE","Campo":"FE 19","produtividade":163.1568036,"unidade_produtividade":"sc/ha","pontos_originais":25,"ano":"2026","cultura":"Milho"}},{"type":"Feature","geometry":{"type":"Point","coordinates":[-52.21516250739894,-10.296847869864193]},"properties":{"Fazenda":"FE","Campo":"FE 19","produtividade":164.2442172,"unidade_produtividade":"sc/ha","pontos_originais":25,"ano":"2026","cultura":"Milho"}},{"type":"Feature","geometry":{"type":"Point","coordinates":[-52.21493423724977,-10.296848726903475]},"properties":{"Fazenda":"FE","Campo":"FE 19","produtividade":164.50627816,"unidade_produtividade":"sc/ha","pontos_originais":25,"ano":"2026","cultura":"Milho"}},{"type":"Feature","geometry":{"type":"Point","coordinates":[-52.21470596708059,-10.29684958378184]},"properties":{"Fazenda":"FE","Campo":"FE 19","produtividade":164.70029632,"unidade_produtividade":"sc/ha","pontos_originais":25,"ano":"2026","cultura":"Milho"}},{"type":"Feature","geometry":{"type":"Point","coordinates":[-52.2160755877952,-10.29684444009788]},"properties":{"Fazenda":"FE","Campo":"FE 19","produtividade":161.54502895999997,"unidade_produtividade":"sc/ha","pontos_originais":25,"ano":"2026","cultura":"Milho"}},{"type":"Feature","geometry":{"type":"Point","coordinates":[-52.21630385784416,-10.296843582254015]},"properties":{"Fazenda":"FE","Campo":"FE 19","produtividade":157.79843743999996,"unidade_produtividade":"sc/ha","pontos_originais":25,"ano":"2026","cultura":"Milho"}},{"type":"Feature","geometry":{"type":"Point","coordinates":[-52.215847317726194,-10.296845297780838]},"properties":{"Fazenda":"FE","Campo":"FE 19","produtividade":163.17950376,"unidade_produtividade":"sc/ha","pontos_originais":25,"ano":"2026","cultura":"Milho"}},{"type":"Feature","geometry":{"type":"Point","coordinates":[-52.21561904763713,-10.296846155302871]},"properties":{"Fazenda":"FE","Campo":"FE 19","produtividade":162.85012576,"unidade_produtividade":"sc/ha","pontos_originais":25,"ano":"2026","cultura":"Milho"}},{"type":"Feature","geometry":{"type":"Point","coordinates":[-52.214021156452944,-10.29685215345144]},"properties":{"Fazenda":"FE","Campo":"FE 19","produtividade":163.11776096000003,"unidade_produtividade":"sc/ha","pontos_originais":25,"ano":"2026","cultura":"Milho"}},{"type":"Feature","geometry":{"type":"Point","coordinates":[-52.21379288620372,-10.296853009686142]},"properties":{"Fazenda":"FE","Campo":"FE 19","produtividade":161.64504552,"unidade_produtividade":"sc/ha","pontos_originais":25,"ano":"2026","cultura":"Milho"}},{"type":"Feature","geometry":{"type":"Point","coordinates":[-52.21356461593447,-10.29685386575992]},"properties":{"Fazenda":"FE","Campo":"FE 19","produtividade":161.43654296,"unidade_produtividade":"sc/ha","pontos_originais":25,"ano":"2026","cultura":"Milho"}},{"type":"Feature","geometry":{"type":"Point","coordinates":[-52.21447769689141,-10.296850440499295]},"properties":{"Fazenda":"FE","Campo":"FE 19","produtividade":164.06384512,"unidade_produtividade":"sc/ha","pontos_originais":25,"ano":"2026","cultura":"Milho"}},{"type":"Feature","geometry":{"type":"Point","coordinates":[-52.21424942668217,-10.296851297055825]},"properties":{"Fazenda":"FE","Campo":"FE 19","produtividade":164.16685991999998,"unidade_produtividade":"sc/ha","pontos_originais":25,"ano":"2026","cultura":"Milho"}},{"type":"Feature","geometry":{"type":"Point","coordinates":[-52.22269541106202,-10.296819497293741]},"properties":{"Fazenda":"FE","Campo":"FE 19","produtividade":90.36474552,"unidade_produtividade":"sc/ha","pontos_originais":25,"ano":"2026","cultura":"Milho"}},{"type":"Feature","geometry":{"type":"Point","coordinates":[-52.22246714157582,-10.296820359643254]},"properties":{"Fazenda":"FE","Campo":"FE 19","produtividade":75.17322064,"unidade_produtividade":"sc/ha","pontos_originais":25,"ano":"2026","cultura":"Milho"}},{"type":"Feature","geometry":{"type":"Point","coordinates":[-52.222238872069475,-10.296821221831852]},"properties":{"Fazenda":"FE","Campo":"FE 19","produtividade":71.33595448,"unidade_produtividade":"sc/ha","pontos_originais":25,"ano":"2026","cultura":"Milho"}},{"type":"Feature","geometry":{"type":"Point","coordinates":[-52.22201060254299,-10.296822083859531]},"properties":{"Fazenda":"FE","Campo":"FE 19","produtividade":77.31076472,"unidade_produtividade":"sc/ha","pontos_originais":25,"ano":"2026","cultura":"Milho"}},{"type":"Feature","geometry":{"type":"Point","coordinates":[-52.223380219399694,-10.29681690927972]},"properties":{"Fazenda":"FE","Campo":"FE 19","produtividade":123.43654120000001,"unidade_produtividade":"sc/ha","pontos_originais":25,"ano":"2026","cultura":"Milho"}},{"type":"Feature","geometry":{"type":"Point","coordinates":[-52.223151949973975,-10.296817772111977]},"properties":{"Fazenda":"FE","Campo":"FE 19","produtividade":113.47369823999998,"unidade_produtividade":"sc/ha","pontos_originais":25,"ano":"2026","cultura":"Milho"}},{"type":"Feature","geometry":{"type":"Point","coordinates":[-52.22292368052806,-10.296818634783312]},"properties":{"Fazenda":"FE","Campo":"FE 19","produtividade":103.52890800000002,"unidade_produtividade":"sc/ha","pontos_originais":25,"ano":"2026","cultura":"Milho"}},{"type":"Feature","geometry":{"type":"Point","coordinates":[-52.2210975242356,-10.296825530361106]},"properties":{"Fazenda":"FE","Campo":"FE 19","produtividade":123.10467399999997,"unidade_produtividade":"sc/ha","pontos_originais":25,"ano":"2026","cultura":"Milho"}},{"type":"Feature","geometry":{"type":"Point","coordinates":[-52.22132579384263,-10.296824668977086]},"properties":{"Fazenda":"FE","Campo":"FE 19","produtividade":106.00945264000002,"unidade_produtividade":"sc/ha","pontos_originais":25,"ano":"2026","cultura":"Milho"}},{"type":"Feature","geometry":{"type":"Point","coordinates":[-52.22086925460843,-10.296826391584213]},"properties":{"Fazenda":"FE","Campo":"FE 19","produtividade":143.13897192000002,"unidade_produtividade":"sc/ha","pontos_originais":25,"ano":"2026","cultura":"Milho"}},{"type":"Feature","geometry":{"type":"Point","coordinates":[-52.22064098496113,-10.296827252646404]},"properties":{"Fazenda":"FE","Campo":"FE 19","produtividade":152.75651664,"unidade_produtividade":"sc/ha","pontos_originais":25,"ano":"2026","cultura":"Milho"}},{"type":"Feature","geometry":{"type":"Point","coordinates":[-52.221782332996334,-10.296822945726296]},"properties":{"Fazenda":"FE","Campo":"FE 19","produtividade":85.9754476,"unidade_produtividade":"sc/ha","pontos_originais":25,"ano":"2026","cultura":"Milho"}},{"type":"Feature","geometry":{"type":"Point","coordinates":[-52.22155406342955,-10.29682380743215]},"properties":{"Fazenda":"FE","Campo":"FE 19","produtividade":91.225162,"unidade_produtividade":"sc/ha","pontos_originais":25,"ano":"2026","cultura":"Milho"}},{"type":"Feature","geometry":{"type":"Point","coordinates":[-52.22543464332343,-10.296809136548267]},"properties":{"Fazenda":"FE","Campo":"FE 19","produtividade":151.16387104,"unidade_produtividade":"sc/ha","pontos_originais":25,"ano":"2026","cultura":"Milho"}},{"type":"Feature","geometry":{"type":"Point","coordinates":[-52.22566291254736,-10.296808272106869]},"properties":{"Fazenda":"FE","Campo":"FE 19","produtividade":151.82484184,"unidade_produtividade":"sc/ha","pontos_originais":25,"ano":"2026","cultura":"Milho"}},{"type":"Feature","geometry":{"type":"Point","coordinates":[-52.22520637407931,-10.296810000828753]},"properties":{"Fazenda":"FE","Campo":"FE 19","produtividade":151.33910176000003,"unidade_produtividade":"sc/ha","pontos_originais":25,"ano":"2026","cultura":"Milho"}},{"type":"Feature","geometry":{"type":"Point","coordinates":[-52.22497810481501,-10.296810864948322]},"properties":{"Fazenda":"FE","Campo":"FE 19","produtividade":149.02336568000004,"unidade_produtividade":"sc/ha","pontos_originais":25,"ano":"2026","cultura":"Milho"}},{"type":"Feature","geometry":{"type":"Point","coordinates":[-52.22611945093457,-10.29680654274133]},"properties":{"Fazenda":"FE","Campo":"FE 19","produtividade":156.42800432,"unidade_produtividade":"sc/ha","pontos_originais":25,"ano":"2026","cultura":"Milho"}},{"type":"Feature","geometry":{"type":"Point","coordinates":[-52.225891181751074,-10.296807407504554]},"properties":{"Fazenda":"FE","Campo":"FE 19","produtividade":154.36848,"unidade_produtividade":"sc/ha","pontos_originais":25,"ano":"2026","cultura":"Milho"}},{"type":"Feature","geometry":{"type":"Point","coordinates":[-52.22406502755591,-10.29681431981746]},"properties":{"Fazenda":"FE","Campo":"FE 19","produtividade":149.76950352000003,"unidade_produtividade":"sc/ha","pontos_originais":25,"ano":"2026","cultura":"Milho"}},{"type":"Feature","geometry":{"type":"Point","coordinates":[-52.22383675819066,-10.296815183132464]},"properties":{"Fazenda":"FE","Campo":"FE 19","produtividade":144.63632624,"unidade_produtividade":"sc/ha","pontos_originais":25,"ano":"2026","cultura":"Milho"}},{"type":"Feature","geometry":{"type":"Point","coordinates":[-52.22360848880527,-10.29681604628655]},"properties":{"Fazenda":"FE","Campo":"FE 19","produtividade":137.20550368,"unidade_produtividade":"sc/ha","pontos_originais":25,"ano":"2026","cultura":"Milho"}},{"type":"Feature","geometry":{"type":"Point","coordinates":[-52.2247498355305,-10.296811728906981]},"properties":{"Fazenda":"FE","Campo":"FE 19","produtividade":150.60100943999998,"unidade_produtividade":"sc/ha","pontos_originais":25,"ano":"2026","cultura":"Milho"}},{"type":"Feature","geometry":{"type":"Point","coordinates":[-52.22452156622581,-10.296812592704724]},"properties":{"Fazenda":"FE","Campo":"FE 19","produtividade":152.8577372,"unidade_produtividade":"sc/ha","pontos_originais":25,"ano":"2026","cultura":"Milho"}},{"type":"Feature","geometry":{"type":"Point","coordinates":[-52.22429329690094,-10.29681345634155]},"properties":{"Fazenda":"FE","Campo":"FE 19","produtividade":151.25819912,"unidade_produtividade":"sc/ha","pontos_originais":25,"ano":"2026","cultura":"Milho"}},{"type":"Feature","geometry":{"type":"Point","coordinates":[-52.21972790617081,-10.29683069528601]},"properties":{"Fazenda":"FE","Campo":"FE 19","produtividade":142.43706624,"unidade_produtividade":"sc/ha","pontos_originais":25,"ano":"2026","cultura":"Milho"}},{"type":"Feature","geometry":{"type":"Point","coordinates":[-52.21949963642296,-10.296831555543625]},"properties":{"Fazenda":"FE","Campo":"FE 19","produtividade":137.68365856,"unidade_produtividade":"sc/ha","pontos_originais":25,"ano":"2026","cultura":"Milho"}},{"type":"Feature","geometry":{"type":"Point","coordinates":[-52.21927136665499,-10.296832415640319]},"properties":{"Fazenda":"FE","Campo":"FE 19","produtividade":123.41653296,"unidade_produtividade":"sc/ha","pontos_originais":25,"ano":"2026","cultura":"Milho"}},{"type":"Feature","geometry":{"type":"Point","coordinates":[-52.21904309686696,-10.296833275576102]},"properties":{"Fazenda":"FE","Campo":"FE 19","produtividade":102.27074703999999,"unidade_produtividade":"sc/ha","pontos_originais":25,"ano":"2026","cultura":"Milho"}},{"type":"Feature","geometry":{"type":"Point","coordinates":[-52.22041271529371,-10.29682811354768]},"properties":{"Fazenda":"FE","Campo":"FE 19","produtividade":154.62927255999995,"unidade_produtividade":"sc/ha","pontos_originais":25,"ano":"2026","cultura":"Milho"}},{"type":"Feature","geometry":{"type":"Point","coordinates":[-52.2201844456062,-10.296828974288035]},"properties":{"Fazenda":"FE","Campo":"FE 19","produtividade":148.31083176,"unidade_produtividade":"sc/ha","pontos_originais":25,"ano":"2026","cultura":"Milho"}},{"type":"Feature","geometry":{"type":"Point","coordinates":[-52.219956175898545,-10.296829834867482]},"properties":{"Fazenda":"FE","Campo":"FE 19","produtividade":145.5890268,"unidade_produtividade":"sc/ha","pontos_originais":25,"ano":"2026","cultura":"Milho"}},{"type":"Feature","geometry":{"type":"Point","coordinates":[-52.21698866787076,-10.296841007756907]},"properties":{"Fazenda":"FE","Campo":"FE 19","produtividade":123.94798808000002,"unidade_produtividade":"sc/ha","pontos_originais":25,"ano":"2026","cultura":"Milho"}},{"type":"Feature","geometry":{"type":"Point","coordinates":[-52.216760397881934,-10.296841866083525]},"properties":{"Fazenda":"FE","Campo":"FE 19","produtividade":137.89517895999998,"unidade_produtividade":"sc/ha","pontos_originais":25,"ano":"2026","cultura":"Milho"}},{"type":"Feature","geometry":{"type":"Point","coordinates":[-52.21653212787308,-10.296842724249231]},"properties":{"Fazenda":"FE","Campo":"FE 19","produtividade":150.2305448,"unidade_produtividade":"sc/ha","pontos_originais":25,"ano":"2026","cultura":"Milho"}},{"type":"Feature","geometry":{"type":"Point","coordinates":[-52.21887193791849,-10.29684522336702]},"properties":{"Fazenda":"FE","Campo":"FE 19","produtividade":92.72402066666668,"unidade_produtividade":"sc/ha","pontos_originais":12,"ano":"2026","cultura":"Milho"}},{"type":"Feature","geometry":{"type":"Point","coordinates":[-52.21742591203215,-10.296820326395498]},"properties":{"Fazenda":"FE","Campo":"FE 19","produtividade":88.48816568421053,"unidade_produtividade":"sc/ha","pontos_originais":19,"ano":"2026","cultura":"Milho"}},{"type":"Feature","geometry":{"type":"Point","coordinates":[-52.2175970986645,-10.296763365137839]},"properties":{"Fazenda":"FE","Campo":"FE 19","produtividade":73.48999466666666,"unidade_produtividade":"sc/ha","pontos_originais":3,"ano":"2026","cultura":"Milho"}},{"type":"Feature","geometry":{"type":"Point","coordinates":[-52.21721693783953,-10.29684014926937]},"properties":{"Fazenda":"FE","Campo":"FE 19","produtividade":106.10889912,"unidade_produtividade":"sc/ha","pontos_originais":25,"ano":"2026","cultura":"Milho"}},{"type":"Feature","geometry":{"type":"Point","coordinates":[-52.21470510191254,-10.2966235246353]},"properties":{"Fazenda":"FE","Campo":"FE 19","produtividade":161.22933288000002,"unidade_produtividade":"sc/ha","pontos_originais":25,"ano":"2026","cultura":"Milho"}},{"type":"Feature","geometry":{"type":"Point","coordinates":[-52.21493337191923,-10.29662266777614]},"properties":{"Fazenda":"FE","Campo":"FE 19","produtividade":160.97671744,"unidade_produtividade":"sc/ha","pontos_originais":25,"ano":"2026","cultura":"Milho"}},{"type":"Feature","geometry":{"type":"Point","coordinates":[-52.21447683188584,-10.296624381333547]},"properties":{"Fazenda":"FE","Campo":"FE 19","produtividade":164.54080216000003,"unidade_produtividade":"sc/ha","pontos_originais":25,"ano":"2026","cultura":"Milho"}},{"type":"Feature","geometry":{"type":"Point","coordinates":[-52.21424856183913,-10.296625237870881]},"properties":{"Fazenda":"FE","Campo":"FE 19","produtividade":164.53283728000002,"unidade_produtividade":"sc/ha","pontos_originais":25,"ano":"2026","cultura":"Milho"}},{"type":"Feature","geometry":{"type":"Point","coordinates":[-52.21538991187254,-10.29662095357508]},"properties":{"Fazenda":"FE","Campo":"FE 19","produtividade":159.11096264,"unidade_produtividade":"sc/ha","pontos_originais":25,"ano":"2026","cultura":"Milho"}},{"type":"Feature","geometry":{"type":"Point","coordinates":[-52.21561818181914,-10.296620096233182]},"properties":{"Fazenda":"FE","Campo":"FE 19","produtividade":159.47152928,"unidade_produtividade":"sc/ha","pontos_originais":25,"ano":"2026","cultura":"Milho"}},{"type":"Feature","geometry":{"type":"Point","coordinates":[-52.21516164190591,-10.296621810756069]},"properties":{"Fazenda":"FE","Campo":"FE 19","produtividade":159.15076968000002,"unidade_produtividade":"sc/ha","pontos_originais":25,"ano":"2026","cultura":"Milho"}},{"type":"Feature","geometry":{"type":"Point","coordinates":[-52.213335481452106,-10.296628662411074]},"properties":{"Fazenda":"FE","Campo":"FE 19","produtividade":157.15078008,"unidade_produtividade":"sc/ha","pontos_originais":25,"ano":"2026","cultura":"Milho"}},{"type":"Feature","geometry":{"type":"Point","coordinates":[-52.21310721130534,-10.296629518143838]},"properties":{"Fazenda":"FE","Campo":"FE 19","produtividade":149.03618071999998,"unidade_produtividade":"sc/ha","pontos_originais":25,"ano":"2026","cultura":"Milho"}},{"type":"Feature","geometry":{"type":"Point","coordinates":[-52.21287894113859,-10.296630373715688]},"properties":{"Fazenda":"FE","Campo":"FE 19","produtividade":133.47067776,"unidade_produtividade":"sc/ha","pontos_originais":25,"ano":"2026","cultura":"Milho"}},{"type":"Feature","geometry":{"type":"Point","coordinates":[-52.212650670951845,-10.296631229126625]},"properties":{"Fazenda":"FE","Campo":"FE 19","produtividade":121.36743808000001,"unidade_produtividade":"sc/ha","pontos_originais":25,"ano":"2026","cultura":"Milho"}},{"type":"Feature","geometry":{"type":"Point","coordinates":[-52.214020291772364,-10.296626094247301]},"properties":{"Fazenda":"FE","Campo":"FE 19","produtividade":162.84994319999998,"unidade_produtividade":"sc/ha","pontos_originais":25,"ano":"2026","cultura":"Milho"}},{"type":"Feature","geometry":{"type":"Point","coordinates":[-52.21379202168562,-10.296626950462805]},"properties":{"Fazenda":"FE","Campo":"FE 19","produtividade":162.04918016,"unidade_produtividade":"sc/ha","pontos_originais":25,"ano":"2026","cultura":"Milho"}},{"type":"Feature","geometry":{"type":"Point","coordinates":[-52.21356375157886,-10.296627806517394]},"properties":{"Fazenda":"FE","Campo":"FE 19","produtividade":161.39102447999997,"unidade_produtividade":"sc/ha","pontos_originais":25,"ano":"2026","cultura":"Milho"}},{"type":"Feature","geometry":{"type":"Point","coordinates":[-52.217666625405585,-10.29660453240246]},"properties":{"Fazenda":"FE","Campo":"FE 19","produtividade":79.4080572173913,"unidade_produtividade":"sc/ha","pontos_originais":23,"ano":"2026","cultura":"Milho"}},{"type":"Feature","geometry":{"type":"Point","coordinates":[-52.21744434067031,-10.296613231705102]},"properties":{"Fazenda":"FE","Campo":"FE 19","produtividade":101.80910712000001,"unidade_produtividade":"sc/ha","pontos_originais":25,"ano":"2026","cultura":"Milho"}},{"type":"Feature","geometry":{"type":"Point","coordinates":[-52.2172160708841,-10.296614090334309]},"properties":{"Fazenda":"FE","Campo":"FE 19","produtividade":124.79631696000003,"unidade_produtividade":"sc/ha","pontos_originais":25,"ano":"2026","cultura":"Milho"}},{"type":"Feature","geometry":{"type":"Point","coordinates":[-52.21698780107785,-10.296614948802603]},"properties":{"Fazenda":"FE","Campo":"FE 19","produtividade":139.47358543999997,"unidade_produtividade":"sc/ha","pontos_originais":25,"ano":"2026","cultura":"Milho"}},{"type":"Feature","geometry":{"type":"Point","coordinates":[-52.21949876784271,-10.296605496801192]},"properties":{"Fazenda":"FE","Campo":"FE 19","produtividade":139.27885496,"unidade_produtividade":"sc/ha","pontos_originais":25,"ano":"2026","cultura":"Milho"}},{"type":"Feature","geometry":{"type":"Point","coordinates":[-52.21927049823723,-10.29660635687861]},"properties":{"Fazenda":"FE","Campo":"FE 19","produtividade":123.75853503999998,"unidade_produtividade":"sc/ha","pontos_originais":25,"ano":"2026","cultura":"Milho"}},{"type":"Feature","geometry":{"type":"Point","coordinates":[-52.21904222861167,-10.296607216795119]},"properties":{"Fazenda":"FE","Campo":"FE 19","produtividade":97.25998072000002,"unidade_produtividade":"sc/ha","pontos_originais":25,"ano":"2026","cultura":"Milho"}},{"type":"Feature","geometry":{"type":"Point","coordinates":[-52.218905266827484,-10.29660773267422]},"properties":{"Fazenda":"FE","Campo":"FE 19","produtividade":84.6099212,"unidade_produtividade":"sc/ha","pontos_originais":5,"ano":"2026","cultura":"Milho"}},{"type":"Feature","geometry":{"type":"Point","coordinates":[-52.217875266289155,-10.296546303512894]},"properties":{"Fazenda":"FE","Campo":"FE 19","produtividade":61.40016555555557,"unidade_produtividade":"sc/ha","pontos_originais":9,"ano":"2026","cultura":"Milho"}},{"type":"Feature","geometry":{"type":"Point","coordinates":[-52.216302991538704,-10.296617523242]},"properties":{"Fazenda":"FE","Campo":"FE 19","produtividade":152.25586096,"unidade_produtividade":"sc/ha","pontos_originais":25,"ano":"2026","cultura":"Milho"}},{"type":"Feature","geometry":{"type":"Point","coordinates":[-52.21607472165224,-10.29661838106664]},"properties":{"Fazenda":"FE","Campo":"FE 19","produtividade":156.18821176,"unidade_produtividade":"sc/ha","pontos_originais":25,"ano":"2026","cultura":"Milho"}},{"type":"Feature","geometry":{"type":"Point","coordinates":[-52.21584645174569,-10.296619238730369]},"properties":{"Fazenda":"FE","Campo":"FE 19","produtividade":158.16833312,"unidade_produtividade":"sc/ha","pontos_originais":25,"ano":"2026","cultura":"Milho"}},{"type":"Feature","geometry":{"type":"Point","coordinates":[-52.21675953125152,-10.29661580710998]},"properties":{"Fazenda":"FE","Campo":"FE 19","produtividade":147.73948,"unidade_produtividade":"sc/ha","pontos_originais":25,"ano":"2026","cultura":"Milho"}},{"type":"Feature","geometry":{"type":"Point","coordinates":[-52.216531261405144,-10.296616665256444]},"properties":{"Fazenda":"FE","Campo":"FE 19","produtividade":149.12591008,"unidade_produtividade":"sc/ha","pontos_originais":25,"ano":"2026","cultura":"Milho"}},{"type":"Feature","geometry":{"type":"Point","coordinates":[-52.22497723233512,-10.296584806669685]},"properties":{"Fazenda":"FE","Campo":"FE 19","produtividade":115.37525159999997,"unidade_produtividade":"sc/ha","pontos_originais":25,"ano":"2026","cultura":"Milho"}},{"type":"Feature","geometry":{"type":"Point","coordinates":[-52.22474896321312,-10.296585670608977]},"properties":{"Fazenda":"FE","Campo":"FE 19","produtividade":116.28862280000001,"unidade_produtividade":"sc/ha","pontos_originais":25,"ano":"2026","cultura":"Milho"}},{"type":"Feature","geometry":{"type":"Point","coordinates":[-52.224520694070904,-10.296586534387353]},"properties":{"Fazenda":"FE","Campo":"FE 19","produtividade":119.48540576,"unidade_produtividade":"sc/ha","pontos_originais":25,"ano":"2026","cultura":"Milho"}},{"type":"Feature","geometry":{"type":"Point","coordinates":[-52.22429242490852,-10.296587398004824]},"properties":{"Fazenda":"FE","Campo":"FE 19","produtividade":120.50015432000001,"unidade_produtividade":"sc/ha","pontos_originais":25,"ano":"2026","cultura":"Milho"}},{"type":"Feature","geometry":{"type":"Point","coordinates":[-52.22566203958002,-10.29658221388635]},"properties":{"Fazenda":"FE","Campo":"FE 19","produtividade":149.38816368,"unidade_produtividade":"sc/ha","pontos_originais":25,"ano":"2026","cultura":"Milho"}},{"type":"Feature","geometry":{"type":"Point","coordinates":[-52.225433770518585,-10.296583078308375]},"properties":{"Fazenda":"FE","Campo":"FE 19","produtividade":136.1847928,"unidade_produtividade":"sc/ha","pontos_originais":25,"ano":"2026","cultura":"Milho"}},{"type":"Feature","geometry":{"type":"Point","coordinates":[-52.225205501436946,-10.296583942569484]},"properties":{"Fazenda":"FE","Campo":"FE 19","produtividade":125.54044664000001,"unidade_produtividade":"sc/ha","pontos_originais":25,"ano":"2026","cultura":"Milho"}},{"type":"Feature","geometry":{"type":"Point","coordinates":[-52.22337934805721,-10.296590850865593]},"properties":{"Fazenda":"FE","Campo":"FE 19","produtividade":95.75765192,"unidade_produtividade":"sc/ha","pontos_originais":25,"ano":"2026","cultura":"Milho"}},{"type":"Feature","geometry":{"type":"Point","coordinates":[-52.22360761730029,-10.296589987891766]},"properties":{"Fazenda":"FE","Campo":"FE 19","produtividade":105.33705,"unidade_produtividade":"sc/ha","pontos_originais":25,"ano":"2026","cultura":"Milho"}},{"type":"Feature","geometry":{"type":"Point","coordinates":[-52.223151078793954,-10.296591713678511]},"properties":{"Fazenda":"FE","Campo":"FE 19","produtividade":86.36682152000002,"unidade_produtividade":"sc/ha","pontos_originais":25,"ano":"2026","cultura":"Milho"}},{"type":"Feature","geometry":{"type":"Point","coordinates":[-52.22292280951055,-10.296592576330513]},"properties":{"Fazenda":"FE","Campo":"FE 19","produtividade":80.39618664,"unidade_produtividade":"sc/ha","pontos_originais":25,"ano":"2026","cultura":"Milho"}},{"type":"Feature","geometry":{"type":"Point","coordinates":[-52.224064155725934,-10.296588261461386]},"properties":{"Fazenda":"FE","Campo":"FE 19","produtividade":119.43317680000001,"unidade_produtividade":"sc/ha","pontos_originais":25,"ano":"2026","cultura":"Milho"}},{"type":"Feature","geometry":{"type":"Point","coordinates":[-52.22383588652318,-10.29658912475703]},"properties":{"Fazenda":"FE","Campo":"FE 19","produtividade":115.82421704000001,"unidade_produtividade":"sc/ha","pontos_originais":25,"ano":"2026","cultura":"Milho"}},{"type":"Feature","geometry":{"type":"Point","coordinates":[-52.227716460223384,-10.296574426847195]},"properties":{"Fazenda":"FE","Campo":"FE 19","produtividade":148.34675464000003,"unidade_produtividade":"sc/ha","pontos_originais":25,"ano":"2026","cultura":"Milho"}},{"type":"Feature","geometry":{"type":"Point","coordinates":[-52.22794472908261,-10.296573560816075]},"properties":{"Fazenda":"FE","Campo":"FE 19","produtividade":138.99377687999996,"unidade_produtividade":"sc/ha","pontos_originais":25,"ano":"2026","cultura":"Milho"}},{"type":"Feature","geometry":{"type":"Point","coordinates":[-52.2274881913439,-10.29657529271741]},"properties":{"Fazenda":"FE","Campo":"FE 19","produtividade":155.69924328,"unidade_produtividade":"sc/ha","pontos_originais":25,"ano":"2026","cultura":"Milho"}},{"type":"Feature","geometry":{"type":"Point","coordinates":[-52.22725992244418,-10.29657615842671]},"properties":{"Fazenda":"FE","Campo":"FE 19","produtividade":162.24667592,"unidade_produtividade":"sc/ha","pontos_originais":25,"ano":"2026","cultura":"Milho"}},{"type":"Feature","geometry":{"type":"Point","coordinates":[-52.21249088180991,-10.296631827824166]},"properties":{"Fazenda":"FE","Campo":"FE 19","produtividade":115.65587459999999,"unidade_produtividade":"sc/ha","pontos_originais":10,"ano":"2026","cultura":"Milho"}},{"type":"Feature","geometry":{"type":"Point","coordinates":[-52.2283556129788,-10.296572001558854]},"properties":{"Fazenda":"FE","Campo":"FE 19","produtividade":117.95019693333333,"unidade_produtividade":"sc/ha","pontos_originais":15,"ano":"2026","cultura":"Milho"}},{"type":"Feature","geometry":{"type":"Point","coordinates":[-52.22817299792162,-10.296572694624041]},"properties":{"Fazenda":"FE","Campo":"FE 19","produtividade":125.00268815999999,"unidade_produtividade":"sc/ha","pontos_originais":25,"ano":"2026","cultura":"Milho"}},{"type":"Feature","geometry":{"type":"Point","coordinates":[-52.226346846643104,-10.296579619654825]},"properties":{"Fazenda":"FE","Campo":"FE 19","produtividade":159.83478896000005,"unidade_produtividade":"sc/ha","pontos_originais":25,"ano":"2026","cultura":"Milho"}},{"type":"Feature","geometry":{"type":"Point","coordinates":[-52.226118577642254,-10.296580484559575]},"properties":{"Fazenda":"FE","Campo":"FE 19","produtividade":159.022794,"unidade_produtividade":"sc/ha","pontos_originais":25,"ano":"2026","cultura":"Milho"}},{"type":"Feature","geometry":{"type":"Point","coordinates":[-52.225890308621246,-10.296581349303416]},"properties":{"Fazenda":"FE","Campo":"FE 19","produtividade":155.57793216,"unidade_produtividade":"sc/ha","pontos_originais":25,"ano":"2026","cultura":"Milho"}},{"type":"Feature","geometry":{"type":"Point","coordinates":[-52.227031653524236,-10.296577023975106]},"properties":{"Fazenda":"FE","Campo":"FE 19","produtividade":162.63417912,"unidade_produtividade":"sc/ha","pontos_originais":25,"ano":"2026","cultura":"Milho"}},{"type":"Feature","geometry":{"type":"Point","coordinates":[-52.22680338458409,-10.296577889362588]},"properties":{"Fazenda":"FE","Campo":"FE 19","produtividade":161.49216384000002,"unidade_produtividade":"sc/ha","pontos_originais":25,"ano":"2026","cultura":"Milho"}},{"type":"Feature","geometry":{"type":"Point","coordinates":[-52.22657511562369,-10.29657875458916]},"properties":{"Fazenda":"FE","Campo":"FE 19","produtividade":160.70682992,"unidade_produtividade":"sc/ha","pontos_originais":25,"ano":"2026","cultura":"Milho"}},{"type":"Feature","geometry":{"type":"Point","coordinates":[-52.21972703742806,-10.296604636562863]},"properties":{"Fazenda":"FE","Campo":"FE 19","produtividade":144.16283112000002,"unidade_produtividade":"sc/ha","pontos_originais":25,"ano":"2026","cultura":"Milho"}},{"type":"Feature","geometry":{"type":"Point","coordinates":[-52.21995530699333,-10.296603776163625]},"properties":{"Fazenda":"FE","Campo":"FE 19","produtividade":146.49588912,"unidade_produtividade":"sc/ha","pontos_originais":25,"ano":"2026","cultura":"Milho"}},{"type":"Feature","geometry":{"type":"Point","coordinates":[-52.222009732175366,-10.296596025329416]},"properties":{"Fazenda":"FE","Campo":"FE 19","produtividade":77.95326391999998,"unidade_produtividade":"sc/ha","pontos_originais":25,"ano":"2026","cultura":"Milho"}},{"type":"Feature","geometry":{"type":"Point","coordinates":[-52.221781462791235,-10.296596887176866]},"properties":{"Fazenda":"FE","Campo":"FE 19","produtividade":86.82272927999999,"unidade_produtividade":"sc/ha","pontos_originais":25,"ano":"2026","cultura":"Milho"}},{"type":"Feature","geometry":{"type":"Point","coordinates":[-52.22155319338694,-10.296597748863398]},"properties":{"Fazenda":"FE","Campo":"FE 19","produtividade":95.54977487999999,"unidade_produtividade":"sc/ha","pontos_originais":25,"ano":"2026","cultura":"Milho"}},{"type":"Feature","geometry":{"type":"Point","coordinates":[-52.22132492396251,-10.296598610389024]},"properties":{"Fazenda":"FE","Campo":"FE 19","produtividade":112.45611776,"unidade_produtividade":"sc/ha","pontos_originais":25,"ano":"2026","cultura":"Milho"}},{"type":"Feature","geometry":{"type":"Point","coordinates":[-52.22269454020699,-10.296593438821603]},"properties":{"Fazenda":"FE","Campo":"FE 19","produtividade":72.38271040000001,"unidade_produtividade":"sc/ha","pontos_originais":25,"ano":"2026","cultura":"Milho"}},{"type":"Feature","geometry":{"type":"Point","coordinates":[-52.22246627088325,-10.296594301151789]},"properties":{"Fazenda":"FE","Campo":"FE 19","produtividade":67.01056096,"unidade_produtividade":"sc/ha","pontos_originais":25,"ano":"2026","cultura":"Milho"}},{"type":"Feature","geometry":{"type":"Point","coordinates":[-52.22223800153939,-10.29659516332106]},"properties":{"Fazenda":"FE","Campo":"FE 19","produtividade":68.09723423999999,"unidade_produtividade":"sc/ha","pontos_originais":25,"ano":"2026","cultura":"Milho"}},{"type":"Feature","geometry":{"type":"Point","coordinates":[-52.22041184606353,-10.296602054882403]},"properties":{"Fazenda":"FE","Campo":"FE 19","produtividade":150.11289384000003,"unidade_produtividade":"sc/ha","pontos_originais":25,"ano":"2026","cultura":"Milho"}},{"type":"Feature","geometry":{"type":"Point","coordinates":[-52.22064011556846,-10.296601194000425]},"properties":{"Fazenda":"FE","Campo":"FE 19","produtividade":144.70151584,"unidade_produtividade":"sc/ha","pontos_originais":25,"ano":"2026","cultura":"Milho"}},{"type":"Feature","geometry":{"type":"Point","coordinates":[-52.22018357653847,-10.29660291560347]},"properties":{"Fazenda":"FE","Campo":"FE 19","produtividade":148.83323671999997,"unidade_produtividade":"sc/ha","pontos_originais":25,"ano":"2026","cultura":"Milho"}},{"type":"Feature","geometry":{"type":"Point","coordinates":[-52.22109665451794,-10.296599471753733]},"properties":{"Fazenda":"FE","Campo":"FE 19","produtividade":125.90462079999998,"unidade_produtividade":"sc/ha","pontos_originais":25,"ano":"2026","cultura":"Milho"}},{"type":"Feature","geometry":{"type":"Point","coordinates":[-52.220868385053265,-10.296600332957537]},"properties":{"Fazenda":"FE","Campo":"FE 19","produtividade":139.46033976,"unidade_produtividade":"sc/ha","pontos_originais":25,"ano":"2026","cultura":"Milho"}},{"type":"Feature","geometry":{"type":"Point","coordinates":[-52.216530394957246,-10.296390606260443]},"properties":{"Fazenda":"FE","Campo":"FE 19","produtividade":152.17000288,"unidade_produtividade":"sc/ha","pontos_originais":25,"ano":"2026","cultura":"Milho"}},{"type":"Feature","geometry":{"type":"Point","coordinates":[-52.216302125253314,-10.296391464226764]},"properties":{"Fazenda":"FE","Campo":"FE 19","produtividade":152.89958656,"unidade_produtividade":"sc/ha","pontos_originais":25,"ano":"2026","cultura":"Milho"}},{"type":"Feature","geometry":{"type":"Point","coordinates":[-52.21607385552931,-10.296392322032178]},"properties":{"Fazenda":"FE","Campo":"FE 19","produtividade":155.94202512000004,"unidade_produtividade":"sc/ha","pontos_originais":25,"ano":"2026","cultura":"Milho"}},{"type":"Feature","geometry":{"type":"Point","coordinates":[-52.21584558578525,-10.296393179676675]},"properties":{"Fazenda":"FE","Campo":"FE 19","produtividade":157.88800608000003,"unidade_produtividade":"sc/ha","pontos_originais":25,"ano":"2026","cultura":"Milho"}},{"type":"Feature","geometry":{"type":"Point","coordinates":[-52.21721520394878,-10.296388031396026]},"properties":{"Fazenda":"FE","Campo":"FE 19","produtividade":144.1399372,"unidade_produtividade":"sc/ha","pontos_originais":25,"ano":"2026","cultura":"Milho"}},{"type":"Feature","geometry":{"type":"Point","coordinates":[-52.216986934304984,-10.296388889845073]},"properties":{"Fazenda":"FE","Campo":"FE 19","produtividade":150.22477176000007,"unidade_produtividade":"sc/ha","pontos_originais":25,"ano":"2026","cultura":"Milho"}},{"type":"Feature","geometry":{"type":"Point","coordinates":[-52.21675866464115,-10.296389748133214]},"properties":{"Fazenda":"FE","Campo":"FE 19","produtividade":152.13979591999995,"unidade_produtividade":"sc/ha","pontos_originais":25,"ano":"2026","cultura":"Milho"}},{"type":"Feature","geometry":{"type":"Point","coordinates":[-52.21493250660873,-10.296396608645587]},"properties":{"Fazenda":"FE","Campo":"FE 19","produtividade":158.21851192,"unidade_produtividade":"sc/ha","pontos_originais":25,"ano":"2026","cultura":"Milho"}},{"type":"Feature","geometry":{"type":"Point","coordinates":[-52.21516077643291,-10.296395751644722]},"properties":{"Fazenda":"FE","Campo":"FE 19","produtividade":156.47160032000002,"unidade_produtividade":"sc/ha","pontos_originais":25,"ano":"2026","cultura":"Milho"}},{"type":"Feature","geometry":{"type":"Point","coordinates":[-52.21470423676454,-10.296397465485539]},"properties":{"Fazenda":"FE","Campo":"FE 19","produtividade":159.92217696,"unidade_produtividade":"sc/ha","pontos_originais":25,"ano":"2026","cultura":"Milho"}},{"type":"Feature","geometry":{"type":"Point","coordinates":[-52.2144759669003,-10.296398322164583]},"properties":{"Fazenda":"FE","Campo":"FE 19","produtividade":161.81595359999997,"unidade_produtividade":"sc/ha","pontos_originais":25,"ano":"2026","cultura":"Milho"}},{"type":"Feature","geometry":{"type":"Point","coordinates":[-52.215617316021174,-10.296394037160269]},"properties":{"Fazenda":"FE","Campo":"FE 19","produtividade":157.36451304000002,"unidade_produtividade":"sc/ha","pontos_originais":25,"ano":"2026","cultura":"Milho"}},{"type":"Feature","geometry":{"type":"Point","coordinates":[-52.21538904623707,-10.29639489448295]},"properties":{"Fazenda":"FE","Campo":"FE 19","produtividade":156.88700888,"unidade_produtividade":"sc/ha","pontos_originais":25,"ano":"2026","cultura":"Milho"}},{"type":"Feature","geometry":{"type":"Point","coordinates":[-52.22018270749089,-10.296376856915677]},"properties":{"Fazenda":"FE","Campo":"FE 19","produtividade":140.32659704000002,"unidade_produtividade":"sc/ha","pontos_originais":25,"ano":"2026","cultura":"Milho"}},{"type":"Feature","geometry":{"type":"Point","coordinates":[-52.220410976853465,-10.296375996213907]},"properties":{"Fazenda":"FE","Campo":"FE 19","produtividade":134.72248775999998,"unidade_produtividade":"sc/ha","pontos_originais":25,"ano":"2026","cultura":"Milho"}},{"type":"Feature","geometry":{"type":"Point","coordinates":[-52.2199544381082,-10.296377717456542]},"properties":{"Fazenda":"FE","Campo":"FE 19","produtividade":141.77809576,"unidade_produtividade":"sc/ha","pontos_originais":25,"ano":"2026","cultura":"Milho"}},{"type":"Feature","geometry":{"type":"Point","coordinates":[-52.21972616870542,-10.296378577836494]},"properties":{"Fazenda":"FE","Campo":"FE 19","produtividade":145.67330344,"unidade_produtividade":"sc/ha","pontos_originais":25,"ano":"2026","cultura":"Milho"}},{"type":"Feature","geometry":{"type":"Point","coordinates":[-52.22086751551822,-10.29637427432764]},"properties":{"Fazenda":"FE","Campo":"FE 19","produtividade":127.44672583999996,"unidade_produtividade":"sc/ha","pontos_originais":25,"ano":"2026","cultura":"Milho"}},{"type":"Feature","geometry":{"type":"Point","coordinates":[-52.22109578482043,-10.29637341314314]},"properties":{"Fazenda":"FE","Campo":"FE 19","produtividade":124.10841183999999,"unidade_produtividade":"sc/ha","pontos_originais":25,"ano":"2026","cultura":"Milho"}},{"type":"Feature","geometry":{"type":"Point","coordinates":[-52.220639246195894,-10.296375135351227]},"properties":{"Fazenda":"FE","Campo":"FE 19","produtividade":128.90335136000004,"unidade_produtividade":"sc/ha","pontos_originais":25,"ano":"2026","cultura":"Milho"}},{"type":"Feature","geometry":{"type":"Point","coordinates":[-52.21790001275975,-10.296385455083422]},"properties":{"Fazenda":"FE","Campo":"FE 19","produtividade":79.63567976,"unidade_produtividade":"sc/ha","pontos_originais":25,"ano":"2026","cultura":"Milho"}},{"type":"Feature","geometry":{"type":"Point","coordinates":[-52.218108986561965,-10.29636563180705]},"properties":{"Fazenda":"FE","Campo":"FE 19","produtividade":57.0443285263158,"unidade_produtividade":"sc/ha","pontos_originais":19,"ano":"2026","cultura":"Milho"}},{"type":"Feature","geometry":{"type":"Point","coordinates":[-52.217671743176155,-10.2963863140152]},"properties":{"Fazenda":"FE","Campo":"FE 19","produtividade":104.53662240000001,"unidade_produtividade":"sc/ha","pontos_originais":25,"ano":"2026","cultura":"Milho"}},{"type":"Feature","geometry":{"type":"Point","coordinates":[-52.2174434735725,-10.296387172786067]},"properties":{"Fazenda":"FE","Campo":"FE 19","produtividade":126.63805,"unidade_produtividade":"sc/ha","pontos_originais":25,"ano":"2026","cultura":"Milho"}},{"type":"Feature","geometry":{"type":"Point","coordinates":[-52.21949789928256,-10.296379438055542]},"properties":{"Fazenda":"FE","Campo":"FE 19","produtividade":144.14815407999998,"unidade_produtividade":"sc/ha","pontos_originais":25,"ano":"2026","cultura":"Milho"}},{"type":"Feature","geometry":{"type":"Point","coordinates":[-52.219269629839566,-10.296380298113682]},"properties":{"Fazenda":"FE","Campo":"FE 19","produtividade":123.7901336,"unidade_produtividade":"sc/ha","pontos_originais":25,"ano":"2026","cultura":"Milho"}},{"type":"Feature","geometry":{"type":"Point","coordinates":[-52.21904517933702,-10.296384911327461]},"properties":{"Fazenda":"FE","Campo":"FE 19","produtividade":98.11620291666664,"unidade_produtividade":"sc/ha","pontos_originais":24,"ano":"2026","cultura":"Milho"}},{"type":"Feature","geometry":{"type":"Point","coordinates":[-52.21356288724325,-10.29640174727165]},"properties":{"Fazenda":"FE","Campo":"FE 19","produtividade":159.55571912000002,"unidade_produtividade":"sc/ha","pontos_originais":25,"ano":"2026","cultura":"Milho"}},{"type":"Feature","geometry":{"type":"Point","coordinates":[-52.21333461727898,-10.296402603146143]},"properties":{"Fazenda":"FE","Campo":"FE 19","produtividade":156.86634039999996,"unidade_produtividade":"sc/ha","pontos_originais":25,"ano":"2026","cultura":"Milho"}},{"type":"Feature","geometry":{"type":"Point","coordinates":[-52.213106347294705,-10.296403458859722]},"properties":{"Fazenda":"FE","Campo":"FE 19","produtividade":149.07838008,"unidade_produtividade":"sc/ha","pontos_originais":25,"ano":"2026","cultura":"Milho"}},{"type":"Feature","geometry":{"type":"Point","coordinates":[-52.212878077290426,-10.296404314412394]},"properties":{"Fazenda":"FE","Campo":"FE 19","produtividade":133.89949216000002,"unidade_produtividade":"sc/ha","pontos_originais":25,"ano":"2026","cultura":"Milho"}},{"type":"Feature","geometry":{"type":"Point","coordinates":[-52.214247697016056,-10.296399178682714]},"properties":{"Fazenda":"FE","Campo":"FE 19","produtividade":164.59259544,"unidade_produtividade":"sc/ha","pontos_originais":25,"ano":"2026","cultura":"Milho"}},{"type":"Feature","geometry":{"type":"Point","coordinates":[-52.214019427111786,-10.29640003503994]},"properties":{"Fazenda":"FE","Campo":"FE 19","produtividade":162.151962,"unidade_produtividade":"sc/ha","pontos_originais":25,"ano":"2026","cultura":"Milho"}},{"type":"Feature","geometry":{"type":"Point","coordinates":[-52.213791157187536,-10.296400891236246]},"properties":{"Fazenda":"FE","Campo":"FE 19","produtividade":160.35405735999998,"unidade_produtividade":"sc/ha","pontos_originais":25,"ano":"2026","cultura":"Milho"}},{"type":"Feature","geometry":{"type":"Point","coordinates":[-52.21264980726615,-10.296405169804157]},"properties":{"Fazenda":"FE","Campo":"FE 19","produtividade":124.16626264000003,"unidade_produtividade":"sc/ha","pontos_originais":25,"ano":"2026","cultura":"Milho"}},{"type":"Feature","geometry":{"type":"Point","coordinates":[-52.212512845242806,-10.29640568296841]},"properties":{"Fazenda":"FE","Campo":"FE 19","produtividade":119.986076,"unidade_produtividade":"sc/ha","pontos_originais":5,"ano":"2026","cultura":"Milho"}},{"type":"Feature","geometry":{"type":"Point","coordinates":[-52.2213240541025,-10.296372551797738]},"properties":{"Fazenda":"FE","Campo":"FE 19","produtividade":120.59652023999998,"unidade_produtividade":"sc/ha","pontos_originais":25,"ano":"2026","cultura":"Milho"}},{"type":"Feature","geometry":{"type":"Point","coordinates":[-52.22155232336445,-10.296371690291423]},"properties":{"Fazenda":"FE","Campo":"FE 19","produtividade":109.53417327999999,"unidade_produtividade":"sc/ha","pontos_originais":25,"ano":"2026","cultura":"Milho"}},{"type":"Feature","geometry":{"type":"Point","coordinates":[-52.22200886182794,-10.296369966796078]},"properties":{"Fazenda":"FE","Campo":"FE 19","produtividade":94.30877456000002,"unidade_produtividade":"sc/ha","pontos_originais":25,"ano":"2026","cultura":"Milho"}},{"type":"Feature","geometry":{"type":"Point","coordinates":[-52.22223713102946,-10.29636910480704]},"properties":{"Fazenda":"FE","Campo":"FE 19","produtividade":85.61910839999997,"unidade_produtividade":"sc/ha","pontos_originais":25,"ano":"2026","cultura":"Milho"}},{"type":"Feature","geometry":{"type":"Point","coordinates":[-52.221780592606265,-10.296370828624205]},"properties":{"Fazenda":"FE","Campo":"FE 19","produtividade":100.57070464,"unidade_produtividade":"sc/ha","pontos_originais":25,"ano":"2026","cultura":"Milho"}},{"type":"Feature","geometry":{"type":"Point","coordinates":[-52.227943854510706,-10.2963475027863]},"properties":{"Fazenda":"FE","Campo":"FE 19","produtividade":134.67060544000003,"unidade_produtividade":"sc/ha","pontos_originais":25,"ano":"2026","cultura":"Milho"}},{"type":"Feature","geometry":{"type":"Point","coordinates":[-52.22771558581394,-10.296348368798007]},"properties":{"Fazenda":"FE","Campo":"FE 19","produtividade":145.58283264000002,"unidade_produtividade":"sc/ha","pontos_originais":25,"ano":"2026","cultura":"Milho"}},{"type":"Feature","geometry":{"type":"Point","coordinates":[-52.22748731709693,-10.29634923464881]},"properties":{"Fazenda":"FE","Campo":"FE 19","produtividade":153.78946184000003,"unidade_produtividade":"sc/ha","pontos_originais":25,"ano":"2026","cultura":"Milho"}},{"type":"Feature","geometry":{"type":"Point","coordinates":[-52.227259048359684,-10.296350100338708]},"properties":{"Fazenda":"FE","Campo":"FE 19","produtividade":161.05149088,"unidade_produtividade":"sc/ha","pontos_originais":25,"ano":"2026","cultura":"Milho"}},{"type":"Feature","geometry":{"type":"Point","coordinates":[-52.22834775484299,-10.296356403667913]},"properties":{"Fazenda":"FE","Campo":"FE 19","produtividade":115.76602261538461,"unidade_produtividade":"sc/ha","pontos_originais":13,"ano":"2026","cultura":"Milho"}},{"type":"Feature","geometry":{"type":"Point","coordinates":[-52.228172123187214,-10.296346636613684]},"properties":{"Fazenda":"FE","Campo":"FE 19","produtividade":123.283902,"unidade_produtividade":"sc/ha","pontos_originais":25,"ano":"2026","cultura":"Milho"}},{"type":"Feature","geometry":{"type":"Point","coordinates":[-52.22634597320852,-10.296353561489234]},"properties":{"Fazenda":"FE","Campo":"FE 19","produtividade":160.31744120000002,"unidade_produtividade":"sc/ha","pontos_originais":25,"ano":"2026","cultura":"Milho"}},{"type":"Feature","geometry":{"type":"Point","coordinates":[-52.226574242026636,-10.29635269644296]},"properties":{"Fazenda":"FE","Campo":"FE 19","produtividade":161.30951648,"unidade_produtividade":"sc/ha","pontos_originais":25,"ano":"2026","cultura":"Milho"}},{"type":"Feature","geometry":{"type":"Point","coordinates":[-52.22611770437019,-10.296354426374599]},"properties":{"Fazenda":"FE","Campo":"FE 19","produtividade":157.80004184,"unidade_produtividade":"sc/ha","pontos_originais":25,"ano":"2026","cultura":"Milho"}},{"type":"Feature","geometry":{"type":"Point","coordinates":[-52.225889435511625,-10.296355291099058]},"properties":{"Fazenda":"FE","Campo":"FE 19","produtividade":150.00541416000004,"unidade_produtividade":"sc/ha","pontos_originais":25,"ano":"2026","cultura":"Milho"}},{"type":"Feature","geometry":{"type":"Point","coordinates":[-52.227030779602245,-10.296350965867697]},"properties":{"Fazenda":"FE","Campo":"FE 19","produtividade":161.66514224,"unidade_produtividade":"sc/ha","pontos_originais":25,"ano":"2026","cultura":"Milho"}},{"type":"Feature","geometry":{"type":"Point","coordinates":[-52.226802510824555,-10.296351831235782]},"properties":{"Fazenda":"FE","Campo":"FE 19","produtividade":160.495328,"unidade_produtividade":"sc/ha","pontos_originais":25,"ano":"2026","cultura":"Milho"}},{"type":"Feature","geometry":{"type":"Point","coordinates":[-52.222693669372084,-10.296367380346247]},"properties":{"Fazenda":"FE","Campo":"FE 19","produtividade":78.71320912000002,"unidade_produtividade":"sc/ha","pontos_originais":25,"ano":"2026","cultura":"Milho"}},{"type":"Feature","geometry":{"type":"Point","coordinates":[-52.222921938513174,-10.296366517874485]},"properties":{"Fazenda":"FE","Campo":"FE 19","produtividade":71.87416655999999,"unidade_produtividade":"sc/ha","pontos_originais":25,"ano":"2026","cultura":"Milho"}},{"type":"Feature","geometry":{"type":"Point","coordinates":[-52.22246540021086,-10.296368242657097]},"properties":{"Fazenda":"FE","Campo":"FE 19","produtividade":81.08814224,"unidade_produtividade":"sc/ha","pontos_originais":25,"ano":"2026","cultura":"Milho"}},{"type":"Feature","geometry":{"type":"Point","coordinates":[-52.22497635987542,-10.296358748387824]},"properties":{"Fazenda":"FE","Campo":"FE 19","produtividade":89.27249912000003,"unidade_produtividade":"sc/ha","pontos_originais":25,"ano":"2026","cultura":"Milho"}},{"type":"Feature","geometry":{"type":"Point","coordinates":[-52.22474809091591,-10.296359612307747]},"properties":{"Fazenda":"FE","Campo":"FE 19","produtividade":83.84689151999999,"unidade_produtividade":"sc/ha","pontos_originais":25,"ano":"2026","cultura":"Milho"}},{"type":"Feature","geometry":{"type":"Point","coordinates":[-52.22451982193616,-10.296360476066766]},"properties":{"Fazenda":"FE","Campo":"FE 19","produtividade":81.36416960000001,"unidade_produtividade":"sc/ha","pontos_originais":25,"ano":"2026","cultura":"Milho"}},{"type":"Feature","geometry":{"type":"Point","coordinates":[-52.22429155293625,-10.296361339664877]},"properties":{"Fazenda":"FE","Campo":"FE 19","produtividade":82.23404615999999,"unidade_produtividade":"sc/ha","pontos_originais":25,"ano":"2026","cultura":"Milho"}},{"type":"Feature","geometry":{"type":"Point","coordinates":[-52.22566116663288,-10.29635615566261]},"properties":{"Fazenda":"FE","Campo":"FE 19","produtividade":135.63298504000002,"unidade_produtividade":"sc/ha","pontos_originais":25,"ano":"2026","cultura":"Milho"}},{"type":"Feature","geometry":{"type":"Point","coordinates":[-52.225432897733924,-10.296357020065255]},"properties":{"Fazenda":"FE","Campo":"FE 19","produtividade":121.58407799999995,"unidade_produtividade":"sc/ha","pontos_originais":25,"ano":"2026","cultura":"Milho"}},{"type":"Feature","geometry":{"type":"Point","coordinates":[-52.22520462881477,-10.29635788430699]},"properties":{"Fazenda":"FE","Campo":"FE 19","produtividade":101.06455800000002,"unidade_produtividade":"sc/ha","pontos_originais":25,"ano":"2026","cultura":"Milho"}},{"type":"Feature","geometry":{"type":"Point","coordinates":[-52.22337847673487,-10.296364792448244]},"properties":{"Fazenda":"FE","Campo":"FE 19","produtividade":69.52516423999998,"unidade_produtividade":"sc/ha","pontos_originais":25,"ano":"2026","cultura":"Milho"}},{"type":"Feature","geometry":{"type":"Point","coordinates":[-52.22360674581548,-10.296363929493767]},"properties":{"Fazenda":"FE","Campo":"FE 19","produtividade":75.24519296,"unidade_produtividade":"sc/ha","pontos_originais":25,"ano":"2026","cultura":"Milho"}},{"type":"Feature","geometry":{"type":"Point","coordinates":[-52.223150207634106,-10.296365655241818]},"properties":{"Fazenda":"FE","Campo":"FE 19","produtividade":68.36935784,"unidade_produtividade":"sc/ha","pontos_originais":25,"ano":"2026","cultura":"Milho"}},{"type":"Feature","geometry":{"type":"Point","coordinates":[-52.22406328391617,-10.296362203102076]},"properties":{"Fazenda":"FE","Campo":"FE 19","produtividade":81.35638056,"unidade_produtividade":"sc/ha","pontos_originais":25,"ano":"2026","cultura":"Milho"}},{"type":"Feature","geometry":{"type":"Point","coordinates":[-52.223835014875895,-10.296363066378374]},"properties":{"Fazenda":"FE","Campo":"FE 19","produtividade":80.36073191999999,"unidade_produtividade":"sc/ha","pontos_originais":25,"ano":"2026","cultura":"Milho"}},{"type":"Feature","geometry":{"type":"Point","coordinates":[-52.217943668426905,-10.297351706434345]},"properties":{"Fazenda":"FE","Campo":"FE 19","produtividade":149.000411,"unidade_produtividade":"sc/ha","pontos_originais":8,"ano":"2026","cultura":"Milho"}},{"type":"Feature","geometry":{"type":"Point","coordinates":[-52.21813192631575,-10.297334043186517]},"properties":{"Fazenda":"FE","Campo":"FE 19","produtividade":149.7767852,"unidade_produtividade":"sc/ha","pontos_originais":15,"ano":"2026","cultura":"Milho"}},{"type":"Feature","geometry":{"type":"Point","coordinates":[-52.21699040151677,-10.297293125655845]},"properties":{"Fazenda":"FE","Campo":"FE 19","produtividade":109.69252616,"unidade_produtividade":"sc/ha","pontos_originais":25,"ano":"2026","cultura":"Milho"}},{"type":"Feature","geometry":{"type":"Point","coordinates":[-52.21715638475107,-10.297284280969722]},"properties":{"Fazenda":"FE","Campo":"FE 19","produtividade":94.5075969090909,"unidade_produtividade":"sc/ha","pontos_originais":11,"ano":"2026","cultura":"Milho"}},{"type":"Feature","geometry":{"type":"Point","coordinates":[-52.21676213120297,-10.297293984020946]},"properties":{"Fazenda":"FE","Campo":"FE 19","produtividade":127.85716832,"unidade_produtividade":"sc/ha","pontos_originais":25,"ano":"2026","cultura":"Milho"}},{"type":"Feature","geometry":{"type":"Point","coordinates":[-52.21859427821416,-10.29729495308621]},"properties":{"Fazenda":"FE","Campo":"FE 19","produtividade":125.72402469565218,"unidade_produtividade":"sc/ha","pontos_originais":23,"ano":"2026","cultura":"Milho"}},{"type":"Feature","geometry":{"type":"Point","coordinates":[-52.21881656330467,-10.297286252941808]},"properties":{"Fazenda":"FE","Campo":"FE 19","produtividade":122.76385519999998,"unidade_produtividade":"sc/ha","pontos_originais":25,"ano":"2026","cultura":"Milho"}},{"type":"Feature","geometry":{"type":"Point","coordinates":[-52.21836019654163,-10.297333183852027]},"properties":{"Fazenda":"FE","Campo":"FE 19","produtividade":141.60209840000002,"unidade_produtividade":"sc/ha","pontos_originais":15,"ano":"2026","cultura":"Milho"}},{"type":"Feature","geometry":{"type":"Point","coordinates":[-52.21584904974727,-10.297297415872103]},"properties":{"Fazenda":"FE","Campo":"FE 19","produtividade":160.18865128,"unidade_produtividade":"sc/ha","pontos_originais":25,"ano":"2026","cultura":"Milho"}},{"type":"Feature","geometry":{"type":"Point","coordinates":[-52.21562077933324,-10.29729827343258]},"properties":{"Fazenda":"FE","Campo":"FE 19","produtividade":159.18313768,"unidade_produtividade":"sc/ha","pontos_originais":25,"ano":"2026","cultura":"Milho"}},{"type":"Feature","geometry":{"type":"Point","coordinates":[-52.215392508899164,-10.297299130832137]},"properties":{"Fazenda":"FE","Campo":"FE 19","produtividade":159.29007472,"unidade_produtividade":"sc/ha","pontos_originais":25,"ano":"2026","cultura":"Milho"}},{"type":"Feature","geometry":{"type":"Point","coordinates":[-52.215164238445055,-10.297299988070767]},"properties":{"Fazenda":"FE","Campo":"FE 19","produtividade":160.07666752,"unidade_produtividade":"sc/ha","pontos_originais":25,"ano":"2026","cultura":"Milho"}},{"type":"Feature","geometry":{"type":"Point","coordinates":[-52.216533860869106,-10.297294842225119]},"properties":{"Fazenda":"FE","Campo":"FE 19","produtividade":148.00899231999998,"unidade_produtividade":"sc/ha","pontos_originais":25,"ano":"2026","cultura":"Milho"}},{"type":"Feature","geometry":{"type":"Point","coordinates":[-52.21630559051522,-10.297295700268371]},"properties":{"Fazenda":"FE","Campo":"FE 19","produtividade":160.89945424,"unidade_produtividade":"sc/ha","pontos_originais":25,"ano":"2026","cultura":"Milho"}},{"type":"Feature","geometry":{"type":"Point","coordinates":[-52.21607732014127,-10.297296558150702]},"properties":{"Fazenda":"FE","Campo":"FE 19","produtividade":162.51232032000001,"unidade_produtividade":"sc/ha","pontos_originais":25,"ano":"2026","cultura":"Milho"}},{"type":"Feature","geometry":{"type":"Point","coordinates":[-52.22087099377913,-10.297278508827894]},"properties":{"Fazenda":"FE","Campo":"FE 19","produtividade":149.78288807999996,"unidade_produtividade":"sc/ha","pontos_originais":25,"ano":"2026","cultura":"Milho"}},{"type":"Feature","geometry":{"type":"Point","coordinates":[-52.22064272380685,-10.297279369928688]},"properties":{"Fazenda":"FE","Campo":"FE 19","produtividade":155.09912768,"unidade_produtividade":"sc/ha","pontos_originais":25,"ano":"2026","cultura":"Milho"}},{"type":"Feature","geometry":{"type":"Point","coordinates":[-52.220414453814456,-10.297280230868555]},"properties":{"Fazenda":"FE","Campo":"FE 19","produtividade":149.21189751999998,"unidade_produtividade":"sc/ha","pontos_originais":25,"ano":"2026","cultura":"Milho"}},{"type":"Feature","geometry":{"type":"Point","coordinates":[-52.22018618380195,-10.297281091647504]},"properties":{"Fazenda":"FE","Campo":"FE 19","produtividade":141.25126344,"unidade_produtividade":"sc/ha","pontos_originais":25,"ano":"2026","cultura":"Milho"}},{"type":"Feature","geometry":{"type":"Point","coordinates":[-52.2215558035752,-10.297275924559978]},"properties":{"Fazenda":"FE","Campo":"FE 19","produtividade":100.27889311999999,"unidade_produtividade":"sc/ha","pontos_originais":25,"ano":"2026","cultura":"Milho"}},{"type":"Feature","geometry":{"type":"Point","coordinates":[-52.221784073466964,-10.297275062815498]},"properties":{"Fazenda":"FE","Campo":"FE 19","produtividade":88.72024112,"unidade_produtividade":"sc/ha","pontos_originais":25,"ano":"2026","cultura":"Milho"}},{"type":"Feature","geometry":{"type":"Point","coordinates":[-52.22132753366331,-10.297276786143538]},"properties":{"Fazenda":"FE","Campo":"FE 19","produtividade":118.32385935999999,"unidade_produtividade":"sc/ha","pontos_originais":25,"ano":"2026","cultura":"Milho"}},{"type":"Feature","geometry":{"type":"Point","coordinates":[-52.22109926373128,-10.29727764756618]},"properties":{"Fazenda":"FE","Campo":"FE 19","produtividade":133.00167159999998,"unidade_produtividade":"sc/ha","pontos_originais":25,"ano":"2026","cultura":"Milho"}},{"type":"Feature","geometry":{"type":"Point","coordinates":[-52.21950137364377,-10.29728367301881]},"properties":{"Fazenda":"FE","Campo":"FE 19","produtividade":129.0008356,"unidade_produtividade":"sc/ha","pontos_originais":25,"ano":"2026","cultura":"Milho"}},{"type":"Feature","geometry":{"type":"Point","coordinates":[-52.21927310355085,-10.297284533154068]},"properties":{"Fazenda":"FE","Campo":"FE 19","produtividade":128.21291056,"unidade_produtividade":"sc/ha","pontos_originais":25,"ano":"2026","cultura":"Milho"}},{"type":"Feature","geometry":{"type":"Point","coordinates":[-52.219044833437785,-10.2972853931284]},"properties":{"Fazenda":"FE","Campo":"FE 19","produtividade":124.28705743999998,"unidade_produtividade":"sc/ha","pontos_originais":25,"ano":"2026","cultura":"Milho"}},{"type":"Feature","geometry":{"type":"Point","coordinates":[-52.21995791376934,-10.297281952265525]},"properties":{"Fazenda":"FE","Campo":"FE 19","produtividade":135.98195743999997,"unidade_produtividade":"sc/ha","pontos_originais":25,"ano":"2026","cultura":"Milho"}},{"type":"Feature","geometry":{"type":"Point","coordinates":[-52.21972964371661,-10.297282812722631]},"properties":{"Fazenda":"FE","Campo":"FE 19","produtividade":132.97811352000002,"unidade_produtividade":"sc/ha","pontos_originais":25,"ano":"2026","cultura":"Milho"}},{"type":"Feature","geometry":{"type":"Point","coordinates":[-52.22726254481902,-10.297254332671375]},"properties":{"Fazenda":"FE","Campo":"FE 19","produtividade":162.41059127999998,"unidade_produtividade":"sc/ha","pontos_originais":25,"ano":"2026","cultura":"Milho"}},{"type":"Feature","geometry":{"type":"Point","coordinates":[-52.227490814206206,-10.297253466903856]},"properties":{"Fazenda":"FE","Campo":"FE 19","produtividade":155.20573991999998,"unidade_produtividade":"sc/ha","pontos_originais":25,"ano":"2026","cultura":"Milho"}},{"type":"Feature","geometry":{"type":"Point","coordinates":[-52.22703427541162,-10.297255198277975]},"properties":{"Fazenda":"FE","Campo":"FE 19","produtividade":167.96252144000002,"unidade_produtividade":"sc/ha","pontos_originais":25,"ano":"2026","cultura":"Milho"}},{"type":"Feature","geometry":{"type":"Point","coordinates":[-52.226806005984,-10.297256063723653]},"properties":{"Fazenda":"FE","Campo":"FE 19","produtividade":167.70428024,"unidade_produtividade":"sc/ha","pontos_originais":25,"ano":"2026","cultura":"Milho"}},{"type":"Feature","geometry":{"type":"Point","coordinates":[-52.22817180317653,-10.297247115441701]},"properties":{"Fazenda":"FE","Campo":"FE 19","produtividade":116.41076008333333,"unidade_produtividade":"sc/ha","pontos_originais":24,"ano":"2026","cultura":"Milho"}},{"type":"Feature","geometry":{"type":"Point","coordinates":[-52.227947352919834,-10.297251734886052]},"properties":{"Fazenda":"FE","Campo":"FE 19","produtividade":129.98618528,"unidade_produtividade":"sc/ha","pontos_originais":25,"ano":"2026","cultura":"Milho"}},{"type":"Feature","geometry":{"type":"Point","coordinates":[-52.227719083573135,-10.297252600975414]},"properties":{"Fazenda":"FE","Campo":"FE 19","produtividade":146.65715064000003,"unidade_produtividade":"sc/ha","pontos_originais":25,"ano":"2026","cultura":"Milho"}},{"type":"Feature","geometry":{"type":"Point","coordinates":[-52.225892928071325,-10.297259523897157]},"properties":{"Fazenda":"FE","Campo":"FE 19","produtividade":165.784038,"unidade_produtividade":"sc/ha","pontos_originais":25,"ano":"2026","cultura":"Milho"}},{"type":"Feature","geometry":{"type":"Point","coordinates":[-52.22566465854263,-10.297260388538232]},"properties":{"Fazenda":"FE","Campo":"FE 19","produtividade":163.69285296,"unidade_produtividade":"sc/ha","pontos_originais":25,"ano":"2026","cultura":"Milho"}},{"type":"Feature","geometry":{"type":"Point","coordinates":[-52.22543638899374,-10.297261253018384]},"properties":{"Fazenda":"FE","Campo":"FE 19","produtividade":162.72790687999998,"unidade_produtividade":"sc/ha","pontos_originais":25,"ano":"2026","cultura":"Milho"}},{"type":"Feature","geometry":{"type":"Point","coordinates":[-52.22520811942465,-10.297262117337617]},"properties":{"Fazenda":"FE","Campo":"FE 19","produtividade":162.42254111999995,"unidade_produtividade":"sc/ha","pontos_originais":25,"ano":"2026","cultura":"Milho"}},{"type":"Feature","geometry":{"type":"Point","coordinates":[-52.22657773653614,-10.29725692900841]},"properties":{"Fazenda":"FE","Campo":"FE 19","produtividade":167.27265912,"unidade_produtividade":"sc/ha","pontos_originais":25,"ano":"2026","cultura":"Milho"}},{"type":"Feature","geometry":{"type":"Point","coordinates":[-52.22634946706808,-10.297257794132246]},"properties":{"Fazenda":"FE","Campo":"FE 19","produtividade":166.86214832000005,"unidade_produtividade":"sc/ha","pontos_originais":25,"ano":"2026","cultura":"Milho"}},{"type":"Feature","geometry":{"type":"Point","coordinates":[-52.22612119757982,-10.297258659095164]},"properties":{"Fazenda":"FE","Campo":"FE 19","produtividade":166.92781280000003,"unidade_produtividade":"sc/ha","pontos_originais":25,"ano":"2026","cultura":"Milho"}},{"type":"Feature","geometry":{"type":"Point","coordinates":[-52.21425115642839,-10.297303415416048]},"properties":{"Fazenda":"FE","Campo":"FE 19","produtividade":161.53119640000003,"unidade_produtividade":"sc/ha","pontos_originais":25,"ano":"2026","cultura":"Milho"}},{"type":"Feature","geometry":{"type":"Point","coordinates":[-52.21447942696257,-10.297302558821114]},"properties":{"Fazenda":"FE","Campo":"FE 19","produtividade":159.98497423999999,"unidade_produtividade":"sc/ha","pontos_originais":25,"ano":"2026","cultura":"Milho"}},{"type":"Feature","geometry":{"type":"Point","coordinates":[-52.214022885874165,-10.297304271850058]},"properties":{"Fazenda":"FE","Campo":"FE 19","produtividade":159.49936968,"unidade_produtividade":"sc/ha","pontos_originais":25,"ano":"2026","cultura":"Milho"}},{"type":"Feature","geometry":{"type":"Point","coordinates":[-52.21379461529994,-10.297305128123138]},"properties":{"Fazenda":"FE","Campo":"FE 19","produtividade":156.68973096000002,"unidade_produtividade":"sc/ha","pontos_originais":25,"ano":"2026","cultura":"Milho"}},{"type":"Feature","geometry":{"type":"Point","coordinates":[-52.21493596797092,-10.297300845148472]},"properties":{"Fazenda":"FE","Campo":"FE 19","produtividade":159.53722736,"unidade_produtividade":"sc/ha","pontos_originais":25,"ano":"2026","cultura":"Milho"}},{"type":"Feature","geometry":{"type":"Point","coordinates":[-52.21470769747676,-10.297301702065257]},"properties":{"Fazenda":"FE","Campo":"FE 19","produtividade":159.7647464,"unidade_produtividade":"sc/ha","pontos_originais":25,"ano":"2026","cultura":"Milho"}},{"type":"Feature","geometry":{"type":"Point","coordinates":[-52.212881532803,-10.297308551606232]},"properties":{"Fazenda":"FE","Campo":"FE 19","produtividade":147.91783664,"unidade_produtividade":"sc/ha","pontos_originais":25,"ano":"2026","cultura":"Milho"}},{"type":"Feature","geometry":{"type":"Point","coordinates":[-52.21265326212879,-10.297309407074692]},"properties":{"Fazenda":"FE","Campo":"FE 19","produtividade":134.18844880000003,"unidade_produtividade":"sc/ha","pontos_originais":25,"ano":"2026","cultura":"Milho"}},{"type":"Feature","geometry":{"type":"Point","coordinates":[-52.21243295381203,-10.297316129835886]},"properties":{"Fazenda":"FE","Campo":"FE 19","produtividade":120.98631695652175,"unidade_produtividade":"sc/ha","pontos_originais":23,"ano":"2026","cultura":"Milho"}},{"type":"Feature","geometry":{"type":"Point","coordinates":[-52.213566344705704,-10.297305984235297]},"properties":{"Fazenda":"FE","Campo":"FE 19","produtividade":154.88679192,"unidade_produtividade":"sc/ha","pontos_originais":25,"ano":"2026","cultura":"Milho"}},{"type":"Feature","geometry":{"type":"Point","coordinates":[-52.21333807409148,-10.297306840186534]},"properties":{"Fazenda":"FE","Campo":"FE 19","produtividade":154.42386792000002,"unidade_produtividade":"sc/ha","pontos_originais":25,"ano":"2026","cultura":"Milho"}},{"type":"Feature","geometry":{"type":"Point","coordinates":[-52.21310980345724,-10.297307695976844]},"properties":{"Fazenda":"FE","Campo":"FE 19","produtividade":154.26876415999996,"unidade_produtividade":"sc/ha","pontos_originais":25,"ano":"2026","cultura":"Milho"}},{"type":"Feature","geometry":{"type":"Point","coordinates":[-52.22224061319007,-10.297273338843766]},"properties":{"Fazenda":"FE","Campo":"FE 19","produtividade":84.68705896,"unidade_produtividade":"sc/ha","pontos_originais":25,"ano":"2026","cultura":"Milho"}},{"type":"Feature","geometry":{"type":"Point","coordinates":[-52.222012343338584,-10.29727420091009]},"properties":{"Fazenda":"FE","Campo":"FE 19","produtividade":82.45402424,"unidade_produtividade":"sc/ha","pontos_originais":25,"ano":"2026","cultura":"Milho"}},{"type":"Feature","geometry":{"type":"Point","coordinates":[-52.22452331059619,-10.297264709329784]},"properties":{"Fazenda":"FE","Campo":"FE 19","produtividade":159.31773311999999,"unidade_produtividade":"sc/ha","pontos_originais":25,"ano":"2026","cultura":"Milho"}},{"type":"Feature","geometry":{"type":"Point","coordinates":[-52.224295040946345,-10.297265573005326]},"properties":{"Fazenda":"FE","Campo":"FE 19","produtividade":158.8789384,"unidade_produtividade":"sc/ha","pontos_originais":25,"ano":"2026","cultura":"Milho"}},{"type":"Feature","geometry":{"type":"Point","coordinates":[-52.22406677127631,-10.297266436519953]},"properties":{"Fazenda":"FE","Campo":"FE 19","produtividade":158.33722016000002,"unidade_produtividade":"sc/ha","pontos_originais":25,"ano":"2026","cultura":"Milho"}},{"type":"Feature","geometry":{"type":"Point","coordinates":[-52.22383850158611,-10.297267299873655]},"properties":{"Fazenda":"FE","Campo":"FE 19","produtividade":156.52128800000003,"unidade_produtividade":"sc/ha","pontos_originais":25,"ano":"2026","cultura":"Milho"}},{"type":"Feature","geometry":{"type":"Point","coordinates":[-52.224979849835364,-10.297262981495924]},"properties":{"Fazenda":"FE","Campo":"FE 19","produtividade":161.91551488000002,"unidade_produtividade":"sc/ha","pontos_originais":25,"ano":"2026","cultura":"Milho"}},{"type":"Feature","geometry":{"type":"Point","coordinates":[-52.22475158022586,-10.297263845493317]},"properties":{"Fazenda":"FE","Campo":"FE 19","produtividade":159.37983263999996,"unidade_produtividade":"sc/ha","pontos_originais":25,"ano":"2026","cultura":"Milho"}},{"type":"Feature","geometry":{"type":"Point","coordinates":[-52.222925422623604,-10.29727075167925]},"properties":{"Fazenda":"FE","Campo":"FE 19","produtividade":135.53464623999997,"unidade_produtividade":"sc/ha","pontos_originais":25,"ano":"2026","cultura":"Milho"}},{"type":"Feature","geometry":{"type":"Point","coordinates":[-52.22315369239447,-10.297269888969232]},"properties":{"Fazenda":"FE","Campo":"FE 19","produtividade":144.91955240000001,"unidade_produtividade":"sc/ha","pontos_originais":25,"ano":"2026","cultura":"Milho"}},{"type":"Feature","geometry":{"type":"Point","coordinates":[-52.22269715283258,-10.297271614228343]},"properties":{"Fazenda":"FE","Campo":"FE 19","produtividade":118.36726831999998,"unidade_produtividade":"sc/ha","pontos_originais":25,"ano":"2026","cultura":"Milho"}},{"type":"Feature","geometry":{"type":"Point","coordinates":[-52.222468883021385,-10.297272476616515]},"properties":{"Fazenda":"FE","Campo":"FE 19","produtividade":98.64559264000003,"unidade_produtividade":"sc/ha","pontos_originais":25,"ano":"2026","cultura":"Milho"}},{"type":"Feature","geometry":{"type":"Point","coordinates":[-52.22361023187574,-10.297268163066438]},"properties":{"Fazenda":"FE","Campo":"FE 19","produtividade":151.55661024,"unidade_produtividade":"sc/ha","pontos_originais":25,"ano":"2026","cultura":"Milho"}},{"type":"Feature","geometry":{"type":"Point","coordinates":[-52.22338196214517,-10.297269026098297]},"properties":{"Fazenda":"FE","Campo":"FE 19","produtividade":148.51288759999997,"unidade_produtividade":"sc/ha","pontos_originais":25,"ano":"2026","cultura":"Milho"}},{"type":"Feature","geometry":{"type":"Point","coordinates":[-52.2249807223758,-10.297489039764894]},"properties":{"Fazenda":"FE","Campo":"FE 19","produtividade":153.71451032000002,"unidade_produtividade":"sc/ha","pontos_originais":25,"ano":"2026","cultura":"Milho"}},{"type":"Feature","geometry":{"type":"Point","coordinates":[-52.22520899212759,-10.297488175587214]},"properties":{"Fazenda":"FE","Campo":"FE 19","produtividade":157.66235799999998,"unidade_produtividade":"sc/ha","pontos_originais":25,"ano":"2026","cultura":"Milho"}},{"type":"Feature","geometry":{"type":"Point","coordinates":[-52.22475245260384,-10.297489903781647]},"properties":{"Fazenda":"FE","Campo":"FE 19","produtividade":154.45379992,"unidade_produtividade":"sc/ha","pontos_originais":25,"ano":"2026","cultura":"Milho"}},{"type":"Feature","geometry":{"type":"Point","coordinates":[-52.22452418281166,-10.297490767637477]},"properties":{"Fazenda":"FE","Campo":"FE 19","produtividade":156.38237383999999,"unidade_produtividade":"sc/ha","pontos_originais":25,"ano":"2026","cultura":"Milho"}},{"type":"Feature","geometry":{"type":"Point","coordinates":[-52.225893801261755,-10.297485582088628]},"properties":{"Fazenda":"FE","Campo":"FE 19","produtividade":164.21274576,"unidade_produtividade":"sc/ha","pontos_originais":25,"ano":"2026","cultura":"Milho"}},{"type":"Feature","geometry":{"type":"Point","coordinates":[-52.22566553157057,-10.297486446749076]},"properties":{"Fazenda":"FE","Campo":"FE 19","produtividade":162.17298327999998,"unidade_produtividade":"sc/ha","pontos_originais":25,"ano":"2026","cultura":"Milho"}},{"type":"Feature","geometry":{"type":"Point","coordinates":[-52.22543726185918,-10.297487311248608]},"properties":{"Fazenda":"FE","Campo":"FE 19","produtividade":159.5286924,"unidade_produtividade":"sc/ha","pontos_originais":25,"ano":"2026","cultura":"Milho"}},{"type":"Feature","geometry":{"type":"Point","coordinates":[-52.223611103441215,-10.297494221451544]},"properties":{"Fazenda":"FE","Campo":"FE 19","produtividade":146.95900183999998,"unidade_produtividade":"sc/ha","pontos_originais":25,"ano":"2026","cultura":"Milho"}},{"type":"Feature","geometry":{"type":"Point","coordinates":[-52.22338283354818,-10.29749508450275]},"properties":{"Fazenda":"FE","Campo":"FE 19","produtividade":139.52249920000003,"unidade_produtividade":"sc/ha","pontos_originais":25,"ano":"2026","cultura":"Milho"}},{"type":"Feature","geometry":{"type":"Point","coordinates":[-52.223154563634964,-10.29749594739303]},"properties":{"Fazenda":"FE","Campo":"FE 19","produtividade":130.09438624000003,"unidade_produtividade":"sc/ha","pontos_originais":25,"ano":"2026","cultura":"Milho"}},{"type":"Feature","geometry":{"type":"Point","coordinates":[-52.22292629370158,-10.297496810122379]},"properties":{"Fazenda":"FE","Campo":"FE 19","produtividade":121.47165072,"unidade_produtividade":"sc/ha","pontos_originais":25,"ano":"2026","cultura":"Milho"}},{"type":"Feature","geometry":{"type":"Point","coordinates":[-52.22429591299932,-10.297491631332383]},"properties":{"Fazenda":"FE","Campo":"FE 19","produtividade":158.36812040000004,"unidade_produtividade":"sc/ha","pontos_originais":25,"ano":"2026","cultura":"Milho"}},{"type":"Feature","geometry":{"type":"Point","coordinates":[-52.22406764316679,-10.297492494866363]},"properties":{"Fazenda":"FE","Campo":"FE 19","produtividade":158.04569088,"unidade_produtividade":"sc/ha","pontos_originais":25,"ano":"2026","cultura":"Milho"}},{"type":"Feature","geometry":{"type":"Point","coordinates":[-52.22383937331409,-10.297493358239416]},"properties":{"Fazenda":"FE","Campo":"FE 19","produtividade":155.054676,"unidade_produtividade":"sc/ha","pontos_originais":25,"ano":"2026","cultura":"Milho"}},{"type":"Feature","geometry":{"type":"Point","coordinates":[-52.22794822757272,-10.297477792902928]},"properties":{"Fazenda":"FE","Campo":"FE 19","produtividade":117.48543799999997,"unidade_produtividade":"sc/ha","pontos_originais":25,"ano":"2026","cultura":"Milho"}},{"type":"Feature","geometry":{"type":"Point","coordinates":[-52.228120542336136,-10.297436950318618]},"properties":{"Fazenda":"FE","Campo":"FE 19","produtividade":112.76716733333336,"unidade_produtividade":"sc/ha","pontos_originais":9,"ano":"2026","cultura":"Milho"}},{"type":"Feature","geometry":{"type":"Point","coordinates":[-52.227719958063524,-10.29747865901171]},"properties":{"Fazenda":"FE","Campo":"FE 19","produtividade":137.79038616000003,"unidade_produtividade":"sc/ha","pontos_originais":25,"ano":"2026","cultura":"Milho"}},{"type":"Feature","geometry":{"type":"Point","coordinates":[-52.22749168853408,-10.297479524959554]},"properties":{"Fazenda":"FE","Campo":"FE 19","produtividade":152.54588999999999,"unidade_produtividade":"sc/ha","pontos_originais":25,"ano":"2026","cultura":"Milho"}},{"type":"Feature","geometry":{"type":"Point","coordinates":[-52.22657861021408,-10.297482987141711]},"properties":{"Fazenda":"FE","Campo":"FE 19","produtividade":167.47700368000002,"unidade_produtividade":"sc/ha","pontos_originais":25,"ano":"2026","cultura":"Milho"}},{"type":"Feature","geometry":{"type":"Point","coordinates":[-52.226350340583515,-10.297483852284943]},"properties":{"Fazenda":"FE","Campo":"FE 19","produtividade":164.83025216000004,"unidade_produtividade":"sc/ha","pontos_originais":25,"ano":"2026","cultura":"Milho"}},{"type":"Feature","geometry":{"type":"Point","coordinates":[-52.226122070932725,-10.297484717267244]},"properties":{"Fazenda":"FE","Campo":"FE 19","produtividade":164.99154168,"unidade_produtividade":"sc/ha","pontos_originais":25,"ano":"2026","cultura":"Milho"}},{"type":"Feature","geometry":{"type":"Point","coordinates":[-52.22726341898443,-10.297480390746477]},"properties":{"Fazenda":"FE","Campo":"FE 19","produtividade":164.08217112000003,"unidade_produtividade":"sc/ha","pontos_originais":25,"ano":"2026","cultura":"Milho"}},{"type":"Feature","geometry":{"type":"Point","coordinates":[-52.22703514941454,-10.297481256372482]},"properties":{"Fazenda":"FE","Campo":"FE 19","produtividade":170.64027456,"unidade_produtividade":"sc/ha","pontos_originais":25,"ano":"2026","cultura":"Milho"}},{"type":"Feature","geometry":{"type":"Point","coordinates":[-52.2268068798244,-10.297482121837561]},"properties":{"Fazenda":"FE","Campo":"FE 19","produtividade":169.44049528,"unidade_produtividade":"sc/ha","pontos_originais":25,"ano":"2026","cultura":"Milho"}},{"type":"Feature","geometry":{"type":"Point","coordinates":[-52.219273972028894,-10.297510591906105]},"properties":{"Fazenda":"FE","Campo":"FE 19","produtividade":121.86501152,"unidade_produtividade":"sc/ha","pontos_originais":25,"ano":"2026","cultura":"Milho"}},{"type":"Feature","geometry":{"type":"Point","coordinates":[-52.21904570175336,-10.29751145189971]},"properties":{"Fazenda":"FE","Campo":"FE 19","produtividade":133.22237712,"unidade_produtividade":"sc/ha","pontos_originais":25,"ano":"2026","cultura":"Milho"}},{"type":"Feature","geometry":{"type":"Point","coordinates":[-52.21881743145776,-10.297512311732392]},"properties":{"Fazenda":"FE","Campo":"FE 19","produtividade":140.23637488000003,"unidade_produtividade":"sc/ha","pontos_originais":25,"ano":"2026","cultura":"Milho"}},{"type":"Feature","geometry":{"type":"Point","coordinates":[-52.218589161142035,-10.297513171404153]},"properties":{"Fazenda":"FE","Campo":"FE 19","produtividade":138.64759776000002,"unidade_produtividade":"sc/ha","pontos_originais":25,"ano":"2026","cultura":"Milho"}},{"type":"Feature","geometry":{"type":"Point","coordinates":[-52.21995878273488,-10.297508010959715]},"properties":{"Fazenda":"FE","Campo":"FE 19","produtividade":134.56399768000003,"unidade_produtividade":"sc/ha","pontos_originais":25,"ano":"2026","cultura":"Milho"}},{"type":"Feature","geometry":{"type":"Point","coordinates":[-52.219730512519654,-10.297508871436104]},"properties":{"Fazenda":"FE","Campo":"FE 19","produtividade":124.46541912,"unidade_produtividade":"sc/ha","pontos_originais":25,"ano":"2026","cultura":"Milho"}},{"type":"Feature","geometry":{"type":"Point","coordinates":[-52.219502242284314,-10.297509731751568]},"properties":{"Fazenda":"FE","Campo":"FE 19","produtividade":116.14836240000001,"unidade_produtividade":"sc/ha","pontos_originais":25,"ano":"2026","cultura":"Milho"}},{"type":"Feature","geometry":{"type":"Point","coordinates":[-52.21715105769202,-10.297518583641326]},"properties":{"Fazenda":"FE","Campo":"FE 19","produtividade":96.8749054,"unidade_produtividade":"sc/ha","pontos_originais":10,"ano":"2026","cultura":"Milho"}},{"type":"Feature","geometry":{"type":"Point","coordinates":[-52.217904350074384,-10.297515749453856]},"properties":{"Fazenda":"FE","Campo":"FE 19","produtividade":149.91382952,"unidade_produtividade":"sc/ha","pontos_originais":25,"ano":"2026","cultura":"Milho"}},{"type":"Feature","geometry":{"type":"Point","coordinates":[-52.21699126836986,-10.297519184600482]},"properties":{"Fazenda":"FE","Campo":"FE 19","produtividade":112.25911704,"unidade_produtividade":"sc/ha","pontos_originais":25,"ano":"2026","cultura":"Milho"}},{"type":"Feature","geometry":{"type":"Point","coordinates":[-52.21676299789355,-10.29752004298482]},"properties":{"Fazenda":"FE","Campo":"FE 19","produtividade":128.22933032,"unidade_produtividade":"sc/ha","pontos_originais":25,"ano":"2026","cultura":"Milho"}},{"type":"Feature","geometry":{"type":"Point","coordinates":[-52.21653472739723,-10.297520901208232]},"properties":{"Fazenda":"FE","Campo":"FE 19","produtividade":143.83172272,"unidade_produtividade":"sc/ha","pontos_originais":25,"ano":"2026","cultura":"Milho"}},{"type":"Feature","geometry":{"type":"Point","coordinates":[-52.218360890806245,-10.297514030914979]},"properties":{"Fazenda":"FE","Campo":"FE 19","produtividade":151.84055656,"unidade_produtividade":"sc/ha","pontos_originais":25,"ano":"2026","cultura":"Milho"}},{"type":"Feature","geometry":{"type":"Point","coordinates":[-52.21813262045035,-10.297514890264882]},"properties":{"Fazenda":"FE","Campo":"FE 19","produtividade":154.80272415999997,"unidade_produtividade":"sc/ha","pontos_originais":25,"ano":"2026","cultura":"Milho"}},{"type":"Feature","geometry":{"type":"Point","coordinates":[-52.22224148378058,-10.297499397344886]},"properties":{"Fazenda":"FE","Campo":"FE 19","produtividade":83.67457896,"unidade_produtividade":"sc/ha","pontos_originais":25,"ano":"2026","cultura":"Milho"}},{"type":"Feature","geometry":{"type":"Point","coordinates":[-52.2220132137666,-10.297500259430535]},"properties":{"Fazenda":"FE","Campo":"FE 19","produtividade":82.72757304000002,"unidade_produtividade":"sc/ha","pontos_originais":25,"ano":"2026","cultura":"Milho"}},{"type":"Feature","geometry":{"type":"Point","coordinates":[-52.22178494373248,-10.29750112135526]},"properties":{"Fazenda":"FE","Campo":"FE 19","produtividade":94.62320895999996,"unidade_produtividade":"sc/ha","pontos_originais":25,"ano":"2026","cultura":"Milho"}},{"type":"Feature","geometry":{"type":"Point","coordinates":[-52.22155667367824,-10.297501983119057]},"properties":{"Fazenda":"FE","Campo":"FE 19","produtividade":113.71778879999998,"unidade_produtividade":"sc/ha","pontos_originais":25,"ano":"2026","cultura":"Milho"}},{"type":"Feature","geometry":{"type":"Point","coordinates":[-52.22269802374807,-10.297497672690806]},"properties":{"Fazenda":"FE","Campo":"FE 19","produtividade":109.11486824000002,"unidade_produtividade":"sc/ha","pontos_originais":25,"ano":"2026","cultura":"Milho"}},{"type":"Feature","geometry":{"type":"Point","coordinates":[-52.22246975377439,-10.29749853509831]},"properties":{"Fazenda":"FE","Campo":"FE 19","produtividade":94.35597808000003,"unidade_produtividade":"sc/ha","pontos_originais":25,"ano":"2026","cultura":"Milho"}},{"type":"Feature","geometry":{"type":"Point","coordinates":[-52.220643593259894,-10.29750542856499]},"properties":{"Fazenda":"FE","Campo":"FE 19","produtividade":162.12346136000002,"unidade_produtividade":"sc/ha","pontos_originais":25,"ano":"2026","cultura":"Milho"}},{"type":"Feature","geometry":{"type":"Point","coordinates":[-52.22087186339468,-10.297504567444896]},"properties":{"Fazenda":"FE","Campo":"FE 19","produtividade":159.97754863999998,"unidade_produtividade":"sc/ha","pontos_originais":25,"ano":"2026","cultura":"Milho"}},{"type":"Feature","geometry":{"type":"Point","coordinates":[-52.220415323105016,-10.29750628952416]},"properties":{"Fazenda":"FE","Campo":"FE 19","produtividade":155.28563903999998,"unidade_produtividade":"sc/ha","pontos_originais":25,"ano":"2026","cultura":"Milho"}},{"type":"Feature","geometry":{"type":"Point","coordinates":[-52.22018705293001,-10.2975071503224]},"properties":{"Fazenda":"FE","Campo":"FE 19","produtividade":141.77711744,"unidade_produtividade":"sc/ha","pontos_originais":25,"ano":"2026","cultura":"Milho"}},{"type":"Feature","geometry":{"type":"Point","coordinates":[-52.22132840360385,-10.29750284472193]},"properties":{"Fazenda":"FE","Campo":"FE 19","produtividade":133.92557192,"unidade_produtividade":"sc/ha","pontos_originais":25,"ano":"2026","cultura":"Milho"}},{"type":"Feature","geometry":{"type":"Point","coordinates":[-52.22110013350932,-10.297503706163877]},"properties":{"Fazenda":"FE","Campo":"FE 19","produtividade":148.32199312,"unidade_produtividade":"sc/ha","pontos_originais":25,"ano":"2026","cultura":"Milho"}},{"type":"Feature","geometry":{"type":"Point","coordinates":[-52.212882396731146,-10.297534610896635]},"properties":{"Fazenda":"FE","Campo":"FE 19","produtividade":154.60452560000002,"unidade_produtividade":"sc/ha","pontos_originais":25,"ano":"2026","cultura":"Milho"}},{"type":"Feature","geometry":{"type":"Point","coordinates":[-52.21265412589442,-10.297535466384268]},"properties":{"Fazenda":"FE","Campo":"FE 19","produtividade":140.61624752,"unidade_produtividade":"sc/ha","pontos_originais":25,"ano":"2026","cultura":"Milho"}},{"type":"Feature","geometry":{"type":"Point","coordinates":[-52.21242585503771,-10.297536321710972]},"properties":{"Fazenda":"FE","Campo":"FE 19","produtividade":122.24308600000002,"unidade_produtividade":"sc/ha","pontos_originais":25,"ano":"2026","cultura":"Milho"}},{"type":"Feature","geometry":{"type":"Point","coordinates":[-52.21356720912134,-10.297532043468157]},"properties":{"Fazenda":"FE","Campo":"FE 19","produtividade":153.99767095999997,"unidade_produtividade":"sc/ha","pontos_originais":25,"ano":"2026","cultura":"Milho"}},{"type":"Feature","geometry":{"type":"Point","coordinates":[-52.213338938344606,-10.297532899438579]},"properties":{"Fazenda":"FE","Campo":"FE 19","produtividade":155.9991328,"unidade_produtividade":"sc/ha","pontos_originais":25,"ano":"2026","cultura":"Milho"}},{"type":"Feature","geometry":{"type":"Point","coordinates":[-52.21311066754786,-10.297533755248068]},"properties":{"Fazenda":"FE","Campo":"FE 19","produtividade":157.62305944000002,"unidade_produtividade":"sc/ha","pontos_originais":25,"ano":"2026","cultura":"Milho"}},{"type":"Feature","geometry":{"type":"Point","coordinates":[-52.21562164521132,-10.297524332492602]},"properties":{"Fazenda":"FE","Campo":"FE 19","produtividade":157.48483743999998,"unidade_produtividade":"sc/ha","pontos_originais":25,"ano":"2026","cultura":"Milho"}},{"type":"Feature","geometry":{"type":"Point","coordinates":[-52.21584991578788,-10.2975234749129]},"properties":{"Fazenda":"FE","Campo":"FE 19","produtividade":157.41679408,"unidade_produtividade":"sc/ha","pontos_originais":25,"ano":"2026","cultura":"Milho"}},{"type":"Feature","geometry":{"type":"Point","coordinates":[-52.21539337461478,-10.297525189911376]},"properties":{"Fazenda":"FE","Campo":"FE 19","produtividade":157.26748408,"unidade_produtividade":"sc/ha","pontos_originais":25,"ano":"2026","cultura":"Milho"}},{"type":"Feature","geometry":{"type":"Point","coordinates":[-52.21516510399817,-10.29752604716922]},"properties":{"Fazenda":"FE","Campo":"FE 19","produtividade":156.17498231999997,"unidade_produtividade":"sc/ha","pontos_originais":25,"ano":"2026","cultura":"Milho"}},{"type":"Feature","geometry":{"type":"Point","coordinates":[-52.21630645688083,-10.297521759270717]},"properties":{"Fazenda":"FE","Campo":"FE 19","produtividade":154.37192512,"unidade_produtividade":"sc/ha","pontos_originais":25,"ano":"2026","cultura":"Milho"}},{"type":"Feature","geometry":{"type":"Point","coordinates":[-52.21607818634435,-10.297522617172271]},"properties":{"Fazenda":"FE","Campo":"FE 19","produtividade":157.18084424,"unidade_produtividade":"sc/ha","pontos_originais":25,"ano":"2026","cultura":"Milho"}},{"type":"Feature","geometry":{"type":"Point","coordinates":[-52.2142520213315,-10.297529474591324]},"properties":{"Fazenda":"FE","Campo":"FE 19","produtividade":158.69322616,"unidade_produtividade":"sc/ha","pontos_originais":25,"ano":"2026","cultura":"Milho"}},{"type":"Feature","geometry":{"type":"Point","coordinates":[-52.214023750614786,-10.297530331044529]},"properties":{"Fazenda":"FE","Campo":"FE 19","produtividade":157.86675856,"unidade_produtividade":"sc/ha","pontos_originais":25,"ano":"2026","cultura":"Milho"}},{"type":"Feature","geometry":{"type":"Point","coordinates":[-52.21379547987805,-10.297531187336807]},"properties":{"Fazenda":"FE","Campo":"FE 19","produtividade":154.86331,"unidade_produtividade":"sc/ha","pontos_originais":25,"ano":"2026","cultura":"Milho"}},{"type":"Feature","geometry":{"type":"Point","coordinates":[-52.21493683336154,-10.297526904266137]},"properties":{"Fazenda":"FE","Campo":"FE 19","produtividade":156.51175231999997,"unidade_produtividade":"sc/ha","pontos_originais":25,"ano":"2026","cultura":"Milho"}},{"type":"Feature","geometry":{"type":"Point","coordinates":[-52.214708562704864,-10.29752776120213]},"properties":{"Fazenda":"FE","Campo":"FE 19","produtividade":157.42387696000003,"unidade_produtividade":"sc/ha","pontos_originais":25,"ano":"2026","cultura":"Milho"}},{"type":"Feature","geometry":{"type":"Point","coordinates":[-52.2144802920282,-10.29752861797719]},"properties":{"Fazenda":"FE","Campo":"FE 19","produtividade":157.55390448,"unidade_produtividade":"sc/ha","pontos_originais":25,"ano":"2026","cultura":"Milho"}},{"type":"Feature","geometry":{"type":"Point","coordinates":[-52.22831232136265,-10.297182531418539]},"properties":{"Fazenda":"FE","Campo":"FE 19","produtividade":109.758838,"unidade_produtividade":"sc/ha","pontos_originais":2,"ano":"2026","cultura":"Milho"}},{"type":"Feature","geometry":{"type":"Point","coordinates":[-52.223152821174146,-10.297043830542219]},"properties":{"Fazenda":"FE","Campo":"FE 19","produtividade":138.93267696000004,"unidade_produtividade":"sc/ha","pontos_originais":25,"ano":"2026","cultura":"Milho"}},{"type":"Feature","geometry":{"type":"Point","coordinates":[-52.22292455156577,-10.297044693232895]},"properties":{"Fazenda":"FE","Campo":"FE 19","produtividade":125.49241936,"unidade_produtividade":"sc/ha","pontos_originais":25,"ano":"2026","cultura":"Milho"}},{"type":"Feature","geometry":{"type":"Point","coordinates":[-52.22269628193723,-10.297045555762653]},"properties":{"Fazenda":"FE","Campo":"FE 19","produtividade":108.69930456,"unidade_produtividade":"sc/ha","pontos_originais":25,"ano":"2026","cultura":"Milho"}},{"type":"Feature","geometry":{"type":"Point","coordinates":[-52.22246801228853,-10.297046418131497]},"properties":{"Fazenda":"FE","Campo":"FE 19","produtividade":89.67858312,"unidade_produtividade":"sc/ha","pontos_originais":25,"ano":"2026","cultura":"Milho"}},{"type":"Feature","geometry":{"type":"Point","coordinates":[-52.22383762987831,-10.29704124150467]},"properties":{"Fazenda":"FE","Campo":"FE 19","produtividade":156.19812991999999,"unidade_produtividade":"sc/ha","pontos_originais":25,"ano":"2026","cultura":"Milho"}},{"type":"Feature","geometry":{"type":"Point","coordinates":[-52.223609360330435,-10.297042104678106]},"properties":{"Fazenda":"FE","Campo":"FE 19","produtividade":149.25916936000002,"unidade_produtividade":"sc/ha","pontos_originais":25,"ano":"2026","cultura":"Milho"}},{"type":"Feature","geometry":{"type":"Point","coordinates":[-52.22338109076236,-10.297042967690619]},"properties":{"Fazenda":"FE","Campo":"FE 19","produtividade":144.15542288000003,"unidade_produtividade":"sc/ha","pontos_originais":25,"ano":"2026","cultura":"Milho"}},{"type":"Feature","geometry":{"type":"Point","coordinates":[-52.2215549334923,-10.297049865997678]},"properties":{"Fazenda":"FE","Campo":"FE 19","produtividade":89.76941512000002,"unidade_produtividade":"sc/ha","pontos_originais":25,"ano":"2026","cultura":"Milho"}},{"type":"Feature","geometry":{"type":"Point","coordinates":[-52.22178320322158,-10.29704900427251]},"properties":{"Fazenda":"FE","Campo":"FE 19","produtividade":83.48943568,"unidade_produtividade":"sc/ha","pontos_originais":25,"ano":"2026","cultura":"Milho"}},{"type":"Feature","geometry":{"type":"Point","coordinates":[-52.221326663742914,-10.297050727561928]},"properties":{"Fazenda":"FE","Campo":"FE 19","produtividade":105.74255384,"unidade_produtividade":"sc/ha","pontos_originais":25,"ano":"2026","cultura":"Milho"}},{"type":"Feature","geometry":{"type":"Point","coordinates":[-52.22109839397339,-10.297051588965253]},"properties":{"Fazenda":"FE","Campo":"FE 19","produtividade":125.43867448,"unidade_produtividade":"sc/ha","pontos_originais":25,"ano":"2026","cultura":"Milho"}},{"type":"Feature","geometry":{"type":"Point","coordinates":[-52.222239742619706,-10.297047280339418]},"properties":{"Fazenda":"FE","Campo":"FE 19","produtividade":79.30118840000002,"unidade_produtividade":"sc/ha","pontos_originais":25,"ano":"2026","cultura":"Milho"}},{"type":"Feature","geometry":{"type":"Point","coordinates":[-52.22201147293071,-10.297048142386421]},"properties":{"Fazenda":"FE","Campo":"FE 19","produtividade":78.50768464,"unidade_produtividade":"sc/ha","pontos_originais":25,"ano":"2026","cultura":"Milho"}},{"type":"Feature","geometry":{"type":"Point","coordinates":[-52.22589205490112,-10.297033465702471]},"properties":{"Fazenda":"FE","Campo":"FE 19","produtividade":162.51633048,"unidade_produtividade":"sc/ha","pontos_originais":25,"ano":"2026","cultura":"Milho"}},{"type":"Feature","geometry":{"type":"Point","coordinates":[-52.22612032424709,-10.297032600919858]},"properties":{"Fazenda":"FE","Campo":"FE 19","produtividade":162.57790416,"unidade_produtividade":"sc/ha","pontos_originais":25,"ano":"2026","cultura":"Milho"}},{"type":"Feature","geometry":{"type":"Point","coordinates":[-52.22566378553489,-10.297034330324166]},"properties":{"Fazenda":"FE","Campo":"FE 19","produtividade":160.52798104,"unidade_produtividade":"sc/ha","pontos_originais":25,"ano":"2026","cultura":"Milho"}},{"type":"Feature","geometry":{"type":"Point","coordinates":[-52.225435516148494,-10.29703519478494]},"properties":{"Fazenda":"FE","Campo":"FE 19","produtividade":159.43440184,"unidade_produtividade":"sc/ha","pontos_originais":25,"ano":"2026","cultura":"Milho"}},{"type":"Feature","geometry":{"type":"Point","coordinates":[-52.2268051321638,-10.297030005606523]},"properties":{"Fazenda":"FE","Campo":"FE 19","produtividade":161.31157224000003,"unidade_produtividade":"sc/ha","pontos_originais":25,"ano":"2026","cultura":"Milho"}},{"type":"Feature","geometry":{"type":"Point","coordinates":[-52.22657686287845,-10.297030870871884]},"properties":{"Fazenda":"FE","Campo":"FE 19","produtividade":161.01895207999996,"unidade_produtividade":"sc/ha","pontos_originais":25,"ano":"2026","cultura":"Milho"}},{"type":"Feature","geometry":{"type":"Point","coordinates":[-52.22634859357289,-10.297031735976331]},"properties":{"Fazenda":"FE","Campo":"FE 19","produtividade":161.69106352,"unidade_produtividade":"sc/ha","pontos_originais":25,"ano":"2026","cultura":"Milho"}},{"type":"Feature","geometry":{"type":"Point","coordinates":[-52.22452243840091,-10.297038651018866]},"properties":{"Fazenda":"FE","Campo":"FE 19","produtividade":164.58606528,"unidade_produtividade":"sc/ha","pontos_originais":25,"ano":"2026","cultura":"Milho"}},{"type":"Feature","geometry":{"type":"Point","coordinates":[-52.22429416891356,-10.29703951467505]},"properties":{"Fazenda":"FE","Campo":"FE 19","produtividade":163.73935928,"unidade_produtividade":"sc/ha","pontos_originais":25,"ano":"2026","cultura":"Milho"}},{"type":"Feature","geometry":{"type":"Point","coordinates":[-52.22406589940601,-10.29704037817032]},"properties":{"Fazenda":"FE","Campo":"FE 19","produtividade":160.34645816,"unidade_produtividade":"sc/ha","pontos_originais":25,"ano":"2026","cultura":"Milho"}},{"type":"Feature","geometry":{"type":"Point","coordinates":[-52.22520724674188,-10.297036059084798]},"properties":{"Fazenda":"FE","Campo":"FE 19","produtividade":160.02521303999998,"unidade_produtividade":"sc/ha","pontos_originais":25,"ano":"2026","cultura":"Milho"}},{"type":"Feature","geometry":{"type":"Point","coordinates":[-52.22497897731509,-10.297036923223736]},"properties":{"Fazenda":"FE","Campo":"FE 19","produtividade":162.47872424000002,"unidade_produtividade":"sc/ha","pontos_originais":25,"ano":"2026","cultura":"Milho"}},{"type":"Feature","geometry":{"type":"Point","coordinates":[-52.22475070786809,-10.297037787201761]},"properties":{"Fazenda":"FE","Campo":"FE 19","produtividade":163.84702711999998,"unidade_produtividade":"sc/ha","pontos_originais":25,"ano":"2026","cultura":"Milho"}},{"type":"Feature","geometry":{"type":"Point","coordinates":[-52.21584818372671,-10.29707135682808]},"properties":{"Fazenda":"FE","Campo":"FE 19","produtividade":163.69161479999997,"unidade_produtividade":"sc/ha","pontos_originais":25,"ano":"2026","cultura":"Milho"}},{"type":"Feature","geometry":{"type":"Point","coordinates":[-52.215619913475166,-10.297072214369338]},"properties":{"Fazenda":"FE","Campo":"FE 19","produtividade":163.48541216,"unidade_produtividade":"sc/ha","pontos_originais":25,"ano":"2026","cultura":"Milho"}},{"type":"Feature","geometry":{"type":"Point","coordinates":[-52.21539164320357,-10.297073071749676]},"properties":{"Fazenda":"FE","Campo":"FE 19","produtividade":163.72678168,"unidade_produtividade":"sc/ha","pontos_originais":25,"ano":"2026","cultura":"Milho"}},{"type":"Feature","geometry":{"type":"Point","coordinates":[-52.21516337291198,-10.29707392896909]},"properties":{"Fazenda":"FE","Campo":"FE 19","produtividade":163.79393016000003,"unidade_produtividade":"sc/ha","pontos_originais":25,"ano":"2026","cultura":"Milho"}},{"type":"Feature","geometry":{"type":"Point","coordinates":[-52.21653299436109,-10.297068783238787]},"properties":{"Fazenda":"FE","Campo":"FE 19","produtividade":148.18077288,"unidade_produtividade":"sc/ha","pontos_originais":25,"ano":"2026","cultura":"Milho"}},{"type":"Feature","geometry":{"type":"Point","coordinates":[-52.216304724169675,-10.297069641262803]},"properties":{"Fazenda":"FE","Campo":"FE 19","produtividade":159.55480296,"unidade_produtividade":"sc/ha","pontos_originais":25,"ano":"2026","cultura":"Milho"}},{"type":"Feature","geometry":{"type":"Point","coordinates":[-52.2160764539582,-10.297070499125901]},"properties":{"Fazenda":"FE","Campo":"FE 19","produtividade":163.36040839999998,"unidade_produtividade":"sc/ha","pontos_originais":25,"ano":"2026","cultura":"Milho"}},{"type":"Feature","geometry":{"type":"Point","coordinates":[-52.214250291545284,-10.297077356237548]},"properties":{"Fazenda":"FE","Campo":"FE 19","produtividade":162.6131696,"unidade_produtividade":"sc/ha","pontos_originais":25,"ano":"2026","cultura":"Milho"}},{"type":"Feature","geometry":{"type":"Point","coordinates":[-52.214478561916984,-10.297076499661816]},"properties":{"Fazenda":"FE","Campo":"FE 19","produtividade":160.991138,"unidade_produtividade":"sc/ha","pontos_originais":25,"ano":"2026","cultura":"Milho"}},{"type":"Feature","geometry":{"type":"Point","coordinates":[-52.21402202115355,-10.297078212652359]},"properties":{"Fazenda":"FE","Campo":"FE 19","produtividade":163.17569968,"unidade_produtividade":"sc/ha","pontos_originais":25,"ano":"2026","cultura":"Milho"}},{"type":"Feature","geometry":{"type":"Point","coordinates":[-52.21379375074184,-10.29707906890625]},"properties":{"Fazenda":"FE","Campo":"FE 19","produtividade":162.11397776,"unidade_produtividade":"sc/ha","pontos_originais":25,"ano":"2026","cultura":"Milho"}},{"type":"Feature","geometry":{"type":"Point","coordinates":[-52.21493510260033,-10.297074786027588]},"properties":{"Fazenda":"FE","Campo":"FE 19","produtividade":161.48534416,"unidade_produtividade":"sc/ha","pontos_originais":25,"ano":"2026","cultura":"Milho"}},{"type":"Feature","geometry":{"type":"Point","coordinates":[-52.21470683226868,-10.297075642925163]},"properties":{"Fazenda":"FE","Campo":"FE 19","produtividade":160.42004496,"unidade_produtividade":"sc/ha","pontos_originais":25,"ano":"2026","cultura":"Milho"}},{"type":"Feature","geometry":{"type":"Point","coordinates":[-52.22018531469403,-10.29705503296938]},"properties":{"Fazenda":"FE","Campo":"FE 19","produtividade":141.29905328000004,"unidade_produtividade":"sc/ha","pontos_originais":25,"ano":"2026","cultura":"Milho"}},{"type":"Feature","geometry":{"type":"Point","coordinates":[-52.21995704482389,-10.297055893568118]},"properties":{"Fazenda":"FE","Campo":"FE 19","produtividade":136.98961807999999,"unidade_produtividade":"sc/ha","pontos_originais":25,"ano":"2026","cultura":"Milho"}},{"type":"Feature","geometry":{"type":"Point","coordinates":[-52.219728774933635,-10.297056754005935]},"properties":{"Fazenda":"FE","Campo":"FE 19","produtividade":136.08496104000002,"unidade_produtividade":"sc/ha","pontos_originais":25,"ano":"2026","cultura":"Milho"}},{"type":"Feature","geometry":{"type":"Point","coordinates":[-52.219500505023305,-10.297057614282828]},"properties":{"Fazenda":"FE","Campo":"FE 19","produtividade":134.54501592,"unidade_produtividade":"sc/ha","pontos_originais":25,"ano":"2026","cultura":"Milho"}},{"type":"Feature","geometry":{"type":"Point","coordinates":[-52.22087012418372,-10.297052450207666]},"properties":{"Fazenda":"FE","Campo":"FE 19","produtividade":148.15685471999998,"unidade_produtividade":"sc/ha","pontos_originais":25,"ano":"2026","cultura":"Milho"}},{"type":"Feature","geometry":{"type":"Point","coordinates":[-52.22064185437394,-10.297053311289154]},"properties":{"Fazenda":"FE","Campo":"FE 19","produtividade":156.86814415999999,"unidade_produtividade":"sc/ha","pontos_originais":25,"ano":"2026","cultura":"Milho"}},{"type":"Feature","geometry":{"type":"Point","coordinates":[-52.22041358454402,-10.297054172209728]},"properties":{"Fazenda":"FE","Campo":"FE 19","produtividade":151.73519087999998,"unidade_produtividade":"sc/ha","pontos_originais":25,"ano":"2026","cultura":"Milho"}},{"type":"Feature","geometry":{"type":"Point","coordinates":[-52.21720254551947,-10.297055500730462]},"properties":{"Fazenda":"FE","Campo":"FE 19","produtividade":97.08702266666667,"unidade_produtividade":"sc/ha","pontos_originais":21,"ano":"2026","cultura":"Milho"}},{"type":"Feature","geometry":{"type":"Point","coordinates":[-52.21881951413901,-10.297063947466429]},"properties":{"Fazenda":"FE","Campo":"FE 19","produtividade":102.15347858333335,"unidade_produtividade":"sc/ha","pontos_originais":24,"ano":"2026","cultura":"Milho"}},{"type":"Feature","geometry":{"type":"Point","coordinates":[-52.216989534683734,-10.29706706670799]},"properties":{"Fazenda":"FE","Campo":"FE 19","produtividade":112.05916175999997,"unidade_produtividade":"sc/ha","pontos_originais":25,"ano":"2026","cultura":"Milho"}},{"type":"Feature","geometry":{"type":"Point","coordinates":[-52.21676126453242,-10.297067925053847]},"properties":{"Fazenda":"FE","Campo":"FE 19","produtividade":130.16520328000001,"unidade_produtividade":"sc/ha","pontos_originais":25,"ano":"2026","cultura":"Milho"}},{"type":"Feature","geometry":{"type":"Point","coordinates":[-52.219272235092866,-10.297058474398803]},"properties":{"Fazenda":"FE","Campo":"FE 19","produtividade":127.75227528,"unidade_produtividade":"sc/ha","pontos_originais":25,"ano":"2026","cultura":"Milho"}},{"type":"Feature","geometry":{"type":"Point","coordinates":[-52.21904396514233,-10.29705933435386]},"properties":{"Fazenda":"FE","Campo":"FE 19","produtividade":110.90970128000001,"unidade_produtividade":"sc/ha","pontos_originais":25,"ano":"2026","cultura":"Milho"}},{"type":"Feature","geometry":{"type":"Point","coordinates":[-52.21288066889488,-10.297082492312606]},"properties":{"Fazenda":"FE","Campo":"FE 19","produtividade":140.11799367999996,"unidade_produtividade":"sc/ha","pontos_originais":25,"ano":"2026","cultura":"Milho"}},{"type":"Feature","geometry":{"type":"Point","coordinates":[-52.21265239838314,-10.297083347761891]},"properties":{"Fazenda":"FE","Campo":"FE 19","produtividade":126.92035944,"unidade_produtividade":"sc/ha","pontos_originais":25,"ano":"2026","cultura":"Milho"}},{"type":"Feature","geometry":{"type":"Point","coordinates":[-52.2124545927085,-10.297091624335216]},"properties":{"Fazenda":"FE","Campo":"FE 19","produtividade":121.24226877777781,"unidade_produtividade":"sc/ha","pontos_originais":18,"ano":"2026","cultura":"Milho"}},{"type":"Feature","geometry":{"type":"Point","coordinates":[-52.22834590556411,-10.297012857961947]},"properties":{"Fazenda":"FE","Campo":"FE 19","produtividade":114.78944283333333,"unidade_produtividade":"sc/ha","pontos_originais":12,"ano":"2026","cultura":"Milho"}},{"type":"Feature","geometry":{"type":"Point","coordinates":[-52.21356548031009,-10.297079924999222]},"properties":{"Fazenda":"FE","Campo":"FE 19","produtividade":160.66282680000003,"unidade_produtividade":"sc/ha","pontos_originais":25,"ano":"2026","cultura":"Milho"}},{"type":"Feature","geometry":{"type":"Point","coordinates":[-52.21333720985834,-10.297080780931271]},"properties":{"Fazenda":"FE","Campo":"FE 19","produtividade":157.59760408,"unidade_produtividade":"sc/ha","pontos_originais":25,"ano":"2026","cultura":"Milho"}},{"type":"Feature","geometry":{"type":"Point","coordinates":[-52.2131089393866,-10.297081636702401]},"properties":{"Fazenda":"FE","Campo":"FE 19","produtividade":151.65125528,"unidade_produtividade":"sc/ha","pontos_originais":25,"ano":"2026","cultura":"Milho"}},{"type":"Feature","geometry":{"type":"Point","coordinates":[-52.22748993989853,-10.297027408844931]},"properties":{"Fazenda":"FE","Campo":"FE 19","produtividade":153.574596,"unidade_produtividade":"sc/ha","pontos_originais":25,"ano":"2026","cultura":"Milho"}},{"type":"Feature","geometry":{"type":"Point","coordinates":[-52.22726167067384,-10.297028274593044]},"properties":{"Fazenda":"FE","Campo":"FE 19","produtividade":157.25337544,"unidade_produtividade":"sc/ha","pontos_originais":25,"ano":"2026","cultura":"Milho"}},{"type":"Feature","geometry":{"type":"Point","coordinates":[-52.22703340142894,-10.297029140180241]},"properties":{"Fazenda":"FE","Campo":"FE 19","produtividade":160.69190312,"unidade_produtividade":"sc/ha","pontos_originais":25,"ano":"2026","cultura":"Milho"}},{"type":"Feature","geometry":{"type":"Point","coordinates":[-52.22817474745118,-10.297024810635087]},"properties":{"Fazenda":"FE","Campo":"FE 19","produtividade":126.41195000000002,"unidade_produtividade":"sc/ha","pontos_originais":25,"ano":"2026","cultura":"Milho"}},{"type":"Feature","geometry":{"type":"Point","coordinates":[-52.227946478287194,-10.297025676865951]},"properties":{"Fazenda":"FE","Campo":"FE 19","produtividade":142.45584248,"unidade_produtividade":"sc/ha","pontos_originais":25,"ano":"2026","cultura":"Milho"}},{"type":"Feature","geometry":{"type":"Point","coordinates":[-52.227718209102974,-10.297026542935901]},"properties":{"Fazenda":"FE","Campo":"FE 19","produtividade":152.92212487999998,"unidade_produtividade":"sc/ha","pontos_originais":25,"ano":"2026","cultura":"Milho"}},{"type":"Feature","geometry":{"type":"Point","coordinates":[-52.21866380451871,-10.297136120196521]},"properties":{"Fazenda":"FE","Campo":"FE 19","produtividade":108.019842,"unidade_produtividade":"sc/ha","pontos_originais":3,"ano":"2026","cultura":"Milho"}},{"type":"Feature","geometry":{"type":"Point","coordinates":[-52.2173544200525,-10.296975269458738]},"properties":{"Fazenda":"FE","Campo":"FE 19","produtividade":92.28541,"unidade_produtividade":"sc/ha","pontos_originais":1,"ano":"2026","cultura":"Milho"}},{"type":"Feature","geometry":{"type":"Point","coordinates":[-52.225886816304026,-10.29567711646663]},"properties":{"Fazenda":"FE","Campo":"FE 19","produtividade":159.04609896,"unidade_produtividade":"sc/ha","pontos_originais":25,"ano":"2026","cultura":"Milho"}},{"type":"Feature","geometry":{"type":"Point","coordinates":[-52.226115084675165,-10.295676251800321]},"properties":{"Fazenda":"FE","Campo":"FE 19","produtividade":166.31749791999994,"unidade_produtividade":"sc/ha","pontos_originais":25,"ano":"2026","cultura":"Milho"}},{"type":"Feature","geometry":{"type":"Point","coordinates":[-52.2256585479127,-10.295677980972041]},"properties":{"Fazenda":"FE","Campo":"FE 19","produtividade":142.32260839999998,"unidade_produtividade":"sc/ha","pontos_originais":25,"ano":"2026","cultura":"Milho"}},{"type":"Feature","geometry":{"type":"Point","coordinates":[-52.225430279501154,-10.295678845316553]},"properties":{"Fazenda":"FE","Campo":"FE 19","produtividade":122.7815932,"unidade_produtividade":"sc/ha","pontos_originais":25,"ano":"2026","cultura":"Milho"}},{"type":"Feature","geometry":{"type":"Point","coordinates":[-52.22679988966727,-10.29567365683603]},"properties":{"Fazenda":"FE","Campo":"FE 19","produtividade":170.99105128,"unidade_produtividade":"sc/ha","pontos_originais":25,"ano":"2026","cultura":"Milho"}},{"type":"Feature","geometry":{"type":"Point","coordinates":[-52.22657162135679,-10.295674521985024]},"properties":{"Fazenda":"FE","Campo":"FE 19","produtividade":171.02451295999998,"unidade_produtividade":"sc/ha","pontos_originais":25,"ano":"2026","cultura":"Milho"}},{"type":"Feature","geometry":{"type":"Point","coordinates":[-52.226343353026074,-10.29567538697312]},"properties":{"Fazenda":"FE","Campo":"FE 19","produtividade":169.38945128,"unidade_produtividade":"sc/ha","pontos_originais":25,"ano":"2026","cultura":"Milho"}},{"type":"Feature","geometry":{"type":"Point","coordinates":[-52.22451720565307,-10.295682301085654]},"properties":{"Fazenda":"FE","Campo":"FE 19","produtividade":82.18940968000001,"unidade_produtividade":"sc/ha","pontos_originais":25,"ano":"2026","cultura":"Milho"}},{"type":"Feature","geometry":{"type":"Point","coordinates":[-52.22428893714057,-10.295683164625686]},"properties":{"Fazenda":"FE","Campo":"FE 19","produtividade":92.83653904,"unidade_produtividade":"sc/ha","pontos_originais":25,"ano":"2026","cultura":"Milho"}},{"type":"Feature","geometry":{"type":"Point","coordinates":[-52.2240606686079,-10.295684028004823]},"properties":{"Fazenda":"FE","Campo":"FE 19","produtividade":104.57409815999998,"unidade_produtividade":"sc/ha","pontos_originais":25,"ano":"2026","cultura":"Milho"}},{"type":"Feature","geometry":{"type":"Point","coordinates":[-52.22383240005505,-10.295684891223063]},"properties":{"Fazenda":"FE","Campo":"FE 19","produtividade":111.85519631999998,"unidade_produtividade":"sc/ha","pontos_originais":25,"ano":"2026","cultura":"Milho"}},{"type":"Feature","geometry":{"type":"Point","coordinates":[-52.22520201106941,-10.295679709500172]},"properties":{"Fazenda":"FE","Campo":"FE 19","produtividade":105.52448984,"unidade_produtividade":"sc/ha","pontos_originais":25,"ano":"2026","cultura":"Milho"}},{"type":"Feature","geometry":{"type":"Point","coordinates":[-52.22497374261748,-10.295680573522896]},"properties":{"Fazenda":"FE","Campo":"FE 19","produtividade":87.0549848,"unidade_produtividade":"sc/ha","pontos_originais":25,"ano":"2026","cultura":"Milho"}},{"type":"Feature","geometry":{"type":"Point","coordinates":[-52.22474547414539,-10.295681437384719]},"properties":{"Fazenda":"FE","Campo":"FE 19","produtividade":78.70836848,"unidade_produtividade":"sc/ha","pontos_originais":25,"ano":"2026","cultura":"Milho"}},{"type":"Feature","geometry":{"type":"Point","coordinates":[-52.213332024879584,-10.295724425332011]},"properties":{"Fazenda":"FE","Campo":"FE 19","produtividade":122.42238791999998,"unidade_produtividade":"sc/ha","pontos_originais":25,"ano":"2026","cultura":"Milho"}},{"type":"Feature","geometry":{"type":"Point","coordinates":[-52.21356029435643,-10.295723569515078]},"properties":{"Fazenda":"FE","Campo":"FE 19","produtividade":117.84943184,"unidade_produtividade":"sc/ha","pontos_originais":25,"ano":"2026","cultura":"Milho"}},{"type":"Feature","geometry":{"type":"Point","coordinates":[-52.21310375538273,-10.295725280988044]},"properties":{"Fazenda":"FE","Campo":"FE 19","produtividade":123.80918983999996,"unidade_produtividade":"sc/ha","pontos_originais":25,"ano":"2026","cultura":"Milho"}},{"type":"Feature","geometry":{"type":"Point","coordinates":[-52.2128754858659,-10.29572613648318]},"properties":{"Fazenda":"FE","Campo":"FE 19","produtividade":120.26295848000001,"unidade_produtividade":"sc/ha","pontos_originais":25,"ano":"2026","cultura":"Milho"}},{"type":"Feature","geometry":{"type":"Point","coordinates":[-52.21401683325011,-10.29572185739851]},"properties":{"Fazenda":"FE","Campo":"FE 19","produtividade":133.3746736,"unidade_produtividade":"sc/ha","pontos_originais":25,"ano":"2026","cultura":"Milho"}},{"type":"Feature","geometry":{"type":"Point","coordinates":[-52.21424510266696,-10.295721001098876]},"properties":{"Fazenda":"FE","Campo":"FE 19","produtividade":145.70449543999996,"unidade_produtividade":"sc/ha","pontos_originais":25,"ano":"2026","cultura":"Milho"}},{"type":"Feature","geometry":{"type":"Point","coordinates":[-52.21378856381329,-10.295722713537243]},"properties":{"Fazenda":"FE","Campo":"FE 19","produtividade":121.50359368000001,"unidade_produtividade":"sc/ha","pontos_originais":25,"ano":"2026","cultura":"Milho"}},{"type":"Feature","geometry":{"type":"Point","coordinates":[-52.227484694477404,-10.295671060423677]},"properties":{"Fazenda":"FE","Campo":"FE 19","produtividade":165.98447936,"unidade_produtividade":"sc/ha","pontos_originais":25,"ano":"2026","cultura":"Milho"}},{"type":"Feature","geometry":{"type":"Point","coordinates":[-52.2272564262276,-10.295671926055356]},"properties":{"Fazenda":"FE","Campo":"FE 19","produtividade":171.87089247999992,"unidade_produtividade":"sc/ha","pontos_originais":25,"ano":"2026","cultura":"Milho"}},{"type":"Feature","geometry":{"type":"Point","coordinates":[-52.22702815795754,-10.295672791526142]},"properties":{"Fazenda":"FE","Campo":"FE 19","produtividade":171.62628112000002,"unidade_produtividade":"sc/ha","pontos_originais":25,"ano":"2026","cultura":"Milho"}},{"type":"Feature","geometry":{"type":"Point","coordinates":[-52.2126821586217,-10.295734839580073]},"properties":{"Fazenda":"FE","Campo":"FE 19","produtividade":117.45044788235296,"unidade_produtividade":"sc/ha","pontos_originais":17,"ano":"2026","cultura":"Milho"}},{"type":"Feature","geometry":{"type":"Point","coordinates":[-52.22811686220247,-10.29567909590178]},"properties":{"Fazenda":"FE","Campo":"FE 19","produtividade":127.19956738461539,"unidade_produtividade":"sc/ha","pontos_originais":13,"ano":"2026","cultura":"Milho"}},{"type":"Feature","geometry":{"type":"Point","coordinates":[-52.22794123091635,-10.29566932867763]},"properties":{"Fazenda":"FE","Campo":"FE 19","produtividade":134.41609047999998,"unidade_produtividade":"sc/ha","pontos_originais":25,"ano":"2026","cultura":"Milho"}},{"type":"Feature","geometry":{"type":"Point","coordinates":[-52.22771296270701,-10.2956701946311]},"properties":{"Fazenda":"FE","Campo":"FE 19","produtividade":152.07490368000003,"unidade_produtividade":"sc/ha","pontos_originais":25,"ano":"2026","cultura":"Milho"}},{"type":"Feature","geometry":{"type":"Point","coordinates":[-52.22018010046875,-10.295698680832961]},"properties":{"Fazenda":"FE","Campo":"FE 19","produtividade":96.36152231999996,"unidade_produtividade":"sc/ha","pontos_originais":25,"ano":"2026","cultura":"Milho"}},{"type":"Feature","geometry":{"type":"Point","coordinates":[-52.21995183157351,-10.295699541315955]},"properties":{"Fazenda":"FE","Campo":"FE 19","produtividade":102.07929591999999,"unidade_produtividade":"sc/ha","pontos_originais":25,"ano":"2026","cultura":"Milho"}},{"type":"Feature","geometry":{"type":"Point","coordinates":[-52.219723562658146,-10.295700401638051]},"properties":{"Fazenda":"FE","Campo":"FE 19","produtividade":118.7815832,"unidade_produtividade":"sc/ha","pontos_originais":25,"ano":"2026","cultura":"Milho"}},{"type":"Feature","geometry":{"type":"Point","coordinates":[-52.21949529372267,-10.29570126179925]},"properties":{"Fazenda":"FE","Campo":"FE 19","produtividade":117.41934567999999,"unidade_produtividade":"sc/ha","pontos_originais":25,"ano":"2026","cultura":"Milho"}},{"type":"Feature","geometry":{"type":"Point","coordinates":[-52.22086490703383,-10.2956960984186]},"properties":{"Fazenda":"FE","Campo":"FE 19","produtividade":100.60816639999999,"unidade_produtividade":"sc/ha","pontos_originais":25,"ano":"2026","cultura":"Milho"}},{"type":"Feature","geometry":{"type":"Point","coordinates":[-52.22063663819892,-10.295696959384285]},"properties":{"Fazenda":"FE","Campo":"FE 19","produtividade":104.92913815999998,"unidade_produtividade":"sc/ha","pontos_originais":25,"ano":"2026","cultura":"Milho"}},{"type":"Feature","geometry":{"type":"Point","coordinates":[-52.220408369343886,-10.295697820189071]},"properties":{"Fazenda":"FE","Campo":"FE 19","produtividade":101.85915320000002,"unidade_produtividade":"sc/ha","pontos_originais":25,"ano":"2026","cultura":"Milho"}},{"type":"Feature","geometry":{"type":"Point","coordinates":[-52.21812567968791,-10.295706419387578]},"properties":{"Fazenda":"FE","Campo":"FE 19","produtividade":75.28576328,"unidade_produtividade":"sc/ha","pontos_originais":25,"ano":"2026","cultura":"Milho"}},{"type":"Feature","geometry":{"type":"Point","coordinates":[-52.21789741061183,-10.295707278422487]},"properties":{"Fazenda":"FE","Campo":"FE 19","produtividade":90.17337784000001,"unidade_produtividade":"sc/ha","pontos_originais":25,"ano":"2026","cultura":"Milho"}},{"type":"Feature","geometry":{"type":"Point","coordinates":[-52.21766914151568,-10.2957081372965]},"properties":{"Fazenda":"FE","Campo":"FE 19","produtividade":111.04076312,"unidade_produtividade":"sc/ha","pontos_originais":25,"ano":"2026","cultura":"Milho"}},{"type":"Feature","geometry":{"type":"Point","coordinates":[-52.21744087239945,-10.295708996009619]},"properties":{"Fazenda":"FE","Campo":"FE 19","produtividade":135.29242664,"unidade_produtividade":"sc/ha","pontos_originais":25,"ano":"2026","cultura":"Milho"}},{"type":"Feature","geometry":{"type":"Point","coordinates":[-52.21926702476711,-10.295702121799545]},"properties":{"Fazenda":"FE","Campo":"FE 19","produtividade":106.97324511999997,"unidade_produtividade":"sc/ha","pontos_originais":25,"ano":"2026","cultura":"Milho"}},{"type":"Feature","geometry":{"type":"Point","coordinates":[-52.21835012979745,-10.295701806865885]},"properties":{"Fazenda":"FE","Campo":"FE 19","produtividade":68.16378158333333,"unidade_produtividade":"sc/ha","pontos_originais":24,"ano":"2026","cultura":"Milho"}},{"type":"Feature","geometry":{"type":"Point","coordinates":[-52.21911709386022,-10.29572206332862]},"properties":{"Fazenda":"FE","Campo":"FE 19","produtividade":97.14687799999999,"unidade_produtividade":"sc/ha","pontos_originais":7,"ano":"2026","cultura":"Milho"}},{"type":"Feature","geometry":{"type":"Point","coordinates":[-52.22314759427552,-10.295687479912408]},"properties":{"Fazenda":"FE","Campo":"FE 19","produtividade":140.07095536,"unidade_produtividade":"sc/ha","pontos_originais":25,"ano":"2026","cultura":"Milho"}},{"type":"Feature","geometry":{"type":"Point","coordinates":[-52.222919325642,-10.295688342487065]},"properties":{"Fazenda":"FE","Campo":"FE 19","produtividade":153.20672303999996,"unidade_produtividade":"sc/ha","pontos_originais":25,"ano":"2026","cultura":"Milho"}},{"type":"Feature","geometry":{"type":"Point","coordinates":[-52.22269105698834,-10.295689204900823]},"properties":{"Fazenda":"FE","Campo":"FE 19","produtividade":159.32427784,"unidade_produtividade":"sc/ha","pontos_originais":25,"ano":"2026","cultura":"Milho"}},{"type":"Feature","geometry":{"type":"Point","coordinates":[-52.222462788314516,-10.295690067153684]},"properties":{"Fazenda":"FE","Campo":"FE 19","produtividade":158.60239472,"unidade_produtividade":"sc/ha","pontos_originais":25,"ano":"2026","cultura":"Milho"}},{"type":"Feature","geometry":{"type":"Point","coordinates":[-52.223604131482055,-10.29568575428041]},"properties":{"Fazenda":"FE","Campo":"FE 19","produtividade":118.1314848,"unidade_produtividade":"sc/ha","pontos_originais":25,"ano":"2026","cultura":"Milho"}},{"type":"Feature","geometry":{"type":"Point","coordinates":[-52.22337586288886,-10.295686617176857]},"properties":{"Fazenda":"FE","Campo":"FE 19","produtividade":127.90502368000001,"unidade_produtividade":"sc/ha","pontos_originais":25,"ano":"2026","cultura":"Milho"}},{"type":"Feature","geometry":{"type":"Point","coordinates":[-52.22154971341779,-10.295693514556163]},"properties":{"Fazenda":"FE","Campo":"FE 19","produtividade":115.95287984000001,"unidade_produtividade":"sc/ha","pontos_originais":25,"ano":"2026","cultura":"Milho"}},{"type":"Feature","geometry":{"type":"Point","coordinates":[-52.22177798217219,-10.295692652946888]},"properties":{"Fazenda":"FE","Campo":"FE 19","produtividade":136.60780896,"unidade_produtividade":"sc/ha","pontos_originais":25,"ano":"2026","cultura":"Milho"}},{"type":"Feature","geometry":{"type":"Point","coordinates":[-52.22132144464327,-10.295694376004537]},"properties":{"Fazenda":"FE","Campo":"FE 19","produtividade":96.81620088000001,"unidade_produtividade":"sc/ha","pontos_originais":25,"ano":"2026","cultura":"Milho"}},{"type":"Feature","geometry":{"type":"Point","coordinates":[-52.22109317584861,-10.295695237292017]},"properties":{"Fazenda":"FE","Campo":"FE 19","produtividade":93.61797480000001,"unidade_produtividade":"sc/ha","pontos_originais":25,"ano":"2026","cultura":"Milho"}},{"type":"Feature","geometry":{"type":"Point","coordinates":[-52.22223451962055,-10.295690929245648]},"properties":{"Fazenda":"FE","Campo":"FE 19","produtividade":156.26124472,"unidade_produtividade":"sc/ha","pontos_originais":25,"ano":"2026","cultura":"Milho"}},{"type":"Feature","geometry":{"type":"Point","coordinates":[-52.22200625090643,-10.295691791176717]},"properties":{"Fazenda":"FE","Campo":"FE 19","produtividade":153.11765672,"unidade_produtividade":"sc/ha","pontos_originais":25,"ano":"2026","cultura":"Milho"}},{"type":"Feature","geometry":{"type":"Point","coordinates":[-52.21447337206378,-10.295720144638342]},"properties":{"Fazenda":"FE","Campo":"FE 19","produtividade":156.5174296,"unidade_produtividade":"sc/ha","pontos_originais":25,"ano":"2026","cultura":"Milho"}},{"type":"Feature","geometry":{"type":"Point","coordinates":[-52.21652779573389,-10.295712429253092]},"properties":{"Fazenda":"FE","Campo":"FE 19","produtividade":169.38246528,"unidade_produtividade":"sc/ha","pontos_originais":25,"ano":"2026","cultura":"Milho"}},{"type":"Feature","geometry":{"type":"Point","coordinates":[-52.21675606493038,-10.295711571183572]},"properties":{"Fazenda":"FE","Campo":"FE 19","produtividade":171.23275904000002,"unidade_produtividade":"sc/ha","pontos_originais":25,"ano":"2026","cultura":"Milho"}},{"type":"Feature","geometry":{"type":"Point","coordinates":[-52.216299526517375,-10.295713287161718]},"properties":{"Fazenda":"FE","Campo":"FE 19","produtividade":166.70695048,"unidade_produtividade":"sc/ha","pontos_originais":25,"ano":"2026","cultura":"Milho"}},{"type":"Feature","geometry":{"type":"Point","coordinates":[-52.21607125728079,-10.295714144909441]},"properties":{"Fazenda":"FE","Campo":"FE 19","produtividade":162.11298208000005,"unidade_produtividade":"sc/ha","pontos_originais":25,"ano":"2026","cultura":"Milho"}},{"type":"Feature","geometry":{"type":"Point","coordinates":[-52.21721260326315,-10.295709854561835]},"properties":{"Fazenda":"FE","Campo":"FE 19","produtividade":154.40084744,"unidade_produtividade":"sc/ha","pontos_originais":25,"ano":"2026","cultura":"Milho"}},{"type":"Feature","geometry":{"type":"Point","coordinates":[-52.21698433410679,-10.295710712953152]},"properties":{"Fazenda":"FE","Campo":"FE 19","produtividade":167.13281872000005,"unidade_produtividade":"sc/ha","pontos_originais":25,"ano":"2026","cultura":"Milho"}},{"type":"Feature","geometry":{"type":"Point","coordinates":[-52.215158180134104,-10.29571757429135]},"properties":{"Fazenda":"FE","Campo":"FE 19","produtividade":163.48941503999998,"unidade_produtividade":"sc/ha","pontos_originais":25,"ano":"2026","cultura":"Milho"}},{"type":"Feature","geometry":{"type":"Point","coordinates":[-52.214929910797366,-10.295718431234581]},"properties":{"Fazenda":"FE","Campo":"FE 19","produtividade":162.55321936,"unidade_produtividade":"sc/ha","pontos_originais":25,"ano":"2026","cultura":"Milho"}},{"type":"Feature","geometry":{"type":"Point","coordinates":[-52.21470164144057,-10.29571928801691]},"properties":{"Fazenda":"FE","Campo":"FE 19","produtividade":160.45416632,"unidade_produtividade":"sc/ha","pontos_originais":25,"ano":"2026","cultura":"Milho"}},{"type":"Feature","geometry":{"type":"Point","coordinates":[-52.21584298802417,-10.295715002496262]},"properties":{"Fazenda":"FE","Campo":"FE 19","produtividade":161.95066664000004,"unidade_produtividade":"sc/ha","pontos_originais":25,"ano":"2026","cultura":"Milho"}},{"type":"Feature","geometry":{"type":"Point","coordinates":[-52.21561471874753,-10.295715859922193]},"properties":{"Fazenda":"FE","Campo":"FE 19","produtividade":162.05755215999997,"unidade_produtividade":"sc/ha","pontos_originais":25,"ano":"2026","cultura":"Milho"}},{"type":"Feature","geometry":{"type":"Point","coordinates":[-52.21538644945083,-10.29571671718722]},"properties":{"Fazenda":"FE","Campo":"FE 19","produtividade":163.59083384,"unidade_produtividade":"sc/ha","pontos_originais":25,"ano":"2026","cultura":"Milho"}},{"type":"Feature","geometry":{"type":"Point","coordinates":[-52.22808658790065,-10.295478885643558]},"properties":{"Fazenda":"FE","Campo":"FE 19","produtividade":126.490196,"unidade_produtividade":"sc/ha","pontos_originais":5,"ano":"2026","cultura":"Milho"}},{"type":"Feature","geometry":{"type":"Point","coordinates":[-52.227940356425364,-10.29544327063496]},"properties":{"Fazenda":"FE","Campo":"FE 19","produtividade":130.61922832000002,"unidade_produtividade":"sc/ha","pontos_originais":25,"ano":"2026","cultura":"Milho"}},{"type":"Feature","geometry":{"type":"Point","coordinates":[-52.21269907013183,-10.29551116862834]},"properties":{"Fazenda":"FE","Campo":"FE 19","produtividade":113.03471738461538,"unidade_produtividade":"sc/ha","pontos_originais":13,"ano":"2026","cultura":"Milho"}},{"type":"Feature","geometry":{"type":"Point","coordinates":[-52.227712088378496,-10.295444136569015]},"properties":{"Fazenda":"FE","Campo":"FE 19","produtividade":146.19340679999996,"unidade_produtividade":"sc/ha","pontos_originais":25,"ano":"2026","cultura":"Milho"}},{"type":"Feature","geometry":{"type":"Point","coordinates":[-52.22748382031136,-10.29544500234218]},"properties":{"Fazenda":"FE","Campo":"FE 19","produtividade":161.34930000000003,"unidade_produtividade":"sc/ha","pontos_originais":25,"ano":"2026","cultura":"Milho"}},{"type":"Feature","geometry":{"type":"Point","coordinates":[-52.213331160786474,-10.29549836605419]},"properties":{"Fazenda":"FE","Campo":"FE 19","produtividade":102.81599328,"unidade_produtividade":"sc/ha","pontos_originais":25,"ano":"2026","cultura":"Milho"}},{"type":"Feature","geometry":{"type":"Point","coordinates":[-52.213102891452074,-10.29549922169104]},"properties":{"Fazenda":"FE","Campo":"FE 19","produtividade":111.32244983999995,"unidade_produtividade":"sc/ha","pontos_originais":25,"ano":"2026","cultura":"Milho"}},{"type":"Feature","geometry":{"type":"Point","coordinates":[-52.2128746220977,-10.295500077167]},"properties":{"Fazenda":"FE","Campo":"FE 19","produtividade":113.98960720000001,"unidade_produtividade":"sc/ha","pontos_originais":25,"ano":"2026","cultura":"Milho"}},{"type":"Feature","geometry":{"type":"Point","coordinates":[-52.22657074784061,-10.295448463825926]},"properties":{"Fazenda":"FE","Campo":"FE 19","produtividade":170.86606376000003,"unidade_produtividade":"sc/ha","pontos_originais":25,"ano":"2026","cultura":"Milho"}},{"type":"Feature","geometry":{"type":"Point","coordinates":[-52.226799015988625,-10.295447598696327]},"properties":{"Fazenda":"FE","Campo":"FE 19","produtividade":170.19676799999996,"unidade_produtividade":"sc/ha","pontos_originais":25,"ano":"2026","cultura":"Milho"}},{"type":"Feature","geometry":{"type":"Point","coordinates":[-52.22634247967237,-10.295449328794634]},"properties":{"Fazenda":"FE","Campo":"FE 19","produtividade":171.06226088,"unidade_produtividade":"sc/ha","pontos_originais":25,"ano":"2026","cultura":"Milho"}},{"type":"Feature","geometry":{"type":"Point","coordinates":[-52.22611421148391,-10.295450193602449]},"properties":{"Fazenda":"FE","Campo":"FE 19","produtividade":169.65567864000002,"unidade_produtividade":"sc/ha","pontos_originais":25,"ano":"2026","cultura":"Milho"}},{"type":"Feature","geometry":{"type":"Point","coordinates":[-52.22725555222403,-10.295445867954456]},"properties":{"Fazenda":"FE","Campo":"FE 19","produtividade":167.4340472,"unidade_produtividade":"sc/ha","pontos_originais":25,"ano":"2026","cultura":"Milho"}},{"type":"Feature","geometry":{"type":"Point","coordinates":[-52.22702728411644,-10.295446733405841]},"properties":{"Fazenda":"FE","Campo":"FE 19","produtividade":169.99327071999997,"unidade_produtividade":"sc/ha","pontos_originais":25,"ano":"2026","cultura":"Milho"}},{"type":"Feature","geometry":{"type":"Point","coordinates":[-52.215613853029716,-10.295489800836389]},"properties":{"Fazenda":"FE","Campo":"FE 19","produtividade":167.66099672,"unidade_produtividade":"sc/ha","pontos_originais":25,"ano":"2026","cultura":"Milho"}},{"type":"Feature","geometry":{"type":"Point","coordinates":[-52.21538558389548,-10.295490658082196]},"properties":{"Fazenda":"FE","Campo":"FE 19","produtividade":166.37621783999998,"unidade_produtividade":"sc/ha","pontos_originais":25,"ano":"2026","cultura":"Milho"}},{"type":"Feature","geometry":{"type":"Point","coordinates":[-52.215157314741234,-10.295491515167114]},"properties":{"Fazenda":"FE","Campo":"FE 19","produtividade":165.1370588,"unidade_produtividade":"sc/ha","pontos_originais":25,"ano":"2026","cultura":"Milho"}},{"type":"Feature","geometry":{"type":"Point","coordinates":[-52.21492904556695,-10.295492372091134]},"properties":{"Fazenda":"FE","Campo":"FE 19","produtividade":164.62173056,"unidade_produtividade":"sc/ha","pontos_originais":25,"ano":"2026","cultura":"Milho"}},{"type":"Feature","geometry":{"type":"Point","coordinates":[-52.21629866031215,-10.295487228133588]},"properties":{"Fazenda":"FE","Campo":"FE 19","produtividade":168.00470176000002,"unidade_produtividade":"sc/ha","pontos_originais":25,"ano":"2026","cultura":"Milho"}},{"type":"Feature","geometry":{"type":"Point","coordinates":[-52.216070391238055,-10.295488085862083]},"properties":{"Fazenda":"FE","Campo":"FE 19","produtividade":167.28031320000002,"unidade_produtividade":"sc/ha","pontos_originais":25,"ano":"2026","cultura":"Milho"}},{"type":"Feature","geometry":{"type":"Point","coordinates":[-52.215842122143904,-10.295488943429687]},"properties":{"Fazenda":"FE","Campo":"FE 19","produtividade":168.76007119999997,"unidade_produtividade":"sc/ha","pontos_originais":25,"ano":"2026","cultura":"Milho"}},{"type":"Feature","geometry":{"type":"Point","coordinates":[-52.214015968669585,-10.295495798178251]},"properties":{"Fazenda":"FE","Campo":"FE 19","produtividade":117.3426212,"unidade_produtividade":"sc/ha","pontos_originais":25,"ano":"2026","cultura":"Milho"}},{"type":"Feature","geometry":{"type":"Point","coordinates":[-52.21424423792396,-10.295494941897816]},"properties":{"Fazenda":"FE","Campo":"FE 19","produtividade":138.47260000000006,"unidade_produtividade":"sc/ha","pontos_originais":25,"ano":"2026","cultura":"Milho"}},{"type":"Feature","geometry":{"type":"Point","coordinates":[-52.213787699395205,-10.295496654297793]},"properties":{"Fazenda":"FE","Campo":"FE 19","produtividade":100.52471631999997,"unidade_produtividade":"sc/ha","pontos_originais":25,"ano":"2026","cultura":"Milho"}},{"type":"Feature","geometry":{"type":"Point","coordinates":[-52.21355943010085,-10.295497510256439]},"properties":{"Fazenda":"FE","Campo":"FE 19","produtividade":96.85550391999999,"unidade_produtividade":"sc/ha","pontos_originais":25,"ano":"2026","cultura":"Milho"}},{"type":"Feature","geometry":{"type":"Point","coordinates":[-52.21470077637264,-10.295493228854257]},"properties":{"Fazenda":"FE","Campo":"FE 19","produtividade":162.53430592000004,"unidade_produtividade":"sc/ha","pontos_originais":25,"ano":"2026","cultura":"Milho"}},{"type":"Feature","geometry":{"type":"Point","coordinates":[-52.214472507158305,-10.295494085456484]},"properties":{"Fazenda":"FE","Campo":"FE 19","produtividade":152.4296872,"unidade_produtividade":"sc/ha","pontos_originais":25,"ano":"2026","cultura":"Milho"}},{"type":"Feature","geometry":{"type":"Point","coordinates":[-52.222233649191196,-10.295464870718735]},"properties":{"Fazenda":"FE","Campo":"FE 19","produtividade":160.20138736,"unidade_produtividade":"sc/ha","pontos_originais":25,"ano":"2026","cultura":"Milho"}},{"type":"Feature","geometry":{"type":"Point","coordinates":[-52.22200538063956,-10.295465732630483]},"properties":{"Fazenda":"FE","Campo":"FE 19","produtividade":153.64268024,"unidade_produtividade":"sc/ha","pontos_originais":25,"ano":"2026","cultura":"Milho"}},{"type":"Feature","geometry":{"type":"Point","coordinates":[-52.22177711206777,-10.295466594381335]},"properties":{"Fazenda":"FE","Campo":"FE 19","produtividade":135.63253424,"unidade_produtividade":"sc/ha","pontos_originais":25,"ano":"2026","cultura":"Milho"}},{"type":"Feature","geometry":{"type":"Point","coordinates":[-52.22154884347585,-10.295467455971293]},"properties":{"Fazenda":"FE","Campo":"FE 19","produtividade":114.29846008,"unidade_produtividade":"sc/ha","pontos_originais":25,"ano":"2026","cultura":"Milho"}},{"type":"Feature","geometry":{"type":"Point","coordinates":[-52.22291845472527,-10.295462284018145]},"properties":{"Fazenda":"FE","Campo":"FE 19","produtividade":161.51096639999997,"unidade_produtividade":"sc/ha","pontos_originais":25,"ano":"2026","cultura":"Milho"}},{"type":"Feature","geometry":{"type":"Point","coordinates":[-52.22314672319631,-10.295461421462825]},"properties":{"Fazenda":"FE","Campo":"FE 19","produtividade":156.70034071999996,"unidade_produtividade":"sc/ha","pontos_originais":25,"ano":"2026","cultura":"Milho"}},{"type":"Feature","geometry":{"type":"Point","coordinates":[-52.22269018623405,-10.295463146412567]},"properties":{"Fazenda":"FE","Campo":"FE 19","produtividade":163.03832103999994,"unidade_produtividade":"sc/ha","pontos_originais":25,"ano":"2026","cultura":"Milho"}},{"type":"Feature","geometry":{"type":"Point","coordinates":[-52.222461917722704,-10.2954640086461]},"properties":{"Fazenda":"FE","Campo":"FE 19","produtividade":161.08202991999997,"unidade_produtividade":"sc/ha","pontos_originais":25,"ano":"2026","cultura":"Milho"}},{"type":"Feature","geometry":{"type":"Point","coordinates":[-52.22086403757927,-10.295470039775807]},"properties":{"Fazenda":"FE","Campo":"FE 19","produtividade":115.04477096000001,"unidade_produtividade":"sc/ha","pontos_originais":25,"ano":"2026","cultura":"Milho"}},{"type":"Feature","geometry":{"type":"Point","coordinates":[-52.220635768906824,-10.295470900722194]},"properties":{"Fazenda":"FE","Campo":"FE 19","produtividade":122.1750152,"unidade_produtividade":"sc/ha","pontos_originais":25,"ano":"2026","cultura":"Milho"}},{"type":"Feature","geometry":{"type":"Point","coordinates":[-52.22040750021428,-10.295471761507681]},"properties":{"Fazenda":"FE","Campo":"FE 19","produtividade":119.59212103999997,"unidade_produtividade":"sc/ha","pontos_originais":25,"ano":"2026","cultura":"Milho"}},{"type":"Feature","geometry":{"type":"Point","coordinates":[-52.22017923150159,-10.295472622132278]},"properties":{"Fazenda":"FE","Campo":"FE 19","produtividade":108.389596,"unidade_produtividade":"sc/ha","pontos_originais":25,"ano":"2026","cultura":"Milho"}},{"type":"Feature","geometry":{"type":"Point","coordinates":[-52.221320574863775,-10.29546831740036]},"properties":{"Fazenda":"FE","Campo":"FE 19","produtividade":98.84249200000001,"unidade_produtividade":"sc/ha","pontos_originais":25,"ano":"2026","cultura":"Milho"}},{"type":"Feature","geometry":{"type":"Point","coordinates":[-52.22109230623158,-10.29546917866853]},"properties":{"Fazenda":"FE","Campo":"FE 19","produtividade":103.44909736,"unidade_produtividade":"sc/ha","pontos_originais":25,"ano":"2026","cultura":"Milho"}},{"type":"Feature","geometry":{"type":"Point","coordinates":[-52.22520113852803,-10.295453651224785]},"properties":{"Fazenda":"FE","Campo":"FE 19","produtividade":127.51783463999999,"unidade_produtividade":"sc/ha","pontos_originais":25,"ano":"2026","cultura":"Milho"}},{"type":"Feature","geometry":{"type":"Point","coordinates":[-52.22497287023856,-10.295454515228137]},"properties":{"Fazenda":"FE","Campo":"FE 19","produtividade":110.47717184,"unidade_produtividade":"sc/ha","pontos_originais":25,"ano":"2026","cultura":"Milho"}},{"type":"Feature","geometry":{"type":"Point","coordinates":[-52.22474460192891,-10.295455379070598]},"properties":{"Fazenda":"FE","Campo":"FE 19","produtividade":104.89673879999998,"unidade_produtividade":"sc/ha","pontos_originais":25,"ano":"2026","cultura":"Milho"}},{"type":"Feature","geometry":{"type":"Point","coordinates":[-52.224516333599055,-10.295456242752163]},"properties":{"Fazenda":"FE","Campo":"FE 19","produtividade":114.33737783999999,"unidade_produtividade":"sc/ha","pontos_originais":25,"ano":"2026","cultura":"Milho"}},{"type":"Feature","geometry":{"type":"Point","coordinates":[-52.225885943275244,-10.295451058249373]},"properties":{"Fazenda":"FE","Campo":"FE 19","produtividade":167.01894160000003,"unidade_produtividade":"sc/ha","pontos_originais":25,"ano":"2026","cultura":"Milho"}},{"type":"Feature","geometry":{"type":"Point","coordinates":[-52.22565767504637,-10.2954519227354]},"properties":{"Fazenda":"FE","Campo":"FE 19","produtividade":159.57179000000002,"unidade_produtividade":"sc/ha","pontos_originais":25,"ano":"2026","cultura":"Milho"}},{"type":"Feature","geometry":{"type":"Point","coordinates":[-52.2254294067973,-10.295452787060537]},"properties":{"Fazenda":"FE","Campo":"FE 19","produtividade":144.87200728,"unidade_produtividade":"sc/ha","pontos_originais":25,"ano":"2026","cultura":"Milho"}},{"type":"Feature","geometry":{"type":"Point","coordinates":[-52.22360326007791,-10.29545969586951]},"properties":{"Fazenda":"FE","Campo":"FE 19","produtividade":148.03504632,"unidade_produtividade":"sc/ha","pontos_originais":25,"ano":"2026","cultura":"Milho"}},{"type":"Feature","geometry":{"type":"Point","coordinates":[-52.22383152848846,-10.295458832831516]},"properties":{"Fazenda":"FE","Campo":"FE 19","produtividade":143.672886,"unidade_produtividade":"sc/ha","pontos_originais":25,"ano":"2026","cultura":"Milho"}},{"type":"Feature","geometry":{"type":"Point","coordinates":[-52.2233749916472,-10.295460558746615]},"properties":{"Fazenda":"FE","Campo":"FE 19","produtividade":151.89287568,"unidade_produtividade":"sc/ha","pontos_originais":25,"ano":"2026","cultura":"Milho"}},{"type":"Feature","geometry":{"type":"Point","coordinates":[-52.22428806524904,-10.295457106272838]},"properties":{"Fazenda":"FE","Campo":"FE 19","produtividade":123.608394,"unidade_produtividade":"sc/ha","pontos_originais":25,"ano":"2026","cultura":"Milho"}},{"type":"Feature","geometry":{"type":"Point","coordinates":[-52.224059796878834,-10.295457969632626]},"properties":{"Fazenda":"FE","Campo":"FE 19","produtividade":134.38779144,"unidade_produtividade":"sc/ha","pontos_originais":25,"ano":"2026","cultura":"Milho"}},{"type":"Feature","geometry":{"type":"Point","coordinates":[-52.21652692936621,-10.295486370244198]},"properties":{"Fazenda":"FE","Campo":"FE 19","produtividade":169.20275736,"unidade_produtividade":"sc/ha","pontos_originais":25,"ano":"2026","cultura":"Milho"}},{"type":"Feature","geometry":{"type":"Point","coordinates":[-52.21926615644982,-10.295476063021724]},"properties":{"Fazenda":"FE","Campo":"FE 19","produtividade":98.7242788,"unidade_produtividade":"sc/ha","pontos_originais":25,"ano":"2026","cultura":"Milho"}},{"type":"Feature","geometry":{"type":"Point","coordinates":[-52.21949442524293,-10.295475203040702]},"properties":{"Fazenda":"FE","Campo":"FE 19","produtividade":105.98142296,"unidade_produtividade":"sc/ha","pontos_originais":25,"ano":"2026","cultura":"Milho"}},{"type":"Feature","geometry":{"type":"Point","coordinates":[-52.219129195165124,-10.295476578939542]},"properties":{"Fazenda":"FE","Campo":"FE 19","produtividade":93.9388436,"unidade_produtividade":"sc/ha","pontos_originais":5,"ano":"2026","cultura":"Milho"}},{"type":"Feature","geometry":{"type":"Point","coordinates":[-52.218353081076515,-10.295479501336864]},"properties":{"Fazenda":"FE","Campo":"FE 19","produtividade":73.79416632000002,"unidade_produtividade":"sc/ha","pontos_originais":25,"ano":"2026","cultura":"Milho"}},{"type":"Feature","geometry":{"type":"Point","coordinates":[-52.21812481218298,-10.295480360513407]},"properties":{"Fazenda":"FE","Campo":"FE 19","produtividade":78.53884695999999,"unidade_produtividade":"sc/ha","pontos_originais":25,"ano":"2026","cultura":"Milho"}},{"type":"Feature","geometry":{"type":"Point","coordinates":[-52.21995096276882,-10.295473482595982]},"properties":{"Fazenda":"FE","Campo":"FE 19","produtividade":99.36449600000002,"unidade_produtividade":"sc/ha","pontos_originais":25,"ano":"2026","cultura":"Milho"}},{"type":"Feature","geometry":{"type":"Point","coordinates":[-52.21972269401593,-10.29547434289879]},"properties":{"Fazenda":"FE","Campo":"FE 19","produtividade":108.04885616,"unidade_produtividade":"sc/ha","pontos_originais":25,"ano":"2026","cultura":"Milho"}},{"type":"Feature","geometry":{"type":"Point","coordinates":[-52.21721173640805,-10.295483795610659]},"properties":{"Fazenda":"FE","Campo":"FE 19","produtividade":150.2981032,"unidade_produtividade":"sc/ha","pontos_originais":25,"ano":"2026","cultura":"Milho"}},{"type":"Feature","geometry":{"type":"Point","coordinates":[-52.21698346741418,-10.295484653982733]},"properties":{"Fazenda":"FE","Campo":"FE 19","produtividade":163.48383016000005,"unidade_produtividade":"sc/ha","pontos_originais":25,"ano":"2026","cultura":"Milho"}},{"type":"Feature","geometry":{"type":"Point","coordinates":[-52.21675519840024,-10.295485512193915]},"properties":{"Fazenda":"FE","Campo":"FE 19","produtividade":169.08560255999998,"unidade_produtividade":"sc/ha","pontos_originais":25,"ano":"2026","cultura":"Milho"}},{"type":"Feature","geometry":{"type":"Point","coordinates":[-52.217896543269354,-10.295481219529062]},"properties":{"Fazenda":"FE","Campo":"FE 19","produtividade":91.29236424000001,"unidade_produtividade":"sc/ha","pontos_originais":25,"ano":"2026","cultura":"Milho"}},{"type":"Feature","geometry":{"type":"Point","coordinates":[-52.217668274335665,-10.295482078383825]},"properties":{"Fazenda":"FE","Campo":"FE 19","produtividade":108.28332591999998,"unidade_produtividade":"sc/ha","pontos_originais":25,"ano":"2026","cultura":"Milho"}},{"type":"Feature","geometry":{"type":"Point","coordinates":[-52.217440005381896,-10.295482937077686]},"properties":{"Fazenda":"FE","Campo":"FE 19","produtividade":132.00595016,"unidade_produtividade":"sc/ha","pontos_originais":25,"ano":"2026","cultura":"Milho"}},{"type":"Feature","geometry":{"type":"Point","coordinates":[-52.21492818035657,-10.295266312944467]},"properties":{"Fazenda":"FE","Campo":"FE 19","produtividade":164.37141727999997,"unidade_produtividade":"sc/ha","pontos_originais":25,"ano":"2026","cultura":"Milho"}},{"type":"Feature","geometry":{"type":"Point","coordinates":[-52.215156449368386,-10.295265456039653]},"properties":{"Fazenda":"FE","Campo":"FE 19","produtividade":162.36124575999997,"unidade_produtividade":"sc/ha","pontos_originais":25,"ano":"2026","cultura":"Milho"}},{"type":"Feature","geometry":{"type":"Point","coordinates":[-52.21469991132471,-10.295267169688382]},"properties":{"Fazenda":"FE","Campo":"FE 19","produtividade":165.05466712,"unidade_produtividade":"sc/ha","pontos_originais":25,"ano":"2026","cultura":"Milho"}},{"type":"Feature","geometry":{"type":"Point","coordinates":[-52.21447164227285,-10.295268026271403]},"properties":{"Fazenda":"FE","Campo":"FE 19","produtividade":144.94481624000002,"unidade_produtividade":"sc/ha","pontos_originais":25,"ano":"2026","cultura":"Milho"}},{"type":"Feature","geometry":{"type":"Point","coordinates":[-52.21584125628367,-10.29526288435988]},"properties":{"Fazenda":"FE","Campo":"FE 19","produtividade":164.54670511999996,"unidade_produtividade":"sc/ha","pontos_originais":25,"ano":"2026","cultura":"Milho"}},{"type":"Feature","geometry":{"type":"Point","coordinates":[-52.21561298733192,-10.295263741747364]},"properties":{"Fazenda":"FE","Campo":"FE 19","produtividade":163.32885912000003,"unidade_produtividade":"sc/ha","pontos_originais":25,"ano":"2026","cultura":"Milho"}},{"type":"Feature","geometry":{"type":"Point","coordinates":[-52.215384718360184,-10.295264598973956]},"properties":{"Fazenda":"FE","Campo":"FE 19","produtividade":162.53997760000001,"unidade_produtividade":"sc/ha","pontos_originais":25,"ano":"2026","cultura":"Milho"}},{"type":"Feature","geometry":{"type":"Point","coordinates":[-52.213558565865235,-10.295271450994584]},"properties":{"Fazenda":"FE","Campo":"FE 19","produtividade":81.42538152000002,"unidade_produtividade":"sc/ha","pontos_originais":25,"ano":"2026","cultura":"Milho"}},{"type":"Feature","geometry":{"type":"Point","coordinates":[-52.21333029671333,-10.295272306773144]},"properties":{"Fazenda":"FE","Campo":"FE 19","produtividade":93.21390175999997,"unidade_produtividade":"sc/ha","pontos_originais":25,"ano":"2026","cultura":"Milho"}},{"type":"Feature","geometry":{"type":"Point","coordinates":[-52.21310202754141,-10.295273162390815]},"properties":{"Fazenda":"FE","Campo":"FE 19","produtividade":106.10526584000002,"unidade_produtividade":"sc/ha","pontos_originais":25,"ano":"2026","cultura":"Milho"}},{"type":"Feature","geometry":{"type":"Point","coordinates":[-52.212873758349495,-10.295274017847595]},"properties":{"Fazenda":"FE","Campo":"FE 19","produtividade":110.39444528000001,"unidade_produtividade":"sc/ha","pontos_originais":25,"ano":"2026","cultura":"Milho"}},{"type":"Feature","geometry":{"type":"Point","coordinates":[-52.21424337320096,-10.295268882693538]},"properties":{"Fazenda":"FE","Campo":"FE 19","produtividade":122.67690735999997,"unidade_produtividade":"sc/ha","pontos_originais":25,"ano":"2026","cultura":"Milho"}},{"type":"Feature","geometry":{"type":"Point","coordinates":[-52.21401510410906,-10.295269738954776]},"properties":{"Fazenda":"FE","Campo":"FE 19","produtividade":105.85228471999999,"unidade_produtividade":"sc/ha","pontos_originais":25,"ano":"2026","cultura":"Milho"}},{"type":"Feature","geometry":{"type":"Point","coordinates":[-52.21378683499715,-10.295270595055122]},"properties":{"Fazenda":"FE","Campo":"FE 19","produtividade":77.74344144,"unidade_produtividade":"sc/ha","pontos_originais":25,"ano":"2026","cultura":"Milho"}},{"type":"Feature","geometry":{"type":"Point","coordinates":[-52.21789567594694,-10.295255160632417]},"properties":{"Fazenda":"FE","Campo":"FE 19","produtividade":92.27989848000001,"unidade_produtividade":"sc/ha","pontos_originais":25,"ano":"2026","cultura":"Milho"}},{"type":"Feature","geometry":{"type":"Point","coordinates":[-52.2181239446981,-10.29525430163602]},"properties":{"Fazenda":"FE","Campo":"FE 19","produtividade":80.51101912000001,"unidade_produtividade":"sc/ha","pontos_originais":25,"ano":"2026","cultura":"Milho"}},{"type":"Feature","geometry":{"type":"Point","coordinates":[-52.2176674071757,-10.295256019467923]},"properties":{"Fazenda":"FE","Campo":"FE 19","produtividade":106.23863656000002,"unidade_produtividade":"sc/ha","pontos_originais":25,"ano":"2026","cultura":"Milho"}},{"type":"Feature","geometry":{"type":"Point","coordinates":[-52.217439138384414,-10.295256878142537]},"properties":{"Fazenda":"FE","Campo":"FE 19","produtividade":125.4197532,"unidade_produtividade":"sc/ha","pontos_originais":25,"ano":"2026","cultura":"Milho"}},{"type":"Feature","geometry":{"type":"Point","coordinates":[-52.219265288152634,-10.295250004240676]},"properties":{"Fazenda":"FE","Campo":"FE 19","produtividade":98.12317367999997,"unidade_produtividade":"sc/ha","pontos_originais":25,"ano":"2026","cultura":"Milho"}},{"type":"Feature","geometry":{"type":"Point","coordinates":[-52.219493556783284,-10.295249144278934]},"properties":{"Fazenda":"FE","Campo":"FE 19","produtividade":106.14800336000002,"unidade_produtividade":"sc/ha","pontos_originais":25,"ano":"2026","cultura":"Milho"}},{"type":"Feature","geometry":{"type":"Point","coordinates":[-52.21910286732105,-10.295225498031655]},"properties":{"Fazenda":"FE","Campo":"FE 19","produtividade":95.14230755555556,"unidade_produtividade":"sc/ha","pontos_originais":9,"ano":"2026","cultura":"Milho"}},{"type":"Feature","geometry":{"type":"Point","coordinates":[-52.2183200382955,-10.29526686136388]},"properties":{"Fazenda":"FE","Campo":"FE 19","produtividade":74.35024552941177,"unidade_produtividade":"sc/ha","pontos_originais":17,"ano":"2026","cultura":"Milho"}},{"type":"Feature","geometry":{"type":"Point","coordinates":[-52.21652606301861,-10.295260311232083]},"properties":{"Fazenda":"FE","Campo":"FE 19","produtividade":162.83155224000006,"unidade_produtividade":"sc/ha","pontos_originais":25,"ano":"2026","cultura":"Milho"}},{"type":"Feature","geometry":{"type":"Point","coordinates":[-52.21629779412699,-10.29526116910224]},"properties":{"Fazenda":"FE","Campo":"FE 19","produtividade":163.56816559999996,"unidade_produtividade":"sc/ha","pontos_originais":25,"ano":"2026","cultura":"Milho"}},{"type":"Feature","geometry":{"type":"Point","coordinates":[-52.21606952521535,-10.295262026811507]},"properties":{"Fazenda":"FE","Campo":"FE 19","produtividade":164.47697224,"unidade_produtividade":"sc/ha","pontos_originais":25,"ano":"2026","cultura":"Milho"}},{"type":"Feature","geometry":{"type":"Point","coordinates":[-52.21721086957304,-10.295257736656259]},"properties":{"Fazenda":"FE","Campo":"FE 19","produtividade":142.85025607999998,"unidade_produtividade":"sc/ha","pontos_originais":25,"ano":"2026","cultura":"Milho"}},{"type":"Feature","geometry":{"type":"Point","coordinates":[-52.21698260074161,-10.295258595009091]},"properties":{"Fazenda":"FE","Campo":"FE 19","produtividade":155.58520040000002,"unidade_produtividade":"sc/ha","pontos_originais":25,"ano":"2026","cultura":"Milho"}},{"type":"Feature","geometry":{"type":"Point","coordinates":[-52.21675433189012,-10.295259453201032]},"properties":{"Fazenda":"FE","Campo":"FE 19","produtividade":160.76555655999996,"unidade_produtividade":"sc/ha","pontos_originais":25,"ano":"2026","cultura":"Milho"}},{"type":"Feature","geometry":{"type":"Point","coordinates":[-52.212719741404925,-10.295291549645881]},"properties":{"Fazenda":"FE","Campo":"FE 19","produtividade":109.8362125,"unidade_produtividade":"sc/ha","pontos_originais":8,"ano":"2026","cultura":"Milho"}},{"type":"Feature","geometry":{"type":"Point","coordinates":[-52.22131970510443,-10.295242258792957]},"properties":{"Fazenda":"FE","Campo":"FE 19","produtividade":111.19528896000001,"unidade_produtividade":"sc/ha","pontos_originais":25,"ano":"2026","cultura":"Milho"}},{"type":"Feature","geometry":{"type":"Point","coordinates":[-52.221091436634694,-10.29524312004182]},"properties":{"Fazenda":"FE","Campo":"FE 19","produtividade":118.61777928000001,"unidade_produtividade":"sc/ha","pontos_originais":25,"ano":"2026","cultura":"Milho"}},{"type":"Feature","geometry":{"type":"Point","coordinates":[-52.220863168144845,-10.295243981129794]},"properties":{"Fazenda":"FE","Campo":"FE 19","produtividade":131.87286056000002,"unidade_produtividade":"sc/ha","pontos_originais":25,"ano":"2026","cultura":"Milho"}},{"type":"Feature","geometry":{"type":"Point","coordinates":[-52.22063489963485,-10.295244842056878]},"properties":{"Fazenda":"FE","Campo":"FE 19","produtividade":140.21233744,"unidade_produtividade":"sc/ha","pontos_originais":25,"ano":"2026","cultura":"Milho"}},{"type":"Feature","geometry":{"type":"Point","coordinates":[-52.22200451039281,-10.295239674081026]},"properties":{"Fazenda":"FE","Campo":"FE 19","produtividade":152.90118144000002,"unidade_produtividade":"sc/ha","pontos_originais":25,"ano":"2026","cultura":"Milho"}},{"type":"Feature","geometry":{"type":"Point","coordinates":[-52.22223277878201,-10.295238812188604]},"properties":{"Fazenda":"FE","Campo":"FE 19","produtividade":157.69714800000003,"unidade_produtividade":"sc/ha","pontos_originais":25,"ano":"2026","cultura":"Milho"}},{"type":"Feature","geometry":{"type":"Point","coordinates":[-52.2217762419835,-10.295240535812558]},"properties":{"Fazenda":"FE","Campo":"FE 19","produtividade":137.81731879999998,"unidade_produtividade":"sc/ha","pontos_originais":25,"ano":"2026","cultura":"Milho"}},{"type":"Feature","geometry":{"type":"Point","coordinates":[-52.221547973554024,-10.295241397383204]},"properties":{"Fazenda":"FE","Campo":"FE 19","produtividade":122.45847432000001,"unidade_produtividade":"sc/ha","pontos_originais":25,"ano":"2026","cultura":"Milho"}},{"type":"Feature","geometry":{"type":"Point","coordinates":[-52.219950093984245,-10.295247423872782]},"properties":{"Fazenda":"FE","Campo":"FE 19","produtividade":113.09624536000001,"unidade_produtividade":"sc/ha","pontos_originais":25,"ano":"2026","cultura":"Milho"}},{"type":"Feature","geometry":{"type":"Point","coordinates":[-52.219721825393805,-10.295248284156305]},"properties":{"Fazenda":"FE","Campo":"FE 19","produtividade":110.27849504000001,"unidade_produtividade":"sc/ha","pontos_originais":25,"ano":"2026","cultura":"Milho"}},{"type":"Feature","geometry":{"type":"Point","coordinates":[-52.22040663110478,-10.295245702823065]},"properties":{"Fazenda":"FE","Campo":"FE 19","produtividade":138.87456632,"unidade_produtividade":"sc/ha","pontos_originais":25,"ano":"2026","cultura":"Milho"}},{"type":"Feature","geometry":{"type":"Point","coordinates":[-52.22017836255456,-10.295246563428373]},"properties":{"Fazenda":"FE","Campo":"FE 19","produtividade":128.76113096,"unidade_produtividade":"sc/ha","pontos_originais":25,"ano":"2026","cultura":"Milho"}},{"type":"Feature","geometry":{"type":"Point","coordinates":[-52.22725467824066,-10.295219809850334]},"properties":{"Fazenda":"FE","Campo":"FE 19","produtividade":156.20243296,"unidade_produtividade":"sc/ha","pontos_originais":25,"ano":"2026","cultura":"Milho"}},{"type":"Feature","geometry":{"type":"Point","coordinates":[-52.22702641029555,-10.295220675282316]},"properties":{"Fazenda":"FE","Campo":"FE 19","produtividade":159.83860536,"unidade_produtividade":"sc/ha","pontos_originais":25,"ano":"2026","cultura":"Milho"}},{"type":"Feature","geometry":{"type":"Point","coordinates":[-52.226798142330196,-10.29522154055341]},"properties":{"Fazenda":"FE","Campo":"FE 19","produtividade":162.68403984,"unidade_produtividade":"sc/ha","pontos_originais":25,"ano":"2026","cultura":"Milho"}},{"type":"Feature","geometry":{"type":"Point","coordinates":[-52.226569874344634,-10.295222405663612]},"properties":{"Fazenda":"FE","Campo":"FE 19","produtividade":164.76358191999995,"unidade_produtividade":"sc/ha","pontos_originais":25,"ano":"2026","cultura":"Milho"}},{"type":"Feature","geometry":{"type":"Point","coordinates":[-52.22792705483052,-10.2952234250453]},"properties":{"Fazenda":"FE","Campo":"FE 19","produtividade":120.98897490909093,"unidade_produtividade":"sc/ha","pontos_originais":22,"ano":"2026","cultura":"Milho"}},{"type":"Feature","geometry":{"type":"Point","coordinates":[-52.22771121407023,-10.295218078503709]},"properties":{"Fazenda":"FE","Campo":"FE 19","produtividade":133.61336016,"unidade_produtividade":"sc/ha","pontos_originais":25,"ano":"2026","cultura":"Milho"}},{"type":"Feature","geometry":{"type":"Point","coordinates":[-52.22748294616557,-10.295218944257465]},"properties":{"Fazenda":"FE","Campo":"FE 19","produtividade":148.77581712,"unidade_produtividade":"sc/ha","pontos_originais":25,"ano":"2026","cultura":"Milho"}},{"type":"Feature","geometry":{"type":"Point","coordinates":[-52.22565680220025,-10.295225864495542]},"properties":{"Fazenda":"FE","Campo":"FE 19","produtividade":161.44740023999998,"unidade_produtividade":"sc/ha","pontos_originais":25,"ano":"2026","cultura":"Milho"}},{"type":"Feature","geometry":{"type":"Point","coordinates":[-52.22588507026665,-10.295225000028893]},"properties":{"Fazenda":"FE","Campo":"FE 19","produtividade":164.93011864,"unidade_produtividade":"sc/ha","pontos_originais":25,"ano":"2026","cultura":"Milho"}},{"type":"Feature","geometry":{"type":"Point","coordinates":[-52.22542853411363,-10.295226728801302]},"properties":{"Fazenda":"FE","Campo":"FE 19","produtividade":153.75363248000002,"unidade_produtividade":"sc/ha","pontos_originais":25,"ano":"2026","cultura":"Milho"}},{"type":"Feature","geometry":{"type":"Point","coordinates":[-52.225200266006844,-10.295227592946171]},"properties":{"Fazenda":"FE","Campo":"FE 19","produtividade":141.5778952,"unidade_produtividade":"sc/ha","pontos_originais":25,"ano":"2026","cultura":"Milho"}},{"type":"Feature","geometry":{"type":"Point","coordinates":[-52.22634160633885,-10.295223270612926]},"properties":{"Fazenda":"FE","Campo":"FE 19","produtividade":165.56908144000002,"unidade_produtividade":"sc/ha","pontos_originais":25,"ano":"2026","cultura":"Milho"}},{"type":"Feature","geometry":{"type":"Point","coordinates":[-52.22611333831285,-10.295224135401353]},"properties":{"Fazenda":"FE","Campo":"FE 19","produtividade":165.26419672,"unidade_produtividade":"sc/ha","pontos_originais":25,"ano":"2026","cultura":"Milho"}},{"type":"Feature","geometry":{"type":"Point","coordinates":[-52.224287193377656,-10.295231047916772]},"properties":{"Fazenda":"FE","Campo":"FE 19","produtividade":157.2329276,"unidade_produtividade":"sc/ha","pontos_originais":25,"ano":"2026","cultura":"Milho"}},{"type":"Feature","geometry":{"type":"Point","coordinates":[-52.22405892516994,-10.2952319112572]},"properties":{"Fazenda":"FE","Campo":"FE 19","produtividade":159.53674687999998,"unidade_produtividade":"sc/ha","pontos_originais":25,"ano":"2026","cultura":"Milho"}},{"type":"Feature","geometry":{"type":"Point","coordinates":[-52.22383065694202,-10.295232774436741]},"properties":{"Fazenda":"FE","Campo":"FE 19","produtividade":159.33796984,"unidade_produtividade":"sc/ha","pontos_originais":25,"ano":"2026","cultura":"Milho"}},{"type":"Feature","geometry":{"type":"Point","coordinates":[-52.223602388693934,-10.29523363745539]},"properties":{"Fazenda":"FE","Campo":"FE 19","produtividade":158.27614488000006,"unidade_produtividade":"sc/ha","pontos_originais":25,"ano":"2026","cultura":"Milho"}},{"type":"Feature","geometry":{"type":"Point","coordinates":[-52.22497199787982,-10.295228456930158]},"properties":{"Fazenda":"FE","Campo":"FE 19","produtividade":134.57986584,"unidade_produtividade":"sc/ha","pontos_originais":25,"ano":"2026","cultura":"Milho"}},{"type":"Feature","geometry":{"type":"Point","coordinates":[-52.22474372973264,-10.29522932075325]},"properties":{"Fazenda":"FE","Campo":"FE 19","produtividade":136.31169719999997,"unidade_produtividade":"sc/ha","pontos_originais":25,"ano":"2026","cultura":"Milho"}},{"type":"Feature","geometry":{"type":"Point","coordinates":[-52.22451546156524,-10.295230184415457]},"properties":{"Fazenda":"FE","Campo":"FE 19","produtividade":146.90035584,"unidade_produtividade":"sc/ha","pontos_originais":25,"ano":"2026","cultura":"Milho"}},{"type":"Feature","geometry":{"type":"Point","coordinates":[-52.222689315499935,-10.295237087921091]},"properties":{"Fazenda":"FE","Campo":"FE 19","produtividade":161.01578024000003,"unidade_produtividade":"sc/ha","pontos_originais":25,"ano":"2026","cultura":"Milho"}},{"type":"Feature","geometry":{"type":"Point","coordinates":[-52.22291758382867,-10.295236225546]},"properties":{"Fazenda":"FE","Campo":"FE 19","produtividade":162.15721984,"unidade_produtividade":"sc/ha","pontos_originais":25,"ano":"2026","cultura":"Milho"}},{"type":"Feature","geometry":{"type":"Point","coordinates":[-52.22246104715104,-10.29523795013529]},"properties":{"Fazenda":"FE","Campo":"FE 19","produtividade":158.75867224,"unidade_produtividade":"sc/ha","pontos_originais":25,"ano":"2026","cultura":"Milho"}},{"type":"Feature","geometry":{"type":"Point","coordinates":[-52.22337412042567,-10.295234500313148]},"properties":{"Fazenda":"FE","Campo":"FE 19","produtividade":158.76514919999997,"unidade_produtividade":"sc/ha","pontos_originais":25,"ano":"2026","cultura":"Milho"}},{"type":"Feature","geometry":{"type":"Point","coordinates":[-52.22314585213726,-10.295235363010017]},"properties":{"Fazenda":"FE","Campo":"FE 19","produtividade":161.08763608000004,"unidade_produtividade":"sc/ha","pontos_originais":25,"ano":"2026","cultura":"Milho"}},{"type":"Feature","geometry":{"type":"Point","coordinates":[-52.21972530000289,-10.296152519106903]},"properties":{"Fazenda":"FE","Campo":"FE 19","produtividade":135.31911399999998,"unidade_produtividade":"sc/ha","pontos_originais":25,"ano":"2026","cultura":"Milho"}},{"type":"Feature","geometry":{"type":"Point","coordinates":[-52.21949703074249,-10.296153379306668]},"properties":{"Fazenda":"FE","Campo":"FE 19","produtividade":136.60215799999997,"unidade_produtividade":"sc/ha","pontos_originais":25,"ano":"2026","cultura":"Milho"}},{"type":"Feature","geometry":{"type":"Point","coordinates":[-52.21926876146197,-10.296154239345526]},"properties":{"Fazenda":"FE","Campo":"FE 19","produtividade":121.02385848000002,"unidade_produtividade":"sc/ha","pontos_originais":25,"ano":"2026","cultura":"Milho"}},{"type":"Feature","geometry":{"type":"Point","coordinates":[-52.219070957008704,-10.296162519878344]},"properties":{"Fazenda":"FE","Campo":"FE 19","produtividade":101.29751022222223,"unidade_produtividade":"sc/ha","pontos_originais":18,"ano":"2026","cultura":"Milho"}},{"type":"Feature","geometry":{"type":"Point","coordinates":[-52.220410107663476,-10.296149937542184]},"properties":{"Fazenda":"FE","Campo":"FE 19","produtividade":109.13373744000002,"unidade_produtividade":"sc/ha","pontos_originais":25,"ano":"2026","cultura":"Milho"}},{"type":"Feature","geometry":{"type":"Point","coordinates":[-52.2201818384634,-10.29615079822466]},"properties":{"Fazenda":"FE","Campo":"FE 19","produtividade":116.11733503999999,"unidade_produtividade":"sc/ha","pontos_originais":25,"ano":"2026","cultura":"Milho"}},{"type":"Feature","geometry":{"type":"Point","coordinates":[-52.21995356924321,-10.296151658746233]},"properties":{"Fazenda":"FE","Campo":"FE 19","produtividade":123.10653040000001,"unidade_produtividade":"sc/ha","pontos_originais":25,"ano":"2026","cultura":"Milho"}},{"type":"Feature","geometry":{"type":"Point","coordinates":[-52.21744260649475,-10.296161113863807]},"properties":{"Fazenda":"FE","Campo":"FE 19","produtividade":139.34907280000002,"unidade_produtividade":"sc/ha","pontos_originais":25,"ano":"2026","cultura":"Milho"}},{"type":"Feature","geometry":{"type":"Point","coordinates":[-52.217670875935916,-10.296160255112191]},"properties":{"Fazenda":"FE","Campo":"FE 19","produtividade":113.24278616,"unidade_produtividade":"sc/ha","pontos_originais":25,"ano":"2026","cultura":"Milho"}},{"type":"Feature","geometry":{"type":"Point","coordinates":[-52.21721433703352,-10.29616197245452]},"properties":{"Fazenda":"FE","Campo":"FE 19","produtividade":153.83784136000003,"unidade_produtividade":"sc/ha","pontos_originais":25,"ano":"2026","cultura":"Milho"}},{"type":"Feature","geometry":{"type":"Point","coordinates":[-52.2169860675522,-10.296162830884322]},"properties":{"Fazenda":"FE","Campo":"FE 19","produtividade":157.56605424,"unidade_produtividade":"sc/ha","pontos_originais":25,"ano":"2026","cultura":"Milho"}},{"type":"Feature","geometry":{"type":"Point","coordinates":[-52.21829750032589,-10.296137345821604]},"properties":{"Fazenda":"FE","Campo":"FE 19","produtividade":59.782861090909094,"unidade_produtividade":"sc/ha","pontos_originais":11,"ano":"2026","cultura":"Milho"}},{"type":"Feature","geometry":{"type":"Point","coordinates":[-52.21812741475806,-10.29615853712624]},"properties":{"Fazenda":"FE","Campo":"FE 19","produtividade":68.76497152,"unidade_produtividade":"sc/ha","pontos_originais":25,"ano":"2026","cultura":"Milho"}},{"type":"Feature","geometry":{"type":"Point","coordinates":[-52.21789914535703,-10.296159396199668]},"properties":{"Fazenda":"FE","Campo":"FE 19","produtividade":88.91698312,"unidade_produtividade":"sc/ha","pontos_originais":25,"ano":"2026","cultura":"Milho"}},{"type":"Feature","geometry":{"type":"Point","coordinates":[-52.2224645295586,-10.296142184159182]},"properties":{"Fazenda":"FE","Campo":"FE 19","produtividade":107.83876431999997,"unidade_produtividade":"sc/ha","pontos_originais":25,"ano":"2026","cultura":"Milho"}},{"type":"Feature","geometry":{"type":"Point","coordinates":[-52.22269279855735,-10.29614132186766]},"properties":{"Fazenda":"FE","Campo":"FE 19","produtividade":104.74785944000001,"unidade_produtividade":"sc/ha","pontos_originais":25,"ano":"2026","cultura":"Milho"}},{"type":"Feature","geometry":{"type":"Point","coordinates":[-52.22223626053969,-10.2961430462898]},"properties":{"Fazenda":"FE","Campo":"FE 19","produtividade":110.24286951999999,"unidade_produtividade":"sc/ha","pontos_originais":25,"ano":"2026","cultura":"Milho"}},{"type":"Feature","geometry":{"type":"Point","coordinates":[-52.22200799150064,-10.296143908259515]},"properties":{"Fazenda":"FE","Campo":"FE 19","produtividade":117.61199800000003,"unidade_produtividade":"sc/ha","pontos_originais":25,"ano":"2026","cultura":"Milho"}},{"type":"Feature","geometry":{"type":"Point","coordinates":[-52.22337760543272,-10.296138734027672]},"properties":{"Fazenda":"FE","Campo":"FE 19","produtividade":68.63344768,"unidade_produtividade":"sc/ha","pontos_originais":25,"ano":"2026","cultura":"Milho"}},{"type":"Feature","geometry":{"type":"Point","coordinates":[-52.22314933649441,-10.296139596801906]},"properties":{"Fazenda":"FE","Campo":"FE 19","produtividade":77.9362528,"unidade_produtividade":"sc/ha","pontos_originais":25,"ano":"2026","cultura":"Milho"}},{"type":"Feature","geometry":{"type":"Point","coordinates":[-52.22292106753596,-10.296140459415234]},"properties":{"Fazenda":"FE","Campo":"FE 19","produtividade":94.06508048000002,"unidade_produtividade":"sc/ha","pontos_originais":25,"ano":"2026","cultura":"Milho"}},{"type":"Feature","geometry":{"type":"Point","coordinates":[-52.22109491514303,-10.296147354529323]},"properties":{"Fazenda":"FE","Campo":"FE 19","produtividade":112.16503200000002,"unidade_produtividade":"sc/ha","pontos_originais":25,"ano":"2026","cultura":"Milho"}},{"type":"Feature","geometry":{"type":"Point","coordinates":[-52.22086664600331,-10.296148215694513]},"properties":{"Fazenda":"FE","Campo":"FE 19","produtividade":110.43730208000002,"unidade_produtividade":"sc/ha","pontos_originais":25,"ano":"2026","cultura":"Milho"}},{"type":"Feature","geometry":{"type":"Point","coordinates":[-52.220638376843446,-10.296149076698804]},"properties":{"Fazenda":"FE","Campo":"FE 19","produtividade":108.0966964,"unidade_produtividade":"sc/ha","pontos_originais":25,"ano":"2026","cultura":"Milho"}},{"type":"Feature","geometry":{"type":"Point","coordinates":[-52.22177972244144,-10.296144770068322]},"properties":{"Fazenda":"FE","Campo":"FE 19","produtividade":117.78370240000002,"unidade_produtividade":"sc/ha","pontos_originais":25,"ano":"2026","cultura":"Milho"}},{"type":"Feature","geometry":{"type":"Point","coordinates":[-52.22155145336209,-10.296145631716229]},"properties":{"Fazenda":"FE","Campo":"FE 19","produtividade":119.4749808,"unidade_produtividade":"sc/ha","pontos_originais":25,"ano":"2026","cultura":"Milho"}},{"type":"Feature","geometry":{"type":"Point","coordinates":[-52.22132318426263,-10.296146493203228]},"properties":{"Fazenda":"FE","Campo":"FE 19","produtividade":118.78494264,"unidade_produtividade":"sc/ha","pontos_originais":25,"ano":"2026","cultura":"Milho"}},{"type":"Feature","geometry":{"type":"Point","coordinates":[-52.21310548330404,-10.296177399572386]},"properties":{"Fazenda":"FE","Campo":"FE 19","produtividade":146.14659247999998,"unidade_produtividade":"sc/ha","pontos_originais":25,"ano":"2026","cultura":"Milho"}},{"type":"Feature","geometry":{"type":"Point","coordinates":[-52.213333753125845,-10.296176543877984]},"properties":{"Fazenda":"FE","Campo":"FE 19","produtividade":153.37609895999995,"unidade_produtividade":"sc/ha","pontos_originais":25,"ano":"2026","cultura":"Milho"}},{"type":"Feature","geometry":{"type":"Point","coordinates":[-52.212877213462264,-10.296178255105879]},"properties":{"Fazenda":"FE","Campo":"FE 19","produtividade":134.00161264000002,"unidade_produtividade":"sc/ha","pontos_originais":25,"ano":"2026","cultura":"Milho"}},{"type":"Feature","geometry":{"type":"Point","coordinates":[-52.21264894360048,-10.296179110478466]},"properties":{"Fazenda":"FE","Campo":"FE 19","produtividade":125.3710024,"unidade_produtividade":"sc/ha","pontos_originais":25,"ano":"2026","cultura":"Milho"}},{"type":"Feature","geometry":{"type":"Point","coordinates":[-52.21379029270945,-10.296174832006468]},"properties":{"Fazenda":"FE","Campo":"FE 19","produtividade":157.83479656000003,"unidade_produtividade":"sc/ha","pontos_originais":25,"ano":"2026","cultura":"Milho"}},{"type":"Feature","geometry":{"type":"Point","coordinates":[-52.21401856247122,-10.29617397582935]},"properties":{"Fazenda":"FE","Campo":"FE 19","produtividade":158.73860744,"unidade_produtividade":"sc/ha","pontos_originais":25,"ano":"2026","cultura":"Milho"}},{"type":"Feature","geometry":{"type":"Point","coordinates":[-52.21356202292765,-10.29617568802268]},"properties":{"Fazenda":"FE","Campo":"FE 19","produtividade":156.05163504,"unidade_produtividade":"sc/ha","pontos_originais":25,"ano":"2026","cultura":"Milho"}},{"type":"Feature","geometry":{"type":"Point","coordinates":[-52.2274864428702,-10.29612317657699]},"properties":{"Fazenda":"FE","Campo":"FE 19","produtividade":154.94132471999998,"unidade_produtividade":"sc/ha","pontos_originais":25,"ano":"2026","cultura":"Milho"}},{"type":"Feature","geometry":{"type":"Point","coordinates":[-52.227714711424724,-10.296122310745597]},"properties":{"Fazenda":"FE","Campo":"FE 19","produtividade":146.89837848000005,"unidade_produtividade":"sc/ha","pontos_originais":25,"ano":"2026","cultura":"Milho"}},{"type":"Feature","geometry":{"type":"Point","coordinates":[-52.22725817429545,-10.296124042247481]},"properties":{"Fazenda":"FE","Campo":"FE 19","produtividade":160.65656656,"unidade_produtividade":"sc/ha","pontos_originais":25,"ano":"2026","cultura":"Milho"}},{"type":"Feature","geometry":{"type":"Point","coordinates":[-52.22702990570045,-10.29612490775707]},"properties":{"Fazenda":"FE","Campo":"FE 19","produtividade":160.60885231999998,"unidade_produtividade":"sc/ha","pontos_originais":25,"ano":"2026","cultura":"Milho"}},{"type":"Feature","geometry":{"type":"Point","coordinates":[-52.228171248473075,-10.296120578600101]},"properties":{"Fazenda":"FE","Campo":"FE 19","produtividade":124.15976664000002,"unidade_produtividade":"sc/ha","pontos_originais":25,"ano":"2026","cultura":"Milho"}},{"type":"Feature","geometry":{"type":"Point","coordinates":[-52.228317480283025,-10.29615619346379]},"properties":{"Fazenda":"FE","Campo":"FE 19","produtividade":118.2493676,"unidade_produtividade":"sc/ha","pontos_originais":5,"ano":"2026","cultura":"Milho"}},{"type":"Feature","geometry":{"type":"Point","coordinates":[-52.22794297995902,-10.296121444753298]},"properties":{"Fazenda":"FE","Campo":"FE 19","produtividade":133.87235232,"unidade_produtividade":"sc/ha","pontos_originais":25,"ano":"2026","cultura":"Milho"}},{"type":"Feature","geometry":{"type":"Point","coordinates":[-52.21607298942643,-10.296166262994484]},"properties":{"Fazenda":"FE","Campo":"FE 19","produtividade":155.79766272,"unidade_produtividade":"sc/ha","pontos_originais":25,"ano":"2026","cultura":"Milho"}},{"type":"Feature","geometry":{"type":"Point","coordinates":[-52.215844719844874,-10.296167120619764]},"properties":{"Fazenda":"FE","Campo":"FE 19","produtividade":156.56280919999998,"unidade_produtividade":"sc/ha","pontos_originais":25,"ano":"2026","cultura":"Milho"}},{"type":"Feature","geometry":{"type":"Point","coordinates":[-52.21561645024326,-10.296167978084133]},"properties":{"Fazenda":"FE","Campo":"FE 19","produtividade":155.86078312,"unidade_produtividade":"sc/ha","pontos_originais":25,"ano":"2026","cultura":"Milho"}},{"type":"Feature","geometry":{"type":"Point","coordinates":[-52.21538818062163,-10.296168835387597]},"properties":{"Fazenda":"FE","Campo":"FE 19","produtividade":155.97178799999998,"unidade_produtividade":"sc/ha","pontos_originais":25,"ano":"2026","cultura":"Milho"}},{"type":"Feature","geometry":{"type":"Point","coordinates":[-52.21675779805085,-10.296163689153223]},"properties":{"Fazenda":"FE","Campo":"FE 19","produtividade":158.0740672,"unidade_produtividade":"sc/ha","pontos_originais":25,"ano":"2026","cultura":"Milho"}},{"type":"Feature","geometry":{"type":"Point","coordinates":[-52.216529528529406,-10.296164547261217]},"properties":{"Fazenda":"FE","Campo":"FE 19","produtividade":156.72571599999998,"unidade_produtividade":"sc/ha","pontos_originais":25,"ano":"2026","cultura":"Milho"}},{"type":"Feature","geometry":{"type":"Point","coordinates":[-52.21630125898794,-10.296165405208306]},"properties":{"Fazenda":"FE","Campo":"FE 19","produtividade":155.50930304000002,"unidade_produtividade":"sc/ha","pontos_originais":25,"ano":"2026","cultura":"Milho"}},{"type":"Feature","geometry":{"type":"Point","coordinates":[-52.214703371636524,-10.296171406332551]},"properties":{"Fazenda":"FE","Campo":"FE 19","produtividade":157.59038904000002,"unidade_produtividade":"sc/ha","pontos_originais":25,"ano":"2026","cultura":"Milho"}},{"type":"Feature","geometry":{"type":"Point","coordinates":[-52.21447510193477,-10.29617226299239]},"properties":{"Fazenda":"FE","Campo":"FE 19","produtividade":159.10265839999997,"unidade_produtividade":"sc/ha","pontos_originais":25,"ano":"2026","cultura":"Milho"}},{"type":"Feature","geometry":{"type":"Point","coordinates":[-52.21424683221299,-10.296173119491323]},"properties":{"Fazenda":"FE","Campo":"FE 19","produtividade":159.65471536000004,"unidade_produtividade":"sc/ha","pontos_originais":25,"ano":"2026","cultura":"Milho"}},{"type":"Feature","geometry":{"type":"Point","coordinates":[-52.215159910979956,-10.296169692530151]},"properties":{"Fazenda":"FE","Campo":"FE 19","produtividade":155.45496232,"unidade_produtividade":"sc/ha","pontos_originais":25,"ano":"2026","cultura":"Milho"}},{"type":"Feature","geometry":{"type":"Point","coordinates":[-52.21493164131824,-10.296170549511807]},"properties":{"Fazenda":"FE","Campo":"FE 19","produtividade":156.15282256000003,"unidade_produtividade":"sc/ha","pontos_originais":25,"ano":"2026","cultura":"Milho"}},{"type":"Feature","geometry":{"type":"Point","coordinates":[-52.223834143248794,-10.296137007996494]},"properties":{"Fazenda":"FE","Campo":"FE 19","produtividade":63.22885968000001,"unidade_produtividade":"sc/ha","pontos_originais":25,"ano":"2026","cultura":"Milho"}},{"type":"Feature","geometry":{"type":"Point","coordinates":[-52.22406241212657,-10.29613614473955]},"properties":{"Fazenda":"FE","Campo":"FE 19","produtividade":61.060096160000015,"unidade_produtividade":"sc/ha","pontos_originais":25,"ano":"2026","cultura":"Milho"}},{"type":"Feature","geometry":{"type":"Point","coordinates":[-52.223605874350824,-10.296137871092535]},"properties":{"Fazenda":"FE","Campo":"FE 19","produtividade":64.24603808,"unidade_produtividade":"sc/ha","pontos_originais":25,"ano":"2026","cultura":"Milho"}},{"type":"Feature","geometry":{"type":"Point","coordinates":[-52.2261168311183,-10.296128368186398]},"properties":{"Fazenda":"FE","Campo":"FE 19","produtividade":156.09409032,"unidade_produtividade":"sc/ha","pontos_originais":25,"ano":"2026","cultura":"Milho"}},{"type":"Feature","geometry":{"type":"Point","coordinates":[-52.22588856242223,-10.296129232891472]},"properties":{"Fazenda":"FE","Campo":"FE 19","produtividade":145.1191448,"unidade_produtividade":"sc/ha","pontos_originais":25,"ano":"2026","cultura":"Milho"}},{"type":"Feature","geometry":{"type":"Point","coordinates":[-52.22566029370596,-10.296130097435642]},"properties":{"Fazenda":"FE","Campo":"FE 19","produtividade":124.92161696,"unidade_produtividade":"sc/ha","pontos_originais":25,"ano":"2026","cultura":"Milho"}},{"type":"Feature","geometry":{"type":"Point","coordinates":[-52.22543202496947,-10.29613096181891]},"properties":{"Fazenda":"FE","Campo":"FE 19","produtividade":104.24848336,"unidade_produtividade":"sc/ha","pontos_originais":25,"ano":"2026","cultura":"Milho"}},{"type":"Feature","geometry":{"type":"Point","coordinates":[-52.22680163708525,-10.296125773105757]},"properties":{"Fazenda":"FE","Campo":"FE 19","produtividade":159.36442424000003,"unidade_produtividade":"sc/ha","pontos_originais":25,"ano":"2026","cultura":"Milho"}},{"type":"Feature","geometry":{"type":"Point","coordinates":[-52.226573368449806,-10.29612663829354]},"properties":{"Fazenda":"FE","Campo":"FE 19","produtividade":159.78299343999998,"unidade_produtividade":"sc/ha","pontos_originais":25,"ano":"2026","cultura":"Milho"}},{"type":"Feature","geometry":{"type":"Point","coordinates":[-52.22634509979415,-10.296127503320422]},"properties":{"Fazenda":"FE","Campo":"FE 19","produtividade":159.72540080000002,"unidade_produtividade":"sc/ha","pontos_originais":25,"ano":"2026","cultura":"Milho"}},{"type":"Feature","geometry":{"type":"Point","coordinates":[-52.22451894982162,-10.296134417742948]},"properties":{"Fazenda":"FE","Campo":"FE 19","produtividade":61.37648159999999,"unidade_produtividade":"sc/ha","pontos_originais":25,"ano":"2026","cultura":"Milho"}},{"type":"Feature","geometry":{"type":"Point","coordinates":[-52.22474721863887,-10.296133554003296]},"properties":{"Fazenda":"FE","Campo":"FE 19","produtividade":64.3568128,"unidade_produtividade":"sc/ha","pontos_originais":25,"ano":"2026","cultura":"Milho"}},{"type":"Feature","geometry":{"type":"Point","coordinates":[-52.22429068098418,-10.296135281321703]},"properties":{"Fazenda":"FE","Campo":"FE 19","produtividade":60.843368880000014,"unidade_produtividade":"sc/ha","pontos_originais":25,"ano":"2026","cultura":"Milho"}},{"type":"Feature","geometry":{"type":"Point","coordinates":[-52.225203756212785,-10.296131826041275]},"properties":{"Fazenda":"FE","Campo":"FE 19","produtividade":83.46288551999999,"unidade_produtividade":"sc/ha","pontos_originais":25,"ano":"2026","cultura":"Milho"}},{"type":"Feature","geometry":{"type":"Point","coordinates":[-52.224975487435934,-10.296132690102738]},"properties":{"Fazenda":"FE","Campo":"FE 19","produtividade":69.20060280000001,"unidade_produtividade":"sc/ha","pontos_originais":25,"ano":"2026","cultura":"Milho"}},{"type":"Feature","geometry":{"type":"Point","coordinates":[-52.21826489698424,-10.296293656923668]},"properties":{"Fazenda":"FE","Campo":"FE 19","produtividade":53.41315,"unidade_produtividade":"sc/ha","pontos_originais":1,"ano":"2026","cultura":"Milho"}},{"type":"Feature","geometry":{"type":"Point","coordinates":[-52.22246365892649,-10.295916125658046]},"properties":{"Fazenda":"FE","Campo":"FE 19","produtividade":136.75611655999998,"unidade_produtividade":"sc/ha","pontos_originais":25,"ano":"2026","cultura":"Milho"}},{"type":"Feature","geometry":{"type":"Point","coordinates":[-52.22223539007005,-10.295916987769338]},"properties":{"Fazenda":"FE","Campo":"FE 19","produtividade":135.17396256,"unidade_produtividade":"sc/ha","pontos_originais":25,"ano":"2026","cultura":"Milho"}},{"type":"Feature","geometry":{"type":"Point","coordinates":[-52.22200712119345,-10.295917849719727]},"properties":{"Fazenda":"FE","Campo":"FE 19","produtividade":135.2561868,"unidade_produtividade":"sc/ha","pontos_originais":25,"ano":"2026","cultura":"Milho"}},{"type":"Feature","geometry":{"type":"Point","coordinates":[-52.22177885229675,-10.295918711509218]},"properties":{"Fazenda":"FE","Campo":"FE 19","produtividade":129.54996936,"unidade_produtividade":"sc/ha","pontos_originais":25,"ano":"2026","cultura":"Milho"}},{"type":"Feature","geometry":{"type":"Point","coordinates":[-52.22314846537489,-10.29591353835877]},"properties":{"Fazenda":"FE","Campo":"FE 19","produtividade":110.38535984000002,"unidade_produtividade":"sc/ha","pontos_originais":25,"ano":"2026","cultura":"Milho"}},{"type":"Feature","geometry":{"type":"Point","coordinates":[-52.222920196578904,-10.295914400952762]},"properties":{"Fazenda":"FE","Campo":"FE 19","produtividade":126.08025471999997,"unidade_produtividade":"sc/ha","pontos_originais":25,"ano":"2026","cultura":"Milho"}},{"type":"Feature","geometry":{"type":"Point","coordinates":[-52.22269192776278,-10.29591526338585]},"properties":{"Fazenda":"FE","Campo":"FE 19","produtividade":136.82332999999997,"unidade_produtividade":"sc/ha","pontos_originais":25,"ano":"2026","cultura":"Milho"}},{"type":"Feature","geometry":{"type":"Point","coordinates":[-52.2208657765085,-10.295922157058172]},"properties":{"Fazenda":"FE","Campo":"FE 19","produtividade":97.55231472,"unidade_produtividade":"sc/ha","pontos_originais":25,"ano":"2026","cultura":"Milho"}},{"type":"Feature","geometry":{"type":"Point","coordinates":[-52.22109404548576,-10.295921295912287]},"properties":{"Fazenda":"FE","Campo":"FE 19","produtividade":99.25797168,"unidade_produtividade":"sc/ha","pontos_originais":25,"ano":"2026","cultura":"Milho"}},{"type":"Feature","geometry":{"type":"Point","coordinates":[-52.22063750751112,-10.295923018043156]},"properties":{"Fazenda":"FE","Campo":"FE 19","produtividade":95.45412968000002,"unidade_produtividade":"sc/ha","pontos_originais":25,"ano":"2026","cultura":"Milho"}},{"type":"Feature","geometry":{"type":"Point","coordinates":[-52.22040923849363,-10.29592387886724]},"properties":{"Fazenda":"FE","Campo":"FE 19","produtividade":96.13362135999998,"unidade_produtividade":"sc/ha","pontos_originais":25,"ano":"2026","cultura":"Milho"}},{"type":"Feature","geometry":{"type":"Point","coordinates":[-52.22155058337986,-10.295919573137805]},"properties":{"Fazenda":"FE","Campo":"FE 19","produtividade":121.18751119999997,"unidade_produtividade":"sc/ha","pontos_originais":25,"ano":"2026","cultura":"Milho"}},{"type":"Feature","geometry":{"type":"Point","coordinates":[-52.22132231444289,-10.295920434605492]},"properties":{"Fazenda":"FE","Campo":"FE 19","produtividade":109.16020696,"unidade_produtividade":"sc/ha","pontos_originais":25,"ano":"2026","cultura":"Milho"}},{"type":"Feature","geometry":{"type":"Point","coordinates":[-52.22543115222521,-10.295904903569342]},"properties":{"Fazenda":"FE","Campo":"FE 19","produtividade":110.10359416000001,"unidade_produtividade":"sc/ha","pontos_originais":25,"ano":"2026","cultura":"Milho"}},{"type":"Feature","geometry":{"type":"Point","coordinates":[-52.22520288363103,-10.295905767772336]},"properties":{"Fazenda":"FE","Campo":"FE 19","produtividade":88.44121496000001,"unidade_produtividade":"sc/ha","pontos_originais":25,"ano":"2026","cultura":"Milho"}},{"type":"Feature","geometry":{"type":"Point","coordinates":[-52.224974615016606,-10.295906631814425]},"properties":{"Fazenda":"FE","Campo":"FE 19","produtividade":73.35863527999999,"unidade_produtividade":"sc/ha","pontos_originais":25,"ano":"2026","cultura":"Milho"}},{"type":"Feature","geometry":{"type":"Point","coordinates":[-52.224746346382034,-10.29590749569562]},"properties":{"Fazenda":"FE","Campo":"FE 19","produtividade":64.93227888000001,"unidade_produtividade":"sc/ha","pontos_originais":25,"ano":"2026","cultura":"Milho"}},{"type":"Feature","geometry":{"type":"Point","coordinates":[-52.22611595788662,-10.295902309994972]},"properties":{"Fazenda":"FE","Campo":"FE 19","produtividade":158.21288784,"unidade_produtividade":"sc/ha","pontos_originais":25,"ano":"2026","cultura":"Milho"}},{"type":"Feature","geometry":{"type":"Point","coordinates":[-52.225887689353016,-10.295903174680664]},"properties":{"Fazenda":"FE","Campo":"FE 19","produtividade":147.48651456,"unidade_produtividade":"sc/ha","pontos_originais":25,"ano":"2026","cultura":"Milho"}},{"type":"Feature","geometry":{"type":"Point","coordinates":[-52.22565942079922,-10.295904039205451]},"properties":{"Fazenda":"FE","Campo":"FE 19","produtividade":129.08660071999998,"unidade_produtividade":"sc/ha","pontos_originais":25,"ano":"2026","cultura":"Milho"}},{"type":"Feature","geometry":{"type":"Point","coordinates":[-52.22383327164184,-10.295910949611391]},"properties":{"Fazenda":"FE","Campo":"FE 19","produtividade":76.6145772,"unidade_produtividade":"sc/ha","pontos_originais":25,"ano":"2026","cultura":"Milho"}},{"type":"Feature","geometry":{"type":"Point","coordinates":[-52.22406154035716,-10.2959100863738]},"properties":{"Fazenda":"FE","Campo":"FE 19","produtividade":72.01535208000001,"unidade_produtividade":"sc/ha","pontos_originais":25,"ano":"2026","cultura":"Milho"}},{"type":"Feature","geometry":{"type":"Point","coordinates":[-52.22360500290634,-10.295911812688084]},"properties":{"Fazenda":"FE","Campo":"FE 19","produtividade":86.79171144000001,"unidade_produtividade":"sc/ha","pontos_originais":25,"ano":"2026","cultura":"Milho"}},{"type":"Feature","geometry":{"type":"Point","coordinates":[-52.22337673415069,-10.295912675603876]},"properties":{"Fazenda":"FE","Campo":"FE 19","produtividade":97.72868616,"unidade_produtividade":"sc/ha","pontos_originais":25,"ano":"2026","cultura":"Milho"}},{"type":"Feature","geometry":{"type":"Point","coordinates":[-52.22451807772723,-10.295908359415915]},"properties":{"Fazenda":"FE","Campo":"FE 19","produtividade":62.95708776000001,"unidade_produtividade":"sc/ha","pontos_originais":25,"ano":"2026","cultura":"Milho"}},{"type":"Feature","geometry":{"type":"Point","coordinates":[-52.22428980905229,-10.295909222975306]},"properties":{"Fazenda":"FE","Campo":"FE 19","produtividade":66.37269968,"unidade_produtividade":"sc/ha","pontos_originais":25,"ano":"2026","cultura":"Milho"}},{"type":"Feature","geometry":{"type":"Point","coordinates":[-52.215843853924504,-10.295941061559624]},"properties":{"Fazenda":"FE","Campo":"FE 19","produtividade":159.5293896,"unidade_produtividade":"sc/ha","pontos_originais":25,"ano":"2026","cultura":"Milho"}},{"type":"Feature","geometry":{"type":"Point","coordinates":[-52.21607212334357,-10.295940203953577]},"properties":{"Fazenda":"FE","Campo":"FE 19","produtividade":158.68880664,"unidade_produtividade":"sc/ha","pontos_originais":25,"ano":"2026","cultura":"Milho"}},{"type":"Feature","geometry":{"type":"Point","coordinates":[-52.21561558448537,-10.295941919004774]},"properties":{"Fazenda":"FE","Campo":"FE 19","produtividade":160.19313072,"unidade_produtividade":"sc/ha","pontos_originais":25,"ano":"2026","cultura":"Milho"}},{"type":"Feature","geometry":{"type":"Point","coordinates":[-52.21538731502622,-10.29594277628902]},"properties":{"Fazenda":"FE","Campo":"FE 19","produtividade":160.57977208,"unidade_produtividade":"sc/ha","pontos_originais":25,"ano":"2026","cultura":"Milho"}},{"type":"Feature","geometry":{"type":"Point","coordinates":[-52.216756931480575,-10.295937630170009]},"properties":{"Fazenda":"FE","Campo":"FE 19","produtividade":162.37411848,"unidade_produtividade":"sc/ha","pontos_originais":25,"ano":"2026","cultura":"Milho"}},{"type":"Feature","geometry":{"type":"Point","coordinates":[-52.216528662121625,-10.295938488258766]},"properties":{"Fazenda":"FE","Campo":"FE 19","produtividade":159.97204944000003,"unidade_produtividade":"sc/ha","pontos_originais":25,"ano":"2026","cultura":"Milho"}},{"type":"Feature","geometry":{"type":"Point","coordinates":[-52.216300392742625,-10.295939346186621]},"properties":{"Fazenda":"FE","Campo":"FE 19","produtividade":159.49740016000004,"unidade_produtividade":"sc/ha","pontos_originais":25,"ano":"2026","cultura":"Milho"}},{"type":"Feature","geometry":{"type":"Point","coordinates":[-52.21447423698926,-10.295946203816976]},"properties":{"Fazenda":"FE","Campo":"FE 19","produtividade":157.60179904,"unidade_produtividade":"sc/ha","pontos_originais":25,"ano":"2026","cultura":"Milho"}},{"type":"Feature","geometry":{"type":"Point","coordinates":[-52.21424596742999,-10.29594706029671]},"properties":{"Fazenda":"FE","Campo":"FE 19","produtividade":156.47304064,"unidade_produtividade":"sc/ha","pontos_originais":25,"ano":"2026","cultura":"Milho"}},{"type":"Feature","geometry":{"type":"Point","coordinates":[-52.214017697850686,-10.295947916615539]},"properties":{"Fazenda":"FE","Campo":"FE 19","produtividade":151.94557224000002,"unidade_produtividade":"sc/ha","pontos_originais":25,"ano":"2026","cultura":"Milho"}},{"type":"Feature","geometry":{"type":"Point","coordinates":[-52.21378942825136,-10.295948772773468]},"properties":{"Fazenda":"FE","Campo":"FE 19","produtividade":147.00158648000004,"unidade_produtividade":"sc/ha","pontos_originais":25,"ano":"2026","cultura":"Milho"}},{"type":"Feature","geometry":{"type":"Point","coordinates":[-52.215159045547004,-10.295943633412367]},"properties":{"Fazenda":"FE","Campo":"FE 19","produtividade":159.40443624,"unidade_produtividade":"sc/ha","pontos_originais":25,"ano":"2026","cultura":"Milho"}},{"type":"Feature","geometry":{"type":"Point","coordinates":[-52.214930776047794,-10.295944490374804]},"properties":{"Fazenda":"FE","Campo":"FE 19","produtividade":157.93420552,"unidade_produtividade":"sc/ha","pontos_originais":25,"ano":"2026","cultura":"Milho"}},{"type":"Feature","geometry":{"type":"Point","coordinates":[-52.21470250652854,-10.29594534717634]},"properties":{"Fazenda":"FE","Campo":"FE 19","produtividade":157.40839408,"unidade_produtividade":"sc/ha","pontos_originais":25,"ano":"2026","cultura":"Milho"}},{"type":"Feature","geometry":{"type":"Point","coordinates":[-52.21949616222252,-10.295927320554567]},"properties":{"Fazenda":"FE","Campo":"FE 19","produtividade":128.14866064,"unidade_produtividade":"sc/ha","pontos_originais":25,"ano":"2026","cultura":"Milho"}},{"type":"Feature","geometry":{"type":"Point","coordinates":[-52.21926789310451,-10.295928180574146]},"properties":{"Fazenda":"FE","Campo":"FE 19","produtividade":115.67901744000001,"unidade_produtividade":"sc/ha","pontos_originais":25,"ano":"2026","cultura":"Milho"}},{"type":"Feature","geometry":{"type":"Point","coordinates":[-52.219096734662656,-10.295940128427608]},"properties":{"Fazenda":"FE","Campo":"FE 19","produtividade":100.59063933333333,"unidade_produtividade":"sc/ha","pontos_originais":12,"ano":"2026","cultura":"Milho"}},{"type":"Feature","geometry":{"type":"Point","coordinates":[-52.21832435161279,-10.295924198322744]},"properties":{"Fazenda":"FE","Campo":"FE 19","produtividade":62.25906166666667,"unidade_produtividade":"sc/ha","pontos_originais":18,"ano":"2026","cultura":"Milho"}},{"type":"Feature","geometry":{"type":"Point","coordinates":[-52.22018096945602,-10.295924739530424]},"properties":{"Fazenda":"FE","Campo":"FE 19","produtividade":96.73350456000001,"unidade_produtividade":"sc/ha","pontos_originais":25,"ano":"2026","cultura":"Milho"}},{"type":"Feature","geometry":{"type":"Point","coordinates":[-52.219952700398295,-10.295925600032707]},"properties":{"Fazenda":"FE","Campo":"FE 19","produtividade":106.27447768000002,"unidade_produtividade":"sc/ha","pontos_originais":25,"ano":"2026","cultura":"Milho"}},{"type":"Feature","geometry":{"type":"Point","coordinates":[-52.21972443132047,-10.295926460374089]},"properties":{"Fazenda":"FE","Campo":"FE 19","produtividade":127.363852,"unidade_produtividade":"sc/ha","pontos_originais":25,"ano":"2026","cultura":"Milho"}},{"type":"Feature","geometry":{"type":"Point","coordinates":[-52.217441739437064,-10.295935054938324]},"properties":{"Fazenda":"FE","Campo":"FE 19","produtividade":142.9392468,"unidade_produtividade":"sc/ha","pontos_originais":25,"ano":"2026","cultura":"Milho"}},{"type":"Feature","geometry":{"type":"Point","coordinates":[-52.21721347013828,-10.295935913509789]},"properties":{"Fazenda":"FE","Campo":"FE 19","produtividade":158.58397632,"unidade_produtividade":"sc/ha","pontos_originais":25,"ano":"2026","cultura":"Milho"}},{"type":"Feature","geometry":{"type":"Point","coordinates":[-52.21698520081947,-10.29593677192035]},"properties":{"Fazenda":"FE","Campo":"FE 19","produtividade":163.54508464,"unidade_produtividade":"sc/ha","pontos_originais":25,"ano":"2026","cultura":"Milho"}},{"type":"Feature","geometry":{"type":"Point","coordinates":[-52.21812654721294,-10.29593247825852]},"properties":{"Fazenda":"FE","Campo":"FE 19","produtividade":70.82377120000001,"unidade_produtividade":"sc/ha","pontos_originais":25,"ano":"2026","cultura":"Milho"}},{"type":"Feature","geometry":{"type":"Point","coordinates":[-52.2178982779744,-10.295933337312688]},"properties":{"Fazenda":"FE","Campo":"FE 19","produtividade":88.67653479999998,"unidade_produtividade":"sc/ha","pontos_originais":25,"ano":"2026","cultura":"Milho"}},{"type":"Feature","geometry":{"type":"Point","coordinates":[-52.21767000871577,-10.295934196205955]},"properties":{"Fazenda":"FE","Campo":"FE 19","produtividade":116.79127712000003,"unidade_produtividade":"sc/ha","pontos_originais":25,"ano":"2026","cultura":"Milho"}},{"type":"Feature","geometry":{"type":"Point","coordinates":[-52.22657249489318,-10.29590058014089]},"properties":{"Fazenda":"FE","Campo":"FE 19","produtividade":163.06572856,"unidade_produtividade":"sc/ha","pontos_originais":25,"ano":"2026","cultura":"Milho"}},{"type":"Feature","geometry":{"type":"Point","coordinates":[-52.226344226399995,-10.295901445148381]},"properties":{"Fazenda":"FE","Campo":"FE 19","produtividade":161.91359688000003,"unidade_produtividade":"sc/ha","pontos_originais":25,"ano":"2026","cultura":"Milho"}},{"type":"Feature","geometry":{"type":"Point","coordinates":[-52.21310461933339,-10.295951340281828]},"properties":{"Fazenda":"FE","Campo":"FE 19","produtividade":138.05584408,"unidade_produtividade":"sc/ha","pontos_originais":25,"ano":"2026","cultura":"Milho"}},{"type":"Feature","geometry":{"type":"Point","coordinates":[-52.21287634965407,-10.295952195796142]},"properties":{"Fazenda":"FE","Campo":"FE 19","produtividade":128.67041935999998,"unidade_produtividade":"sc/ha","pontos_originais":25,"ano":"2026","cultura":"Milho"}},{"type":"Feature","geometry":{"type":"Point","coordinates":[-52.21266548838178,-10.295957291879274]},"properties":{"Fazenda":"FE","Campo":"FE 19","produtividade":121.15791400000002,"unidade_produtividade":"sc/ha","pontos_originais":21,"ano":"2026","cultura":"Milho"}},{"type":"Feature","geometry":{"type":"Point","coordinates":[-52.22815794663561,-10.29590073305069]},"properties":{"Fazenda":"FE","Campo":"FE 19","produtividade":124.43874354545451,"unidade_produtividade":"sc/ha","pontos_originais":22,"ano":"2026","cultura":"Milho"}},{"type":"Feature","geometry":{"type":"Point","coordinates":[-52.21356115863204,-10.295949628770494]},"properties":{"Fazenda":"FE","Campo":"FE 19","produtividade":145.30724711999997,"unidade_produtividade":"sc/ha","pontos_originais":25,"ano":"2026","cultura":"Milho"}},{"type":"Feature","geometry":{"type":"Point","coordinates":[-52.21333288899272,-10.295950484606612]},"properties":{"Fazenda":"FE","Campo":"FE 19","produtividade":144.55785623999998,"unidade_produtividade":"sc/ha","pontos_originais":25,"ano":"2026","cultura":"Milho"}},{"type":"Feature","geometry":{"type":"Point","coordinates":[-52.2272573002514,-10.29589798415303]},"properties":{"Fazenda":"FE","Campo":"FE 19","produtividade":167.07902512000004,"unidade_produtividade":"sc/ha","pontos_originais":25,"ano":"2026","cultura":"Milho"}},{"type":"Feature","geometry":{"type":"Point","coordinates":[-52.227029031818866,-10.295898849643217]},"properties":{"Fazenda":"FE","Campo":"FE 19","produtividade":165.37391695999997,"unidade_produtividade":"sc/ha","pontos_originais":25,"ano":"2026","cultura":"Milho"}},{"type":"Feature","geometry":{"type":"Point","coordinates":[-52.22680076336616,-10.295899714972501]},"properties":{"Fazenda":"FE","Campo":"FE 19","produtividade":163.47994935999998,"unidade_produtividade":"sc/ha","pontos_originais":25,"ano":"2026","cultura":"Milho"}},{"type":"Feature","geometry":{"type":"Point","coordinates":[-52.227942105427566,-10.29589538671708]},"properties":{"Fazenda":"FE","Campo":"FE 19","produtividade":135.94635264000004,"unidade_produtividade":"sc/ha","pontos_originais":25,"ano":"2026","cultura":"Milho"}},{"type":"Feature","geometry":{"type":"Point","coordinates":[-52.227713837055745,-10.29589625268996]},"properties":{"Fazenda":"FE","Campo":"FE 19","produtividade":151.79063703999995,"unidade_produtividade":"sc/ha","pontos_originais":25,"ano":"2026","cultura":"Milho"}},{"type":"Feature","geometry":{"type":"Point","coordinates":[-52.22748556866369,-10.295897118501946]},"properties":{"Fazenda":"FE","Campo":"FE 19","produtividade":161.70055440000002,"unidade_produtividade":"sc/ha","pontos_originais":25,"ano":"2026","cultura":"Milho"}},{"type":"Feature","geometry":{"type":"Point","coordinates":[-52.22040402389696,-10.294567526749889]},"properties":{"Fazenda":"FE","Campo":"FE 19","produtividade":162.49229136,"unidade_produtividade":"sc/ha","pontos_originais":25,"ano":"2026","cultura":"Milho"}},{"type":"Feature","geometry":{"type":"Point","coordinates":[-52.22063229193968,-10.294566666041588]},"properties":{"Fazenda":"FE","Campo":"FE 19","produtividade":162.82770615999996,"unidade_produtividade":"sc/ha","pontos_originais":25,"ano":"2026","cultura":"Milho"}},{"type":"Feature","geometry":{"type":"Point","coordinates":[-52.22017575583411,-10.29456838729731]},"properties":{"Fazenda":"FE","Campo":"FE 19","produtividade":163.37599432,"unidade_produtividade":"sc/ha","pontos_originais":25,"ano":"2026","cultura":"Milho"}},{"type":"Feature","geometry":{"type":"Point","coordinates":[-52.21994748775115,-10.294569247683851]},"properties":{"Fazenda":"FE","Campo":"FE 19","produtividade":162.83314879999998,"unidade_produtividade":"sc/ha","pontos_originais":25,"ano":"2026","cultura":"Milho"}},{"type":"Feature","geometry":{"type":"Point","coordinates":[-52.221088827964785,-10.294564944142348]},"properties":{"Fazenda":"FE","Campo":"FE 19","produtividade":159.18436967999997,"unidade_produtividade":"sc/ha","pontos_originais":25,"ano":"2026","cultura":"Milho"}},{"type":"Feature","geometry":{"type":"Point","coordinates":[-52.22131709594714,-10.29456408295141]},"properties":{"Fazenda":"FE","Campo":"FE 19","produtividade":156.8976808,"unidade_produtividade":"sc/ha","pontos_originais":25,"ano":"2026","cultura":"Milho"}},{"type":"Feature","geometry":{"type":"Point","coordinates":[-52.22086055996228,-10.294565805172411]},"properties":{"Fazenda":"FE","Campo":"FE 19","produtividade":161.96426400000001,"unidade_produtividade":"sc/ha","pontos_originais":25,"ano":"2026","cultura":"Milho"}},{"type":"Feature","geometry":{"type":"Point","coordinates":[-52.219034415218296,-10.294572687621221]},"properties":{"Fazenda":"FE","Campo":"FE 19","produtividade":120.38061784000006,"unidade_produtividade":"sc/ha","pontos_originais":25,"ano":"2026","cultura":"Milho"}},{"type":"Feature","geometry":{"type":"Point","coordinates":[-52.21880614703482,-10.294573547203367]},"properties":{"Fazenda":"FE","Campo":"FE 19","produtividade":103.94055896000003,"unidade_produtividade":"sc/ha","pontos_originais":25,"ano":"2026","cultura":"Milho"}},{"type":"Feature","geometry":{"type":"Point","coordinates":[-52.2185840569984,-10.294562052704986]},"properties":{"Fazenda":"FE","Campo":"FE 19","produtividade":102.02171954545452,"unidade_produtividade":"sc/ha","pontos_originais":22,"ano":"2026","cultura":"Milho"}},{"type":"Feature","geometry":{"type":"Point","coordinates":[-52.218349437092115,-10.294530054111151]},"properties":{"Fazenda":"FE","Campo":"FE 19","produtividade":105.89056146666667,"unidade_produtividade":"sc/ha","pontos_originais":15,"ano":"2026","cultura":"Milho"}},{"type":"Feature","geometry":{"type":"Point","coordinates":[-52.21971921964807,-10.294570107909514]},"properties":{"Fazenda":"FE","Campo":"FE 19","produtividade":159.99425847999998,"unidade_produtividade":"sc/ha","pontos_originais":25,"ano":"2026","cultura":"Milho"}},{"type":"Feature","geometry":{"type":"Point","coordinates":[-52.219490951524904,-10.294570967974298]},"properties":{"Fazenda":"FE","Campo":"FE 19","produtividade":154.70410536,"unidade_produtividade":"sc/ha","pontos_originais":25,"ano":"2026","cultura":"Milho"}},{"type":"Feature","geometry":{"type":"Point","coordinates":[-52.219262683381636,-10.294571827878196]},"properties":{"Fazenda":"FE","Campo":"FE 19","produtividade":140.54585776,"unidade_produtividade":"sc/ha","pontos_originais":25,"ano":"2026","cultura":"Milho"}},{"type":"Feature","geometry":{"type":"Point","coordinates":[-52.22337150688213,-10.294556324993412]},"properties":{"Fazenda":"FE","Campo":"FE 19","produtividade":157.23600144,"unidade_produtividade":"sc/ha","pontos_originais":25,"ano":"2026","cultura":"Milho"}},{"type":"Feature","geometry":{"type":"Point","coordinates":[-52.223143239081075,-10.294557187632256]},"properties":{"Fazenda":"FE","Campo":"FE 19","produtividade":161.72987600000002,"unidade_produtividade":"sc/ha","pontos_originais":25,"ano":"2026","cultura":"Milho"}},{"type":"Feature","geometry":{"type":"Point","coordinates":[-52.22291497125986,-10.29455805011023]},"properties":{"Fazenda":"FE","Campo":"FE 19","produtividade":165.99721488000003,"unidade_produtividade":"sc/ha","pontos_originais":25,"ano":"2026","cultura":"Milho"}},{"type":"Feature","geometry":{"type":"Point","coordinates":[-52.222686703418475,-10.294558912427322]},"properties":{"Fazenda":"FE","Campo":"FE 19","produtividade":168.01313536,"unidade_produtividade":"sc/ha","pontos_originais":25,"ano":"2026","cultura":"Milho"}},{"type":"Feature","geometry":{"type":"Point","coordinates":[-52.22405631016431,-10.294553736111594]},"properties":{"Fazenda":"FE","Campo":"FE 19","produtividade":157.93812888000002,"unidade_produtividade":"sc/ha","pontos_originais":25,"ano":"2026","cultura":"Milho"}},{"type":"Feature","geometry":{"type":"Point","coordinates":[-52.224284577884674,-10.29455287282923]},"properties":{"Fazenda":"FE","Campo":"FE 19","produtividade":156.81450176,"unidade_produtividade":"sc/ha","pontos_originais":25,"ano":"2026","cultura":"Milho"}},{"type":"Feature","geometry":{"type":"Point","coordinates":[-52.223828042423754,-10.294554599233074]},"properties":{"Fazenda":"FE","Campo":"FE 19","produtividade":156.24818720000002,"unidade_produtividade":"sc/ha","pontos_originais":25,"ano":"2026","cultura":"Milho"}},{"type":"Feature","geometry":{"type":"Point","coordinates":[-52.223599774663036,-10.294555462193681]},"properties":{"Fazenda":"FE","Campo":"FE 19","produtividade":156.79889008,"unidade_produtividade":"sc/ha","pontos_originais":25,"ano":"2026","cultura":"Milho"}},{"type":"Feature","geometry":{"type":"Point","coordinates":[-52.22200189977344,-10.294561498413323]},"properties":{"Fazenda":"FE","Campo":"FE 19","produtividade":167.8166336,"unidade_produtividade":"sc/ha","pontos_originais":25,"ano":"2026","cultura":"Milho"}},{"type":"Feature","geometry":{"type":"Point","coordinates":[-52.22177363185149,-10.294562360086895]},"properties":{"Fazenda":"FE","Campo":"FE 19","produtividade":163.66564536,"unidade_produtividade":"sc/ha","pontos_originais":25,"ano":"2026","cultura":"Milho"}},{"type":"Feature","geometry":{"type":"Point","coordinates":[-52.22154536390938,-10.294563221599592]},"properties":{"Fazenda":"FE","Campo":"FE 19","produtividade":159.62896488,"unidade_produtividade":"sc/ha","pontos_originais":25,"ano":"2026","cultura":"Milho"}},{"type":"Feature","geometry":{"type":"Point","coordinates":[-52.22245843555695,-10.294559774583531]},"properties":{"Fazenda":"FE","Campo":"FE 19","produtividade":168.18683560000002,"unidade_produtividade":"sc/ha","pontos_originais":25,"ano":"2026","cultura":"Milho"}},{"type":"Feature","geometry":{"type":"Point","coordinates":[-52.222230167675264,-10.294560636578865]},"properties":{"Fazenda":"FE","Campo":"FE 19","produtividade":167.43127464,"unidade_produtividade":"sc/ha","pontos_originais":25,"ano":"2026","cultura":"Milho"}},{"type":"Feature","geometry":{"type":"Point","coordinates":[-52.21469731630109,-10.294588992171414]},"properties":{"Fazenda":"FE","Campo":"FE 19","produtividade":102.67962712,"unidade_produtividade":"sc/ha","pontos_originais":25,"ano":"2026","cultura":"Milho"}},{"type":"Feature","geometry":{"type":"Point","coordinates":[-52.21446904773659,-10.294589848696829]},"properties":{"Fazenda":"FE","Campo":"FE 19","produtividade":101.98077232,"unidade_produtividade":"sc/ha","pontos_originais":25,"ano":"2026","cultura":"Milho"}},{"type":"Feature","geometry":{"type":"Point","coordinates":[-52.21424077915207,-10.294590705061362]},"properties":{"Fazenda":"FE","Campo":"FE 19","produtividade":93.37559671999999,"unidade_produtividade":"sc/ha","pontos_originais":25,"ano":"2026","cultura":"Milho"}},{"type":"Feature","geometry":{"type":"Point","coordinates":[-52.214012510547526,-10.294591561265014]},"properties":{"Fazenda":"FE","Campo":"FE 19","produtividade":83.64714400000001,"unidade_produtividade":"sc/ha","pontos_originais":25,"ano":"2026","cultura":"Milho"}},{"type":"Feature","geometry":{"type":"Point","coordinates":[-52.215382121874434,-10.29458642162989]},"properties":{"Fazenda":"FE","Campo":"FE 19","produtividade":101.14113464,"unidade_produtividade":"sc/ha","pontos_originais":25,"ano":"2026","cultura":"Milho"}},{"type":"Feature","geometry":{"type":"Point","coordinates":[-52.21515385337001,-10.294587278637946]},"properties":{"Fazenda":"FE","Campo":"FE 19","produtividade":101.36072463999999,"unidade_produtividade":"sc/ha","pontos_originais":25,"ano":"2026","cultura":"Milho"}},{"type":"Feature","geometry":{"type":"Point","coordinates":[-52.21492558484557,-10.294588135485123]},"properties":{"Fazenda":"FE","Campo":"FE 19","produtividade":102.372046,"unidade_produtividade":"sc/ha","pontos_originais":25,"ano":"2026","cultura":"Milho"}},{"type":"Feature","geometry":{"type":"Point","coordinates":[-52.21309943592938,-10.294594984470802]},"properties":{"Fazenda":"FE","Campo":"FE 19","produtividade":91.1908396,"unidade_produtividade":"sc/ha","pontos_originais":25,"ano":"2026","cultura":"Milho"}},{"type":"Feature","geometry":{"type":"Point","coordinates":[-52.21332770461391,-10.294594128910678]},"properties":{"Fazenda":"FE","Campo":"FE 19","produtividade":84.15354192,"unidade_produtividade":"sc/ha","pontos_originais":25,"ano":"2026","cultura":"Milho"}},{"type":"Feature","geometry":{"type":"Point","coordinates":[-52.2128939940965,-10.294595754339777]},"properties":{"Fazenda":"FE","Campo":"FE 19","produtividade":93.12336600000002,"unidade_produtividade":"sc/ha","pontos_originais":20,"ano":"2026","cultura":"Milho"}},{"type":"Feature","geometry":{"type":"Point","coordinates":[-52.2276961641621,-10.294546116733517]},"properties":{"Fazenda":"FE","Campo":"FE 19","produtividade":109.6844801818182,"unidade_produtividade":"sc/ha","pontos_originais":22,"ano":"2026","cultura":"Milho"}},{"type":"Feature","geometry":{"type":"Point","coordinates":[-52.227480323849534,-10.29454076998397]},"properties":{"Fazenda":"FE","Campo":"FE 19","produtividade":127.64644872000001,"unidade_produtividade":"sc/ha","pontos_originais":25,"ano":"2026","cultura":"Milho"}},{"type":"Feature","geometry":{"type":"Point","coordinates":[-52.21378424192299,-10.294592417307781]},"properties":{"Fazenda":"FE","Campo":"FE 19","produtividade":76.50039264000002,"unidade_produtividade":"sc/ha","pontos_originais":25,"ano":"2026","cultura":"Milho"}},{"type":"Feature","geometry":{"type":"Point","coordinates":[-52.21355597327845,-10.294593273189673]},"properties":{"Fazenda":"FE","Campo":"FE 19","produtividade":78.05920696000001,"unidade_produtividade":"sc/ha","pontos_originais":25,"ano":"2026","cultura":"Milho"}},{"type":"Feature","geometry":{"type":"Point","coordinates":[-52.21743653751234,-10.294578701317741]},"properties":{"Fazenda":"FE","Campo":"FE 19","produtividade":113.73933255999998,"unidade_produtividade":"sc/ha","pontos_originais":25,"ano":"2026","cultura":"Milho"}},{"type":"Feature","geometry":{"type":"Point","coordinates":[-52.217664805816284,-10.29457784270088]},"properties":{"Fazenda":"FE","Campo":"FE 19","produtividade":111.54031335999998,"unidade_produtividade":"sc/ha","pontos_originais":25,"ano":"2026","cultura":"Milho"}},{"type":"Feature","geometry":{"type":"Point","coordinates":[-52.21720826918835,-10.294579559773728]},"properties":{"Fazenda":"FE","Campo":"FE 19","produtividade":116.97644,"unidade_produtividade":"sc/ha","pontos_originais":25,"ano":"2026","cultura":"Milho"}},{"type":"Feature","geometry":{"type":"Point","coordinates":[-52.216980000844295,-10.29458041806883]},"properties":{"Fazenda":"FE","Campo":"FE 19","produtividade":115.00399792,"unidade_produtividade":"sc/ha","pontos_originais":25,"ano":"2026","cultura":"Milho"}},{"type":"Feature","geometry":{"type":"Point","coordinates":[-52.218121168880884,-10.294530913206803]},"properties":{"Fazenda":"FE","Campo":"FE 19","produtividade":106.80459533333332,"unidade_produtividade":"sc/ha","pontos_originais":15,"ano":"2026","cultura":"Milho"}},{"type":"Feature","geometry":{"type":"Point","coordinates":[-52.21788708910857,-10.29456914340995]},"properties":{"Fazenda":"FE","Campo":"FE 19","produtividade":106.6902084347826,"unidade_produtividade":"sc/ha","pontos_originais":23,"ano":"2026","cultura":"Milho"}},{"type":"Feature","geometry":{"type":"Point","coordinates":[-52.216066927267505,-10.294583849640436]},"properties":{"Fazenda":"FE","Campo":"FE 19","produtividade":119.34124552000002,"unidade_produtividade":"sc/ha","pontos_originais":25,"ano":"2026","cultura":"Milho"}},{"type":"Feature","geometry":{"type":"Point","coordinates":[-52.215838658823195,-10.294584707131133]},"properties":{"Fazenda":"FE","Campo":"FE 19","produtividade":120.74000959999995,"unidade_produtividade":"sc/ha","pontos_originais":25,"ano":"2026","cultura":"Milho"}},{"type":"Feature","geometry":{"type":"Point","coordinates":[-52.21561039035883,-10.294585564460952]},"properties":{"Fazenda":"FE","Campo":"FE 19","produtividade":105.88971735999999,"unidade_produtividade":"sc/ha","pontos_originais":25,"ano":"2026","cultura":"Milho"}},{"type":"Feature","geometry":{"type":"Point","coordinates":[-52.216751732480155,-10.294581276203052]},"properties":{"Fazenda":"FE","Campo":"FE 19","produtividade":114.8386568,"unidade_produtividade":"sc/ha","pontos_originais":25,"ano":"2026","cultura":"Milho"}},{"type":"Feature","geometry":{"type":"Point","coordinates":[-52.21652346409599,-10.294582134176391]},"properties":{"Fazenda":"FE","Campo":"FE 19","produtividade":119.77842744000002,"unidade_produtividade":"sc/ha","pontos_originais":25,"ano":"2026","cultura":"Milho"}},{"type":"Feature","geometry":{"type":"Point","coordinates":[-52.21629519569177,-10.294582991988852]},"properties":{"Fazenda":"FE","Campo":"FE 19","produtividade":122.15382424000003,"unidade_produtividade":"sc/ha","pontos_originais":25,"ano":"2026","cultura":"Milho"}},{"type":"Feature","geometry":{"type":"Point","coordinates":[-52.22451284558488,-10.29455200938599]},"properties":{"Fazenda":"FE","Campo":"FE 19","produtividade":155.09483360000002,"unidade_produtividade":"sc/ha","pontos_originais":25,"ano":"2026","cultura":"Milho"}},{"type":"Feature","geometry":{"type":"Point","coordinates":[-52.22656725397804,-10.294544231157312]},"properties":{"Fazenda":"FE","Campo":"FE 19","produtividade":162.72345936000002,"unidade_produtividade":"sc/ha","pontos_originais":25,"ano":"2026","cultura":"Milho"}},{"type":"Feature","geometry":{"type":"Point","coordinates":[-52.22679552147624,-10.294543366105295]},"properties":{"Fazenda":"FE","Campo":"FE 19","produtividade":161.41815256,"unidade_produtividade":"sc/ha","pontos_originais":25,"ano":"2026","cultura":"Milho"}},{"type":"Feature","geometry":{"type":"Point","coordinates":[-52.22633898645962,-10.294545096048457]},"properties":{"Fazenda":"FE","Campo":"FE 19","produtividade":162.73907832,"unidade_produtividade":"sc/ha","pontos_originais":25,"ano":"2026","cultura":"Milho"}},{"type":"Feature","geometry":{"type":"Point","coordinates":[-52.22611071892097,-10.294545960778718]},"properties":{"Fazenda":"FE","Campo":"FE 19","produtividade":160.64097504,"unidade_produtividade":"sc/ha","pontos_originais":25,"ano":"2026","cultura":"Milho"}},{"type":"Feature","geometry":{"type":"Point","coordinates":[-52.22725205641199,-10.294541635518621]},"properties":{"Fazenda":"FE","Campo":"FE 19","produtividade":144.40088712,"unidade_produtividade":"sc/ha","pontos_originais":25,"ano":"2026","cultura":"Milho"}},{"type":"Feature","geometry":{"type":"Point","coordinates":[-52.22702378895423,-10.294542500892398]},"properties":{"Fazenda":"FE","Campo":"FE 19","produtividade":155.36821496000002,"unidade_produtividade":"sc/ha","pontos_originais":25,"ano":"2026","cultura":"Milho"}},{"type":"Feature","geometry":{"type":"Point","coordinates":[-52.22519764856439,-10.294549418090998]},"properties":{"Fazenda":"FE","Campo":"FE 19","produtividade":151.74478312,"unidade_produtividade":"sc/ha","pontos_originais":25,"ano":"2026","cultura":"Milho"}},{"type":"Feature","geometry":{"type":"Point","coordinates":[-52.22496938092474,-10.294550282016873]},"properties":{"Fazenda":"FE","Campo":"FE 19","produtividade":151.02331104000004,"unidade_produtividade":"sc/ha","pontos_originais":25,"ano":"2026","cultura":"Milho"}},{"type":"Feature","geometry":{"type":"Point","coordinates":[-52.2247411132649,-10.29455114578187]},"properties":{"Fazenda":"FE","Campo":"FE 19","produtividade":151.19547744,"unidade_produtividade":"sc/ha","pontos_originais":25,"ano":"2026","cultura":"Milho"}},{"type":"Feature","geometry":{"type":"Point","coordinates":[-52.22588245136213,-10.294546825348107]},"properties":{"Fazenda":"FE","Campo":"FE 19","produtividade":158.64347128000006,"unidade_produtividade":"sc/ha","pontos_originais":25,"ano":"2026","cultura":"Milho"}},{"type":"Feature","geometry":{"type":"Point","coordinates":[-52.22565418378307,-10.294547689756616]},"properties":{"Fazenda":"FE","Campo":"FE 19","produtividade":157.36423584,"unidade_produtividade":"sc/ha","pontos_originais":25,"ano":"2026","cultura":"Milho"}},{"type":"Feature","geometry":{"type":"Point","coordinates":[-52.22542591618382,-10.294548554004246]},"properties":{"Fazenda":"FE","Campo":"FE 19","produtividade":155.30073271999998,"unidade_produtividade":"sc/ha","pontos_originais":25,"ano":"2026","cultura":"Milho"}},{"type":"Feature","geometry":{"type":"Point","coordinates":[-52.222914100443866,-10.29433199162519]},"properties":{"Fazenda":"FE","Campo":"FE 19","produtividade":156.91440072,"unidade_produtividade":"sc/ha","pontos_originais":25,"ano":"2026","cultura":"Milho"}},{"type":"Feature","geometry":{"type":"Point","coordinates":[-52.22314236810264,-10.294331129166558]},"properties":{"Fazenda":"FE","Campo":"FE 19","produtividade":152.50162704000002,"unidade_produtividade":"sc/ha","pontos_originais":25,"ano":"2026","cultura":"Milho"}},{"type":"Feature","geometry":{"type":"Point","coordinates":[-52.22268583276495,-10.294332853922949]},"properties":{"Fazenda":"FE","Campo":"FE 19","produtividade":159.86702200000002,"unidade_produtividade":"sc/ha","pontos_originais":25,"ano":"2026","cultura":"Milho"}},{"type":"Feature","geometry":{"type":"Point","coordinates":[-52.22245756506588,-10.29433371605983]},"properties":{"Fazenda":"FE","Campo":"FE 19","produtividade":159.4287632,"unidade_produtividade":"sc/ha","pontos_originais":25,"ano":"2026","cultura":"Milho"}},{"type":"Feature","geometry":{"type":"Point","coordinates":[-52.22359890335971,-10.29432940376667]},"properties":{"Fazenda":"FE","Campo":"FE 19","produtividade":148.41815688000003,"unidade_produtividade":"sc/ha","pontos_originais":25,"ano":"2026","cultura":"Milho"}},{"type":"Feature","geometry":{"type":"Point","coordinates":[-52.223827170957996,-10.29432854082541]},"properties":{"Fazenda":"FE","Campo":"FE 19","produtividade":151.13799343999995,"unidade_produtividade":"sc/ha","pontos_originais":25,"ano":"2026","cultura":"Milho"}},{"type":"Feature","geometry":{"type":"Point","coordinates":[-52.223370635741254,-10.294330266547052]},"properties":{"Fazenda":"FE","Campo":"FE 19","produtividade":149.42342632,"unidade_produtividade":"sc/ha","pontos_originais":25,"ano":"2026","cultura":"Milho"}},{"type":"Feature","geometry":{"type":"Point","coordinates":[-52.22154449406811,-10.29433716299861]},"properties":{"Fazenda":"FE","Campo":"FE 19","produtividade":162.49081184,"unidade_produtividade":"sc/ha","pontos_originais":25,"ano":"2026","cultura":"Milho"}},{"type":"Feature","geometry":{"type":"Point","coordinates":[-52.22131622626831,-10.294338024331115]},"properties":{"Fazenda":"FE","Campo":"FE 19","produtividade":163.33292920000002,"unidade_produtividade":"sc/ha","pontos_originais":25,"ano":"2026","cultura":"Milho"}},{"type":"Feature","geometry":{"type":"Point","coordinates":[-52.221087958448386,-10.294338885502746]},"properties":{"Fazenda":"FE","Campo":"FE 19","produtividade":166.6978656,"unidade_produtividade":"sc/ha","pontos_originais":25,"ano":"2026","cultura":"Milho"}},{"type":"Feature","geometry":{"type":"Point","coordinates":[-52.22085969060836,-10.2943397465135]},"properties":{"Fazenda":"FE","Campo":"FE 19","produtividade":166.51656728,"unidade_produtividade":"sc/ha","pontos_originais":25,"ano":"2026","cultura":"Milho"}},{"type":"Feature","geometry":{"type":"Point","coordinates":[-52.22222929734665,-10.294334578035839]},"properties":{"Fazenda":"FE","Campo":"FE 19","produtividade":159.83196768,"unidade_produtividade":"sc/ha","pontos_originais":25,"ano":"2026","cultura":"Milho"}},{"type":"Feature","geometry":{"type":"Point","coordinates":[-52.22200102960727,-10.29433543985097]},"properties":{"Fazenda":"FE","Campo":"FE 19","produtividade":161.27253856,"unidade_produtividade":"sc/ha","pontos_originais":25,"ano":"2026","cultura":"Milho"}},{"type":"Feature","geometry":{"type":"Point","coordinates":[-52.22177276184776,-10.294336301505227]},"properties":{"Fazenda":"FE","Campo":"FE 19","produtividade":161.8504888,"unidade_produtividade":"sc/ha","pontos_originais":25,"ano":"2026","cultura":"Milho"}},{"type":"Feature","geometry":{"type":"Point","coordinates":[-52.225881578434375,-10.29432076711473]},"properties":{"Fazenda":"FE","Campo":"FE 19","produtividade":162.55373064000003,"unidade_produtividade":"sc/ha","pontos_originais":25,"ano":"2026","cultura":"Milho"}},{"type":"Feature","geometry":{"type":"Point","coordinates":[-52.22565331101776,-10.294321631503863]},"properties":{"Fazenda":"FE","Campo":"FE 19","produtividade":162.84291016,"unidade_produtividade":"sc/ha","pontos_originais":25,"ano":"2026","cultura":"Milho"}},{"type":"Feature","geometry":{"type":"Point","coordinates":[-52.22542504358097,-10.294322495732112]},"properties":{"Fazenda":"FE","Campo":"FE 19","produtividade":160.98461512,"unidade_produtividade":"sc/ha","pontos_originais":25,"ano":"2026","cultura":"Milho"}},{"type":"Feature","geometry":{"type":"Point","coordinates":[-52.22519677612396,-10.294323359799495]},"properties":{"Fazenda":"FE","Campo":"FE 19","produtividade":158.76948639999998,"unidade_produtividade":"sc/ha","pontos_originais":25,"ano":"2026","cultura":"Milho"}},{"type":"Feature","geometry":{"type":"Point","coordinates":[-52.22656638056293,-10.294318172982099]},"properties":{"Fazenda":"FE","Campo":"FE 19","produtividade":167.69514887999998,"unidade_produtividade":"sc/ha","pontos_originais":25,"ano":"2026","cultura":"Milho"}},{"type":"Feature","geometry":{"type":"Point","coordinates":[-52.226794647898686,-10.294317307949479]},"properties":{"Fazenda":"FE","Campo":"FE 19","produtividade":165.33070848,"unidade_produtividade":"sc/ha","pontos_originais":25,"ano":"2026","cultura":"Milho"}},{"type":"Feature","geometry":{"type":"Point","coordinates":[-52.22633811320696,-10.294319037853855]},"properties":{"Fazenda":"FE","Campo":"FE 19","produtividade":166.0626436,"unidade_produtividade":"sc/ha","pontos_originais":25,"ano":"2026","cultura":"Milho"}},{"type":"Feature","geometry":{"type":"Point","coordinates":[-52.22610984583077,-10.294319902564729]},"properties":{"Fazenda":"FE","Campo":"FE 19","produtividade":164.78209496000002,"unidade_produtividade":"sc/ha","pontos_originais":25,"ano":"2026","cultura":"Milho"}},{"type":"Feature","geometry":{"type":"Point","coordinates":[-52.22451197363179,-10.294325951036388]},"properties":{"Fazenda":"FE","Campo":"FE 19","produtividade":158.09073392000002,"unidade_produtividade":"sc/ha","pontos_originais":25,"ano":"2026","cultura":"Milho"}},{"type":"Feature","geometry":{"type":"Point","coordinates":[-52.22428370609405,-10.29432681446027]},"properties":{"Fazenda":"FE","Campo":"FE 19","produtividade":157.44020824,"unidade_produtividade":"sc/ha","pontos_originais":25,"ano":"2026","cultura":"Milho"}},{"type":"Feature","geometry":{"type":"Point","coordinates":[-52.22405543853611,-10.294327677723278]},"properties":{"Fazenda":"FE","Campo":"FE 19","produtividade":156.16827576,"unidade_produtividade":"sc/ha","pontos_originais":25,"ano":"2026","cultura":"Milho"}},{"type":"Feature","geometry":{"type":"Point","coordinates":[-52.22496850864677,-10.294324223706]},"properties":{"Fazenda":"FE","Campo":"FE 19","produtividade":156.284352,"unidade_produtividade":"sc/ha","pontos_originais":25,"ano":"2026","cultura":"Milho"}},{"type":"Feature","geometry":{"type":"Point","coordinates":[-52.22474024114936,-10.294325087451632]},"properties":{"Fazenda":"FE","Campo":"FE 19","produtividade":156.147152,"unidade_produtividade":"sc/ha","pontos_originais":25,"ano":"2026","cultura":"Milho"}},{"type":"Feature","geometry":{"type":"Point","coordinates":[-52.21720740243359,-10.294353500806437]},"properties":{"Fazenda":"FE","Campo":"FE 19","produtividade":109.83481431999999,"unidade_produtividade":"sc/ha","pontos_originais":25,"ano":"2026","cultura":"Milho"}},{"type":"Feature","geometry":{"type":"Point","coordinates":[-52.21697913425196,-10.294354359082298]},"properties":{"Fazenda":"FE","Campo":"FE 19","produtividade":98.31237976000003,"unidade_produtividade":"sc/ha","pontos_originais":25,"ano":"2026","cultura":"Milho"}},{"type":"Feature","geometry":{"type":"Point","coordinates":[-52.2167508660503,-10.294355217197278]},"properties":{"Fazenda":"FE","Campo":"FE 19","produtividade":89.40205792,"unidade_produtividade":"sc/ha","pontos_originais":25,"ano":"2026","cultura":"Milho"}},{"type":"Feature","geometry":{"type":"Point","coordinates":[-52.21652259782858,-10.294356075151384]},"properties":{"Fazenda":"FE","Campo":"FE 19","produtividade":92.65486776,"unidade_produtividade":"sc/ha","pontos_originais":25,"ano":"2026","cultura":"Milho"}},{"type":"Feature","geometry":{"type":"Point","coordinates":[-52.217892206858025,-10.294350925013603]},"properties":{"Fazenda":"FE","Campo":"FE 19","produtividade":115.29465304,"unidade_produtividade":"sc/ha","pontos_originais":25,"ano":"2026","cultura":"Milho"}},{"type":"Feature","geometry":{"type":"Point","coordinates":[-52.21766393873659,-10.294351783772088]},"properties":{"Fazenda":"FE","Campo":"FE 19","produtividade":119.53512984000001,"unidade_produtividade":"sc/ha","pontos_originais":25,"ano":"2026","cultura":"Milho"}},{"type":"Feature","geometry":{"type":"Point","coordinates":[-52.217435670595144,-10.294352642369704]},"properties":{"Fazenda":"FE","Campo":"FE 19","produtividade":115.39376632000001,"unidade_produtividade":"sc/ha","pontos_originais":25,"ano":"2026","cultura":"Milho"}},{"type":"Feature","geometry":{"type":"Point","coordinates":[-52.2156095247412,-10.294359505359035]},"properties":{"Fazenda":"FE","Campo":"FE 19","produtividade":88.54831719999999,"unidade_produtividade":"sc/ha","pontos_originais":25,"ano":"2026","cultura":"Milho"}},{"type":"Feature","geometry":{"type":"Point","coordinates":[-52.21583779304311,-10.294358648048437]},"properties":{"Fazenda":"FE","Campo":"FE 19","produtividade":95.04044312,"unidade_produtividade":"sc/ha","pontos_originais":25,"ano":"2026","cultura":"Milho"}},{"type":"Feature","geometry":{"type":"Point","coordinates":[-52.215381256419256,-10.294360362508755]},"properties":{"Fazenda":"FE","Campo":"FE 19","produtividade":99.16572848000001,"unidade_produtividade":"sc/ha","pontos_originais":25,"ano":"2026","cultura":"Milho"}},{"type":"Feature","geometry":{"type":"Point","coordinates":[-52.21515298807727,-10.294361219497596]},"properties":{"Fazenda":"FE","Campo":"FE 19","produtividade":109.93984008000001,"unidade_produtividade":"sc/ha","pontos_originais":25,"ano":"2026","cultura":"Milho"}},{"type":"Feature","geometry":{"type":"Point","coordinates":[-52.21629432958679,-10.294356932944613]},"properties":{"Fazenda":"FE","Campo":"FE 19","produtividade":96.3684652,"unidade_produtividade":"sc/ha","pontos_originais":25,"ano":"2026","cultura":"Milho"}},{"type":"Feature","geometry":{"type":"Point","coordinates":[-52.21606606132497,-10.294357790576962]},"properties":{"Fazenda":"FE","Campo":"FE 19","produtividade":95.79706807999996,"unidade_produtividade":"sc/ha","pontos_originais":25,"ano":"2026","cultura":"Milho"}},{"type":"Feature","geometry":{"type":"Point","coordinates":[-52.21994661904699,-10.294343188947764]},"properties":{"Fazenda":"FE","Campo":"FE 19","produtividade":168.13437592,"unidade_produtividade":"sc/ha","pontos_originais":25,"ano":"2026","cultura":"Milho"}},{"type":"Feature","geometry":{"type":"Point","coordinates":[-52.220174886967506,-10.294342328580512]},"properties":{"Fazenda":"FE","Campo":"FE 19","produtividade":168.53254151999997,"unidade_produtividade":"sc/ha","pontos_originais":25,"ano":"2026","cultura":"Milho"}},{"type":"Feature","geometry":{"type":"Point","coordinates":[-52.21971835110639,-10.294344049154137]},"properties":{"Fazenda":"FE","Campo":"FE 19","produtividade":168.63724752,"unidade_produtividade":"sc/ha","pontos_originais":25,"ano":"2026","cultura":"Milho"}},{"type":"Feature","geometry":{"type":"Point","coordinates":[-52.21949008314566,-10.29434490919964]},"properties":{"Fazenda":"FE","Campo":"FE 19","produtividade":166.8240756,"unidade_produtividade":"sc/ha","pontos_originais":25,"ano":"2026","cultura":"Milho"}},{"type":"Feature","geometry":{"type":"Point","coordinates":[-52.220631422748184,-10.29434060736338]},"properties":{"Fazenda":"FE","Campo":"FE 19","produtividade":166.8252684,"unidade_produtividade":"sc/ha","pontos_originais":25,"ano":"2026","cultura":"Milho"}},{"type":"Feature","geometry":{"type":"Point","coordinates":[-52.22040315486791,-10.294341468052382]},"properties":{"Fazenda":"FE","Campo":"FE 19","produtividade":168.44043552,"unidade_produtividade":"sc/ha","pontos_originais":25,"ano":"2026","cultura":"Milho"}},{"type":"Feature","geometry":{"type":"Point","coordinates":[-52.21857701110181,-10.294348347772875]},"properties":{"Fazenda":"FE","Campo":"FE 19","produtividade":114.75463663999997,"unidade_produtividade":"sc/ha","pontos_originais":25,"ano":"2026","cultura":"Milho"}},{"type":"Feature","geometry":{"type":"Point","coordinates":[-52.21834874304062,-10.294349207013992]},"properties":{"Fazenda":"FE","Campo":"FE 19","produtividade":113.84154040000003,"unidade_produtividade":"sc/ha","pontos_originais":25,"ano":"2026","cultura":"Milho"}},{"type":"Feature","geometry":{"type":"Point","coordinates":[-52.21812047495937,-10.294350066094232]},"properties":{"Fazenda":"FE","Campo":"FE 19","produtividade":113.77250975999999,"unidade_produtividade":"sc/ha","pontos_originais":25,"ano":"2026","cultura":"Milho"}},{"type":"Feature","geometry":{"type":"Point","coordinates":[-52.219261815164835,-10.29434576908426]},"properties":{"Fazenda":"FE","Campo":"FE 19","produtividade":154.00767984,"unidade_produtividade":"sc/ha","pontos_originais":25,"ano":"2026","cultura":"Milho"}},{"type":"Feature","geometry":{"type":"Point","coordinates":[-52.21903354716391,-10.294346628808007]},"properties":{"Fazenda":"FE","Campo":"FE 19","produtividade":138.02377624,"unidade_produtividade":"sc/ha","pontos_originais":25,"ano":"2026","cultura":"Milho"}},{"type":"Feature","geometry":{"type":"Point","coordinates":[-52.218805279142906,-10.294347488370876]},"properties":{"Fazenda":"FE","Campo":"FE 19","produtividade":122.15117768000002,"unidade_produtividade":"sc/ha","pontos_originais":25,"ano":"2026","cultura":"Milho"}},{"type":"Feature","geometry":{"type":"Point","coordinates":[-52.214239914509136,-10.29436464584419]},"properties":{"Fazenda":"FE","Campo":"FE 19","produtividade":94.02661911999998,"unidade_produtividade":"sc/ha","pontos_originais":25,"ano":"2026","cultura":"Milho"}},{"type":"Feature","geometry":{"type":"Point","coordinates":[-52.21401164606706,-10.294365502028647]},"properties":{"Fazenda":"FE","Campo":"FE 19","produtividade":84.99426488,"unidade_produtividade":"sc/ha","pontos_originais":25,"ano":"2026","cultura":"Milho"}},{"type":"Feature","geometry":{"type":"Point","coordinates":[-52.21378337760496,-10.294366358052224]},"properties":{"Fazenda":"FE","Campo":"FE 19","produtividade":79.49290384,"unidade_produtividade":"sc/ha","pontos_originais":25,"ano":"2026","cultura":"Milho"}},{"type":"Feature","geometry":{"type":"Point","coordinates":[-52.21355510912287,-10.294367213914924]},"properties":{"Fazenda":"FE","Campo":"FE 19","produtividade":80.4717032,"unidade_produtividade":"sc/ha","pontos_originais":25,"ano":"2026","cultura":"Milho"}},{"type":"Feature","geometry":{"type":"Point","coordinates":[-52.21492471971527,-10.29436207632556]},"properties":{"Fazenda":"FE","Campo":"FE 19","produtividade":116.55044856,"unidade_produtividade":"sc/ha","pontos_originais":25,"ano":"2026","cultura":"Milho"}},{"type":"Feature","geometry":{"type":"Point","coordinates":[-52.21469645133324,-10.294362932992652]},"properties":{"Fazenda":"FE","Campo":"FE 19","produtividade":111.61249119999998,"unidade_produtividade":"sc/ha","pontos_originais":25,"ano":"2026","cultura":"Milho"}},{"type":"Feature","geometry":{"type":"Point","coordinates":[-52.214468182931185,-10.294363789498862]},"properties":{"Fazenda":"FE","Campo":"FE 19","produtividade":105.49555408000002,"unidade_produtividade":"sc/ha","pontos_originais":25,"ano":"2026","cultura":"Milho"}},{"type":"Feature","geometry":{"type":"Point","coordinates":[-52.22725118250955,-10.294315577401605]},"properties":{"Fazenda":"FE","Campo":"FE 19","produtividade":142.65170248,"unidade_produtividade":"sc/ha","pontos_originais":25,"ano":"2026","cultura":"Milho"}},{"type":"Feature","geometry":{"type":"Point","coordinates":[-52.22747944978465,-10.294314711886356]},"properties":{"Fazenda":"FE","Campo":"FE 19","produtividade":120.72721528,"unidade_produtividade":"sc/ha","pontos_originais":25,"ano":"2026","cultura":"Milho"}},{"type":"Feature","geometry":{"type":"Point","coordinates":[-52.22702291521425,-10.294316442755978]},"properties":{"Fazenda":"FE","Campo":"FE 19","produtividade":157.20366816,"unidade_produtividade":"sc/ha","pontos_originais":25,"ano":"2026","cultura":"Milho"}},{"type":"Feature","geometry":{"type":"Point","coordinates":[-52.2133306594946,-10.294371823011717]},"properties":{"Fazenda":"FE","Campo":"FE 19","produtividade":85.47610050000002,"unidade_produtividade":"sc/ha","pontos_originais":24,"ano":"2026","cultura":"Milho"}},{"type":"Feature","geometry":{"type":"Point","coordinates":[-52.2276550803315,-10.294324479450303]},"properties":{"Fazenda":"FE","Campo":"FE 19","produtividade":109.08260569230771,"unidade_produtividade":"sc/ha","pontos_originais":13,"ano":"2026","cultura":"Milho"}},{"type":"Feature","geometry":{"type":"Point","coordinates":[-52.21310710836007,-10.294430546589812]},"properties":{"Fazenda":"FE","Campo":"FE 19","produtividade":90.39948400000002,"unidade_produtividade":"sc/ha","pontos_originais":11,"ano":"2026","cultura":"Milho"}},{"type":"Feature","geometry":{"type":"Point","coordinates":[-52.212916302744226,-10.294460033210802]},"properties":{"Fazenda":"FE","Campo":"FE 19","produtividade":92.88083,"unidade_produtividade":"sc/ha","pontos_originais":3,"ano":"2026","cultura":"Milho"}},{"type":"Feature","geometry":{"type":"Point","coordinates":[-52.22633723997453,-10.294092979656027]},"properties":{"Fazenda":"FE","Campo":"FE 19","produtividade":168.30294656000007,"unidade_produtividade":"sc/ha","pontos_originais":25,"ano":"2026","cultura":"Milho"}},{"type":"Feature","geometry":{"type":"Point","coordinates":[-52.226565507168054,-10.294092114803666]},"properties":{"Fazenda":"FE","Campo":"FE 19","produtividade":168.29429960000002,"unidade_produtividade":"sc/ha","pontos_originais":25,"ano":"2026","cultura":"Milho"}},{"type":"Feature","geometry":{"type":"Point","coordinates":[-52.22610897276077,-10.294093844347515]},"properties":{"Fazenda":"FE","Campo":"FE 19","produtividade":168.70086800000004,"unidade_produtividade":"sc/ha","pontos_originais":25,"ano":"2026","cultura":"Milho"}},{"type":"Feature","geometry":{"type":"Point","coordinates":[-52.22588070552683,-10.294094708878132]},"properties":{"Fazenda":"FE","Campo":"FE 19","produtividade":168.45317383999998,"unidade_produtividade":"sc/ha","pontos_originais":25,"ano":"2026","cultura":"Milho"}},{"type":"Feature","geometry":{"type":"Point","coordinates":[-52.227022041494465,-10.294090384616334]},"properties":{"Fazenda":"FE","Campo":"FE 19","produtividade":155.77130632,"unidade_produtividade":"sc/ha","pontos_originais":25,"ano":"2026","cultura":"Milho"}},{"type":"Feature","geometry":{"type":"Point","coordinates":[-52.227250308627355,-10.294089519281362]},"properties":{"Fazenda":"FE","Campo":"FE 19","produtividade":138.45542367999997,"unidade_produtividade":"sc/ha","pontos_originais":25,"ano":"2026","cultura":"Milho"}},{"type":"Feature","geometry":{"type":"Point","coordinates":[-52.226793774341374,-10.294091249790435]},"properties":{"Fazenda":"FE","Campo":"FE 19","produtividade":163.42123616,"unidade_produtividade":"sc/ha","pontos_originais":25,"ano":"2026","cultura":"Milho"}},{"type":"Feature","geometry":{"type":"Point","coordinates":[-52.22496763638898,-10.294098165391901]},"properties":{"Fazenda":"FE","Campo":"FE 19","produtividade":162.12393848000002,"unidade_produtividade":"sc/ha","pontos_originais":25,"ano":"2026","cultura":"Milho"}},{"type":"Feature","geometry":{"type":"Point","coordinates":[-52.224739369054014,-10.29409902911817]},"properties":{"Fazenda":"FE","Campo":"FE 19","produtividade":161.41166439999998,"unidade_produtividade":"sc/ha","pontos_originais":25,"ano":"2026","cultura":"Milho"}},{"type":"Feature","geometry":{"type":"Point","coordinates":[-52.22451110169889,-10.29409989268356]},"properties":{"Fazenda":"FE","Campo":"FE 19","produtividade":162.282988,"unidade_produtividade":"sc/ha","pontos_originais":25,"ano":"2026","cultura":"Milho"}},{"type":"Feature","geometry":{"type":"Point","coordinates":[-52.22428283432357,-10.294100756088085]},"properties":{"Fazenda":"FE","Campo":"FE 19","produtividade":162.36935399999996,"unidade_produtividade":"sc/ha","pontos_originais":25,"ano":"2026","cultura":"Milho"}},{"type":"Feature","geometry":{"type":"Point","coordinates":[-52.22565243827266,-10.294095573247882]},"properties":{"Fazenda":"FE","Campo":"FE 19","produtividade":167.79154840000004,"unidade_produtividade":"sc/ha","pontos_originais":25,"ano":"2026","cultura":"Milho"}},{"type":"Feature","geometry":{"type":"Point","coordinates":[-52.225424170998295,-10.294096437456759]},"properties":{"Fazenda":"FE","Campo":"FE 19","produtividade":166.64696160000003,"unidade_produtividade":"sc/ha","pontos_originais":25,"ano":"2026","cultura":"Milho"}},{"type":"Feature","geometry":{"type":"Point","coordinates":[-52.225195903703735,-10.294097301504769]},"properties":{"Fazenda":"FE","Campo":"FE 19","produtividade":164.76130776000002,"unidade_produtividade":"sc/ha","pontos_originais":25,"ano":"2026","cultura":"Milho"}},{"type":"Feature","geometry":{"type":"Point","coordinates":[-52.21492385460501,-10.294136017162781]},"properties":{"Fazenda":"FE","Campo":"FE 19","produtividade":143.25917592,"unidade_produtividade":"sc/ha","pontos_originais":25,"ano":"2026","cultura":"Milho"}},{"type":"Feature","geometry":{"type":"Point","coordinates":[-52.214695586385425,-10.29413687381066]},"properties":{"Fazenda":"FE","Campo":"FE 19","produtividade":139.54007592,"unidade_produtividade":"sc/ha","pontos_originais":25,"ano":"2026","cultura":"Milho"}},{"type":"Feature","geometry":{"type":"Point","coordinates":[-52.21446731814584,-10.29413773029767]},"properties":{"Fazenda":"FE","Campo":"FE 19","produtividade":128.87836864000002,"unidade_produtividade":"sc/ha","pontos_originais":25,"ano":"2026","cultura":"Milho"}},{"type":"Feature","geometry":{"type":"Point","coordinates":[-52.2142390498862,-10.2941385866238]},"properties":{"Fazenda":"FE","Campo":"FE 19","produtividade":112.50208984000001,"unidade_produtividade":"sc/ha","pontos_originais":25,"ano":"2026","cultura":"Milho"}},{"type":"Feature","geometry":{"type":"Point","coordinates":[-52.21560865914361,-10.2941334462539]},"properties":{"Fazenda":"FE","Campo":"FE 19","produtividade":87.86967336000002,"unidade_produtividade":"sc/ha","pontos_originais":25,"ano":"2026","cultura":"Milho"}},{"type":"Feature","geometry":{"type":"Point","coordinates":[-52.21583692728305,-10.29413258896252]},"properties":{"Fazenda":"FE","Campo":"FE 19","produtividade":73.521266,"unidade_produtividade":"sc/ha","pontos_originais":25,"ano":"2026","cultura":"Milho"}},{"type":"Feature","geometry":{"type":"Point","coordinates":[-52.2153803909841,-10.294134303384402]},"properties":{"Fazenda":"FE","Campo":"FE 19","produtividade":109.25623911999999,"unidade_produtividade":"sc/ha","pontos_originais":25,"ano":"2026","cultura":"Milho"}},{"type":"Feature","geometry":{"type":"Point","coordinates":[-52.21515212280457,-10.294135160354028]},"properties":{"Fazenda":"FE","Campo":"FE 19","produtividade":130.79983448,"unidade_produtividade":"sc/ha","pontos_originais":25,"ano":"2026","cultura":"Milho"}},{"type":"Feature","geometry":{"type":"Point","coordinates":[-52.21355424498728,-10.294141154636954]},"properties":{"Fazenda":"FE","Campo":"FE 19","produtividade":90.54060567999998,"unidade_produtividade":"sc/ha","pontos_originais":25,"ano":"2026","cultura":"Milho"}},{"type":"Feature","geometry":{"type":"Point","coordinates":[-52.213378693834315,-10.29415224637928]},"properties":{"Fazenda":"FE","Campo":"FE 19","produtividade":94.27419830769233,"unidade_produtividade":"sc/ha","pontos_originais":13,"ano":"2026","cultura":"Milho"}},{"type":"Feature","geometry":{"type":"Point","coordinates":[-52.22762480654593,-10.294124269083897]},"properties":{"Fazenda":"FE","Campo":"FE 19","produtividade":113.03909399999998,"unidade_produtividade":"sc/ha","pontos_originais":5,"ano":"2026","cultura":"Milho"}},{"type":"Feature","geometry":{"type":"Point","coordinates":[-52.22747857573998,-10.294088653785522]},"properties":{"Fazenda":"FE","Campo":"FE 19","produtividade":118.95230032,"unidade_produtividade":"sc/ha","pontos_originais":25,"ano":"2026","cultura":"Milho"}},{"type":"Feature","geometry":{"type":"Point","coordinates":[-52.21401078160657,-10.29413944278906]},"properties":{"Fazenda":"FE","Campo":"FE 19","produtividade":98.42935535999999,"unidade_produtividade":"sc/ha","pontos_originais":25,"ano":"2026","cultura":"Milho"}},{"type":"Feature","geometry":{"type":"Point","coordinates":[-52.213782513306924,-10.294140298793447]},"properties":{"Fazenda":"FE","Campo":"FE 19","produtividade":90.14938408,"unidade_produtividade":"sc/ha","pontos_originais":25,"ano":"2026","cultura":"Milho"}},{"type":"Feature","geometry":{"type":"Point","coordinates":[-52.22063055357682,-10.29411454868195]},"properties":{"Fazenda":"FE","Campo":"FE 19","produtividade":167.10683696,"unidade_produtividade":"sc/ha","pontos_originais":25,"ano":"2026","cultura":"Milho"}},{"type":"Feature","geometry":{"type":"Point","coordinates":[-52.220402285858974,-10.294115409351654]},"properties":{"Fazenda":"FE","Campo":"FE 19","produtividade":169.94917296,"unidade_produtividade":"sc/ha","pontos_originais":25,"ano":"2026","cultura":"Milho"}},{"type":"Feature","geometry":{"type":"Point","coordinates":[-52.220174018121014,-10.29411626986049]},"properties":{"Fazenda":"FE","Campo":"FE 19","produtividade":172.29502136,"unidade_produtividade":"sc/ha","pontos_originais":25,"ano":"2026","cultura":"Milho"}},{"type":"Feature","geometry":{"type":"Point","coordinates":[-52.21994575036296,-10.294117130208452]},"properties":{"Fazenda":"FE","Campo":"FE 19","produtividade":172.75318816000004,"unidade_produtividade":"sc/ha","pontos_originais":25,"ano":"2026","cultura":"Milho"}},{"type":"Feature","geometry":{"type":"Point","coordinates":[-52.22131535660962,-10.294111965707598]},"properties":{"Fazenda":"FE","Campo":"FE 19","produtividade":161.44466688,"unidade_produtividade":"sc/ha","pontos_originais":25,"ano":"2026","cultura":"Milho"}},{"type":"Feature","geometry":{"type":"Point","coordinates":[-52.221087088952146,-10.294112826859921]},"properties":{"Fazenda":"FE","Campo":"FE 19","produtividade":163.19990063999995,"unidade_produtividade":"sc/ha","pontos_originais":25,"ano":"2026","cultura":"Milho"}},{"type":"Feature","geometry":{"type":"Point","coordinates":[-52.22085882127453,-10.29411368785137]},"properties":{"Fazenda":"FE","Campo":"FE 19","produtividade":164.482892,"unidade_produtividade":"sc/ha","pontos_originais":25,"ano":"2026","cultura":"Milho"}},{"type":"Feature","geometry":{"type":"Point","coordinates":[-52.21903267912966,-10.294120569991572]},"properties":{"Fazenda":"FE","Campo":"FE 19","produtividade":155.72687368000004,"unidade_produtividade":"sc/ha","pontos_originais":25,"ano":"2026","cultura":"Milho"}},{"type":"Feature","geometry":{"type":"Point","coordinates":[-52.21926094696813,-10.294119710287102]},"properties":{"Fazenda":"FE","Campo":"FE 19","produtividade":167.42395263999998,"unidade_produtividade":"sc/ha","pontos_originais":25,"ano":"2026","cultura":"Milho"}},{"type":"Feature","geometry":{"type":"Point","coordinates":[-52.21880441127109,-10.294121429535176]},"properties":{"Fazenda":"FE","Campo":"FE 19","produtividade":143.91351519999998,"unidade_produtividade":"sc/ha","pontos_originais":25,"ano":"2026","cultura":"Milho"}},{"type":"Feature","geometry":{"type":"Point","coordinates":[-52.21857614339244,-10.294122288917897]},"properties":{"Fazenda":"FE","Campo":"FE 19","produtividade":134.64104360000002,"unidade_produtividade":"sc/ha","pontos_originais":25,"ano":"2026","cultura":"Milho"}},{"type":"Feature","geometry":{"type":"Point","coordinates":[-52.21971748258476,-10.29411799039554]},"properties":{"Fazenda":"FE","Campo":"FE 19","produtividade":172.8112624,"unidade_produtividade":"sc/ha","pontos_originais":25,"ano":"2026","cultura":"Milho"}},{"type":"Feature","geometry":{"type":"Point","coordinates":[-52.219489214786506,-10.294118850421757]},"properties":{"Fazenda":"FE","Campo":"FE 19","produtividade":171.50038360000002,"unidade_produtividade":"sc/ha","pontos_originais":25,"ano":"2026","cultura":"Milho"}},{"type":"Feature","geometry":{"type":"Point","coordinates":[-52.22336976462057,-10.294104208097467]},"properties":{"Fazenda":"FE","Campo":"FE 19","produtividade":153.42697944,"unidade_produtividade":"sc/ha","pontos_originais":25,"ano":"2026","cultura":"Milho"}},{"type":"Feature","geometry":{"type":"Point","coordinates":[-52.22359803207658,-10.29410334533643]},"properties":{"Fazenda":"FE","Campo":"FE 19","produtividade":154.74315864,"unidade_produtividade":"sc/ha","pontos_originais":25,"ano":"2026","cultura":"Milho"}},{"type":"Feature","geometry":{"type":"Point","coordinates":[-52.22314149714442,-10.294105070697633]},"properties":{"Fazenda":"FE","Campo":"FE 19","produtividade":152.40526224,"unidade_produtividade":"sc/ha","pontos_originais":25,"ano":"2026","cultura":"Milho"}},{"type":"Feature","geometry":{"type":"Point","coordinates":[-52.22291322964807,-10.294105933136931]},"properties":{"Fazenda":"FE","Campo":"FE 19","produtividade":153.40184215999997,"unidade_produtividade":"sc/ha","pontos_originais":25,"ano":"2026","cultura":"Milho"}},{"type":"Feature","geometry":{"type":"Point","coordinates":[-52.22405456692807,-10.294101619331736]},"properties":{"Fazenda":"FE","Campo":"FE 19","produtividade":161.4427668,"unidade_produtividade":"sc/ha","pontos_originais":25,"ano":"2026","cultura":"Milho"}},{"type":"Feature","geometry":{"type":"Point","coordinates":[-52.22382629951243,-10.29410248241452]},"properties":{"Fazenda":"FE","Campo":"FE 19","produtividade":158.52847807999996,"unidade_produtividade":"sc/ha","pontos_originais":25,"ano":"2026","cultura":"Milho"}},{"type":"Feature","geometry":{"type":"Point","coordinates":[-52.22200015946123,-10.2941093812854]},"properties":{"Fazenda":"FE","Campo":"FE 19","produtividade":151.52904872,"unidade_produtividade":"sc/ha","pontos_originais":25,"ano":"2026","cultura":"Milho"}},{"type":"Feature","geometry":{"type":"Point","coordinates":[-52.221771891864165,-10.29411024292034]},"properties":{"Fazenda":"FE","Campo":"FE 19","produtividade":156.8774928,"unidade_produtividade":"sc/ha","pontos_originais":25,"ano":"2026","cultura":"Milho"}},{"type":"Feature","geometry":{"type":"Point","coordinates":[-52.22154362424694,-10.294111104394405]},"properties":{"Fazenda":"FE","Campo":"FE 19","produtividade":159.78569656,"unidade_produtividade":"sc/ha","pontos_originais":25,"ano":"2026","cultura":"Milho"}},{"type":"Feature","geometry":{"type":"Point","coordinates":[-52.22268496213159,-10.294106795415358]},"properties":{"Fazenda":"FE","Campo":"FE 19","produtividade":152.16899544,"unidade_produtividade":"sc/ha","pontos_originais":25,"ano":"2026","cultura":"Milho"}},{"type":"Feature","geometry":{"type":"Point","coordinates":[-52.22245669459497,-10.294107657532908]},"properties":{"Fazenda":"FE","Campo":"FE 19","produtividade":150.33457432,"unidade_produtividade":"sc/ha","pontos_originais":25,"ano":"2026","cultura":"Milho"}},{"type":"Feature","geometry":{"type":"Point","coordinates":[-52.222228427038154,-10.294108519489589]},"properties":{"Fazenda":"FE","Campo":"FE 19","produtividade":149.46170231999997,"unidade_produtividade":"sc/ha","pontos_originais":25,"ano":"2026","cultura":"Milho"}},{"type":"Feature","geometry":{"type":"Point","coordinates":[-52.21766307167702,-10.294125724840075]},"properties":{"Fazenda":"FE","Campo":"FE 19","produtividade":130.58211656000003,"unidade_produtividade":"sc/ha","pontos_originais":25,"ano":"2026","cultura":"Milho"}},{"type":"Feature","geometry":{"type":"Point","coordinates":[-52.21743480369796,-10.294126583418437]},"properties":{"Fazenda":"FE","Campo":"FE 19","produtividade":120.93130672000001,"unidade_produtividade":"sc/ha","pontos_originais":25,"ano":"2026","cultura":"Milho"}},{"type":"Feature","geometry":{"type":"Point","coordinates":[-52.21720653569887,-10.294127441835926]},"properties":{"Fazenda":"FE","Campo":"FE 19","produtividade":104.21492479999999,"unidade_produtividade":"sc/ha","pontos_originais":25,"ano":"2026","cultura":"Milho"}},{"type":"Feature","geometry":{"type":"Point","coordinates":[-52.2169782676797,-10.294128300092543]},"properties":{"Fazenda":"FE","Campo":"FE 19","produtividade":92.69536416000001,"unidade_produtividade":"sc/ha","pontos_originais":25,"ano":"2026","cultura":"Milho"}},{"type":"Feature","geometry":{"type":"Point","coordinates":[-52.21834787549369,-10.294123148139752]},"properties":{"Fazenda":"FE","Campo":"FE 19","produtividade":129.90044311999998,"unidade_produtividade":"sc/ha","pontos_originais":25,"ano":"2026","cultura":"Milho"}},{"type":"Feature","geometry":{"type":"Point","coordinates":[-52.218119607574884,-10.294124007200733]},"properties":{"Fazenda":"FE","Campo":"FE 19","produtividade":128.0375264,"unidade_produtividade":"sc/ha","pontos_originais":25,"ano":"2026","cultura":"Milho"}},{"type":"Feature","geometry":{"type":"Point","coordinates":[-52.217891339636,-10.294124866100839]},"properties":{"Fazenda":"FE","Campo":"FE 19","produtividade":128.83090920000004,"unidade_produtividade":"sc/ha","pontos_originais":25,"ano":"2026","cultura":"Milho"}},{"type":"Feature","geometry":{"type":"Point","coordinates":[-52.21606519540248,-10.294131731510275]},"properties":{"Fazenda":"FE","Campo":"FE 19","produtividade":68.37762512,"unidade_produtividade":"sc/ha","pontos_originais":25,"ano":"2026","cultura":"Milho"}},{"type":"Feature","geometry":{"type":"Point","coordinates":[-52.21629346350185,-10.29413087389715]},"properties":{"Fazenda":"FE","Campo":"FE 19","produtividade":70.54683104,"unidade_produtividade":"sc/ha","pontos_originais":25,"ano":"2026","cultura":"Milho"}},{"type":"Feature","geometry":{"type":"Point","coordinates":[-52.21674999964048,-10.294129158188287]},"properties":{"Fazenda":"FE","Campo":"FE 19","produtividade":80.69661375999999,"unidade_produtividade":"sc/ha","pontos_originais":25,"ano":"2026","cultura":"Milho"}},{"type":"Feature","geometry":{"type":"Point","coordinates":[-52.216521731581196,-10.294130016123155]},"properties":{"Fazenda":"FE","Campo":"FE 19","produtividade":71.90932224000001,"unidade_produtividade":"sc/ha","pontos_originais":25,"ano":"2026","cultura":"Milho"}},{"type":"Feature","geometry":{"type":"Point","coordinates":[-52.22154710365235,-10.295015338791888]},"properties":{"Fazenda":"FE","Campo":"FE 19","produtividade":132.00362559999996,"unidade_produtividade":"sc/ha","pontos_originais":25,"ano":"2026","cultura":"Milho"}},{"type":"Feature","geometry":{"type":"Point","coordinates":[-52.2213188353652,-10.295016200182332]},"properties":{"Fazenda":"FE","Campo":"FE 19","produtividade":126.65629535999999,"unidade_produtividade":"sc/ha","pontos_originais":25,"ano":"2026","cultura":"Milho"}},{"type":"Feature","geometry":{"type":"Point","coordinates":[-52.221090567057935,-10.295017061411887]},"properties":{"Fazenda":"FE","Campo":"FE 19","produtividade":131.24829536000001,"unidade_produtividade":"sc/ha","pontos_originais":25,"ano":"2026","cultura":"Milho"}},{"type":"Feature","geometry":{"type":"Point","coordinates":[-52.22086229873054,-10.295017922480556]},"properties":{"Fazenda":"FE","Campo":"FE 19","produtividade":142.31275912000004,"unidade_produtividade":"sc/ha","pontos_originais":25,"ano":"2026","cultura":"Milho"}},{"type":"Feature","geometry":{"type":"Point","coordinates":[-52.22223190839295,-10.295012753655248]},"properties":{"Fazenda":"FE","Campo":"FE 19","produtividade":158.50518991999996,"unidade_produtividade":"sc/ha","pontos_originais":25,"ano":"2026","cultura":"Milho"}},{"type":"Feature","geometry":{"type":"Point","coordinates":[-52.22200364016621,-10.295013615528346]},"properties":{"Fazenda":"FE","Campo":"FE 19","produtividade":157.87261839999996,"unidade_produtividade":"sc/ha","pontos_originais":25,"ano":"2026","cultura":"Milho"}},{"type":"Feature","geometry":{"type":"Point","coordinates":[-52.22177537191936,-10.295014477240558]},"properties":{"Fazenda":"FE","Campo":"FE 19","produtividade":146.05556335999998,"unidade_produtividade":"sc/ha","pontos_originais":25,"ano":"2026","cultura":"Milho"}},{"type":"Feature","geometry":{"type":"Point","coordinates":[-52.21994922521975,-10.295021365146361]},"properties":{"Fazenda":"FE","Campo":"FE 19","produtividade":133.3415496,"unidade_produtividade":"sc/ha","pontos_originais":25,"ano":"2026","cultura":"Milho"}},{"type":"Feature","geometry":{"type":"Point","coordinates":[-52.22017749362763,-10.29502050472124]},"properties":{"Fazenda":"FE","Campo":"FE 19","produtividade":146.20119695999998,"unidade_produtividade":"sc/ha","pontos_originais":25,"ano":"2026","cultura":"Milho"}},{"type":"Feature","geometry":{"type":"Point","coordinates":[-52.21972095679179,-10.295022225410596]},"properties":{"Fazenda":"FE","Campo":"FE 19","produtividade":125.13986968,"unidade_produtividade":"sc/ha","pontos_originais":25,"ano":"2026","cultura":"Milho"}},{"type":"Feature","geometry":{"type":"Point","coordinates":[-52.21949268834371,-10.295023085513945]},"properties":{"Fazenda":"FE","Campo":"FE 19","produtividade":118.22761496000001,"unidade_produtividade":"sc/ha","pontos_originais":25,"ano":"2026","cultura":"Milho"}},{"type":"Feature","geometry":{"type":"Point","coordinates":[-52.22063403038302,-10.295018783388336]},"properties":{"Fazenda":"FE","Campo":"FE 19","produtividade":149.9218168,"unidade_produtividade":"sc/ha","pontos_originais":25,"ano":"2026","cultura":"Milho"}},{"type":"Feature","geometry":{"type":"Point","coordinates":[-52.22040576201539,-10.295019644135232]},"properties":{"Fazenda":"FE","Campo":"FE 19","produtividade":152.29649064000003,"unidade_produtividade":"sc/ha","pontos_originais":25,"ano":"2026","cultura":"Milho"}},{"type":"Feature","geometry":{"type":"Point","coordinates":[-52.2242863215265,-10.29500498955748]},"properties":{"Fazenda":"FE","Campo":"FE 19","produtividade":166.25827736,"unidade_produtividade":"sc/ha","pontos_originais":25,"ano":"2026","cultura":"Milho"}},{"type":"Feature","geometry":{"type":"Point","coordinates":[-52.2245145895516,-10.295004126075526]},"properties":{"Fazenda":"FE","Campo":"FE 19","produtividade":160.99894439999997,"unidade_produtividade":"sc/ha","pontos_originais":25,"ano":"2026","cultura":"Milho"}},{"type":"Feature","geometry":{"type":"Point","coordinates":[-52.224058053481215,-10.295005852878555]},"properties":{"Fazenda":"FE","Campo":"FE 19","produtividade":167.34212656000003,"unidade_produtividade":"sc/ha","pontos_originais":25,"ano":"2026","cultura":"Milho"}},{"type":"Feature","geometry":{"type":"Point","coordinates":[-52.22382978541577,-10.29500671603874]},"properties":{"Fazenda":"FE","Campo":"FE 19","produtividade":166.08371583999997,"unidade_produtividade":"sc/ha","pontos_originais":25,"ano":"2026","cultura":"Milho"}},{"type":"Feature","geometry":{"type":"Point","coordinates":[-52.22519939350581,-10.29500153466434]},"properties":{"Fazenda":"FE","Campo":"FE 19","produtividade":149.07883032,"unidade_produtividade":"sc/ha","pontos_originais":25,"ano":"2026","cultura":"Milho"}},{"type":"Feature","geometry":{"type":"Point","coordinates":[-52.224971125541266,-10.295002398628954]},"properties":{"Fazenda":"FE","Campo":"FE 19","produtividade":148.66664288,"unidade_produtividade":"sc/ha","pontos_originais":25,"ano":"2026","cultura":"Milho"}},{"type":"Feature","geometry":{"type":"Point","coordinates":[-52.22474285755653,-10.295003262432681]},"properties":{"Fazenda":"FE","Campo":"FE 19","produtividade":153.33080671999997,"unidade_produtividade":"sc/ha","pontos_originais":25,"ano":"2026","cultura":"Milho"}},{"type":"Feature","geometry":{"type":"Point","coordinates":[-52.22291671295222,-10.295010167070632]},"properties":{"Fazenda":"FE","Campo":"FE 19","produtividade":165.60128311999998,"unidade_produtividade":"sc/ha","pontos_originais":25,"ano":"2026","cultura":"Milho"}},{"type":"Feature","geometry":{"type":"Point","coordinates":[-52.22268844478595,-10.295011029426387]},"properties":{"Fazenda":"FE","Campo":"FE 19","produtividade":164.62982647999993,"unidade_produtividade":"sc/ha","pontos_originais":25,"ano":"2026","cultura":"Milho"}},{"type":"Feature","geometry":{"type":"Point","coordinates":[-52.22246017659952,-10.295011891621261]},"properties":{"Fazenda":"FE","Campo":"FE 19","produtividade":161.40841695999998,"unidade_produtividade":"sc/ha","pontos_originais":25,"ano":"2026","cultura":"Milho"}},{"type":"Feature","geometry":{"type":"Point","coordinates":[-52.22360151733011,-10.295007579038042]},"properties":{"Fazenda":"FE","Campo":"FE 19","produtividade":165.1638996,"unidade_produtividade":"sc/ha","pontos_originais":25,"ano":"2026","cultura":"Milho"}},{"type":"Feature","geometry":{"type":"Point","coordinates":[-52.22337324922433,-10.29500844187646]},"properties":{"Fazenda":"FE","Campo":"FE 19","produtividade":165.39176360000002,"unidade_produtividade":"sc/ha","pontos_originais":25,"ano":"2026","cultura":"Milho"}},{"type":"Feature","geometry":{"type":"Point","coordinates":[-52.22314498109836,-10.29500930455399]},"properties":{"Fazenda":"FE","Campo":"FE 19","produtividade":165.60557944,"unidade_produtividade":"sc/ha","pontos_originais":25,"ano":"2026","cultura":"Milho"}},{"type":"Feature","geometry":{"type":"Point","coordinates":[-52.21492731516621,-10.295040253794573]},"properties":{"Fazenda":"FE","Campo":"FE 19","produtividade":143.96177935999995,"unidade_produtividade":"sc/ha","pontos_originais":25,"ano":"2026","cultura":"Milho"}},{"type":"Feature","geometry":{"type":"Point","coordinates":[-52.21469904629682,-10.295041110519282]},"properties":{"Fazenda":"FE","Campo":"FE 19","produtividade":147.39636408,"unidade_produtividade":"sc/ha","pontos_originais":25,"ano":"2026","cultura":"Milho"}},{"type":"Feature","geometry":{"type":"Point","coordinates":[-52.214470777407406,-10.295041967083103]},"properties":{"Fazenda":"FE","Campo":"FE 19","produtividade":133.85724968,"unidade_produtividade":"sc/ha","pontos_originais":25,"ano":"2026","cultura":"Milho"}},{"type":"Feature","geometry":{"type":"Point","coordinates":[-52.214242508498,-10.295042823486034]},"properties":{"Fazenda":"FE","Campo":"FE 19","produtividade":112.44305184000001,"unidade_produtividade":"sc/ha","pontos_originais":25,"ano":"2026","cultura":"Milho"}},{"type":"Feature","geometry":{"type":"Point","coordinates":[-52.215612121654196,-10.295037682655115]},"properties":{"Fazenda":"FE","Campo":"FE 19","produtividade":147.06697936,"unidade_produtividade":"sc/ha","pontos_originais":25,"ano":"2026","cultura":"Milho"}},{"type":"Feature","geometry":{"type":"Point","coordinates":[-52.215383852844894,-10.295038539862489]},"properties":{"Fazenda":"FE","Campo":"FE 19","produtividade":139.33772383999997,"unidade_produtividade":"sc/ha","pontos_originais":25,"ano":"2026","cultura":"Milho"}},{"type":"Feature","geometry":{"type":"Point","coordinates":[-52.21515558401556,-10.295039396908976]},"properties":{"Fazenda":"FE","Campo":"FE 19","produtividade":140.4227412,"unidade_produtividade":"sc/ha","pontos_originais":25,"ano":"2026","cultura":"Milho"}},{"type":"Feature","geometry":{"type":"Point","coordinates":[-52.2133294326602,-10.295046247488878]},"properties":{"Fazenda":"FE","Campo":"FE 19","produtividade":93.65443304,"unidade_produtividade":"sc/ha","pontos_originais":25,"ano":"2026","cultura":"Milho"}},{"type":"Feature","geometry":{"type":"Point","coordinates":[-52.21355770164965,-10.2950453917295]},"properties":{"Fazenda":"FE","Campo":"FE 19","produtividade":82.56061855999998,"unidade_produtividade":"sc/ha","pontos_originais":25,"ano":"2026","cultura":"Milho"}},{"type":"Feature","geometry":{"type":"Point","coordinates":[-52.21310116365073,-10.295047103087368]},"properties":{"Fazenda":"FE","Campo":"FE 19","produtividade":104.94709568,"unidade_produtividade":"sc/ha","pontos_originais":25,"ano":"2026","cultura":"Milho"}},{"type":"Feature","geometry":{"type":"Point","coordinates":[-52.21287289462128,-10.295047958524968]},"properties":{"Fazenda":"FE","Campo":"FE 19","produtividade":107.35116335999999,"unidade_produtividade":"sc/ha","pontos_originais":25,"ano":"2026","cultura":"Milho"}},{"type":"Feature","geometry":{"type":"Point","coordinates":[-52.21401423956855,-10.295043679728078]},"properties":{"Fazenda":"FE","Campo":"FE 19","produtividade":98.01660736,"unidade_produtividade":"sc/ha","pontos_originais":25,"ano":"2026","cultura":"Milho"}},{"type":"Feature","geometry":{"type":"Point","coordinates":[-52.21378597061909,-10.295044535809234]},"properties":{"Fazenda":"FE","Campo":"FE 19","produtividade":76.94507576,"unidade_produtividade":"sc/ha","pontos_originais":25,"ano":"2026","cultura":"Milho"}},{"type":"Feature","geometry":{"type":"Point","coordinates":[-52.21788888397992,-10.295036987056811]},"properties":{"Fazenda":"FE","Campo":"FE 19","produtividade":96.16319147826087,"unidade_produtividade":"sc/ha","pontos_originais":23,"ano":"2026","cultura":"Milho"}},{"type":"Feature","geometry":{"type":"Point","coordinates":[-52.217666540035836,-10.295029960548797]},"properties":{"Fazenda":"FE","Campo":"FE 19","produtividade":107.19631720000001,"unidade_produtividade":"sc/ha","pontos_originais":25,"ano":"2026","cultura":"Milho"}},{"type":"Feature","geometry":{"type":"Point","coordinates":[-52.21743827140699,-10.29503081920416]},"properties":{"Fazenda":"FE","Campo":"FE 19","produtividade":118.72431871999997,"unidade_produtividade":"sc/ha","pontos_originais":25,"ano":"2026","cultura":"Milho"}},{"type":"Feature","geometry":{"type":"Point","coordinates":[-52.21721000275807,-10.295031677698637]},"properties":{"Fazenda":"FE","Campo":"FE 19","produtividade":129.92859096,"unidade_produtividade":"sc/ha","pontos_originais":25,"ano":"2026","cultura":"Milho"}},{"type":"Feature","geometry":{"type":"Point","coordinates":[-52.21926441987555,-10.29502394545641]},"properties":{"Fazenda":"FE","Campo":"FE 19","produtividade":103.41512664000001,"unidade_produtividade":"sc/ha","pontos_originais":25,"ano":"2026","cultura":"Milho"}},{"type":"Feature","geometry":{"type":"Point","coordinates":[-52.21904648777116,-10.295014490760591]},"properties":{"Fazenda":"FE","Campo":"FE 19","produtividade":93.24514436363637,"unidade_produtividade":"sc/ha","pontos_originais":22,"ano":"2026","cultura":"Milho"}},{"type":"Feature","geometry":{"type":"Point","coordinates":[-52.21810694582661,-10.295073515892776]},"properties":{"Fazenda":"FE","Campo":"FE 19","produtividade":86.52694899999999,"unidade_produtividade":"sc/ha","pontos_originais":14,"ano":"2026","cultura":"Milho"}},{"type":"Feature","geometry":{"type":"Point","coordinates":[-52.216296927961864,-10.295035110067667]},"properties":{"Fazenda":"FE","Campo":"FE 19","produtividade":152.90940392000002,"unidade_produtividade":"sc/ha","pontos_originais":25,"ano":"2026","cultura":"Milho"}},{"type":"Feature","geometry":{"type":"Point","coordinates":[-52.21652519669099,-10.29503425221674]},"properties":{"Fazenda":"FE","Campo":"FE 19","produtividade":149.48099488000003,"unidade_produtividade":"sc/ha","pontos_originais":25,"ano":"2026","cultura":"Milho"}},{"type":"Feature","geometry":{"type":"Point","coordinates":[-52.21606865921269,-10.295035967757702]},"properties":{"Fazenda":"FE","Campo":"FE 19","produtividade":156.603916,"unidade_produtividade":"sc/ha","pontos_originais":25,"ano":"2026","cultura":"Milho"}},{"type":"Feature","geometry":{"type":"Point","coordinates":[-52.215840390443454,-10.295036825286854]},"properties":{"Fazenda":"FE","Campo":"FE 19","produtividade":154.82018048,"unidade_produtividade":"sc/ha","pontos_originais":25,"ano":"2026","cultura":"Milho"}},{"type":"Feature","geometry":{"type":"Point","coordinates":[-52.21698173408913,-10.295032536032227]},"properties":{"Fazenda":"FE","Campo":"FE 19","produtividade":139.38176056,"unidade_produtividade":"sc/ha","pontos_originais":25,"ano":"2026","cultura":"Milho"}},{"type":"Feature","geometry":{"type":"Point","coordinates":[-52.216753465400096,-10.295033394204927]},"properties":{"Fazenda":"FE","Campo":"FE 19","produtividade":144.65729208000002,"unidade_produtividade":"sc/ha","pontos_originais":25,"ano":"2026","cultura":"Milho"}},{"type":"Feature","geometry":{"type":"Point","coordinates":[-52.227253804277545,-10.294993751742988]},"properties":{"Fazenda":"FE","Campo":"FE 19","produtividade":150.28996864000004,"unidade_produtividade":"sc/ha","pontos_originais":25,"ano":"2026","cultura":"Milho"}},{"type":"Feature","geometry":{"type":"Point","coordinates":[-52.22702553649489,-10.294994617155565]},"properties":{"Fazenda":"FE","Campo":"FE 19","produtividade":154.38013359999997,"unidade_produtividade":"sc/ha","pontos_originais":25,"ano":"2026","cultura":"Milho"}},{"type":"Feature","geometry":{"type":"Point","coordinates":[-52.22679726869199,-10.294995482407263]},"properties":{"Fazenda":"FE","Campo":"FE 19","produtividade":154.90465759999998,"unidade_produtividade":"sc/ha","pontos_originais":25,"ano":"2026","cultura":"Milho"}},{"type":"Feature","geometry":{"type":"Point","coordinates":[-52.226569000868885,-10.294996347498067]},"properties":{"Fazenda":"FE","Campo":"FE 19","produtividade":155.64846752000003,"unidade_produtividade":"sc/ha","pontos_originais":25,"ano":"2026","cultura":"Milho"}},{"type":"Feature","geometry":{"type":"Point","coordinates":[-52.22788597069867,-10.295001787829232]},"properties":{"Fazenda":"FE","Campo":"FE 19","produtividade":114.60896246153848,"unidade_produtividade":"sc/ha","pontos_originais":13,"ano":"2026","cultura":"Milho"}},{"type":"Feature","geometry":{"type":"Point","coordinates":[-52.212736019556694,-10.295071077650343]},"properties":{"Fazenda":"FE","Campo":"FE 19","produtividade":106.6390815,"unidade_produtividade":"sc/ha","pontos_originais":4,"ano":"2026","cultura":"Milho"}},{"type":"Feature","geometry":{"type":"Point","coordinates":[-52.22771033978219,-10.29499202043518]},"properties":{"Fazenda":"FE","Campo":"FE 19","produtividade":122.62687248000002,"unidade_produtividade":"sc/ha","pontos_originais":25,"ano":"2026","cultura":"Milho"}},{"type":"Feature","geometry":{"type":"Point","coordinates":[-52.22748207203999,-10.294992886169526]},"properties":{"Fazenda":"FE","Campo":"FE 19","produtividade":138.73659184000002,"unidade_produtividade":"sc/ha","pontos_originais":25,"ano":"2026","cultura":"Milho"}},{"type":"Feature","geometry":{"type":"Point","coordinates":[-52.22565592937433,-10.294999806252454]},"properties":{"Fazenda":"FE","Campo":"FE 19","produtividade":156.43634663999998,"unidade_produtividade":"sc/ha","pontos_originais":25,"ano":"2026","cultura":"Milho"}},{"type":"Feature","geometry":{"type":"Point","coordinates":[-52.22588419727828,-10.294998941805186]},"properties":{"Fazenda":"FE","Campo":"FE 19","produtividade":157.17987656000003,"unidade_produtividade":"sc/ha","pontos_originais":25,"ano":"2026","cultura":"Milho"}},{"type":"Feature","geometry":{"type":"Point","coordinates":[-52.22542766145017,-10.295000670538839]},"properties":{"Fazenda":"FE","Campo":"FE 19","produtividade":154.32870824000003,"unidade_produtividade":"sc/ha","pontos_originais":25,"ano":"2026","cultura":"Milho"}},{"type":"Feature","geometry":{"type":"Point","coordinates":[-52.22634073302557,-10.294997212427994]},"properties":{"Fazenda":"FE","Campo":"FE 19","produtividade":156.55760120000002,"unidade_produtividade":"sc/ha","pontos_originais":25,"ano":"2026","cultura":"Milho"}},{"type":"Feature","geometry":{"type":"Point","coordinates":[-52.22611246516201,-10.29499807719703]},"properties":{"Fazenda":"FE","Campo":"FE 19","produtividade":155.64630423999998,"unidade_produtividade":"sc/ha","pontos_originais":25,"ano":"2026","cultura":"Milho"}},{"type":"Feature","geometry":{"type":"Point","coordinates":[-52.218260385399375,-10.295118150846474]},"properties":{"Fazenda":"FE","Campo":"FE 19","produtividade":78.556884,"unidade_produtividade":"sc/ha","pontos_originais":1,"ano":"2026","cultura":"Milho"}},{"type":"Feature","geometry":{"type":"Point","coordinates":[-52.21287203091307,-10.29482189919912]},"properties":{"Fazenda":"FE","Campo":"FE 19","produtividade":100.36290767999999,"unidade_produtividade":"sc/ha","pontos_originais":25,"ano":"2026","cultura":"Milho"}},{"type":"Feature","geometry":{"type":"Point","coordinates":[-52.21310029978005,-10.294821043780699]},"properties":{"Fazenda":"FE","Campo":"FE 19","produtividade":99.5596924,"unidade_produtividade":"sc/ha","pontos_originais":25,"ano":"2026","cultura":"Milho"}},{"type":"Feature","geometry":{"type":"Point","coordinates":[-52.21355683745405,-10.294819332461197]},"properties":{"Fazenda":"FE","Campo":"FE 19","produtividade":82.48117472,"unidade_produtividade":"sc/ha","pontos_originais":25,"ano":"2026","cultura":"Milho"}},{"type":"Feature","geometry":{"type":"Point","coordinates":[-52.21378510626105,-10.294818476560117]},"properties":{"Fazenda":"FE","Campo":"FE 19","produtividade":77.63724975999999,"unidade_produtividade":"sc/ha","pontos_originais":25,"ano":"2026","cultura":"Milho"}},{"type":"Feature","geometry":{"type":"Point","coordinates":[-52.21332856862705,-10.29482018820139]},"properties":{"Fazenda":"FE","Campo":"FE 19","produtividade":90.80324904,"unidade_produtividade":"sc/ha","pontos_originais":25,"ano":"2026","cultura":"Milho"}},{"type":"Feature","geometry":{"type":"Point","coordinates":[-52.21889884308342,-10.29493489750932]},"properties":{"Fazenda":"FE","Campo":"FE 19","produtividade":86.929962,"unidade_produtividade":"sc/ha","pontos_originais":1,"ano":"2026","cultura":"Milho"}},{"type":"Feature","geometry":{"type":"Point","coordinates":[-52.214241643815015,-10.294816764275305]},"properties":{"Fazenda":"FE","Campo":"FE 19","produtividade":100.85690944000002,"unidade_produtividade":"sc/ha","pontos_originais":25,"ano":"2026","cultura":"Milho"}},{"type":"Feature","geometry":{"type":"Point","coordinates":[-52.21401337504803,-10.294817620498158]},"properties":{"Fazenda":"FE","Campo":"FE 19","produtividade":87.29546223999999,"unidade_produtividade":"sc/ha","pontos_originais":25,"ano":"2026","cultura":"Milho"}},{"type":"Feature","geometry":{"type":"Point","coordinates":[-52.21492644999586,-10.294814194641457]},"properties":{"Fazenda":"FE","Campo":"FE 19","produtividade":117.8258284,"unidade_produtividade":"sc/ha","pontos_originais":25,"ano":"2026","cultura":"Milho"}},{"type":"Feature","geometry":{"type":"Point","coordinates":[-52.21515471868277,-10.29481333777507]},"properties":{"Fazenda":"FE","Campo":"FE 19","produtividade":116.74722471999999,"unidade_produtividade":"sc/ha","pontos_originais":25,"ano":"2026","cultura":"Milho"}},{"type":"Feature","geometry":{"type":"Point","coordinates":[-52.21469818128894,-10.294815051346957]},"properties":{"Fazenda":"FE","Campo":"FE 19","produtividade":121.63906776,"unidade_produtividade":"sc/ha","pontos_originais":25,"ano":"2026","cultura":"Milho"}},{"type":"Feature","geometry":{"type":"Point","coordinates":[-52.21446991256199,-10.294815907891575]},"properties":{"Fazenda":"FE","Campo":"FE 19","produtividade":113.07263071999999,"unidade_produtividade":"sc/ha","pontos_originais":25,"ano":"2026","cultura":"Milho"}},{"type":"Feature","geometry":{"type":"Point","coordinates":[-52.22785569665499,-10.294801577516914]},"properties":{"Fazenda":"FE","Campo":"FE 19","produtividade":110.5010172,"unidade_produtividade":"sc/ha","pontos_originais":5,"ano":"2026","cultura":"Milho"}},{"type":"Feature","geometry":{"type":"Point","coordinates":[-52.22770946551441,-10.29476596236342]},"properties":{"Fazenda":"FE","Campo":"FE 19","produtividade":113.64225600000002,"unidade_produtividade":"sc/ha","pontos_originais":25,"ano":"2026","cultura":"Milho"}},{"type":"Feature","geometry":{"type":"Point","coordinates":[-52.22748119793465,-10.29476682807836]},"properties":{"Fazenda":"FE","Campo":"FE 19","produtividade":131.79607951999998,"unidade_produtividade":"sc/ha","pontos_originais":25,"ano":"2026","cultura":"Milho"}},{"type":"Feature","geometry":{"type":"Point","coordinates":[-52.22725293033465,-10.294767693632418]},"properties":{"Fazenda":"FE","Campo":"FE 19","produtividade":146.95399208,"unidade_produtividade":"sc/ha","pontos_originais":25,"ano":"2026","cultura":"Milho"}},{"type":"Feature","geometry":{"type":"Point","coordinates":[-52.21720913596319,-10.294805618737794]},"properties":{"Fazenda":"FE","Campo":"FE 19","produtividade":125.32082415999999,"unidade_produtividade":"sc/ha","pontos_originais":25,"ano":"2026","cultura":"Milho"}},{"type":"Feature","geometry":{"type":"Point","coordinates":[-52.216980867456684,-10.29480647705214]},"properties":{"Fazenda":"FE","Campo":"FE 19","produtividade":128.67907639999999,"unidade_produtividade":"sc/ha","pontos_originais":25,"ano":"2026","cultura":"Milho"}},{"type":"Feature","geometry":{"type":"Point","coordinates":[-52.2167525989301,-10.294807335205602]},"properties":{"Fazenda":"FE","Campo":"FE 19","produtividade":129.07567008,"unidade_produtividade":"sc/ha","pontos_originais":25,"ano":"2026","cultura":"Milho"}},{"type":"Feature","geometry":{"type":"Point","coordinates":[-52.21652433038347,-10.294808193198177]},"properties":{"Fazenda":"FE","Campo":"FE 19","produtividade":133.03868368,"unidade_produtividade":"sc/ha","pontos_originais":25,"ano":"2026","cultura":"Milho"}},{"type":"Feature","geometry":{"type":"Point","coordinates":[-52.21883648408443,-10.294780878191416]},"properties":{"Fazenda":"FE","Campo":"FE 19","produtividade":93.92741235294118,"unidade_produtividade":"sc/ha","pontos_originais":17,"ano":"2026","cultura":"Milho"}},{"type":"Feature","geometry":{"type":"Point","coordinates":[-52.21766567291603,-10.294803901626452]},"properties":{"Fazenda":"FE","Campo":"FE 19","produtividade":108.23087967999999,"unidade_produtividade":"sc/ha","pontos_originais":25,"ano":"2026","cultura":"Milho"}},{"type":"Feature","geometry":{"type":"Point","coordinates":[-52.21781567789824,-10.294803337298005]},"properties":{"Fazenda":"FE","Campo":"FE 19","produtividade":101.304034,"unidade_produtividade":"sc/ha","pontos_originais":7,"ano":"2026","cultura":"Milho"}},{"type":"Feature","geometry":{"type":"Point","coordinates":[-52.21743740444964,-10.294804760262567]},"properties":{"Fazenda":"FE","Campo":"FE 19","produtividade":117.59498128000001,"unidade_produtividade":"sc/ha","pontos_originais":25,"ano":"2026","cultura":"Milho"}},{"type":"Feature","geometry":{"type":"Point","coordinates":[-52.21561125599649,-10.294811623559644]},"properties":{"Fazenda":"FE","Campo":"FE 19","produtividade":130.3390956,"unidade_produtividade":"sc/ha","pontos_originais":25,"ano":"2026","cultura":"Milho"}},{"type":"Feature","geometry":{"type":"Point","coordinates":[-52.2158395246233,-10.294810766210606]},"properties":{"Fazenda":"FE","Campo":"FE 19","produtividade":138.06158240000002,"unidade_produtividade":"sc/ha","pontos_originais":25,"ano":"2026","cultura":"Milho"}},{"type":"Feature","geometry":{"type":"Point","coordinates":[-52.21538298734965,-10.2948124807478]},"properties":{"Fazenda":"FE","Campo":"FE 19","produtividade":118.84686968000004,"unidade_produtividade":"sc/ha","pontos_originais":25,"ano":"2026","cultura":"Milho"}},{"type":"Feature","geometry":{"type":"Point","coordinates":[-52.2162960618168,-10.294809051029869]},"properties":{"Fazenda":"FE","Campo":"FE 19","produtividade":138.62721712000004,"unidade_produtividade":"sc/ha","pontos_originais":25,"ano":"2026","cultura":"Milho"}},{"type":"Feature","geometry":{"type":"Point","coordinates":[-52.21606779323007,-10.294809908700678]},"properties":{"Fazenda":"FE","Campo":"FE 19","produtividade":140.31072552,"unidade_produtividade":"sc/ha","pontos_originais":25,"ano":"2026","cultura":"Milho"}},{"type":"Feature","geometry":{"type":"Point","coordinates":[-52.22360064598649,-10.294781520617475]},"properties":{"Fazenda":"FE","Campo":"FE 19","produtividade":163.42509344,"unidade_produtividade":"sc/ha","pontos_originais":25,"ano":"2026","cultura":"Milho"}},{"type":"Feature","geometry":{"type":"Point","coordinates":[-52.22337237804314,-10.294782383436548]},"properties":{"Fazenda":"FE","Campo":"FE 19","produtividade":165.00671824,"unidade_produtividade":"sc/ha","pontos_originais":25,"ano":"2026","cultura":"Milho"}},{"type":"Feature","geometry":{"type":"Point","coordinates":[-52.22314411007963,-10.294783246094733]},"properties":{"Fazenda":"FE","Campo":"FE 19","produtividade":168.84537152000004,"unidade_produtividade":"sc/ha","pontos_originais":25,"ano":"2026","cultura":"Milho"}},{"type":"Feature","geometry":{"type":"Point","coordinates":[-52.22291584209595,-10.294784108592042]},"properties":{"Fazenda":"FE","Campo":"FE 19","produtividade":171.01821687999995,"unidade_produtividade":"sc/ha","pontos_originais":25,"ano":"2026","cultura":"Milho"}},{"type":"Feature","geometry":{"type":"Point","coordinates":[-52.224285449695515,-10.294778931194967]},"properties":{"Fazenda":"FE","Campo":"FE 19","produtividade":164.50082375999997,"unidade_produtividade":"sc/ha","pontos_originais":25,"ano":"2026","cultura":"Milho"}},{"type":"Feature","geometry":{"type":"Point","coordinates":[-52.22405718181269,-10.294779794496685]},"properties":{"Fazenda":"FE","Campo":"FE 19","produtividade":164.29401240000004,"unidade_produtividade":"sc/ha","pontos_originais":25,"ano":"2026","cultura":"Milho"}},{"type":"Feature","geometry":{"type":"Point","coordinates":[-52.223828913909664,-10.29478065763752]},"properties":{"Fazenda":"FE","Campo":"FE 19","produtividade":164.004806,"unidade_produtividade":"sc/ha","pontos_originais":25,"ano":"2026","cultura":"Milho"}},{"type":"Feature","geometry":{"type":"Point","coordinates":[-52.22200276995975,-10.294787556972446]},"properties":{"Fazenda":"FE","Campo":"FE 19","produtividade":164.94073400000005,"unidade_produtividade":"sc/ha","pontos_originais":25,"ano":"2026","cultura":"Milho"}},{"type":"Feature","geometry":{"type":"Point","coordinates":[-52.22223103802403,-10.294786695118669]},"properties":{"Fazenda":"FE","Campo":"FE 19","produtividade":166.92738944,"unidade_produtividade":"sc/ha","pontos_originais":25,"ano":"2026","cultura":"Milho"}},{"type":"Feature","geometry":{"type":"Point","coordinates":[-52.22177450187535,-10.29478841866534]},"properties":{"Fazenda":"FE","Campo":"FE 19","produtividade":157.17124695999996,"unidade_produtividade":"sc/ha","pontos_originais":25,"ano":"2026","cultura":"Milho"}},{"type":"Feature","geometry":{"type":"Point","coordinates":[-52.221546233770795,-10.294789280197353]},"properties":{"Fazenda":"FE","Campo":"FE 19","produtividade":147.04553864000002,"unidade_produtividade":"sc/ha","pontos_originais":25,"ano":"2026","cultura":"Milho"}},{"type":"Feature","geometry":{"type":"Point","coordinates":[-52.222687574092134,-10.294784970928465]},"properties":{"Fazenda":"FE","Campo":"FE 19","produtividade":171.82917472,"unidade_produtividade":"sc/ha","pontos_originais":25,"ano":"2026","cultura":"Milho"}},{"type":"Feature","geometry":{"type":"Point","coordinates":[-52.22245930606817,-10.294785833104008]},"properties":{"Fazenda":"FE","Campo":"FE 19","produtividade":169.93346327999998,"unidade_produtividade":"sc/ha","pontos_originais":25,"ano":"2026","cultura":"Milho"}},{"type":"Feature","geometry":{"type":"Point","coordinates":[-52.22633985973248,-10.294771154239834]},"properties":{"Fazenda":"FE","Campo":"FE 19","produtividade":159.14496303999994,"unidade_produtividade":"sc/ha","pontos_originais":25,"ano":"2026","cultura":"Milho"}},{"type":"Feature","geometry":{"type":"Point","coordinates":[-52.22656812741336,-10.294770289329302]},"properties":{"Fazenda":"FE","Campo":"FE 19","produtividade":160.57345864,"unidade_produtividade":"sc/ha","pontos_originais":25,"ano":"2026","cultura":"Milho"}},{"type":"Feature","geometry":{"type":"Point","coordinates":[-52.226111592031394,-10.294772018989487]},"properties":{"Fazenda":"FE","Campo":"FE 19","produtividade":154.77487032,"unidade_produtividade":"sc/ha","pontos_originais":25,"ano":"2026","cultura":"Milho"}},{"type":"Feature","geometry":{"type":"Point","coordinates":[-52.2258833243101,-10.294772883578258]},"properties":{"Fazenda":"FE","Campo":"FE 19","produtividade":153.72426104000002,"unidade_produtividade":"sc/ha","pontos_originais":25,"ano":"2026","cultura":"Milho"}},{"type":"Feature","geometry":{"type":"Point","coordinates":[-52.22702466271445,-10.294768559025592]},"properties":{"Fazenda":"FE","Campo":"FE 19","produtividade":156.35164664,"unidade_produtividade":"sc/ha","pontos_originais":25,"ano":"2026","cultura":"Milho"}},{"type":"Feature","geometry":{"type":"Point","coordinates":[-52.22679639507402,-10.294769424257888]},"properties":{"Fazenda":"FE","Campo":"FE 19","produtividade":161.16927959999998,"unidade_produtividade":"sc/ha","pontos_originais":25,"ano":"2026","cultura":"Milho"}},{"type":"Feature","geometry":{"type":"Point","coordinates":[-52.22497025322292,-10.294776340324526]},"properties":{"Fazenda":"FE","Campo":"FE 19","produtividade":147.92333471999999,"unidade_produtividade":"sc/ha","pontos_originais":25,"ano":"2026","cultura":"Milho"}},{"type":"Feature","geometry":{"type":"Point","coordinates":[-52.22474198540063,-10.29477720410889]},"properties":{"Fazenda":"FE","Campo":"FE 19","produtividade":153.55520992,"unidade_produtividade":"sc/ha","pontos_originais":25,"ano":"2026","cultura":"Milho"}},{"type":"Feature","geometry":{"type":"Point","coordinates":[-52.224513717558175,-10.294778067732368]},"properties":{"Fazenda":"FE","Campo":"FE 19","produtividade":160.94326416,"unidade_produtividade":"sc/ha","pontos_originais":25,"ano":"2026","cultura":"Milho"}},{"type":"Feature","geometry":{"type":"Point","coordinates":[-52.225655056568606,-10.294773748006149]},"properties":{"Fazenda":"FE","Campo":"FE 19","produtividade":151.66397008,"unidade_produtividade":"sc/ha","pontos_originais":25,"ano":"2026","cultura":"Milho"}},{"type":"Feature","geometry":{"type":"Point","coordinates":[-52.22542678880689,-10.294774612273153]},"properties":{"Fazenda":"FE","Campo":"FE 19","produtividade":150.0220428,"unidade_produtividade":"sc/ha","pontos_originais":25,"ano":"2026","cultura":"Milho"}},{"type":"Feature","geometry":{"type":"Point","coordinates":[-52.22519852102499,-10.294775476379279]},"properties":{"Fazenda":"FE","Campo":"FE 19","produtividade":145.41000208,"unidade_produtividade":"sc/ha","pontos_originais":25,"ano":"2026","cultura":"Milho"}},{"type":"Feature","geometry":{"type":"Point","coordinates":[-52.22063316115129,-10.294792724716574]},"properties":{"Fazenda":"FE","Campo":"FE 19","produtividade":155.08827488000003,"unidade_produtividade":"sc/ha","pontos_originais":25,"ano":"2026","cultura":"Milho"}},{"type":"Feature","geometry":{"type":"Point","coordinates":[-52.2204048929461,-10.29479358544417]},"properties":{"Fazenda":"FE","Campo":"FE 19","produtividade":157.55930736000005,"unidade_produtividade":"sc/ha","pontos_originais":25,"ano":"2026","cultura":"Milho"}},{"type":"Feature","geometry":{"type":"Point","coordinates":[-52.220176624720814,-10.294794446010885]},"properties":{"Fazenda":"FE","Campo":"FE 19","produtividade":157.52914183999997,"unidade_produtividade":"sc/ha","pontos_originais":25,"ano":"2026","cultura":"Milho"}},{"type":"Feature","geometry":{"type":"Point","coordinates":[-52.2199483564754,-10.294795306416715]},"properties":{"Fazenda":"FE","Campo":"FE 19","produtividade":153.18922584,"unidade_produtividade":"sc/ha","pontos_originais":25,"ano":"2026","cultura":"Milho"}},{"type":"Feature","geometry":{"type":"Point","coordinates":[-52.2213179656461,-10.294790141568482]},"properties":{"Fazenda":"FE","Campo":"FE 19","produtividade":142.99118848,"unidade_produtividade":"sc/ha","pontos_originais":25,"ano":"2026","cultura":"Milho"}},{"type":"Feature","geometry":{"type":"Point","coordinates":[-52.22108969750129,-10.294791002778727]},"properties":{"Fazenda":"FE","Campo":"FE 19","produtividade":145.09071528,"unidade_produtividade":"sc/ha","pontos_originais":25,"ano":"2026","cultura":"Milho"}},{"type":"Feature","geometry":{"type":"Point","coordinates":[-52.22086142933637,-10.29479186382809]},"properties":{"Fazenda":"FE","Campo":"FE 19","produtividade":151.72341967999998,"unidade_produtividade":"sc/ha","pontos_originais":25,"ano":"2026","cultura":"Milho"}},{"type":"Feature","geometry":{"type":"Point","coordinates":[-52.219035283292726,-10.294798746431214]},"properties":{"Fazenda":"FE","Campo":"FE 19","produtividade":106.90942136000001,"unidade_produtividade":"sc/ha","pontos_originais":25,"ano":"2026","cultura":"Milho"}},{"type":"Feature","geometry":{"type":"Point","coordinates":[-52.21926355161854,-10.294797886668913]},"properties":{"Fazenda":"FE","Campo":"FE 19","produtividade":128.22239528,"unidade_produtividade":"sc/ha","pontos_originais":25,"ano":"2026","cultura":"Milho"}},{"type":"Feature","geometry":{"type":"Point","coordinates":[-52.2197200882099,-10.294796166661666]},"properties":{"Fazenda":"FE","Campo":"FE 19","produtividade":146.69110960000006,"unidade_produtividade":"sc/ha","pontos_originais":25,"ano":"2026","cultura":"Milho"}},{"type":"Feature","geometry":{"type":"Point","coordinates":[-52.21949181992427,-10.29479702674573]},"properties":{"Fazenda":"FE","Campo":"FE 19","produtividade":141.55162280000002,"unidade_produtividade":"sc/ha","pontos_originais":25,"ano":"2026","cultura":"Milho"}},{"type":"Feature","geometry":{"type":"Point","coordinates":[-52.218669706801414,-10.294709698186875]},"properties":{"Fazenda":"FE","Campo":"FE 19","produtividade":95.712316,"unidade_produtividade":"sc/ha","pontos_originais":1,"ano":"2026","cultura":"Milho"}},{"type":"Feature","geometry":{"type":"Point","coordinates":[-52.22108361116836,-10.293208592256391]},"properties":{"Fazenda":"FE","Campo":"FE 19","produtividade":164.41242327999996,"unidade_produtividade":"sc/ha","pontos_originais":25,"ano":"2026","cultura":"Milho"}},{"type":"Feature","geometry":{"type":"Point","coordinates":[-52.22085534414049,-10.293209453170626]},"properties":{"Fazenda":"FE","Campo":"FE 19","produtividade":162.09938079999995,"unidade_produtividade":"sc/ha","pontos_originais":25,"ano":"2026","cultura":"Milho"}},{"type":"Feature","geometry":{"type":"Point","coordinates":[-52.220627077092516,-10.293210313923996]},"properties":{"Fazenda":"FE","Campo":"FE 19","produtividade":161.37036104,"unidade_produtividade":"sc/ha","pontos_originais":25,"ano":"2026","cultura":"Milho"}},{"type":"Feature","geometry":{"type":"Point","coordinates":[-52.2203988100244,-10.293211174516516]},"properties":{"Fazenda":"FE","Campo":"FE 19","produtividade":160.47331888,"unidade_produtividade":"sc/ha","pontos_originais":25,"ano":"2026","cultura":"Milho"}},{"type":"Feature","geometry":{"type":"Point","coordinates":[-52.22176841213118,-10.293206008548548]},"properties":{"Fazenda":"FE","Campo":"FE 19","produtividade":166.50637639999997,"unidade_produtividade":"sc/ha","pontos_originais":25,"ano":"2026","cultura":"Milho"}},{"type":"Feature","geometry":{"type":"Point","coordinates":[-52.2215401451637,-10.293206869945354]},"properties":{"Fazenda":"FE","Campo":"FE 19","produtividade":166.49759504000002,"unidade_produtividade":"sc/ha","pontos_originais":25,"ano":"2026","cultura":"Milho"}},{"type":"Feature","geometry":{"type":"Point","coordinates":[-52.2213118781761,-10.293207731181301]},"properties":{"Fazenda":"FE","Campo":"FE 19","produtividade":165.59724943999998,"unidade_produtividade":"sc/ha","pontos_originais":25,"ano":"2026","cultura":"Milho"}},{"type":"Feature","geometry":{"type":"Point","coordinates":[-52.2194857415509,-10.293214615278007]},"properties":{"Fazenda":"FE","Campo":"FE 19","produtividade":161.852586,"unidade_produtividade":"sc/ha","pontos_originais":25,"ano":"2026","cultura":"Milho"}},{"type":"Feature","geometry":{"type":"Point","coordinates":[-52.21971400869942,-10.293213755328921]},"properties":{"Fazenda":"FE","Campo":"FE 19","produtividade":162.90231776000002,"unidade_produtividade":"sc/ha","pontos_originais":25,"ano":"2026","cultura":"Milho"}},{"type":"Feature","geometry":{"type":"Point","coordinates":[-52.21925747438226,-10.293215475066235]},"properties":{"Fazenda":"FE","Campo":"FE 19","produtividade":159.77915968000002,"unidade_produtividade":"sc/ha","pontos_originais":25,"ano":"2026","cultura":"Milho"}},{"type":"Feature","geometry":{"type":"Point","coordinates":[-52.219029207193515,-10.293216334693602]},"properties":{"Fazenda":"FE","Campo":"FE 19","produtividade":158.07159592,"unidade_produtividade":"sc/ha","pontos_originais":25,"ano":"2026","cultura":"Milho"}},{"type":"Feature","geometry":{"type":"Point","coordinates":[-52.22017054293619,-10.293212034948176]},"properties":{"Fazenda":"FE","Campo":"FE 19","produtividade":161.55089215999996,"unidade_produtividade":"sc/ha","pontos_originais":25,"ano":"2026","cultura":"Milho"}},{"type":"Feature","geometry":{"type":"Point","coordinates":[-52.21994227582786,-10.293212895218977]},"properties":{"Fazenda":"FE","Campo":"FE 19","produtividade":162.41774863999999,"unidade_produtividade":"sc/ha","pontos_originais":25,"ano":"2026","cultura":"Milho"}},{"type":"Feature","geometry":{"type":"Point","coordinates":[-52.22382281393184,-10.293198248738724]},"properties":{"Fazenda":"FE","Campo":"FE 19","produtividade":170.58833120000003,"unidade_produtividade":"sc/ha","pontos_originais":25,"ano":"2026","cultura":"Milho"}},{"type":"Feature","geometry":{"type":"Point","coordinates":[-52.22405108069776,-10.293197385733349]},"properties":{"Fazenda":"FE","Campo":"FE 19","produtividade":168.96201280000002,"unidade_produtividade":"sc/ha","pontos_originais":25,"ano":"2026","cultura":"Milho"}},{"type":"Feature","geometry":{"type":"Point","coordinates":[-52.22359454714572,-10.293199111583244]},"properties":{"Fazenda":"FE","Campo":"FE 19","produtividade":171.07211071999998,"unidade_produtividade":"sc/ha","pontos_originais":25,"ano":"2026","cultura":"Milho"}},{"type":"Feature","geometry":{"type":"Point","coordinates":[-52.22336628033944,-10.293199974266908]},"properties":{"Fazenda":"FE","Campo":"FE 19","produtividade":171.2032448,"unidade_produtividade":"sc/ha","pontos_originais":25,"ano":"2026","cultura":"Milho"}},{"type":"Feature","geometry":{"type":"Point","coordinates":[-52.2247358808745,-10.293194795752083]},"properties":{"Fazenda":"FE","Campo":"FE 19","produtividade":162.88821528,"unidade_produtividade":"sc/ha","pontos_originais":25,"ano":"2026","cultura":"Milho"}},{"type":"Feature","geometry":{"type":"Point","coordinates":[-52.224507614169084,-10.293195659240027]},"properties":{"Fazenda":"FE","Campo":"FE 19","produtividade":165.58022992000002,"unidade_produtividade":"sc/ha","pontos_originais":25,"ano":"2026","cultura":"Milho"}},{"type":"Feature","geometry":{"type":"Point","coordinates":[-52.22427934744351,-10.293196522567117]},"properties":{"Fazenda":"FE","Campo":"FE 19","produtividade":166.49904544,"unidade_produtividade":"sc/ha","pontos_originais":25,"ano":"2026","cultura":"Milho"}},{"type":"Feature","geometry":{"type":"Point","coordinates":[-52.22245321291276,-10.293203423392988]},"properties":{"Fazenda":"FE","Campo":"FE 19","produtividade":167.89562551999998,"unidade_produtividade":"sc/ha","pontos_originais":25,"ano":"2026","cultura":"Milho"}},{"type":"Feature","geometry":{"type":"Point","coordinates":[-52.22222494600569,-10.293204285272369]},"properties":{"Fazenda":"FE","Campo":"FE 19","produtividade":168.40129768000003,"unidade_produtividade":"sc/ha","pontos_originais":25,"ano":"2026","cultura":"Milho"}},{"type":"Feature","geometry":{"type":"Point","coordinates":[-52.22199667907851,-10.293205146990884]},"properties":{"Fazenda":"FE","Campo":"FE 19","produtividade":166.5235628,"unidade_produtividade":"sc/ha","pontos_originais":25,"ano":"2026","cultura":"Milho"}},{"type":"Feature","geometry":{"type":"Point","coordinates":[-52.223138013513,-10.293200836789714]},"properties":{"Fazenda":"FE","Campo":"FE 19","produtividade":168.79213623999996,"unidade_produtividade":"sc/ha","pontos_originais":25,"ano":"2026","cultura":"Milho"}},{"type":"Feature","geometry":{"type":"Point","coordinates":[-52.22290974666641,-10.29320169915166]},"properties":{"Fazenda":"FE","Campo":"FE 19","produtividade":167.41239928,"unidade_produtividade":"sc/ha","pontos_originais":25,"ano":"2026","cultura":"Milho"}},{"type":"Feature","geometry":{"type":"Point","coordinates":[-52.222681479799675,-10.293202561352755]},"properties":{"Fazenda":"FE","Campo":"FE 19","produtividade":167.14283095999997,"unidade_produtividade":"sc/ha","pontos_originais":25,"ano":"2026","cultura":"Milho"}},{"type":"Feature","geometry":{"type":"Point","coordinates":[-52.21514866191403,-10.293230923747528]},"properties":{"Fazenda":"FE","Campo":"FE 19","produtividade":168.47473104,"unidade_produtividade":"sc/ha","pontos_originais":25,"ano":"2026","cultura":"Milho"}},{"type":"Feature","geometry":{"type":"Point","coordinates":[-52.21492039436421,-10.293231780479438]},"properties":{"Fazenda":"FE","Campo":"FE 19","produtividade":167.41911312,"unidade_produtividade":"sc/ha","pontos_originais":25,"ano":"2026","cultura":"Milho"}},{"type":"Feature","geometry":{"type":"Point","coordinates":[-52.21469212679439,-10.293232637050492]},"properties":{"Fazenda":"FE","Campo":"FE 19","produtividade":166.45539512,"unidade_produtividade":"sc/ha","pontos_originais":25,"ano":"2026","cultura":"Milho"}},{"type":"Feature","geometry":{"type":"Point","coordinates":[-52.21446385920453,-10.293233493460685]},"properties":{"Fazenda":"FE","Campo":"FE 19","produtividade":166.89250816,"unidade_produtividade":"sc/ha","pontos_originais":25,"ano":"2026","cultura":"Milho"}},{"type":"Feature","geometry":{"type":"Point","coordinates":[-52.21583346444331,-10.293228352586636]},"properties":{"Fazenda":"FE","Campo":"FE 19","produtividade":167.93240687999997,"unidade_produtividade":"sc/ha","pontos_originais":25,"ano":"2026","cultura":"Milho"}},{"type":"Feature","geometry":{"type":"Point","coordinates":[-52.216061731912966,-10.293227495211289]},"properties":{"Fazenda":"FE","Campo":"FE 19","produtividade":156.08513592,"unidade_produtividade":"sc/ha","pontos_originais":25,"ano":"2026","cultura":"Milho"}},{"type":"Feature","geometry":{"type":"Point","coordinates":[-52.21560519695357,-10.293229209801124]},"properties":{"Fazenda":"FE","Campo":"FE 19","produtividade":171.96308136,"unidade_produtividade":"sc/ha","pontos_originais":25,"ano":"2026","cultura":"Milho"}},{"type":"Feature","geometry":{"type":"Point","coordinates":[-52.215376929443806,-10.293230066854758]},"properties":{"Fazenda":"FE","Campo":"FE 19","produtividade":170.8541408,"unidade_produtividade":"sc/ha","pontos_originais":25,"ano":"2026","cultura":"Milho"}},{"type":"Feature","geometry":{"type":"Point","coordinates":[-52.21377905631487,-10.293236061726107]},"properties":{"Fazenda":"FE","Campo":"FE 19","produtividade":160.56317871999997,"unidade_produtividade":"sc/ha","pontos_originais":25,"ano":"2026","cultura":"Milho"}},{"type":"Feature","geometry":{"type":"Point","coordinates":[-52.21355078864496,-10.29323691749286]},"properties":{"Fazenda":"FE","Campo":"FE 19","produtividade":153.05704008,"unidade_produtividade":"sc/ha","pontos_originais":25,"ano":"2026","cultura":"Milho"}},{"type":"Feature","geometry":{"type":"Point","coordinates":[-52.21332252095505,-10.293237773098756]},"properties":{"Fazenda":"FE","Campo":"FE 19","produtividade":145.87482336000002,"unidade_produtividade":"sc/ha","pontos_originais":25,"ano":"2026","cultura":"Milho"}},{"type":"Feature","geometry":{"type":"Point","coordinates":[-52.213129134295855,-10.29323051915989]},"properties":{"Fazenda":"FE","Campo":"FE 19","produtividade":140.35844364705883,"unidade_produtividade":"sc/ha","pontos_originais":17,"ano":"2026","cultura":"Milho"}},{"type":"Feature","geometry":{"type":"Point","coordinates":[-52.21423559159465,-10.293234349710021]},"properties":{"Fazenda":"FE","Campo":"FE 19","produtividade":165.11254816000002,"unidade_produtividade":"sc/ha","pontos_originais":25,"ano":"2026","cultura":"Milho"}},{"type":"Feature","geometry":{"type":"Point","coordinates":[-52.21400732396476,-10.293235205798492]},"properties":{"Fazenda":"FE","Campo":"FE 19","produtividade":161.85667847999997,"unidade_produtividade":"sc/ha","pontos_originais":25,"ano":"2026","cultura":"Milho"}},{"type":"Feature","geometry":{"type":"Point","coordinates":[-52.218116138237704,-10.293219771594499]},"properties":{"Fazenda":"FE","Campo":"FE 19","produtividade":154.18321631999999,"unidade_produtividade":"sc/ha","pontos_originais":25,"ano":"2026","cultura":"Milho"}},{"type":"Feature","geometry":{"type":"Point","coordinates":[-52.217887870948545,-10.293220630417578]},"properties":{"Fazenda":"FE","Campo":"FE 19","produtividade":156.84260312,"unidade_produtividade":"sc/ha","pontos_originais":25,"ano":"2026","cultura":"Milho"}},{"type":"Feature","geometry":{"type":"Point","coordinates":[-52.21765960363931,-10.293221489079796]},"properties":{"Fazenda":"FE","Campo":"FE 19","produtividade":159.97423568000002,"unidade_produtividade":"sc/ha","pontos_originais":25,"ano":"2026","cultura":"Milho"}},{"type":"Feature","geometry":{"type":"Point","coordinates":[-52.21743133631,-10.293222347581157]},"properties":{"Fazenda":"FE","Campo":"FE 19","produtividade":156.37566616,"unidade_produtividade":"sc/ha","pontos_originais":25,"ano":"2026","cultura":"Milho"}},{"type":"Feature","geometry":{"type":"Point","coordinates":[-52.218800939984696,-10.293217194160116]},"properties":{"Fazenda":"FE","Campo":"FE 19","produtividade":155.61832048,"unidade_produtividade":"sc/ha","pontos_originais":25,"ano":"2026","cultura":"Milho"}},{"type":"Feature","geometry":{"type":"Point","coordinates":[-52.21857267275576,-10.293218053465766]},"properties":{"Fazenda":"FE","Campo":"FE 19","produtividade":153.83044600000002,"unidade_produtividade":"sc/ha","pontos_originais":25,"ano":"2026","cultura":"Milho"}},{"type":"Feature","geometry":{"type":"Point","coordinates":[-52.21834440550678,-10.293218912610563]},"properties":{"Fazenda":"FE","Campo":"FE 19","produtividade":154.3234308,"unidade_produtividade":"sc/ha","pontos_originais":25,"ano":"2026","cultura":"Milho"}},{"type":"Feature","geometry":{"type":"Point","coordinates":[-52.21651826679221,-10.293225779978016]},"properties":{"Fazenda":"FE","Campo":"FE 19","produtividade":115.46126256,"unidade_produtividade":"sc/ha","pontos_originais":25,"ano":"2026","cultura":"Milho"}},{"type":"Feature","geometry":{"type":"Point","coordinates":[-52.21674653420174,-10.293224922120087]},"properties":{"Fazenda":"FE","Campo":"FE 19","produtividade":114.00882696000002,"unidade_produtividade":"sc/ha","pontos_originais":25,"ano":"2026","cultura":"Milho"}},{"type":"Feature","geometry":{"type":"Point","coordinates":[-52.21628999936262,-10.29322663767508]},"properties":{"Fazenda":"FE","Campo":"FE 19","produtividade":136.8374196,"unidade_produtividade":"sc/ha","pontos_originais":25,"ano":"2026","cultura":"Milho"}},{"type":"Feature","geometry":{"type":"Point","coordinates":[-52.21720306896064,-10.293223205921658]},"properties":{"Fazenda":"FE","Campo":"FE 19","produtividade":141.51877599999997,"unidade_produtividade":"sc/ha","pontos_originais":25,"ano":"2026","cultura":"Milho"}},{"type":"Feature","geometry":{"type":"Point","coordinates":[-52.216974801591235,-10.293224064101304]},"properties":{"Fazenda":"FE","Campo":"FE 19","produtividade":120.222046,"unidade_produtividade":"sc/ha","pontos_originais":25,"ano":"2026","cultura":"Milho"}},{"type":"Feature","geometry":{"type":"Point","coordinates":[-52.223595418348175,-10.293425170026376]},"properties":{"Fazenda":"FE","Campo":"FE 19","produtividade":171.56039599999997,"unidade_produtividade":"sc/ha","pontos_originais":25,"ano":"2026","cultura":"Milho"}},{"type":"Feature","geometry":{"type":"Point","coordinates":[-52.22336715137949,-10.29342603272938]},"properties":{"Fazenda":"FE","Campo":"FE 19","produtividade":171.09028384,"unidade_produtividade":"sc/ha","pontos_originais":25,"ano":"2026","cultura":"Milho"}},{"type":"Feature","geometry":{"type":"Point","coordinates":[-52.22313888439062,-10.293426895271528]},"properties":{"Fazenda":"FE","Campo":"FE 19","produtividade":169.45259295999998,"unidade_produtividade":"sc/ha","pontos_originais":25,"ano":"2026","cultura":"Milho"}},{"type":"Feature","geometry":{"type":"Point","coordinates":[-52.222910617381594,-10.293427757652813]},"properties":{"Fazenda":"FE","Campo":"FE 19","produtividade":166.99270392,"unidade_produtividade":"sc/ha","pontos_originais":25,"ano":"2026","cultura":"Milho"}},{"type":"Feature","geometry":{"type":"Point","coordinates":[-52.22428021913325,-10.293422580952193]},"properties":{"Fazenda":"FE","Campo":"FE 19","produtividade":169.15530464,"unidade_produtividade":"sc/ha","pontos_originais":25,"ano":"2026","cultura":"Milho"}},{"type":"Feature","geometry":{"type":"Point","coordinates":[-52.22450848602128,-10.293421717605748]},"properties":{"Fazenda":"FE","Campo":"FE 19","produtividade":169.98863727999998,"unidade_produtividade":"sc/ha","pontos_originais":25,"ano":"2026","cultura":"Milho"}},{"type":"Feature","geometry":{"type":"Point","coordinates":[-52.224051952225075,-10.293423444137781]},"properties":{"Fazenda":"FE","Campo":"FE 19","produtividade":170.2735916,"unidade_produtividade":"sc/ha","pontos_originais":25,"ano":"2026","cultura":"Milho"}},{"type":"Feature","geometry":{"type":"Point","coordinates":[-52.22382368529672,-10.293424307162509]},"properties":{"Fazenda":"FE","Campo":"FE 19","produtividade":172.7620188,"unidade_produtividade":"sc/ha","pontos_originais":25,"ano":"2026","cultura":"Milho"}},{"type":"Feature","geometry":{"type":"Point","coordinates":[-52.222225816233596,-10.293430343831506]},"properties":{"Fazenda":"FE","Campo":"FE 19","produtividade":165.86466511999998,"unidade_produtividade":"sc/ha","pontos_originais":25,"ano":"2026","cultura":"Milho"}},{"type":"Feature","geometry":{"type":"Point","coordinates":[-52.22199754914399,-10.293431205569348]},"properties":{"Fazenda":"FE","Campo":"FE 19","produtividade":164.24382744,"unidade_produtividade":"sc/ha","pontos_originais":25,"ano":"2026","cultura":"Milho"}},{"type":"Feature","geometry":{"type":"Point","coordinates":[-52.22176928203421,-10.293432067146325]},"properties":{"Fazenda":"FE","Campo":"FE 19","produtividade":162.31333719999998,"unidade_produtividade":"sc/ha","pontos_originais":25,"ano":"2026","cultura":"Milho"}},{"type":"Feature","geometry":{"type":"Point","coordinates":[-52.22154101490432,-10.29343292856245]},"properties":{"Fazenda":"FE","Campo":"FE 19","produtividade":161.01924327999998,"unidade_produtividade":"sc/ha","pontos_originais":25,"ano":"2026","cultura":"Milho"}},{"type":"Feature","geometry":{"type":"Point","coordinates":[-52.22268235035242,-10.29342861987324]},"properties":{"Fazenda":"FE","Campo":"FE 19","produtividade":166.52122704,"unidade_produtividade":"sc/ha","pontos_originais":25,"ano":"2026","cultura":"Milho"}},{"type":"Feature","geometry":{"type":"Point","coordinates":[-52.2224540833031,-10.293429481932803]},"properties":{"Fazenda":"FE","Campo":"FE 19","produtividade":166.12242584,"unidade_produtividade":"sc/ha","pontos_originais":25,"ano":"2026","cultura":"Milho"}},{"type":"Feature","geometry":{"type":"Point","coordinates":[-52.2265628871047,-10.293413940249017]},"properties":{"Fazenda":"FE","Campo":"FE 19","produtividade":151.05745816,"unidade_produtividade":"sc/ha","pontos_originais":25,"ano":"2026","cultura":"Milho"}},{"type":"Feature","geometry":{"type":"Point","coordinates":[-52.226334620398454,-10.293414805043204]},"properties":{"Fazenda":"FE","Campo":"FE 19","produtividade":155.13676472,"unidade_produtividade":"sc/ha","pontos_originais":25,"ano":"2026","cultura":"Milho"}},{"type":"Feature","geometry":{"type":"Point","coordinates":[-52.22610635367202,-10.293415669676532]},"properties":{"Fazenda":"FE","Campo":"FE 19","produtividade":157.80816632,"unidade_produtividade":"sc/ha","pontos_originais":25,"ano":"2026","cultura":"Milho"}},{"type":"Feature","geometry":{"type":"Point","coordinates":[-52.225878086925356,-10.293416534148998]},"properties":{"Fazenda":"FE","Campo":"FE 19","produtividade":160.3829164,"unidade_produtividade":"sc/ha","pontos_originais":25,"ano":"2026","cultura":"Milho"}},{"type":"Feature","geometry":{"type":"Point","coordinates":[-52.22724768710208,-10.2934113449013]},"properties":{"Fazenda":"FE","Campo":"FE 19","produtividade":118.88354912000001,"unidade_produtividade":"sc/ha","pontos_originais":25,"ano":"2026","cultura":"Milho"}},{"type":"Feature","geometry":{"type":"Point","coordinates":[-52.2270194204565,-10.293412210178065]},"properties":{"Fazenda":"FE","Campo":"FE 19","produtividade":130.64247952000002,"unidade_produtividade":"sc/ha","pontos_originais":25,"ano":"2026","cultura":"Milho"}},{"type":"Feature","geometry":{"type":"Point","coordinates":[-52.22679115379071,-10.293413075293973]},"properties":{"Fazenda":"FE","Campo":"FE 19","produtividade":144.79731392,"unidade_produtividade":"sc/ha","pontos_originais":25,"ano":"2026","cultura":"Milho"}},{"type":"Feature","geometry":{"type":"Point","coordinates":[-52.22496501973676,-10.293419990430273]},"properties":{"Fazenda":"FE","Campo":"FE 19","produtividade":167.16162455999998,"unidade_produtividade":"sc/ha","pontos_originais":25,"ano":"2026","cultura":"Milho"}},{"type":"Feature","geometry":{"type":"Point","coordinates":[-52.22519328656419,-10.293419126601243]},"properties":{"Fazenda":"FE","Campo":"FE 19","produtividade":165.49797655999998,"unidade_produtividade":"sc/ha","pontos_originais":25,"ano":"2026","cultura":"Milho"}},{"type":"Feature","geometry":{"type":"Point","coordinates":[-52.224736752889115,-10.29342085409844]},"properties":{"Fazenda":"FE","Campo":"FE 19","produtividade":168.90266344,"unidade_produtividade":"sc/ha","pontos_originais":25,"ano":"2026","cultura":"Milho"}},{"type":"Feature","geometry":{"type":"Point","coordinates":[-52.22564982015851,-10.293417398460607]},"properties":{"Fazenda":"FE","Campo":"FE 19","produtividade":162.15906056000003,"unidade_produtividade":"sc/ha","pontos_originais":25,"ano":"2026","cultura":"Milho"}},{"type":"Feature","geometry":{"type":"Point","coordinates":[-52.225421553371454,-10.293418262611354]},"properties":{"Fazenda":"FE","Campo":"FE 19","produtividade":164.41577432000003,"unidade_produtividade":"sc/ha","pontos_originais":25,"ano":"2026","cultura":"Milho"}},{"type":"Feature","geometry":{"type":"Point","coordinates":[-52.21766047061861,-10.293447548024702]},"properties":{"Fazenda":"FE","Campo":"FE 19","produtividade":158.655028,"unidade_produtividade":"sc/ha","pontos_originais":25,"ano":"2026","cultura":"Milho"}},{"type":"Feature","geometry":{"type":"Point","coordinates":[-52.2178887380903,-10.293446689343227]},"properties":{"Fazenda":"FE","Campo":"FE 19","produtividade":159.0093792,"unidade_produtividade":"sc/ha","pontos_originais":25,"ano":"2026","cultura":"Milho"}},{"type":"Feature","geometry":{"type":"Point","coordinates":[-52.21743220312689,-10.293448406545313]},"properties":{"Fazenda":"FE","Campo":"FE 19","produtividade":144.54283704,"unidade_produtividade":"sc/ha","pontos_originais":25,"ano":"2026","cultura":"Milho"}},{"type":"Feature","geometry":{"type":"Point","coordinates":[-52.21720393561511,-10.293449264905057]},"properties":{"Fazenda":"FE","Campo":"FE 19","produtividade":119.59790863999999,"unidade_produtividade":"sc/ha","pontos_originais":25,"ano":"2026","cultura":"Milho"}},{"type":"Feature","geometry":{"type":"Point","coordinates":[-52.2185735403848,-10.293444112333635]},"properties":{"Fazenda":"FE","Campo":"FE 19","produtividade":158.36943024,"unidade_produtividade":"sc/ha","pontos_originais":25,"ano":"2026","cultura":"Milho"}},{"type":"Feature","geometry":{"type":"Point","coordinates":[-52.218345272973394,-10.293444971497692]},"properties":{"Fazenda":"FE","Campo":"FE 19","produtividade":157.78089151999995,"unidade_produtividade":"sc/ha","pontos_originais":25,"ano":"2026","cultura":"Milho"}},{"type":"Feature","geometry":{"type":"Point","coordinates":[-52.21811700554187,-10.29344583050089]},"properties":{"Fazenda":"FE","Campo":"FE 19","produtividade":157.66592184,"unidade_produtividade":"sc/ha","pontos_originais":25,"ano":"2026","cultura":"Milho"}},{"type":"Feature","geometry":{"type":"Point","coordinates":[-52.21629086536735,-10.29345269673543]},"properties":{"Fazenda":"FE","Campo":"FE 19","produtividade":105.99058008,"unidade_produtividade":"sc/ha","pontos_originais":25,"ano":"2026","cultura":"Milho"}},{"type":"Feature","geometry":{"type":"Point","coordinates":[-52.21606259775527,-10.293453554290865]},"properties":{"Fazenda":"FE","Campo":"FE 19","produtividade":137.79248896000001,"unidade_produtividade":"sc/ha","pontos_originais":25,"ano":"2026","cultura":"Milho"}},{"type":"Feature","geometry":{"type":"Point","coordinates":[-52.21583433012318,-10.29345441168544]},"properties":{"Fazenda":"FE","Campo":"FE 19","produtividade":157.97891479999996,"unidade_produtividade":"sc/ha","pontos_originais":25,"ano":"2026","cultura":"Milho"}},{"type":"Feature","geometry":{"type":"Point","coordinates":[-52.215606062471025,-10.293455268919152]},"properties":{"Fazenda":"FE","Campo":"FE 19","produtividade":164.54064367999996,"unidade_produtividade":"sc/ha","pontos_originais":25,"ano":"2026","cultura":"Milho"}},{"type":"Feature","geometry":{"type":"Point","coordinates":[-52.21697566808325,-10.293450123103947]},"properties":{"Fazenda":"FE","Campo":"FE 19","produtividade":94.29816760000001,"unidade_produtividade":"sc/ha","pontos_originais":25,"ano":"2026","cultura":"Milho"}},{"type":"Feature","geometry":{"type":"Point","coordinates":[-52.21674740053134,-10.293450981141971]},"properties":{"Fazenda":"FE","Campo":"FE 19","produtividade":85.99155151999999,"unidade_produtividade":"sc/ha","pontos_originais":25,"ano":"2026","cultura":"Milho"}},{"type":"Feature","geometry":{"type":"Point","coordinates":[-52.21651913295938,-10.29345183901913]},"properties":{"Fazenda":"FE","Campo":"FE 19","produtividade":84.016772,"unidade_produtividade":"sc/ha","pontos_originais":25,"ano":"2026","cultura":"Milho"}},{"type":"Feature","geometry":{"type":"Point","coordinates":[-52.220627946183406,-10.293436372618318]},"properties":{"Fazenda":"FE","Campo":"FE 19","produtividade":156.65364568000004,"unidade_produtividade":"sc/ha","pontos_originais":25,"ano":"2026","cultura":"Milho"}},{"type":"Feature","geometry":{"type":"Point","coordinates":[-52.22085621339384,-10.293435511845644]},"properties":{"Fazenda":"FE","Campo":"FE 19","produtividade":158.08556120000003,"unidade_produtividade":"sc/ha","pontos_originais":25,"ano":"2026","cultura":"Milho"}},{"type":"Feature","geometry":{"type":"Point","coordinates":[-52.22039967895288,-10.293437233230133]},"properties":{"Fazenda":"FE","Campo":"FE 19","produtividade":157.21836760000002,"unidade_produtividade":"sc/ha","pontos_originais":25,"ano":"2026","cultura":"Milho"}},{"type":"Feature","geometry":{"type":"Point","coordinates":[-52.220171411702225,-10.293438093681088]},"properties":{"Fazenda":"FE","Campo":"FE 19","produtividade":159.56446968000003,"unidade_produtividade":"sc/ha","pontos_originais":25,"ano":"2026","cultura":"Milho"}},{"type":"Feature","geometry":{"type":"Point","coordinates":[-52.221312747754276,-10.293433789817708]},"properties":{"Fazenda":"FE","Campo":"FE 19","produtividade":160.74173191999998,"unidade_produtividade":"sc/ha","pontos_originais":25,"ano":"2026","cultura":"Milho"}},{"type":"Feature","geometry":{"type":"Point","coordinates":[-52.22108448058411,-10.293434650912106]},"properties":{"Fazenda":"FE","Campo":"FE 19","produtividade":161.07790384,"unidade_produtividade":"sc/ha","pontos_originais":25,"ano":"2026","cultura":"Milho"}},{"type":"Feature","geometry":{"type":"Point","coordinates":[-52.21925834249857,-10.293441533876283]},"properties":{"Fazenda":"FE","Campo":"FE 19","produtividade":159.32789992,"unidade_produtividade":"sc/ha","pontos_originais":25,"ano":"2026","cultura":"Milho"}},{"type":"Feature","geometry":{"type":"Point","coordinates":[-52.2190300751474,-10.293442393522925]},"properties":{"Fazenda":"FE","Campo":"FE 19","produtividade":158.93638096,"unidade_produtividade":"sc/ha","pontos_originais":25,"ano":"2026","cultura":"Milho"}},{"type":"Feature","geometry":{"type":"Point","coordinates":[-52.21880180777615,-10.29344325300871]},"properties":{"Fazenda":"FE","Campo":"FE 19","produtividade":158.84925672,"unidade_produtividade":"sc/ha","pontos_originais":25,"ano":"2026","cultura":"Milho"}},{"type":"Feature","geometry":{"type":"Point","coordinates":[-52.219943144431475,-10.29343895397118]},"properties":{"Fazenda":"FE","Campo":"FE 19","produtividade":160.40417680000002,"unidade_produtividade":"sc/ha","pontos_originais":25,"ano":"2026","cultura":"Milho"}},{"type":"Feature","geometry":{"type":"Point","coordinates":[-52.21971487714061,-10.29343981410041]},"properties":{"Fazenda":"FE","Campo":"FE 19","produtividade":159.33813111999999,"unidade_produtividade":"sc/ha","pontos_originais":25,"ano":"2026","cultura":"Milho"}},{"type":"Feature","geometry":{"type":"Point","coordinates":[-52.21948660982964,-10.29344067406878]},"properties":{"Fazenda":"FE","Campo":"FE 19","produtividade":158.99661399999997,"unidade_produtividade":"sc/ha","pontos_originais":25,"ano":"2026","cultura":"Milho"}},{"type":"Feature","geometry":{"type":"Point","coordinates":[-52.21492125939438,-10.29345783965511]},"properties":{"Fazenda":"FE","Campo":"FE 19","produtividade":167.81144632,"unidade_produtividade":"sc/ha","pontos_originais":25,"ano":"2026","cultura":"Milho"}},{"type":"Feature","geometry":{"type":"Point","coordinates":[-52.21469299166211,-10.293458696245366]},"properties":{"Fazenda":"FE","Campo":"FE 19","produtividade":167.30556416000002,"unidade_produtividade":"sc/ha","pontos_originais":25,"ano":"2026","cultura":"Milho"}},{"type":"Feature","geometry":{"type":"Point","coordinates":[-52.21446472390981,-10.293459552674763]},"properties":{"Fazenda":"FE","Campo":"FE 19","produtividade":167.82114607999995,"unidade_produtividade":"sc/ha","pontos_originais":25,"ano":"2026","cultura":"Milho"}},{"type":"Feature","geometry":{"type":"Point","coordinates":[-52.214236456137535,-10.293460408943297]},"properties":{"Fazenda":"FE","Campo":"FE 19","produtividade":165.00211391999997,"unidade_produtividade":"sc/ha","pontos_originais":25,"ano":"2026","cultura":"Milho"}},{"type":"Feature","geometry":{"type":"Point","coordinates":[-52.21537779479884,-10.293456125992]},"properties":{"Fazenda":"FE","Campo":"FE 19","produtividade":169.67778015999997,"unidade_produtividade":"sc/ha","pontos_originais":25,"ano":"2026","cultura":"Milho"}},{"type":"Feature","geometry":{"type":"Point","coordinates":[-52.21514952710663,-10.293456982903985]},"properties":{"Fazenda":"FE","Campo":"FE 19","produtividade":168.47737368000003,"unidade_produtividade":"sc/ha","pontos_originais":25,"ano":"2026","cultura":"Milho"}},{"type":"Feature","geometry":{"type":"Point","coordinates":[-52.21332338484821,-10.293463832408795]},"properties":{"Fazenda":"FE","Campo":"FE 19","produtividade":142.65669152,"unidade_produtividade":"sc/ha","pontos_originais":25,"ano":"2026","cultura":"Milho"}},{"type":"Feature","geometry":{"type":"Point","coordinates":[-52.21355165270054,-10.293462976783715]},"properties":{"Fazenda":"FE","Campo":"FE 19","produtividade":149.81330728,"unidade_produtividade":"sc/ha","pontos_originais":25,"ano":"2026","cultura":"Milho"}},{"type":"Feature","geometry":{"type":"Point","coordinates":[-52.21316096505723,-10.293439323057537]},"properties":{"Fazenda":"FE","Campo":"FE 19","produtividade":136.74724933333334,"unidade_produtividade":"sc/ha","pontos_originais":9,"ano":"2026","cultura":"Milho"}},{"type":"Feature","geometry":{"type":"Point","coordinates":[-52.214008188345204,-10.293461265050965]},"properties":{"Fazenda":"FE","Campo":"FE 19","produtividade":159.20217936,"unidade_produtividade":"sc/ha","pontos_originais":25,"ano":"2026","cultura":"Milho"}},{"type":"Feature","geometry":{"type":"Point","coordinates":[-52.21377992053288,-10.293462120997773]},"properties":{"Fazenda":"FE","Campo":"FE 19","produtividade":155.65897368,"unidade_produtividade":"sc/ha","pontos_originais":25,"ano":"2026","cultura":"Milho"}},{"type":"Feature","geometry":{"type":"Point","coordinates":[-52.22738482186216,-10.293456037288458]},"properties":{"Fazenda":"FE","Campo":"FE 19","produtividade":105.12426866666665,"unidade_produtividade":"sc/ha","pontos_originais":3,"ano":"2026","cultura":"Milho"}},{"type":"Feature","geometry":{"type":"Point","coordinates":[-52.2249641475597,-10.293193932103282]},"properties":{"Fazenda":"FE","Campo":"FE 19","produtividade":160.33393488,"unidade_produtividade":"sc/ha","pontos_originais":25,"ano":"2026","cultura":"Milho"}},{"type":"Feature","geometry":{"type":"Point","coordinates":[-52.22564894749419,-10.293191340191736]},"properties":{"Fazenda":"FE","Campo":"FE 19","produtividade":157.30701168,"unidade_produtividade":"sc/ha","pontos_originais":25,"ano":"2026","cultura":"Milho"}},{"type":"Feature","geometry":{"type":"Point","coordinates":[-52.225420680869554,-10.293192204323109]},"properties":{"Fazenda":"FE","Campo":"FE 19","produtividade":158.05725768,"unidade_produtividade":"sc/ha","pontos_originais":25,"ano":"2026","cultura":"Milho"}},{"type":"Feature","geometry":{"type":"Point","coordinates":[-52.22519241422473,-10.293193068293622]},"properties":{"Fazenda":"FE","Campo":"FE 19","produtividade":159.06163224,"unidade_produtividade":"sc/ha","pontos_originais":25,"ano":"2026","cultura":"Milho"}},{"type":"Feature","geometry":{"type":"Point","coordinates":[-52.22722630427196,-10.293194406974848]},"properties":{"Fazenda":"FE","Campo":"FE 19","produtividade":117.17386520000002,"unidade_produtividade":"sc/ha","pontos_originais":20,"ano":"2026","cultura":"Milho"}},{"type":"Feature","geometry":{"type":"Point","coordinates":[-52.22633374724688,-10.293188746832485]},"properties":{"Fazenda":"FE","Campo":"FE 19","produtividade":153.97554256000004,"unidade_produtividade":"sc/ha","pontos_originais":25,"ano":"2026","cultura":"Milho"}},{"type":"Feature","geometry":{"type":"Point","coordinates":[-52.22656201379067,-10.293187882057687]},"properties":{"Fazenda":"FE","Campo":"FE 19","produtividade":148.61508088000002,"unidade_produtividade":"sc/ha","pontos_originais":25,"ano":"2026","cultura":"Milho"}},{"type":"Feature","geometry":{"type":"Point","coordinates":[-52.226105480682854,-10.29318961144642]},"properties":{"Fazenda":"FE","Campo":"FE 19","produtividade":154.26077856,"unidade_produtividade":"sc/ha","pontos_originais":25,"ano":"2026","cultura":"Milho"}},{"type":"Feature","geometry":{"type":"Point","coordinates":[-52.22587721409863,-10.29319047589951]},"properties":{"Fazenda":"FE","Campo":"FE 19","produtividade":155.44509344,"unidade_produtividade":"sc/ha","pontos_originais":25,"ano":"2026","cultura":"Milho"}},{"type":"Feature","geometry":{"type":"Point","coordinates":[-52.22701854681763,-10.29318615202553]},"properties":{"Fazenda":"FE","Campo":"FE 19","produtividade":122.32913224000002,"unidade_produtividade":"sc/ha","pontos_originais":25,"ano":"2026","cultura":"Milho"}},{"type":"Feature","geometry":{"type":"Point","coordinates":[-52.22679028031427,-10.293187017122037]},"properties":{"Fazenda":"FE","Campo":"FE 19","produtividade":139.12508399999996,"unidade_produtividade":"sc/ha","pontos_originais":25,"ano":"2026","cultura":"Milho"}},{"type":"Feature","geometry":{"type":"Point","coordinates":[-52.21469126194668,-10.293006577852394]},"properties":{"Fazenda":"FE","Campo":"FE 19","produtividade":168.72186239999996,"unidade_produtividade":"sc/ha","pontos_originais":25,"ano":"2026","cultura":"Milho"}},{"type":"Feature","geometry":{"type":"Point","coordinates":[-52.214919529354084,-10.293005721300549]},"properties":{"Fazenda":"FE","Campo":"FE 19","produtividade":168.40658016,"unidade_produtividade":"sc/ha","pontos_originais":25,"ano":"2026","cultura":"Milho"}},{"type":"Feature","geometry":{"type":"Point","coordinates":[-52.214462994519245,-10.293007434243384]},"properties":{"Fazenda":"FE","Campo":"FE 19","produtividade":167.95988328000004,"unidade_produtividade":"sc/ha","pontos_originais":25,"ano":"2026","cultura":"Milho"}},{"type":"Feature","geometry":{"type":"Point","coordinates":[-52.21423472707179,-10.29300829047352]},"properties":{"Fazenda":"FE","Campo":"FE 19","produtividade":165.84130416,"unidade_produtividade":"sc/ha","pontos_originais":25,"ano":"2026","cultura":"Milho"}},{"type":"Feature","geometry":{"type":"Point","coordinates":[-52.21560433145616,-10.293003150679878]},"properties":{"Fazenda":"FE","Campo":"FE 19","produtividade":171.96425344000002,"unidade_produtividade":"sc/ha","pontos_originais":25,"ano":"2026","cultura":"Milho"}},{"type":"Feature","geometry":{"type":"Point","coordinates":[-52.21537606410884,-10.29300400771429]},"properties":{"Fazenda":"FE","Campo":"FE 19","produtividade":171.10598679999998,"unidade_produtividade":"sc/ha","pontos_originais":25,"ano":"2026","cultura":"Milho"}},{"type":"Feature","geometry":{"type":"Point","coordinates":[-52.215147796741455,-10.29300486458785]},"properties":{"Fazenda":"FE","Campo":"FE 19","produtividade":169.51609079999997,"unidade_produtividade":"sc/ha","pontos_originais":25,"ano":"2026","cultura":"Milho"}},{"type":"Feature","geometry":{"type":"Point","coordinates":[-52.213321657081906,-10.293011713785493]},"properties":{"Fazenda":"FE","Campo":"FE 19","produtividade":143.72271984,"unidade_produtividade":"sc/ha","pontos_originais":25,"ano":"2026","cultura":"Milho"}},{"type":"Feature","geometry":{"type":"Point","coordinates":[-52.21313904304607,-10.29301239814333]},"properties":{"Fazenda":"FE","Campo":"FE 19","produtividade":141.8298392,"unidade_produtividade":"sc/ha","pontos_originais":15,"ano":"2026","cultura":"Milho"}},{"type":"Feature","geometry":{"type":"Point","coordinates":[-52.2271889166306,-10.292970747868027]},"properties":{"Fazenda":"FE","Campo":"FE 19","produtividade":111.57545350000002,"unidade_produtividade":"sc/ha","pontos_originais":12,"ano":"2026","cultura":"Milho"}},{"type":"Feature","geometry":{"type":"Point","coordinates":[-52.227017673199,-10.29296009386977]},"properties":{"Fazenda":"FE","Campo":"FE 19","produtividade":115.70775831999998,"unidade_produtividade":"sc/ha","pontos_originais":25,"ano":"2026","cultura":"Milho"}},{"type":"Feature","geometry":{"type":"Point","coordinates":[-52.21400645960434,-10.293009146542797]},"properties":{"Fazenda":"FE","Campo":"FE 19","produtividade":163.81384431999996,"unidade_produtividade":"sc/ha","pontos_originais":25,"ano":"2026","cultura":"Milho"}},{"type":"Feature","geometry":{"type":"Point","coordinates":[-52.21377819211685,-10.293010002451217]},"properties":{"Fazenda":"FE","Campo":"FE 19","produtividade":159.83351048000003,"unidade_produtividade":"sc/ha","pontos_originais":25,"ano":"2026","cultura":"Milho"}},{"type":"Feature","geometry":{"type":"Point","coordinates":[-52.21354992460938,-10.293010858198782]},"properties":{"Fazenda":"FE","Campo":"FE 19","produtividade":152.02852112,"unidade_produtividade":"sc/ha","pontos_originais":25,"ano":"2026","cultura":"Milho"}},{"type":"Feature","geometry":{"type":"Point","coordinates":[-52.21765873668005,-10.292995430131668]},"properties":{"Fazenda":"FE","Campo":"FE 19","produtividade":157.94654903999998,"unidade_produtividade":"sc/ha","pontos_originais":25,"ano":"2026","cultura":"Milho"}},{"type":"Feature","geometry":{"type":"Point","coordinates":[-52.21788700382685,-10.292994571488707]},"properties":{"Fazenda":"FE","Campo":"FE 19","produtividade":157.41350912000001,"unidade_produtividade":"sc/ha","pontos_originais":25,"ano":"2026","cultura":"Milho"}},{"type":"Feature","geometry":{"type":"Point","coordinates":[-52.217430469513175,-10.292996288613784]},"properties":{"Fazenda":"FE","Campo":"FE 19","produtividade":157.4652016,"unidade_produtividade":"sc/ha","pontos_originais":25,"ano":"2026","cultura":"Milho"}},{"type":"Feature","geometry":{"type":"Point","coordinates":[-52.21720220232624,-10.292997146935038]},"properties":{"Fazenda":"FE","Campo":"FE 19","produtividade":150.30412488000005,"unidade_produtividade":"sc/ha","pontos_originais":25,"ano":"2026","cultura":"Milho"}},{"type":"Feature","geometry":{"type":"Point","coordinates":[-52.218343538060246,-10.292992853720211]},"properties":{"Fazenda":"FE","Campo":"FE 19","produtividade":157.96244632,"unidade_produtividade":"sc/ha","pontos_originais":25,"ano":"2026","cultura":"Milho"}},{"type":"Feature","geometry":{"type":"Point","coordinates":[-52.21857180514682,-10.29299199459468]},"properties":{"Fazenda":"FE","Campo":"FE 19","produtividade":158.87924864,"unidade_produtividade":"sc/ha","pontos_originais":25,"ano":"2026","cultura":"Milho"}},{"type":"Feature","geometry":{"type":"Point","coordinates":[-52.21811527095358,-10.292993712684886]},"properties":{"Fazenda":"FE","Campo":"FE 19","produtividade":156.92288864,"unidade_produtividade":"sc/ha","pontos_originais":25,"ano":"2026","cultura":"Milho"}},{"type":"Feature","geometry":{"type":"Point","coordinates":[-52.2162891333779,-10.293000578611508]},"properties":{"Fazenda":"FE","Campo":"FE 19","produtividade":156.82216591999997,"unidade_produtividade":"sc/ha","pontos_originais":25,"ano":"2026","cultura":"Milho"}},{"type":"Feature","geometry":{"type":"Point","coordinates":[-52.2160608660907,-10.293001436128487]},"properties":{"Fazenda":"FE","Campo":"FE 19","produtividade":166.20954896,"unidade_produtividade":"sc/ha","pontos_originais":25,"ano":"2026","cultura":"Milho"}},{"type":"Feature","geometry":{"type":"Point","coordinates":[-52.215832598783436,-10.29300229348461]},"properties":{"Fazenda":"FE","Campo":"FE 19","produtividade":171.94238208000002,"unidade_produtividade":"sc/ha","pontos_originais":25,"ano":"2026","cultura":"Milho"}},{"type":"Feature","geometry":{"type":"Point","coordinates":[-52.216973935119256,-10.29299800509544]},"properties":{"Fazenda":"FE","Campo":"FE 19","produtividade":141.96918232,"unidade_produtividade":"sc/ha","pontos_originais":25,"ano":"2026","cultura":"Milho"}},{"type":"Feature","geometry":{"type":"Point","coordinates":[-52.21674566789219,-10.292998863094981]},"properties":{"Fazenda":"FE","Campo":"FE 19","produtividade":138.19384992,"unidade_produtividade":"sc/ha","pontos_originais":25,"ano":"2026","cultura":"Milho"}},{"type":"Feature","geometry":{"type":"Point","coordinates":[-52.21651740064506,-10.292999720933672]},"properties":{"Fazenda":"FE","Campo":"FE 19","produtividade":145.73798008000003,"unidade_produtividade":"sc/ha","pontos_originais":25,"ano":"2026","cultura":"Milho"}},{"type":"Feature","geometry":{"type":"Point","coordinates":[-52.22313714265555,-10.292974778304677]},"properties":{"Fazenda":"FE","Campo":"FE 19","produtividade":164.02162728,"unidade_produtividade":"sc/ha","pontos_originais":25,"ano":"2026","cultura":"Milho"}},{"type":"Feature","geometry":{"type":"Point","coordinates":[-52.22290887597139,-10.292975640647287]},"properties":{"Fazenda":"FE","Campo":"FE 19","produtividade":163.57043192,"unidade_produtividade":"sc/ha","pontos_originais":25,"ano":"2026","cultura":"Milho"}},{"type":"Feature","geometry":{"type":"Point","coordinates":[-52.22268060926705,-10.292976502829044]},"properties":{"Fazenda":"FE","Campo":"FE 19","produtividade":164.44292368000004,"unidade_produtividade":"sc/ha","pontos_originais":25,"ano":"2026","cultura":"Milho"}},{"type":"Feature","geometry":{"type":"Point","coordinates":[-52.22245234254257,-10.292977364849953]},"properties":{"Fazenda":"FE","Campo":"FE 19","produtividade":165.90511783999997,"unidade_produtividade":"sc/ha","pontos_originais":25,"ano":"2026","cultura":"Milho"}},{"type":"Feature","geometry":{"type":"Point","coordinates":[-52.22382194258711,-10.29297219031172]},"properties":{"Fazenda":"FE","Campo":"FE 19","produtividade":166.33032584,"unidade_produtividade":"sc/ha","pontos_originais":25,"ano":"2026","cultura":"Milho"}},{"type":"Feature","geometry":{"type":"Point","coordinates":[-52.22405020919061,-10.292971327325697]},"properties":{"Fazenda":"FE","Campo":"FE 19","produtividade":164.99913304,"unidade_produtividade":"sc/ha","pontos_originais":25,"ano":"2026","cultura":"Milho"}},{"type":"Feature","geometry":{"type":"Point","coordinates":[-52.223593675963436,-10.292973053136894]},"properties":{"Fazenda":"FE","Campo":"FE 19","produtividade":168.25617087999998,"unidade_produtividade":"sc/ha","pontos_originais":25,"ano":"2026","cultura":"Milho"}},{"type":"Feature","geometry":{"type":"Point","coordinates":[-52.22336540931957,-10.29297391580121]},"properties":{"Fazenda":"FE","Campo":"FE 19","produtividade":167.67406152,"unidade_produtividade":"sc/ha","pontos_originais":25,"ano":"2026","cultura":"Milho"}},{"type":"Feature","geometry":{"type":"Point","coordinates":[-52.22176754224828,-10.292979949947545]},"properties":{"Fazenda":"FE","Campo":"FE 19","produtividade":166.55842392000002,"unidade_produtividade":"sc/ha","pontos_originais":25,"ano":"2026","cultura":"Milho"}},{"type":"Feature","geometry":{"type":"Point","coordinates":[-52.22153927544323,-10.292980811325036]},"properties":{"Fazenda":"FE","Campo":"FE 19","produtividade":168.95038272,"unidade_produtividade":"sc/ha","pontos_originais":25,"ano":"2026","cultura":"Milho"}},{"type":"Feature","geometry":{"type":"Point","coordinates":[-52.22131100861804,-10.292981672541671]},"properties":{"Fazenda":"FE","Campo":"FE 19","produtividade":168.88349631999998,"unidade_produtividade":"sc/ha","pontos_originais":25,"ano":"2026","cultura":"Milho"}},{"type":"Feature","geometry":{"type":"Point","coordinates":[-52.221082741772726,-10.292982533597453]},"properties":{"Fazenda":"FE","Campo":"FE 19","produtividade":167.58065184,"unidade_produtividade":"sc/ha","pontos_originais":25,"ano":"2026","cultura":"Milho"}},{"type":"Feature","geometry":{"type":"Point","coordinates":[-52.22222407579796,-10.292978226710007]},"properties":{"Fazenda":"FE","Campo":"FE 19","produtividade":166.78456591999998,"unidade_produtividade":"sc/ha","pontos_originais":25,"ano":"2026","cultura":"Milho"}},{"type":"Feature","geometry":{"type":"Point","coordinates":[-52.22199580903319,-10.292979088409199]},"properties":{"Fazenda":"FE","Campo":"FE 19","produtividade":165.78659944,"unidade_produtividade":"sc/ha","pontos_originais":25,"ano":"2026","cultura":"Milho"}},{"type":"Feature","geometry":{"type":"Point","coordinates":[-52.22610460771389,-10.292963553213093]},"properties":{"Fazenda":"FE","Campo":"FE 19","produtividade":157.07714344000001,"unidade_produtividade":"sc/ha","pontos_originais":25,"ano":"2026","cultura":"Milho"}},{"type":"Feature","geometry":{"type":"Point","coordinates":[-52.22587634129211,-10.292964417646793]},"properties":{"Fazenda":"FE","Campo":"FE 19","produtividade":157.31681952000002,"unidade_produtividade":"sc/ha","pontos_originais":25,"ano":"2026","cultura":"Milho"}},{"type":"Feature","geometry":{"type":"Point","coordinates":[-52.22564807485008,-10.29296528191964]},"properties":{"Fazenda":"FE","Campo":"FE 19","produtividade":156.32956304,"unidade_produtividade":"sc/ha","pontos_originais":25,"ano":"2026","cultura":"Milho"}},{"type":"Feature","geometry":{"type":"Point","coordinates":[-52.22541980838789,-10.292966146031636]},"properties":{"Fazenda":"FE","Campo":"FE 19","produtividade":156.11854776,"unidade_produtividade":"sc/ha","pontos_originais":25,"ano":"2026","cultura":"Milho"}},{"type":"Feature","geometry":{"type":"Point","coordinates":[-52.226789406858046,-10.292960958946878]},"properties":{"Fazenda":"FE","Campo":"FE 19","produtividade":135.62474240000003,"unidade_produtividade":"sc/ha","pontos_originais":25,"ano":"2026","cultura":"Milho"}},{"type":"Feature","geometry":{"type":"Point","coordinates":[-52.22656114049688,-10.292961823863138]},"properties":{"Fazenda":"FE","Campo":"FE 19","produtividade":151.65675895999996,"unidade_produtividade":"sc/ha","pontos_originais":25,"ano":"2026","cultura":"Milho"}},{"type":"Feature","geometry":{"type":"Point","coordinates":[-52.226332874115485,-10.292962688618541]},"properties":{"Fazenda":"FE","Campo":"FE 19","produtividade":156.78526696,"unidade_produtividade":"sc/ha","pontos_originais":25,"ano":"2026","cultura":"Milho"}},{"type":"Feature","geometry":{"type":"Point","coordinates":[-52.22450674233712,-10.292969600871091]},"properties":{"Fazenda":"FE","Campo":"FE 19","produtividade":162.39983984,"unidade_produtividade":"sc/ha","pontos_originais":25,"ano":"2026","cultura":"Milho"}},{"type":"Feature","geometry":{"type":"Point","coordinates":[-52.22473500888007,-10.292968737402502]},"properties":{"Fazenda":"FE","Campo":"FE 19","produtividade":160.40928567999998,"unidade_produtividade":"sc/ha","pontos_originais":25,"ano":"2026","cultura":"Milho"}},{"type":"Feature","geometry":{"type":"Point","coordinates":[-52.22427847577394,-10.292970464178818]},"properties":{"Fazenda":"FE","Campo":"FE 19","produtividade":164.06771751999997,"unidade_produtividade":"sc/ha","pontos_originais":25,"ano":"2026","cultura":"Milho"}},{"type":"Feature","geometry":{"type":"Point","coordinates":[-52.22519154190549,-10.292967009982778]},"properties":{"Fazenda":"FE","Campo":"FE 19","produtividade":156.73546783999998,"unidade_produtividade":"sc/ha","pontos_originais":25,"ano":"2026","cultura":"Milho"}},{"type":"Feature","geometry":{"type":"Point","coordinates":[-52.224963275402864,-10.292967873773064]},"properties":{"Fazenda":"FE","Campo":"FE 19","produtividade":157.16937992,"unidade_produtividade":"sc/ha","pontos_originais":25,"ano":"2026","cultura":"Milho"}},{"type":"Feature","geometry":{"type":"Point","coordinates":[-52.22016967419026,-10.292985976212043]},"properties":{"Fazenda":"FE","Campo":"FE 19","produtividade":164.64800968,"unidade_produtividade":"sc/ha","pontos_originais":25,"ano":"2026","cultura":"Milho"}},{"type":"Feature","geometry":{"type":"Point","coordinates":[-52.22039794111606,-10.292985115799672]},"properties":{"Fazenda":"FE","Campo":"FE 19","produtividade":165.51073223999995,"unidade_produtividade":"sc/ha","pontos_originais":25,"ano":"2026","cultura":"Milho"}},{"type":"Feature","geometry":{"type":"Point","coordinates":[-52.21994140724436,-10.292986836463554]},"properties":{"Fazenda":"FE","Campo":"FE 19","produtividade":164.18286752,"unidade_produtividade":"sc/ha","pontos_originais":25,"ano":"2026","cultura":"Milho"}},{"type":"Feature","geometry":{"type":"Point","coordinates":[-52.219713140278344,-10.29298769655421]},"properties":{"Fazenda":"FE","Campo":"FE 19","produtividade":165.04893272,"unidade_produtividade":"sc/ha","pontos_originais":25,"ano":"2026","cultura":"Milho"}},{"type":"Feature","geometry":{"type":"Point","coordinates":[-52.22085447490729,-10.292983394492378]},"properties":{"Fazenda":"FE","Campo":"FE 19","produtividade":166.2662512,"unidade_produtividade":"sc/ha","pontos_originais":25,"ano":"2026","cultura":"Milho"}},{"type":"Feature","geometry":{"type":"Point","coordinates":[-52.22062620802172,-10.292984255226456]},"properties":{"Fazenda":"FE","Campo":"FE 19","produtividade":165.13469504,"unidade_produtividade":"sc/ha","pontos_originais":25,"ano":"2026","cultura":"Milho"}},{"type":"Feature","geometry":{"type":"Point","coordinates":[-52.218800072213305,-10.292991135308293]},"properties":{"Fazenda":"FE","Campo":"FE 19","produtividade":160.28703712000004,"unidade_produtividade":"sc/ha","pontos_originais":25,"ano":"2026","cultura":"Milho"}},{"type":"Feature","geometry":{"type":"Point","coordinates":[-52.219484873292224,-10.29298855648401]},"properties":{"Fazenda":"FE","Campo":"FE 19","produtividade":165.52596424,"unidade_produtividade":"sc/ha","pontos_originais":25,"ano":"2026","cultura":"Milho"}},{"type":"Feature","geometry":{"type":"Point","coordinates":[-52.219256606286024,-10.29298941625296]},"properties":{"Fazenda":"FE","Campo":"FE 19","produtividade":164.51857016000002,"unidade_produtividade":"sc/ha","pontos_originais":25,"ano":"2026","cultura":"Milho"}},{"type":"Feature","geometry":{"type":"Point","coordinates":[-52.219028339259715,-10.292990275861056]},"properties":{"Fazenda":"FE","Campo":"FE 19","produtividade":162.46168176,"unidade_produtividade":"sc/ha","pontos_originais":25,"ano":"2026","cultura":"Milho"}},{"type":"Feature","geometry":{"type":"Point","coordinates":[-52.21902747134599,-10.292764217025287]},"properties":{"Fazenda":"FE","Campo":"FE 19","produtividade":163.39720320000004,"unidade_produtividade":"sc/ha","pontos_originais":25,"ano":"2026","cultura":"Milho"}},{"type":"Feature","geometry":{"type":"Point","coordinates":[-52.21925573820989,-10.292763357436467]},"properties":{"Fazenda":"FE","Campo":"FE 19","produtividade":167.48442703999999,"unidade_produtividade":"sc/ha","pontos_originais":25,"ano":"2026","cultura":"Milho"}},{"type":"Feature","geometry":{"type":"Point","coordinates":[-52.218799204462,-10.29276507645325]},"properties":{"Fazenda":"FE","Campo":"FE 19","produtividade":162.45077184,"unidade_produtividade":"sc/ha","pontos_originais":25,"ano":"2026","cultura":"Milho"}},{"type":"Feature","geometry":{"type":"Point","coordinates":[-52.21857093755795,-10.292765935720368]},"properties":{"Fazenda":"FE","Campo":"FE 19","produtividade":162.04888,"unidade_produtividade":"sc/ha","pontos_originais":25,"ano":"2026","cultura":"Milho"}},{"type":"Feature","geometry":{"type":"Point","coordinates":[-52.21971227187736,-10.292761637776277]},"properties":{"Fazenda":"FE","Campo":"FE 19","produtividade":169.93280191999997,"unidade_produtividade":"sc/ha","pontos_originais":25,"ano":"2026","cultura":"Milho"}},{"type":"Feature","geometry":{"type":"Point","coordinates":[-52.21994053868095,-10.292760777704906]},"properties":{"Fazenda":"FE","Campo":"FE 19","produtividade":168.82426231999997,"unidade_produtividade":"sc/ha","pontos_originais":25,"ano":"2026","cultura":"Milho"}},{"type":"Feature","geometry":{"type":"Point","coordinates":[-52.21948400505367,-10.292762497686795]},"properties":{"Fazenda":"FE","Campo":"FE 19","produtividade":170.22207272000003,"unidade_produtividade":"sc/ha","pontos_originais":25,"ano":"2026","cultura":"Milho"}},{"type":"Feature","geometry":{"type":"Point","coordinates":[-52.21765786974087,-10.292769371180327]},"properties":{"Fazenda":"FE","Campo":"FE 19","produtividade":161.62617688,"unidade_produtividade":"sc/ha","pontos_originais":25,"ano":"2026","cultura":"Milho"}},{"type":"Feature","geometry":{"type":"Point","coordinates":[-52.217429602736416,-10.292770229643185]},"properties":{"Fazenda":"FE","Campo":"FE 19","produtividade":162.25244672,"unidade_produtividade":"sc/ha","pontos_originais":25,"ano":"2026","cultura":"Milho"}},{"type":"Feature","geometry":{"type":"Point","coordinates":[-52.21720133571193,-10.29277108794519]},"properties":{"Fazenda":"FE","Campo":"FE 19","produtividade":158.56387512,"unidade_produtividade":"sc/ha","pontos_originais":25,"ano":"2026","cultura":"Milho"}},{"type":"Feature","geometry":{"type":"Point","coordinates":[-52.21697306866732,-10.29277194608635]},"properties":{"Fazenda":"FE","Campo":"FE 19","produtividade":156.89604728000003,"unidade_produtividade":"sc/ha","pontos_originais":25,"ano":"2026","cultura":"Milho"}},{"type":"Feature","geometry":{"type":"Point","coordinates":[-52.2183426706338,-10.292766794826635]},"properties":{"Fazenda":"FE","Campo":"FE 19","produtividade":161.6152888,"unidade_produtividade":"sc/ha","pontos_originais":25,"ano":"2026","cultura":"Milho"}},{"type":"Feature","geometry":{"type":"Point","coordinates":[-52.21811440368956,-10.292767653772048]},"properties":{"Fazenda":"FE","Campo":"FE 19","produtividade":160.71890968000002,"unidade_produtividade":"sc/ha","pontos_originais":25,"ano":"2026","cultura":"Milho"}},{"type":"Feature","geometry":{"type":"Point","coordinates":[-52.21788613672526,-10.292768512556613]},"properties":{"Fazenda":"FE","Campo":"FE 19","produtividade":161.1190756,"unidade_produtividade":"sc/ha","pontos_originais":25,"ano":"2026","cultura":"Milho"}},{"type":"Feature","geometry":{"type":"Point","coordinates":[-52.221994939008,-10.292753029824292]},"properties":{"Fazenda":"FE","Campo":"FE 19","produtividade":164.5332528,"unidade_produtividade":"sc/ha","pontos_originais":25,"ano":"2026","cultura":"Milho"}},{"type":"Feature","geometry":{"type":"Point","coordinates":[-52.22176667238551,-10.292753891343317]},"properties":{"Fazenda":"FE","Campo":"FE 19","produtividade":163.84160463999996,"unidade_produtividade":"sc/ha","pontos_originais":25,"ano":"2026","cultura":"Milho"}},{"type":"Feature","geometry":{"type":"Point","coordinates":[-52.221538405742876,-10.292754752701489]},"properties":{"Fazenda":"FE","Campo":"FE 19","produtividade":164.38779336,"unidade_produtividade":"sc/ha","pontos_originais":25,"ano":"2026","cultura":"Milho"}},{"type":"Feature","geometry":{"type":"Point","coordinates":[-52.2213101390801,-10.29275561389882]},"properties":{"Fazenda":"FE","Campo":"FE 19","produtividade":164.34159168000002,"unidade_produtividade":"sc/ha","pontos_originais":25,"ano":"2026","cultura":"Milho"}},{"type":"Feature","geometry":{"type":"Point","coordinates":[-52.222679738754614,-10.292750444302117]},"properties":{"Fazenda":"FE","Campo":"FE 19","produtividade":160.42834248,"unidade_produtividade":"sc/ha","pontos_originais":25,"ano":"2026","cultura":"Milho"}},{"type":"Feature","geometry":{"type":"Point","coordinates":[-52.222908005296524,-10.29274958213969]},"properties":{"Fazenda":"FE","Campo":"FE 19","produtividade":160.41256560000002,"unidade_produtividade":"sc/ha","pontos_originais":25,"ano":"2026","cultura":"Milho"}},{"type":"Feature","geometry":{"type":"Point","coordinates":[-52.22245147219256,-10.292751306303693]},"properties":{"Fazenda":"FE","Campo":"FE 19","produtividade":162.6171904,"unidade_produtividade":"sc/ha","pontos_originais":25,"ano":"2026","cultura":"Milho"}},{"type":"Feature","geometry":{"type":"Point","coordinates":[-52.222223205610355,-10.292752168144416]},"properties":{"Fazenda":"FE","Campo":"FE 19","produtividade":164.08428512000003,"unidade_produtividade":"sc/ha","pontos_originais":25,"ano":"2026","cultura":"Milho"}},{"type":"Feature","geometry":{"type":"Point","coordinates":[-52.220625338971075,-10.292758196525687]},"properties":{"Fazenda":"FE","Campo":"FE 19","produtividade":167.3437864,"unidade_produtividade":"sc/ha","pontos_originais":25,"ano":"2026","cultura":"Milho"}},{"type":"Feature","geometry":{"type":"Point","coordinates":[-52.22039707222779,-10.292759057079614]},"properties":{"Fazenda":"FE","Campo":"FE 19","produtividade":168.36931887999998,"unidade_produtividade":"sc/ha","pontos_originais":25,"ano":"2026","cultura":"Milho"}},{"type":"Feature","geometry":{"type":"Point","coordinates":[-52.22016880546444,-10.292759917472683]},"properties":{"Fazenda":"FE","Campo":"FE 19","produtividade":168.47349344000003,"unidade_produtividade":"sc/ha","pontos_originais":25,"ano":"2026","cultura":"Milho"}},{"type":"Feature","geometry":{"type":"Point","coordinates":[-52.221081872397214,-10.29275647493529]},"properties":{"Fazenda":"FE","Campo":"FE 19","produtividade":163.89187472,"unidade_produtividade":"sc/ha","pontos_originais":25,"ano":"2026","cultura":"Milho"}},{"type":"Feature","geometry":{"type":"Point","coordinates":[-52.220853605694195,-10.292757335810919]},"properties":{"Fazenda":"FE","Campo":"FE 19","produtividade":165.87448136000003,"unidade_produtividade":"sc/ha","pontos_originais":25,"ano":"2026","cultura":"Milho"}},{"type":"Feature","geometry":{"type":"Point","coordinates":[-52.21332079322874,-10.292785654469007]},"properties":{"Fazenda":"FE","Campo":"FE 19","produtividade":137.64749039999998,"unidade_produtividade":"sc/ha","pontos_originais":25,"ano":"2026","cultura":"Milho"}},{"type":"Feature","geometry":{"type":"Point","coordinates":[-52.21315481199433,-10.292794496943536]},"properties":{"Fazenda":"FE","Campo":"FE 19","produtividade":135.14984127272726,"unidade_produtividade":"sc/ha","pontos_originais":11,"ano":"2026","cultura":"Milho"}},{"type":"Feature","geometry":{"type":"Point","coordinates":[-52.214005595263906,-10.292783087283878]},"properties":{"Fazenda":"FE","Campo":"FE 19","produtividade":162.85075519999998,"unidade_produtividade":"sc/ha","pontos_originais":25,"ano":"2026","cultura":"Milho"}},{"type":"Feature","geometry":{"type":"Point","coordinates":[-52.21377732793886,-10.292783943173106]},"properties":{"Fazenda":"FE","Campo":"FE 19","produtividade":157.83264,"unidade_produtividade":"sc/ha","pontos_originais":25,"ano":"2026","cultura":"Milho"}},{"type":"Feature","geometry":{"type":"Point","coordinates":[-52.2135490605938,-10.292784798901483]},"properties":{"Fazenda":"FE","Campo":"FE 19","produtividade":147.35087024000003,"unidade_produtividade":"sc/ha","pontos_originais":25,"ano":"2026","cultura":"Milho"}},{"type":"Feature","geometry":{"type":"Point","coordinates":[-52.216060000288465,-10.29277537704246]},"properties":{"Fazenda":"FE","Campo":"FE 19","produtividade":161.95272912000001,"unidade_produtividade":"sc/ha","pontos_originais":25,"ano":"2026","cultura":"Milho"}},{"type":"Feature","geometry":{"type":"Point","coordinates":[-52.216288267413255,-10.29277451954471]},"properties":{"Fazenda":"FE","Campo":"FE 19","produtividade":158.82122816,"unidade_produtividade":"sc/ha","pontos_originais":25,"ano":"2026","cultura":"Milho"}},{"type":"Feature","geometry":{"type":"Point","coordinates":[-52.21583173314366,-10.292776234379362]},"properties":{"Fazenda":"FE","Campo":"FE 19","produtividade":164.86285312,"unidade_produtividade":"sc/ha","pontos_originais":25,"ano":"2026","cultura":"Milho"}},{"type":"Feature","geometry":{"type":"Point","coordinates":[-52.215603465978774,-10.292777091555406]},"properties":{"Fazenda":"FE","Campo":"FE 19","produtividade":165.9697424,"unidade_produtividade":"sc/ha","pontos_originais":25,"ano":"2026","cultura":"Milho"}},{"type":"Feature","geometry":{"type":"Point","coordinates":[-52.21674480160269,-10.292772804066656]},"properties":{"Fazenda":"FE","Campo":"FE 19","produtividade":155.12550368,"unidade_produtividade":"sc/ha","pontos_originais":25,"ano":"2026","cultura":"Milho"}},{"type":"Feature","geometry":{"type":"Point","coordinates":[-52.216516534518014,-10.29277366188611]},"properties":{"Fazenda":"FE","Campo":"FE 19","produtividade":155.93083072,"unidade_produtividade":"sc/ha","pontos_originais":25,"ano":"2026","cultura":"Milho"}},{"type":"Feature","geometry":{"type":"Point","coordinates":[-52.214690397118986,-10.292780518651078]},"properties":{"Fazenda":"FE","Campo":"FE 19","produtividade":165.48188608000004,"unidade_produtividade":"sc/ha","pontos_originais":25,"ano":"2026","cultura":"Milho"}},{"type":"Feature","geometry":{"type":"Point","coordinates":[-52.214462129853985,-10.292781375022864]},"properties":{"Fazenda":"FE","Campo":"FE 19","produtividade":163.82947167999998,"unidade_produtividade":"sc/ha","pontos_originais":25,"ano":"2026","cultura":"Milho"}},{"type":"Feature","geometry":{"type":"Point","coordinates":[-52.21423386256895,-10.292782231233794]},"properties":{"Fazenda":"FE","Campo":"FE 19","produtividade":164.71382368000002,"unidade_produtividade":"sc/ha","pontos_originais":25,"ano":"2026","cultura":"Milho"}},{"type":"Feature","geometry":{"type":"Point","coordinates":[-52.21537519879387,-10.292777948570606]},"properties":{"Fazenda":"FE","Campo":"FE 19","produtividade":165.85747752,"unidade_produtividade":"sc/ha","pontos_originais":25,"ano":"2026","cultura":"Milho"}},{"type":"Feature","geometry":{"type":"Point","coordinates":[-52.21514693158893,-10.292778805424946]},"properties":{"Fazenda":"FE","Campo":"FE 19","produtividade":166.584446,"unidade_produtividade":"sc/ha","pontos_originais":25,"ano":"2026","cultura":"Milho"}},{"type":"Feature","geometry":{"type":"Point","coordinates":[-52.21491866436395,-10.292779662118438]},"properties":{"Fazenda":"FE","Campo":"FE 19","produtividade":165.54216224,"unidade_produtividade":"sc/ha","pontos_originais":25,"ano":"2026","cultura":"Milho"}},{"type":"Feature","geometry":{"type":"Point","coordinates":[-52.21971661408328,-10.29389193163372]},"properties":{"Fazenda":"FE","Campo":"FE 19","produtividade":172.88895904,"unidade_produtividade":"sc/ha","pontos_originais":25,"ano":"2026","cultura":"Milho"}},{"type":"Feature","geometry":{"type":"Point","coordinates":[-52.21948834644746,-10.29389279164065]},"properties":{"Fazenda":"FE","Campo":"FE 19","produtividade":171.80367287999994,"unidade_produtividade":"sc/ha","pontos_originais":25,"ano":"2026","cultura":"Milho"}},{"type":"Feature","geometry":{"type":"Point","coordinates":[-52.219260078791514,-10.293893651486718]},"properties":{"Fazenda":"FE","Campo":"FE 19","produtividade":171.46332896,"unidade_produtividade":"sc/ha","pontos_originais":25,"ano":"2026","cultura":"Milho"}},{"type":"Feature","geometry":{"type":"Point","coordinates":[-52.219031811115485,-10.293894511171914]},"properties":{"Fazenda":"FE","Campo":"FE 19","produtividade":168.16696736000003,"unidade_produtividade":"sc/ha","pontos_originais":25,"ano":"2026","cultura":"Milho"}},{"type":"Feature","geometry":{"type":"Point","coordinates":[-52.22040141687015,-10.293889350647708]},"properties":{"Fazenda":"FE","Campo":"FE 19","produtividade":163.73701232,"unidade_produtividade":"sc/ha","pontos_originais":25,"ano":"2026","cultura":"Milho"}},{"type":"Feature","geometry":{"type":"Point","coordinates":[-52.220629684425546,-10.293888489997295]},"properties":{"Fazenda":"FE","Campo":"FE 19","produtividade":158.05998152,"unidade_produtividade":"sc/ha","pontos_originais":25,"ano":"2026","cultura":"Milho"}},{"type":"Feature","geometry":{"type":"Point","coordinates":[-52.22017314929465,-10.293890211137246]},"properties":{"Fazenda":"FE","Campo":"FE 19","produtividade":169.1440436,"unidade_produtividade":"sc/ha","pontos_originais":25,"ano":"2026","cultura":"Milho"}},{"type":"Feature","geometry":{"type":"Point","coordinates":[-52.21994488169902,-10.293891071465913]},"properties":{"Fazenda":"FE","Campo":"FE 19","produtividade":171.99671048,"unidade_produtividade":"sc/ha","pontos_originais":25,"ano":"2026","cultura":"Milho"}},{"type":"Feature","geometry":{"type":"Point","coordinates":[-52.21834700796684,-10.293897089262291]},"properties":{"Fazenda":"FE","Campo":"FE 19","produtividade":151.81308296,"unidade_produtividade":"sc/ha","pontos_originais":25,"ano":"2026","cultura":"Milho"}},{"type":"Feature","geometry":{"type":"Point","coordinates":[-52.21811874021046,-10.293897948304007]},"properties":{"Fazenda":"FE","Campo":"FE 19","produtividade":149.29981752,"unidade_produtividade":"sc/ha","pontos_originais":25,"ano":"2026","cultura":"Milho"}},{"type":"Feature","geometry":{"type":"Point","coordinates":[-52.21789047243401,-10.29389880718486]},"properties":{"Fazenda":"FE","Campo":"FE 19","produtividade":146.94615768000003,"unidade_produtividade":"sc/ha","pontos_originais":25,"ano":"2026","cultura":"Milho"}},{"type":"Feature","geometry":{"type":"Point","coordinates":[-52.21766220463749,-10.293899665904837]},"properties":{"Fazenda":"FE","Campo":"FE 19","produtividade":142.45777112000002,"unidade_produtividade":"sc/ha","pontos_originais":25,"ano":"2026","cultura":"Milho"}},{"type":"Feature","geometry":{"type":"Point","coordinates":[-52.218803543419355,-10.29389537069624]},"properties":{"Fazenda":"FE","Campo":"FE 19","produtividade":162.84625279999997,"unidade_produtividade":"sc/ha","pontos_originais":25,"ano":"2026","cultura":"Milho"}},{"type":"Feature","geometry":{"type":"Point","coordinates":[-52.218575275703145,-10.2938962300597]},"properties":{"Fazenda":"FE","Campo":"FE 19","produtividade":156.30269088,"unidade_produtividade":"sc/ha","pontos_originais":25,"ano":"2026","cultura":"Milho"}},{"type":"Feature","geometry":{"type":"Point","coordinates":[-52.222684091518374,-10.293880736904539]},"properties":{"Fazenda":"FE","Campo":"FE 19","produtividade":158.59860632000004,"unidade_produtividade":"sc/ha","pontos_originais":25,"ano":"2026","cultura":"Milho"}},{"type":"Feature","geometry":{"type":"Point","coordinates":[-52.22245582414416,-10.29388159900276]},"properties":{"Fazenda":"FE","Campo":"FE 19","produtividade":156.65985552,"unidade_produtividade":"sc/ha","pontos_originais":25,"ano":"2026","cultura":"Milho"}},{"type":"Feature","geometry":{"type":"Point","coordinates":[-52.22222755674984,-10.29388246094012]},"properties":{"Fazenda":"FE","Campo":"FE 19","produtividade":154.53399919999998,"unidade_produtividade":"sc/ha","pontos_originais":25,"ano":"2026","cultura":"Milho"}},{"type":"Feature","geometry":{"type":"Point","coordinates":[-52.22199928933534,-10.293883322716603]},"properties":{"Fazenda":"FE","Campo":"FE 19","produtividade":152.28505991999998,"unidade_produtividade":"sc/ha","pontos_originais":25,"ano":"2026","cultura":"Milho"}},{"type":"Feature","geometry":{"type":"Point","coordinates":[-52.22336889352005,-10.293878149644666]},"properties":{"Fazenda":"FE","Campo":"FE 19","produtividade":158.59135487999995,"unidade_produtividade":"sc/ha","pontos_originais":25,"ano":"2026","cultura":"Milho"}},{"type":"Feature","geometry":{"type":"Point","coordinates":[-52.22314062620632,-10.293879012225487]},"properties":{"Fazenda":"FE","Campo":"FE 19","produtividade":159.48547944,"unidade_produtividade":"sc/ha","pontos_originais":25,"ano":"2026","cultura":"Milho"}},{"type":"Feature","geometry":{"type":"Point","coordinates":[-52.22291235887243,-10.293879874645448]},"properties":{"Fazenda":"FE","Campo":"FE 19","produtividade":159.06888871999996,"unidade_produtividade":"sc/ha","pontos_originais":25,"ano":"2026","cultura":"Milho"}},{"type":"Feature","geometry":{"type":"Point","coordinates":[-52.22108621947599,-10.293886768213872]},"properties":{"Fazenda":"FE","Campo":"FE 19","produtividade":154.36588272000006,"unidade_produtividade":"sc/ha","pontos_originais":25,"ano":"2026","cultura":"Milho"}},{"type":"Feature","geometry":{"type":"Point","coordinates":[-52.22131448697104,-10.293885907080856]},"properties":{"Fazenda":"FE","Campo":"FE 19","produtividade":154.80192055999999,"unidade_produtividade":"sc/ha","pontos_originais":25,"ano":"2026","cultura":"Milho"}},{"type":"Feature","geometry":{"type":"Point","coordinates":[-52.22085795196082,-10.29388762918602]},"properties":{"Fazenda":"FE","Campo":"FE 19","produtividade":154.95837727999998,"unidade_produtividade":"sc/ha","pontos_originais":25,"ano":"2026","cultura":"Milho"}},{"type":"Feature","geometry":{"type":"Point","coordinates":[-52.22177102190071,-10.293884184332226]},"properties":{"Fazenda":"FE","Campo":"FE 19","produtividade":153.55682496,"unidade_produtividade":"sc/ha","pontos_originais":25,"ano":"2026","cultura":"Milho"}},{"type":"Feature","geometry":{"type":"Point","coordinates":[-52.221542754445935,-10.293885045786979]},"properties":{"Fazenda":"FE","Campo":"FE 19","produtividade":153.21987407999998,"unidade_produtividade":"sc/ha","pontos_originais":25,"ano":"2026","cultura":"Milho"}},{"type":"Feature","geometry":{"type":"Point","coordinates":[-52.213781649028896,-10.293914239531443]},"properties":{"Fazenda":"FE","Campo":"FE 19","produtividade":115.10321144,"unidade_produtividade":"sc/ha","pontos_originais":25,"ano":"2026","cultura":"Milho"}},{"type":"Feature","geometry":{"type":"Point","coordinates":[-52.214009917166095,-10.29391338354625]},"properties":{"Fazenda":"FE","Campo":"FE 19","produtividade":122.7938376,"unidade_produtividade":"sc/ha","pontos_originais":25,"ano":"2026","cultura":"Milho"}},{"type":"Feature","geometry":{"type":"Point","coordinates":[-52.2135533808717,-10.293915095355764]},"properties":{"Fazenda":"FE","Campo":"FE 19","produtividade":114.07919208,"unidade_produtividade":"sc/ha","pontos_originais":25,"ano":"2026","cultura":"Milho"}},{"type":"Feature","geometry":{"type":"Point","coordinates":[-52.21335999380881,-10.293907841602929]},"properties":{"Fazenda":"FE","Campo":"FE 19","produtividade":118.40559047058824,"unidade_produtividade":"sc/ha","pontos_originais":17,"ano":"2026","cultura":"Milho"}},{"type":"Feature","geometry":{"type":"Point","coordinates":[-52.22746527463021,-10.293868808115384]},"properties":{"Fazenda":"FE","Campo":"FE 19","produtividade":117.21133963636366,"unidade_produtividade":"sc/ha","pontos_originais":22,"ano":"2026","cultura":"Milho"}},{"type":"Feature","geometry":{"type":"Point","coordinates":[-52.21469472145765,-10.293910814625454]},"properties":{"Fazenda":"FE","Campo":"FE 19","produtividade":160.23707448000002,"unidade_produtividade":"sc/ha","pontos_originais":25,"ano":"2026","cultura":"Milho"}},{"type":"Feature","geometry":{"type":"Point","coordinates":[-52.21446645338047,-10.293911671093255]},"properties":{"Fazenda":"FE","Campo":"FE 19","produtividade":148.31637912000002,"unidade_produtividade":"sc/ha","pontos_originais":25,"ano":"2026","cultura":"Milho"}},{"type":"Feature","geometry":{"type":"Point","coordinates":[-52.21423818528329,-10.293912527400186]},"properties":{"Fazenda":"FE","Campo":"FE 19","produtividade":135.91308136,"unidade_produtividade":"sc/ha","pontos_originais":25,"ano":"2026","cultura":"Milho"}},{"type":"Feature","geometry":{"type":"Point","coordinates":[-52.226792900804256,-10.29386519162817]},"properties":{"Fazenda":"FE","Campo":"FE 19","produtividade":162.36744720000002,"unidade_produtividade":"sc/ha","pontos_originais":25,"ano":"2026","cultura":"Milho"}},{"type":"Feature","geometry":{"type":"Point","coordinates":[-52.226564633793394,-10.293866056622004]},"properties":{"Fazenda":"FE","Campo":"FE 19","produtividade":166.86936559999998,"unidade_produtividade":"sc/ha","pontos_originais":25,"ano":"2026","cultura":"Milho"}},{"type":"Feature","geometry":{"type":"Point","coordinates":[-52.22633636676229,-10.293866921454974]},"properties":{"Fazenda":"FE","Campo":"FE 19","produtividade":166.54304912000003,"unidade_produtividade":"sc/ha","pontos_originais":25,"ano":"2026","cultura":"Milho"}},{"type":"Feature","geometry":{"type":"Point","coordinates":[-52.22610809971097,-10.293867786127075]},"properties":{"Fazenda":"FE","Campo":"FE 19","produtividade":167.28718496000002,"unidade_produtividade":"sc/ha","pontos_originais":25,"ano":"2026","cultura":"Milho"}},{"type":"Feature","geometry":{"type":"Point","coordinates":[-52.22724943476536,-10.293863461157898]},"properties":{"Fazenda":"FE","Campo":"FE 19","produtividade":132.11079392,"unidade_produtividade":"sc/ha","pontos_originais":25,"ano":"2026","cultura":"Milho"}},{"type":"Feature","geometry":{"type":"Point","coordinates":[-52.227021167794916,-10.293864326473464]},"properties":{"Fazenda":"FE","Campo":"FE 19","produtividade":150.99947239999997,"unidade_produtividade":"sc/ha","pontos_originais":25,"ano":"2026","cultura":"Milho"}},{"type":"Feature","geometry":{"type":"Point","coordinates":[-52.216749133250694,-10.293903099176067]},"properties":{"Fazenda":"FE","Campo":"FE 19","produtividade":80.35553623999998,"unidade_produtividade":"sc/ha","pontos_originais":25,"ano":"2026","cultura":"Milho"}},{"type":"Feature","geometry":{"type":"Point","coordinates":[-52.21697740112749,-10.293902241099568]},"properties":{"Fazenda":"FE","Campo":"FE 19","produtividade":80.61009711999999,"unidade_produtividade":"sc/ha","pontos_originais":25,"ano":"2026","cultura":"Milho"}},{"type":"Feature","geometry":{"type":"Point","coordinates":[-52.21652086535386,-10.293903957091702]},"properties":{"Fazenda":"FE","Campo":"FE 19","produtividade":66.05766664,"unidade_produtividade":"sc/ha","pontos_originais":25,"ano":"2026","cultura":"Milho"}},{"type":"Feature","geometry":{"type":"Point","coordinates":[-52.216292597436976,-10.293904814846464]},"properties":{"Fazenda":"FE","Campo":"FE 19","produtividade":58.28249111999999,"unidade_produtividade":"sc/ha","pontos_originais":25,"ano":"2026","cultura":"Milho"}},{"type":"Feature","geometry":{"type":"Point","coordinates":[-52.21743393682087,-10.29390052446395]},"properties":{"Fazenda":"FE","Campo":"FE 19","produtividade":121.10178080000001,"unidade_produtividade":"sc/ha","pontos_originais":25,"ano":"2026","cultura":"Milho"}},{"type":"Feature","geometry":{"type":"Point","coordinates":[-52.217205668984214,-10.293901382862195]},"properties":{"Fazenda":"FE","Campo":"FE 19","produtividade":94.52294544,"unidade_produtividade":"sc/ha","pontos_originais":25,"ano":"2026","cultura":"Milho"}},{"type":"Feature","geometry":{"type":"Point","coordinates":[-52.21537952556898,-10.293908244256823]},"properties":{"Fazenda":"FE","Campo":"FE 19","produtividade":135.3934932,"unidade_produtividade":"sc/ha","pontos_originais":25,"ano":"2026","cultura":"Milho"}},{"type":"Feature","geometry":{"type":"Point","coordinates":[-52.215151257551895,-10.293909101207234]},"properties":{"Fazenda":"FE","Campo":"FE 19","produtividade":155.00926616,"unidade_produtividade":"sc/ha","pontos_originais":25,"ano":"2026","cultura":"Milho"}},{"type":"Feature","geometry":{"type":"Point","coordinates":[-52.21492298951479,-10.293909957996782]},"properties":{"Fazenda":"FE","Campo":"FE 19","produtividade":163.34838799999997,"unidade_produtividade":"sc/ha","pontos_originais":25,"ano":"2026","cultura":"Milho"}},{"type":"Feature","geometry":{"type":"Point","coordinates":[-52.21606432950004,-10.29390567244036]},"properties":{"Fazenda":"FE","Campo":"FE 19","produtividade":69.00974808,"unidade_produtividade":"sc/ha","pontos_originais":25,"ano":"2026","cultura":"Milho"}},{"type":"Feature","geometry":{"type":"Point","coordinates":[-52.21583606154306,-10.293906529873384]},"properties":{"Fazenda":"FE","Campo":"FE 19","produtividade":91.26228775999998,"unidade_produtividade":"sc/ha","pontos_originais":25,"ano":"2026","cultura":"Milho"}},{"type":"Feature","geometry":{"type":"Point","coordinates":[-52.21560779356603,-10.29390738714554]},"properties":{"Fazenda":"FE","Campo":"FE 19","produtividade":114.16048783999997,"unidade_produtividade":"sc/ha","pontos_originais":25,"ano":"2026","cultura":"Milho"}},{"type":"Feature","geometry":{"type":"Point","coordinates":[-52.225195031303684,-10.293871243206816]},"properties":{"Fazenda":"FE","Campo":"FE 19","produtividade":169.58798528000003,"unidade_produtividade":"sc/ha","pontos_originais":25,"ano":"2026","cultura":"Milho"}},{"type":"Feature","geometry":{"type":"Point","coordinates":[-52.225423298435814,-10.29387037917818]},"properties":{"Fazenda":"FE","Campo":"FE 19","produtividade":169.80177871999996,"unidade_produtividade":"sc/ha","pontos_originais":25,"ano":"2026","cultura":"Milho"}},{"type":"Feature","geometry":{"type":"Point","coordinates":[-52.22496676415136,-10.29387210707458]},"properties":{"Fazenda":"FE","Campo":"FE 19","produtividade":168.98857416,"unidade_produtividade":"sc/ha","pontos_originais":25,"ano":"2026","cultura":"Milho"}},{"type":"Feature","geometry":{"type":"Point","coordinates":[-52.22473849697887,-10.29387297078148]},"properties":{"Fazenda":"FE","Campo":"FE 19","produtividade":167.26933552,"unidade_produtividade":"sc/ha","pontos_originais":25,"ano":"2026","cultura":"Milho"}},{"type":"Feature","geometry":{"type":"Point","coordinates":[-52.225879832639464,-10.29386865063831]},"properties":{"Fazenda":"FE","Campo":"FE 19","produtividade":168.50631168,"unidade_produtividade":"sc/ha","pontos_originais":25,"ano":"2026","cultura":"Milho"}},{"type":"Feature","geometry":{"type":"Point","coordinates":[-52.22565156554772,-10.29386951498868]},"properties":{"Fazenda":"FE","Campo":"FE 19","produtividade":170.46123023999996,"unidade_produtividade":"sc/ha","pontos_originais":25,"ano":"2026","cultura":"Milho"}},{"type":"Feature","geometry":{"type":"Point","coordinates":[-52.22382542808701,-10.293876424000405]},"properties":{"Fazenda":"FE","Campo":"FE 19","produtividade":162.20795583999998,"unidade_produtividade":"sc/ha","pontos_originais":25,"ano":"2026","cultura":"Milho"}},{"type":"Feature","geometry":{"type":"Point","coordinates":[-52.22359716081362,-10.293877286902966]},"properties":{"Fazenda":"FE","Campo":"FE 19","produtividade":159.26396135999997,"unidade_produtividade":"sc/ha","pontos_originais":25,"ano":"2026","cultura":"Milho"}},{"type":"Feature","geometry":{"type":"Point","coordinates":[-52.224510229786155,-10.293873834327512]},"properties":{"Fazenda":"FE","Campo":"FE 19","produtividade":166.79159448,"unidade_produtividade":"sc/ha","pontos_originais":25,"ano":"2026","cultura":"Milho"}},{"type":"Feature","geometry":{"type":"Point","coordinates":[-52.22428196257329,-10.293874697712676]},"properties":{"Fazenda":"FE","Campo":"FE 19","produtividade":166.77063815999998,"unidade_produtividade":"sc/ha","pontos_originais":25,"ano":"2026","cultura":"Milho"}},{"type":"Feature","geometry":{"type":"Point","coordinates":[-52.224053695340245,-10.293875560936975]},"properties":{"Fazenda":"FE","Campo":"FE 19","produtividade":164.73773623999998,"unidade_produtividade":"sc/ha","pontos_originais":25,"ano":"2026","cultura":"Milho"}},{"type":"Feature","geometry":{"type":"Point","coordinates":[-52.223596289570814,-10.293651228466281]},"properties":{"Fazenda":"FE","Campo":"FE 19","produtividade":165.9596092,"unidade_produtividade":"sc/ha","pontos_originais":25,"ano":"2026","cultura":"Milho"}},{"type":"Feature","geometry":{"type":"Point","coordinates":[-52.22336802243968,-10.293652091188633]},"properties":{"Fazenda":"FE","Campo":"FE 19","produtividade":165.76348039999996,"unidade_produtividade":"sc/ha","pontos_originais":25,"ano":"2026","cultura":"Milho"}},{"type":"Feature","geometry":{"type":"Point","coordinates":[-52.223139755288386,-10.293652953750122]},"properties":{"Fazenda":"FE","Campo":"FE 19","produtividade":164.37285200000002,"unidade_produtividade":"sc/ha","pontos_originais":25,"ano":"2026","cultura":"Milho"}},{"type":"Feature","geometry":{"type":"Point","coordinates":[-52.22291148811692,-10.293653816150742]},"properties":{"Fazenda":"FE","Campo":"FE 19","produtividade":163.61699984,"unidade_produtividade":"sc/ha","pontos_originais":25,"ano":"2026","cultura":"Milho"}},{"type":"Feature","geometry":{"type":"Point","coordinates":[-52.2242810908432,-10.293648639334048]},"properties":{"Fazenda":"FE","Campo":"FE 19","produtividade":170.93323128,"unidade_produtividade":"sc/ha","pontos_originais":25,"ano":"2026","cultura":"Milho"}},{"type":"Feature","geometry":{"type":"Point","coordinates":[-52.22450935789364,-10.293647775968243]},"properties":{"Fazenda":"FE","Campo":"FE 19","produtividade":170.46351840000003,"unidade_produtividade":"sc/ha","pontos_originais":25,"ano":"2026","cultura":"Milho"}},{"type":"Feature","geometry":{"type":"Point","coordinates":[-52.22405282377258,-10.29364950253899]},"properties":{"Fazenda":"FE","Campo":"FE 19","produtividade":169.35244871999998,"unidade_produtividade":"sc/ha","pontos_originais":25,"ano":"2026","cultura":"Milho"}},{"type":"Feature","geometry":{"type":"Point","coordinates":[-52.223824556681784,-10.29365036558307]},"properties":{"Fazenda":"FE","Campo":"FE 19","produtividade":166.98658536,"unidade_produtividade":"sc/ha","pontos_originais":25,"ano":"2026","cultura":"Milho"}},{"type":"Feature","geometry":{"type":"Point","coordinates":[-52.222226686481655,-10.293656402387423]},"properties":{"Fazenda":"FE","Campo":"FE 19","produtividade":160.58851032,"unidade_produtividade":"sc/ha","pontos_originais":25,"ano":"2026","cultura":"Milho"}},{"type":"Feature","geometry":{"type":"Point","coordinates":[-52.22199841922961,-10.293657264144588]},"properties":{"Fazenda":"FE","Campo":"FE 19","produtividade":159.96812888,"unidade_produtividade":"sc/ha","pontos_originais":25,"ano":"2026","cultura":"Milho"}},{"type":"Feature","geometry":{"type":"Point","coordinates":[-52.22177015195741,-10.293658125740887]},"properties":{"Fazenda":"FE","Campo":"FE 19","produtividade":158.35417024,"unidade_produtividade":"sc/ha","pontos_originais":25,"ano":"2026","cultura":"Milho"}},{"type":"Feature","geometry":{"type":"Point","coordinates":[-52.22154188466505,-10.293658987176322]},"properties":{"Fazenda":"FE","Campo":"FE 19","produtividade":158.33097112000002,"unidade_produtividade":"sc/ha","pontos_originais":25,"ano":"2026","cultura":"Milho"}},{"type":"Feature","geometry":{"type":"Point","coordinates":[-52.222683220925326,-10.2936546783905]},"properties":{"Fazenda":"FE","Campo":"FE 19","produtividade":162.45755736000004,"unidade_produtividade":"sc/ha","pontos_originais":25,"ano":"2026","cultura":"Milho"}},{"type":"Feature","geometry":{"type":"Point","coordinates":[-52.22245495371356,-10.293655540469395]},"properties":{"Fazenda":"FE","Campo":"FE 19","produtividade":161.45691408000002,"unidade_produtividade":"sc/ha","pontos_originais":25,"ano":"2026","cultura":"Milho"}},{"type":"Feature","geometry":{"type":"Point","coordinates":[-52.22656376043893,-10.293639998437124]},"properties":{"Fazenda":"FE","Campo":"FE 19","produtividade":157.6669388,"unidade_produtividade":"sc/ha","pontos_originais":25,"ano":"2026","cultura":"Milho"}},{"type":"Feature","geometry":{"type":"Point","coordinates":[-52.22633549357025,-10.293640863250701]},"properties":{"Fazenda":"FE","Campo":"FE 19","produtividade":160.5202984,"unidade_produtividade":"sc/ha","pontos_originais":25,"ano":"2026","cultura":"Milho"}},{"type":"Feature","geometry":{"type":"Point","coordinates":[-52.22610722668141,-10.293641727903413]},"properties":{"Fazenda":"FE","Campo":"FE 19","produtividade":163.76143280000002,"unidade_produtividade":"sc/ha","pontos_originais":25,"ano":"2026","cultura":"Milho"}},{"type":"Feature","geometry":{"type":"Point","coordinates":[-52.22587895977232,-10.293642592395265]},"properties":{"Fazenda":"FE","Campo":"FE 19","produtividade":166.49642071999997,"unidade_produtividade":"sc/ha","pontos_originais":25,"ano":"2026","cultura":"Milho"}},{"type":"Feature","geometry":{"type":"Point","coordinates":[-52.22724856092362,-10.293637403031212]},"properties":{"Fazenda":"FE","Campo":"FE 19","produtividade":121.87656488,"unidade_produtividade":"sc/ha","pontos_originais":25,"ano":"2026","cultura":"Milho"}},{"type":"Feature","geometry":{"type":"Point","coordinates":[-52.22702029411562,-10.29363826832738]},"properties":{"Fazenda":"FE","Campo":"FE 19","produtividade":140.00195047999998,"unidade_produtividade":"sc/ha","pontos_originais":25,"ano":"2026","cultura":"Milho"}},{"type":"Feature","geometry":{"type":"Point","coordinates":[-52.22679202728738,-10.29363913346268]},"properties":{"Fazenda":"FE","Campo":"FE 19","produtividade":152.75900695999997,"unidade_produtividade":"sc/ha","pontos_originais":25,"ano":"2026","cultura":"Milho"}},{"type":"Feature","geometry":{"type":"Point","coordinates":[-52.224965891933955,-10.293646048754038]},"properties":{"Fazenda":"FE","Campo":"FE 19","produtividade":169.46853280000002,"unidade_produtividade":"sc/ha","pontos_originais":25,"ano":"2026","cultura":"Milho"}},{"type":"Feature","geometry":{"type":"Point","coordinates":[-52.22519415892385,-10.29364518490564]},"properties":{"Fazenda":"FE","Campo":"FE 19","produtividade":169.63946552000002,"unidade_produtividade":"sc/ha","pontos_originais":25,"ano":"2026","cultura":"Milho"}},{"type":"Feature","geometry":{"type":"Point","coordinates":[-52.22473762492389,-10.293646912441572]},"properties":{"Fazenda":"FE","Campo":"FE 19","produtividade":169.82144648000002,"unidade_produtividade":"sc/ha","pontos_originais":25,"ano":"2026","cultura":"Milho"}},{"type":"Feature","geometry":{"type":"Point","coordinates":[-52.22565069284302,-10.293643456726256]},"properties":{"Fazenda":"FE","Campo":"FE 19","produtividade":168.26032047999996,"unidade_produtividade":"sc/ha","pontos_originais":25,"ano":"2026","cultura":"Milho"}},{"type":"Feature","geometry":{"type":"Point","coordinates":[-52.22542242589353,-10.293644320896378]},"properties":{"Fazenda":"FE","Campo":"FE 19","produtividade":169.6837632,"unidade_produtividade":"sc/ha","pontos_originais":25,"ano":"2026","cultura":"Milho"}},{"type":"Feature","geometry":{"type":"Point","coordinates":[-52.21766133761801,-10.293673606966381]},"properties":{"Fazenda":"FE","Campo":"FE 19","produtividade":149.52027944000002,"unidade_produtividade":"sc/ha","pontos_originais":25,"ano":"2026","cultura":"Milho"}},{"type":"Feature","geometry":{"type":"Point","coordinates":[-52.21788960525211,-10.293672748265656]},"properties":{"Fazenda":"FE","Campo":"FE 19","produtividade":155.60935600000002,"unidade_produtividade":"sc/ha","pontos_originais":25,"ano":"2026","cultura":"Milho"}},{"type":"Feature","geometry":{"type":"Point","coordinates":[-52.21743306996385,-10.293674465506243]},"properties":{"Fazenda":"FE","Campo":"FE 19","produtividade":131.57017328,"unidade_produtividade":"sc/ha","pontos_originais":25,"ano":"2026","cultura":"Milho"}},{"type":"Feature","geometry":{"type":"Point","coordinates":[-52.217204802289636,-10.293675323885239]},"properties":{"Fazenda":"FE","Campo":"FE 19","produtividade":103.97435943999999,"unidade_produtividade":"sc/ha","pontos_originais":25,"ano":"2026","cultura":"Milho"}},{"type":"Feature","geometry":{"type":"Point","coordinates":[-52.21857440803393,-10.29367017119828]},"properties":{"Fazenda":"FE","Campo":"FE 19","produtividade":162.01203704,"unidade_produtividade":"sc/ha","pontos_originais":25,"ano":"2026","cultura":"Milho"}},{"type":"Feature","geometry":{"type":"Point","coordinates":[-52.21834614046007,-10.2936710303816]},"properties":{"Fazenda":"FE","Campo":"FE 19","produtividade":159.84067231999998,"unidade_produtividade":"sc/ha","pontos_originais":25,"ano":"2026","cultura":"Milho"}},{"type":"Feature","geometry":{"type":"Point","coordinates":[-52.21811787286613,-10.293671889404061]},"properties":{"Fazenda":"FE","Campo":"FE 19","produtividade":158.04635168,"unidade_produtividade":"sc/ha","pontos_originais":25,"ano":"2026","cultura":"Milho"}},{"type":"Feature","geometry":{"type":"Point","coordinates":[-52.21629173139215,-10.293678755792559]},"properties":{"Fazenda":"FE","Campo":"FE 19","produtividade":66.77285104000002,"unidade_produtividade":"sc/ha","pontos_originais":25,"ano":"2026","cultura":"Milho"}},{"type":"Feature","geometry":{"type":"Point","coordinates":[-52.21606346361764,-10.293679613367221]},"properties":{"Fazenda":"FE","Campo":"FE 19","produtividade":92.765498,"unidade_produtividade":"sc/ha","pontos_originais":25,"ano":"2026","cultura":"Milho"}},{"type":"Feature","geometry":{"type":"Point","coordinates":[-52.21583519582311,-10.293680470781021]},"properties":{"Fazenda":"FE","Campo":"FE 19","produtividade":117.08556048,"unidade_produtividade":"sc/ha","pontos_originais":25,"ano":"2026","cultura":"Milho"}},{"type":"Feature","geometry":{"type":"Point","coordinates":[-52.21560692800852,-10.293681328033959]},"properties":{"Fazenda":"FE","Campo":"FE 19","produtividade":137.44530912,"unidade_produtividade":"sc/ha","pontos_originais":25,"ano":"2026","cultura":"Milho"}},{"type":"Feature","geometry":{"type":"Point","coordinates":[-52.216976534595354,-10.293676182103365]},"properties":{"Fazenda":"FE","Campo":"FE 19","produtividade":77.86869664,"unidade_produtividade":"sc/ha","pontos_originais":25,"ano":"2026","cultura":"Milho"}},{"type":"Feature","geometry":{"type":"Point","coordinates":[-52.216748266881,-10.293677040160631]},"properties":{"Fazenda":"FE","Campo":"FE 19","produtividade":70.90173271999998,"unidade_produtividade":"sc/ha","pontos_originais":25,"ano":"2026","cultura":"Milho"}},{"type":"Feature","geometry":{"type":"Point","coordinates":[-52.21651999914659,-10.293677898057028]},"properties":{"Fazenda":"FE","Campo":"FE 19","produtividade":55.35048176,"unidade_produtividade":"sc/ha","pontos_originais":25,"ano":"2026","cultura":"Milho"}},{"type":"Feature","geometry":{"type":"Point","coordinates":[-52.22062881529443,-10.29366243130942]},"properties":{"Fazenda":"FE","Campo":"FE 19","produtividade":150.94840096,"unidade_produtividade":"sc/ha","pontos_originais":25,"ano":"2026","cultura":"Milho"}},{"type":"Feature","geometry":{"type":"Point","coordinates":[-52.22085708266729,-10.29366157051744]},"properties":{"Fazenda":"FE","Campo":"FE 19","produtividade":152.88678215999997,"unidade_produtividade":"sc/ha","pontos_originais":25,"ano":"2026","cultura":"Milho"}},{"type":"Feature","geometry":{"type":"Point","coordinates":[-52.220400547901455,-10.293663291940529]},"properties":{"Fazenda":"FE","Campo":"FE 19","produtividade":155.12225624,"unidade_produtividade":"sc/ha","pontos_originais":25,"ano":"2026","cultura":"Milho"}},{"type":"Feature","geometry":{"type":"Point","coordinates":[-52.22017228048838,-10.293664152410777]},"properties":{"Fazenda":"FE","Campo":"FE 19","produtividade":159.64127703999998,"unidade_produtividade":"sc/ha","pontos_originais":25,"ano":"2026","cultura":"Milho"}},{"type":"Feature","geometry":{"type":"Point","coordinates":[-52.22131361735259,-10.293659848450892]},"properties":{"Fazenda":"FE","Campo":"FE 19","produtividade":156.76833984,"unidade_produtividade":"sc/ha","pontos_originais":25,"ano":"2026","cultura":"Milho"}},{"type":"Feature","geometry":{"type":"Point","coordinates":[-52.22108535001998,-10.293660709564598]},"properties":{"Fazenda":"FE","Campo":"FE 19","produtividade":154.54467,"unidade_produtividade":"sc/ha","pontos_originais":25,"ano":"2026","cultura":"Milho"}},{"type":"Feature","geometry":{"type":"Point","coordinates":[-52.219259210635,-10.293667592683112]},"properties":{"Fazenda":"FE","Campo":"FE 19","produtividade":167.21790399999998,"unidade_produtividade":"sc/ha","pontos_originais":25,"ano":"2026","cultura":"Milho"}},{"type":"Feature","geometry":{"type":"Point","coordinates":[-52.219030943121396,-10.293668452349033]},"properties":{"Fazenda":"FE","Campo":"FE 19","produtividade":165.71206847999997,"unidade_produtividade":"sc/ha","pontos_originais":25,"ano":"2026","cultura":"Milho"}},{"type":"Feature","geometry":{"type":"Point","coordinates":[-52.2188026755877,-10.293669311854089]},"properties":{"Fazenda":"FE","Campo":"FE 19","produtividade":164.45748704,"unidade_produtividade":"sc/ha","pontos_originais":25,"ano":"2026","cultura":"Milho"}},{"type":"Feature","geometry":{"type":"Point","coordinates":[-52.2199440130552,-10.29366501272016]},"properties":{"Fazenda":"FE","Campo":"FE 19","produtividade":162.35127160000002,"unidade_produtividade":"sc/ha","pontos_originais":25,"ano":"2026","cultura":"Milho"}},{"type":"Feature","geometry":{"type":"Point","coordinates":[-52.21971574560188,-10.293665872868676]},"properties":{"Fazenda":"FE","Campo":"FE 19","produtividade":164.78170800000004,"unidade_produtividade":"sc/ha","pontos_originais":25,"ano":"2026","cultura":"Milho"}},{"type":"Feature","geometry":{"type":"Point","coordinates":[-52.21948747812849,-10.293666732856327]},"properties":{"Fazenda":"FE","Campo":"FE 19","produtividade":165.2822332,"unidade_produtividade":"sc/ha","pontos_originais":25,"ano":"2026","cultura":"Milho"}},{"type":"Feature","geometry":{"type":"Point","coordinates":[-52.21492212444456,-10.293683898827556]},"properties":{"Fazenda":"FE","Campo":"FE 19","produtividade":167.99955256,"unidade_produtividade":"sc/ha","pontos_originais":25,"ano":"2026","cultura":"Milho"}},{"type":"Feature","geometry":{"type":"Point","coordinates":[-52.21469385654987,-10.29368475543702]},"properties":{"Fazenda":"FE","Campo":"FE 19","produtividade":166.40391712000002,"unidade_produtividade":"sc/ha","pontos_originais":25,"ano":"2026","cultura":"Milho"}},{"type":"Feature","geometry":{"type":"Point","coordinates":[-52.21446558863513,-10.293685611885623]},"properties":{"Fazenda":"FE","Campo":"FE 19","produtividade":163.85512527999998,"unidade_produtividade":"sc/ha","pontos_originais":25,"ano":"2026","cultura":"Milho"}},{"type":"Feature","geometry":{"type":"Point","coordinates":[-52.214237320700406,-10.293686468173355]},"properties":{"Fazenda":"FE","Campo":"FE 19","produtividade":154.47322631999998,"unidade_produtividade":"sc/ha","pontos_originais":25,"ano":"2026","cultura":"Milho"}},{"type":"Feature","geometry":{"type":"Point","coordinates":[-52.215378660173904,-10.293682185126022]},"properties":{"Fazenda":"FE","Campo":"FE 19","produtividade":156.05954728000003,"unidade_produtividade":"sc/ha","pontos_originais":25,"ano":"2026","cultura":"Milho"}},{"type":"Feature","geometry":{"type":"Point","coordinates":[-52.21515039231924,-10.293683042057221]},"properties":{"Fazenda":"FE","Campo":"FE 19","produtividade":164.55434631999998,"unidade_produtividade":"sc/ha","pontos_originais":25,"ano":"2026","cultura":"Milho"}},{"type":"Feature","geometry":{"type":"Point","coordinates":[-52.21332803883078,-10.29368610980128]},"properties":{"Fazenda":"FE","Campo":"FE 19","produtividade":132.17248800000002,"unidade_produtividade":"sc/ha","pontos_originais":24,"ano":"2026","cultura":"Milho"}},{"type":"Feature","geometry":{"type":"Point","coordinates":[-52.213552516776105,-10.293689036071353]},"properties":{"Fazenda":"FE","Campo":"FE 19","produtividade":133.98265104,"unidade_produtividade":"sc/ha","pontos_originais":25,"ano":"2026","cultura":"Milho"}},{"type":"Feature","geometry":{"type":"Point","coordinates":[-52.21400905274563,-10.293687324300217]},"properties":{"Fazenda":"FE","Campo":"FE 19","produtividade":144.93839416000003,"unidade_produtividade":"sc/ha","pontos_originais":25,"ano":"2026","cultura":"Milho"}},{"type":"Feature","geometry":{"type":"Point","coordinates":[-52.21378078477089,-10.29368818026622]},"properties":{"Fazenda":"FE","Campo":"FE 19","produtividade":137.25666976,"unidade_produtividade":"sc/ha","pontos_originais":25,"ano":"2026","cultura":"Milho"}},{"type":"Feature","geometry":{"type":"Point","coordinates":[-52.21318694241421,-10.293599981304578]},"properties":{"Fazenda":"FE","Campo":"FE 19","produtividade":130.842488,"unidade_produtividade":"sc/ha","pontos_originais":1,"ano":"2026","cultura":"Milho"}},{"type":"Feature","geometry":{"type":"Point","coordinates":[-52.227424191100894,-10.293647170765025]},"properties":{"Fazenda":"FE","Campo":"FE 19","produtividade":105.30735384615386,"unidade_produtividade":"sc/ha","pontos_originais":13,"ano":"2026","cultura":"Milho"}},{"type":"Feature","geometry":{"type":"Point","coordinates":[-52.21651393625708,-10.292095484724094]},"properties":{"Fazenda":"FE","Campo":"FE 19","produtividade":168.32410111999997,"unidade_produtividade":"sc/ha","pontos_originais":25,"ano":"2026","cultura":"Milho"}},{"type":"Feature","geometry":{"type":"Point","coordinates":[-52.21628566963958,-10.292096342325]},"properties":{"Fazenda":"FE","Campo":"FE 19","produtividade":166.12281896000002,"unidade_produtividade":"sc/ha","pontos_originais":25,"ano":"2026","cultura":"Milho"}},{"type":"Feature","geometry":{"type":"Point","coordinates":[-52.216057403002054,-10.292097199765061]},"properties":{"Fazenda":"FE","Campo":"FE 19","produtividade":164.98220144000004,"unidade_produtividade":"sc/ha","pontos_originais":25,"ano":"2026","cultura":"Milho"}},{"type":"Feature","geometry":{"type":"Point","coordinates":[-52.215829136344475,-10.292098057044289]},"properties":{"Fazenda":"FE","Campo":"FE 19","produtividade":164.352272,"unidade_produtividade":"sc/ha","pontos_originais":25,"ano":"2026","cultura":"Milho"}},{"type":"Feature","geometry":{"type":"Point","coordinates":[-52.21719873598928,-10.292092910956328]},"properties":{"Fazenda":"FE","Campo":"FE 19","produtividade":171.84860840000002,"unidade_produtividade":"sc/ha","pontos_originais":25,"ano":"2026","cultura":"Milho"}},{"type":"Feature","geometry":{"type":"Point","coordinates":[-52.216970469431935,-10.29209376903976]},"properties":{"Fazenda":"FE","Campo":"FE 19","produtividade":172.04268424000003,"unidade_produtividade":"sc/ha","pontos_originais":25,"ano":"2026","cultura":"Milho"}},{"type":"Feature","geometry":{"type":"Point","coordinates":[-52.21674220285455,-10.292094626962347]},"properties":{"Fazenda":"FE","Campo":"FE 19","produtividade":170.64265568,"unidade_produtividade":"sc/ha","pontos_originais":25,"ano":"2026","cultura":"Milho"}},{"type":"Feature","geometry":{"type":"Point","coordinates":[-52.21491606951378,-10.292101484552772]},"properties":{"Fazenda":"FE","Campo":"FE 19","produtividade":164.16186192,"unidade_produtividade":"sc/ha","pontos_originais":25,"ano":"2026","cultura":"Milho"}},{"type":"Feature","geometry":{"type":"Point","coordinates":[-52.21514433625151,-10.292100627916914]},"properties":{"Fazenda":"FE","Campo":"FE 19","produtividade":163.77127872,"unidade_produtividade":"sc/ha","pontos_originais":25,"ano":"2026","cultura":"Milho"}},{"type":"Feature","geometry":{"type":"Point","coordinates":[-52.21468780275603,-10.292102341027787]},"properties":{"Fazenda":"FE","Campo":"FE 19","produtividade":164.68988591999997,"unidade_produtividade":"sc/ha","pontos_originais":25,"ano":"2026","cultura":"Milho"}},{"type":"Feature","geometry":{"type":"Point","coordinates":[-52.214459535978264,-10.292103197341966]},"properties":{"Fazenda":"FE","Campo":"FE 19","produtividade":163.89232327999997,"unidade_produtividade":"sc/ha","pontos_originais":25,"ano":"2026","cultura":"Milho"}},{"type":"Feature","geometry":{"type":"Point","coordinates":[-52.215600869666844,-10.292098914162672]},"properties":{"Fazenda":"FE","Campo":"FE 19","produtividade":164.40782511999998,"unidade_produtividade":"sc/ha","pontos_originais":25,"ano":"2026","cultura":"Milho"}},{"type":"Feature","geometry":{"type":"Point","coordinates":[-52.215372602969175,-10.292099771120213]},"properties":{"Fazenda":"FE","Campo":"FE 19","produtividade":164.12949056000002,"unidade_produtividade":"sc/ha","pontos_originais":25,"ano":"2026","cultura":"Milho"}},{"type":"Feature","geometry":{"type":"Point","coordinates":[-52.219253134102054,-10.29208518096765]},"properties":{"Fazenda":"FE","Campo":"FE 19","produtividade":163.14215736,"unidade_produtividade":"sc/ha","pontos_originais":25,"ano":"2026","cultura":"Milho"}},{"type":"Feature","geometry":{"type":"Point","coordinates":[-52.2194814004586,-10.292084321275818]},"properties":{"Fazenda":"FE","Campo":"FE 19","produtividade":163.35144671999998,"unidade_produtividade":"sc/ha","pontos_originais":25,"ano":"2026","cultura":"Milho"}},{"type":"Feature","geometry":{"type":"Point","coordinates":[-52.2190248677254,-10.29208604049864]},"properties":{"Fazenda":"FE","Campo":"FE 19","produtividade":163.14373936,"unidade_produtividade":"sc/ha","pontos_originais":25,"ano":"2026","cultura":"Milho"}},{"type":"Feature","geometry":{"type":"Point","coordinates":[-52.218796601328656,-10.292086899868794]},"properties":{"Fazenda":"FE","Campo":"FE 19","produtividade":164.95698800000002,"unidade_produtividade":"sc/ha","pontos_originais":25,"ano":"2026","cultura":"Milho"}},{"type":"Feature","geometry":{"type":"Point","coordinates":[-52.22016619940765,-10.29208174123528]},"properties":{"Fazenda":"FE","Campo":"FE 19","produtividade":156.60389023999997,"unidade_produtividade":"sc/ha","pontos_originais":25,"ano":"2026","cultura":"Milho"}},{"type":"Feature","geometry":{"type":"Point","coordinates":[-52.219937933111396,-10.292082601409632]},"properties":{"Fazenda":"FE","Campo":"FE 19","produtividade":157.95717112,"unidade_produtividade":"sc/ha","pontos_originais":25,"ano":"2026","cultura":"Milho"}},{"type":"Feature","geometry":{"type":"Point","coordinates":[-52.21970966679506,-10.292083461423145]},"properties":{"Fazenda":"FE","Campo":"FE 19","produtividade":162.19532280000004,"unidade_produtividade":"sc/ha","pontos_originais":25,"ano":"2026","cultura":"Milho"}},{"type":"Feature","geometry":{"type":"Point","coordinates":[-52.217883535540885,-10.292090335740998]},"properties":{"Fazenda":"FE","Campo":"FE 19","produtividade":166.66684608,"unidade_produtividade":"sc/ha","pontos_originais":25,"ano":"2026","cultura":"Milho"}},{"type":"Feature","geometry":{"type":"Point","coordinates":[-52.21765526904375,-10.29209119430695]},"properties":{"Fazenda":"FE","Campo":"FE 19","produtividade":167.1110028,"unidade_produtividade":"sc/ha","pontos_originais":25,"ano":"2026","cultura":"Milho"}},{"type":"Feature","geometry":{"type":"Point","coordinates":[-52.217427002526534,-10.292092052712057]},"properties":{"Fazenda":"FE","Campo":"FE 19","produtividade":169.09318216,"unidade_produtividade":"sc/ha","pontos_originais":25,"ano":"2026","cultura":"Milho"}},{"type":"Feature","geometry":{"type":"Point","coordinates":[-52.218568334911836,-10.292087759078106]},"properties":{"Fazenda":"FE","Campo":"FE 19","produtividade":167.48342352,"unidade_produtividade":"sc/ha","pontos_originais":25,"ano":"2026","cultura":"Milho"}},{"type":"Feature","geometry":{"type":"Point","coordinates":[-52.21834006847493,-10.292088618126577]},"properties":{"Fazenda":"FE","Campo":"FE 19","produtividade":168.18327792000002,"unidade_produtividade":"sc/ha","pontos_originais":25,"ano":"2026","cultura":"Milho"}},{"type":"Feature","geometry":{"type":"Point","coordinates":[-52.218111802017944,-10.292089477014208]},"properties":{"Fazenda":"FE","Campo":"FE 19","produtividade":167.20982712,"unidade_produtividade":"sc/ha","pontos_originais":25,"ano":"2026","cultura":"Milho"}},{"type":"Feature","geometry":{"type":"Point","coordinates":[-52.224274989297456,-10.292066230593399]},"properties":{"Fazenda":"FE","Campo":"FE 19","produtividade":157.28031367999998,"unidade_produtividade":"sc/ha","pontos_originais":25,"ano":"2026","cultura":"Milho"}},{"type":"Feature","geometry":{"type":"Point","coordinates":[-52.224503255210955,-10.292065367363097]},"properties":{"Fazenda":"FE","Campo":"FE 19","produtividade":155.88540408,"unidade_produtividade":"sc/ha","pontos_originais":25,"ano":"2026","cultura":"Milho"}},{"type":"Feature","geometry":{"type":"Point","coordinates":[-52.22404672336376,-10.292067093662855]},"properties":{"Fazenda":"FE","Campo":"FE 19","produtividade":157.27991272,"unidade_produtividade":"sc/ha","pontos_originais":25,"ano":"2026","cultura":"Milho"}},{"type":"Feature","geometry":{"type":"Point","coordinates":[-52.22381845740993,-10.292067956571472]},"properties":{"Fazenda":"FE","Campo":"FE 19","produtividade":157.32504592,"unidade_produtividade":"sc/ha","pontos_originais":25,"ano":"2026","cultura":"Milho"}},{"type":"Feature","geometry":{"type":"Point","coordinates":[-52.22495978697741,-10.29206364041999]},"properties":{"Fazenda":"FE","Campo":"FE 19","produtividade":152.73523384,"unidade_produtividade":"sc/ha","pontos_originais":25,"ano":"2026","cultura":"Milho"}},{"type":"Feature","geometry":{"type":"Point","coordinates":[-52.22518805283035,-10.292062776707176]},"properties":{"Fazenda":"FE","Campo":"FE 19","produtividade":149.67388463999998,"unidade_produtividade":"sc/ha","pontos_originais":25,"ano":"2026","cultura":"Milho"}},{"type":"Feature","geometry":{"type":"Point","coordinates":[-52.22473152110427,-10.292064503971961]},"properties":{"Fazenda":"FE","Campo":"FE 19","produtividade":154.12504632,"unidade_produtividade":"sc/ha","pontos_originais":25,"ano":"2026","cultura":"Milho"}},{"type":"Feature","geometry":{"type":"Point","coordinates":[-52.22290539339285,-10.292071406597564]},"properties":{"Fazenda":"FE","Campo":"FE 19","produtividade":161.16217039999998,"unidade_produtividade":"sc/ha","pontos_originais":25,"ano":"2026","cultura":"Milho"}},{"type":"Feature","geometry":{"type":"Point","coordinates":[-52.222677127338166,-10.292072268701993]},"properties":{"Fazenda":"FE","Campo":"FE 19","produtividade":164.78372904,"unidade_produtividade":"sc/ha","pontos_originais":25,"ano":"2026","cultura":"Milho"}},{"type":"Feature","geometry":{"type":"Point","coordinates":[-52.22244886126336,-10.292073130645576]},"properties":{"Fazenda":"FE","Campo":"FE 19","produtividade":164.659502,"unidade_produtividade":"sc/ha","pontos_originais":25,"ano":"2026","cultura":"Milho"}},{"type":"Feature","geometry":{"type":"Point","coordinates":[-52.22222059516838,-10.292073992428326]},"properties":{"Fazenda":"FE","Campo":"FE 19","produtividade":163.73741048000002,"unidade_produtividade":"sc/ha","pontos_originais":25,"ano":"2026","cultura":"Milho"}},{"type":"Feature","geometry":{"type":"Point","coordinates":[-52.2235901914359,-10.292068819319255]},"properties":{"Fazenda":"FE","Campo":"FE 19","produtividade":155.1315584,"unidade_produtividade":"sc/ha","pontos_originais":25,"ano":"2026","cultura":"Milho"}},{"type":"Feature","geometry":{"type":"Point","coordinates":[-52.223361925441715,-10.292069681906195]},"properties":{"Fazenda":"FE","Campo":"FE 19","produtividade":154.36768983999994,"unidade_produtividade":"sc/ha","pontos_originais":25,"ano":"2026","cultura":"Milho"}},{"type":"Feature","geometry":{"type":"Point","coordinates":[-52.22313365942735,-10.2920705443323]},"properties":{"Fazenda":"FE","Campo":"FE 19","produtividade":156.01188848,"unidade_produtividade":"sc/ha","pontos_originais":25,"ano":"2026","cultura":"Milho"}},{"type":"Feature","geometry":{"type":"Point","coordinates":[-52.2135464686671,-10.292106620990257]},"properties":{"Fazenda":"FE","Campo":"FE 19","produtividade":147.55581456000002,"unidade_produtividade":"sc/ha","pontos_originais":25,"ano":"2026","cultura":"Milho"}},{"type":"Feature","geometry":{"type":"Point","coordinates":[-52.213326164038946,-10.29211334394677]},"properties":{"Fazenda":"FE","Campo":"FE 19","produtividade":144.64595113043478,"unidade_produtividade":"sc/ha","pontos_originais":23,"ano":"2026","cultura":"Milho"}},{"type":"Feature","geometry":{"type":"Point","coordinates":[-52.226785913235325,-10.29205672621402]},"properties":{"Fazenda":"FE","Campo":"FE 19","produtividade":104.36987007999998,"unidade_produtividade":"sc/ha","pontos_originais":25,"ano":"2026","cultura":"Milho"}},{"type":"Feature","geometry":{"type":"Point","coordinates":[-52.22692304734574,-10.292101418875667]},"properties":{"Fazenda":"FE","Campo":"FE 19","produtividade":97.32191466666667,"unidade_produtividade":"sc/ha","pontos_originais":3,"ano":"2026","cultura":"Milho"}},{"type":"Feature","geometry":{"type":"Point","coordinates":[-52.226557647523826,-10.292057591052696]},"properties":{"Fazenda":"FE","Campo":"FE 19","produtividade":118.27493439999998,"unidade_produtividade":"sc/ha","pontos_originais":25,"ano":"2026","cultura":"Milho"}},{"type":"Feature","geometry":{"type":"Point","coordinates":[-52.21423126918048,-10.2921040534953]},"properties":{"Fazenda":"FE","Campo":"FE 19","produtividade":160.92073479999996,"unidade_produtividade":"sc/ha","pontos_originais":25,"ano":"2026","cultura":"Milho"}},{"type":"Feature","geometry":{"type":"Point","coordinates":[-52.214003002362695,-10.292104909487795]},"properties":{"Fazenda":"FE","Campo":"FE 19","produtividade":156.7583584,"unidade_produtividade":"sc/ha","pontos_originais":25,"ano":"2026","cultura":"Milho"}},{"type":"Feature","geometry":{"type":"Point","coordinates":[-52.21377473552489,-10.292105765319448]},"properties":{"Fazenda":"FE","Campo":"FE 19","produtividade":154.5336632,"unidade_produtividade":"sc/ha","pontos_originais":25,"ano":"2026","cultura":"Milho"}},{"type":"Feature","geometry":{"type":"Point","coordinates":[-52.225872850268,-10.292060184603706]},"properties":{"Fazenda":"FE","Campo":"FE 19","produtividade":148.67601224,"unidade_produtividade":"sc/ha","pontos_originais":25,"ano":"2026","cultura":"Milho"}},{"type":"Feature","geometry":{"type":"Point","coordinates":[-52.225644584475646,-10.292061048799034]},"properties":{"Fazenda":"FE","Campo":"FE 19","produtividade":148.4426748,"unidade_produtividade":"sc/ha","pontos_originais":25,"ano":"2026","cultura":"Milho"}},{"type":"Feature","geometry":{"type":"Point","coordinates":[-52.225416318663086,-10.292061912833521]},"properties":{"Fazenda":"FE","Campo":"FE 19","produtividade":148.96799624000002,"unidade_produtividade":"sc/ha","pontos_originais":25,"ano":"2026","cultura":"Milho"}},{"type":"Feature","geometry":{"type":"Point","coordinates":[-52.22632938179208,-10.292058455730539]},"properties":{"Fazenda":"FE","Campo":"FE 19","produtividade":133.6949096,"unidade_produtividade":"sc/ha","pontos_originais":25,"ano":"2026","cultura":"Milho"}},{"type":"Feature","geometry":{"type":"Point","coordinates":[-52.226101116040155,-10.292059320247542]},"properties":{"Fazenda":"FE","Campo":"FE 19","produtividade":145.14104695999998,"unidade_produtividade":"sc/ha","pontos_originais":25,"ano":"2026","cultura":"Milho"}},{"type":"Feature","geometry":{"type":"Point","coordinates":[-52.22130753058711,-10.292077437950923]},"properties":{"Fazenda":"FE","Campo":"FE 19","produtividade":163.65358296,"unidade_produtividade":"sc/ha","pontos_originais":25,"ano":"2026","cultura":"Milho"}},{"type":"Feature","geometry":{"type":"Point","coordinates":[-52.22153579676263,-10.292076576811532]},"properties":{"Fazenda":"FE","Campo":"FE 19","produtividade":165.99767519999997,"unidade_produtividade":"sc/ha","pontos_originais":25,"ano":"2026","cultura":"Milho"}},{"type":"Feature","geometry":{"type":"Point","coordinates":[-52.221079264391456,-10.292078298929473]},"properties":{"Fazenda":"FE","Campo":"FE 19","produtividade":159.55403016000002,"unidade_produtividade":"sc/ha","pontos_originais":25,"ano":"2026","cultura":"Milho"}},{"type":"Feature","geometry":{"type":"Point","coordinates":[-52.22085099817569,-10.292079159747184]},"properties":{"Fazenda":"FE","Campo":"FE 19","produtividade":157.62804512,"unidade_produtividade":"sc/ha","pontos_originais":25,"ano":"2026","cultura":"Milho"}},{"type":"Feature","geometry":{"type":"Point","coordinates":[-52.22199232905328,-10.292074854050234]},"properties":{"Fazenda":"FE","Campo":"FE 19","produtividade":163.93636279999998,"unidade_produtividade":"sc/ha","pontos_originais":25,"ano":"2026","cultura":"Milho"}},{"type":"Feature","geometry":{"type":"Point","coordinates":[-52.22176406291801,-10.292075715511306]},"properties":{"Fazenda":"FE","Campo":"FE 19","produtividade":165.93279584,"unidade_produtividade":"sc/ha","pontos_originais":25,"ano":"2026","cultura":"Milho"}},{"type":"Feature","geometry":{"type":"Point","coordinates":[-52.22062273193979,-10.292080020404056]},"properties":{"Fazenda":"FE","Campo":"FE 19","produtividade":157.11084536,"unidade_produtividade":"sc/ha","pontos_originais":25,"ano":"2026","cultura":"Milho"}},{"type":"Feature","geometry":{"type":"Point","coordinates":[-52.22039446568376,-10.292080880900087]},"properties":{"Fazenda":"FE","Campo":"FE 19","produtividade":155.36721424,"unidade_produtividade":"sc/ha","pontos_originais":25,"ano":"2026","cultura":"Milho"}},{"type":"Feature","geometry":{"type":"Point","coordinates":[-52.22695802968088,-10.292293438566064]},"properties":{"Fazenda":"FE","Campo":"FE 19","produtividade":101.04694366666666,"unidade_produtividade":"sc/ha","pontos_originais":12,"ano":"2026","cultura":"Milho"}},{"type":"Feature","geometry":{"type":"Point","coordinates":[-52.22678678661068,-10.292282784402069]},"properties":{"Fazenda":"FE","Campo":"FE 19","produtividade":109.29151184,"unidade_produtividade":"sc/ha","pontos_originais":25,"ano":"2026","cultura":"Milho"}},{"type":"Feature","geometry":{"type":"Point","coordinates":[-52.22655852073677,-10.292283649260142]},"properties":{"Fazenda":"FE","Campo":"FE 19","produtividade":128.09562472,"unidade_produtividade":"sc/ha","pontos_originais":25,"ano":"2026","cultura":"Milho"}},{"type":"Feature","geometry":{"type":"Point","coordinates":[-52.22633025484263,-10.292284513957375]},"properties":{"Fazenda":"FE","Campo":"FE 19","produtividade":141.40884688000003,"unidade_produtividade":"sc/ha","pontos_originais":25,"ano":"2026","cultura":"Milho"}},{"type":"Feature","geometry":{"type":"Point","coordinates":[-52.22267799779018,-10.292298327238589]},"properties":{"Fazenda":"FE","Campo":"FE 19","produtividade":164.8874472,"unidade_produtividade":"sc/ha","pontos_originais":25,"ano":"2026","cultura":"Milho"}},{"type":"Feature","geometry":{"type":"Point","coordinates":[-52.22244973155294,-10.292299189201508]},"properties":{"Fazenda":"FE","Campo":"FE 19","produtividade":163.2116864,"unidade_produtividade":"sc/ha","pontos_originais":25,"ano":"2026","cultura":"Milho"}},{"type":"Feature","geometry":{"type":"Point","coordinates":[-52.22222146529556,-10.292300051003576]},"properties":{"Fazenda":"FE","Campo":"FE 19","produtividade":161.70990247999998,"unidade_produtividade":"sc/ha","pontos_originais":25,"ano":"2026","cultura":"Milho"}},{"type":"Feature","geometry":{"type":"Point","coordinates":[-52.22199319901806,-10.292300912644812]},"properties":{"Fazenda":"FE","Campo":"FE 19","produtividade":160.29669936,"unidade_produtividade":"sc/ha","pontos_originais":25,"ano":"2026","cultura":"Milho"}},{"type":"Feature","geometry":{"type":"Point","coordinates":[-52.22336279638092,-10.292295740384786]},"properties":{"Fazenda":"FE","Campo":"FE 19","produtividade":162.70728936,"unidade_produtividade":"sc/ha","pontos_originais":25,"ano":"2026","cultura":"Milho"}},{"type":"Feature","geometry":{"type":"Point","coordinates":[-52.22313453020416,-10.292296602830229]},"properties":{"Fazenda":"FE","Campo":"FE 19","produtividade":163.16583808,"unidade_produtividade":"sc/ha","pontos_originais":25,"ano":"2026","cultura":"Milho"}},{"type":"Feature","geometry":{"type":"Point","coordinates":[-52.22290626400724,-10.292297465114832]},"properties":{"Fazenda":"FE","Campo":"FE 19","produtividade":164.64756672,"unidade_produtividade":"sc/ha","pontos_originais":25,"ano":"2026","cultura":"Milho"}},{"type":"Feature","geometry":{"type":"Point","coordinates":[-52.22108013370659,-10.292304357601301]},"properties":{"Fazenda":"FE","Campo":"FE 19","produtividade":156.08374320000001,"unidade_produtividade":"sc/ha","pontos_originais":25,"ano":"2026","cultura":"Milho"}},{"type":"Feature","geometry":{"type":"Point","coordinates":[-52.22130840006464,-10.292303496603443]},"properties":{"Fazenda":"FE","Campo":"FE 19","produtividade":157.47455248000003,"unidade_produtividade":"sc/ha","pontos_originais":25,"ano":"2026","cultura":"Milho"}},{"type":"Feature","geometry":{"type":"Point","coordinates":[-52.2208518673284,-10.292305218438319]},"properties":{"Fazenda":"FE","Campo":"FE 19","produtividade":156.97949792,"unidade_produtividade":"sc/ha","pontos_originais":25,"ano":"2026","cultura":"Milho"}},{"type":"Feature","geometry":{"type":"Point","coordinates":[-52.2206236009301,-10.29230607911449]},"properties":{"Fazenda":"FE","Campo":"FE 19","produtividade":158.14330672,"unidade_produtividade":"sc/ha","pontos_originais":25,"ano":"2026","cultura":"Milho"}},{"type":"Feature","geometry":{"type":"Point","coordinates":[-52.22176493272037,-10.292301774125196]},"properties":{"Fazenda":"FE","Campo":"FE 19","produtividade":161.96131056000002,"unidade_produtividade":"sc/ha","pontos_originais":25,"ano":"2026","cultura":"Milho"}},{"type":"Feature","geometry":{"type":"Point","coordinates":[-52.22153666640259,-10.29230263544474]},"properties":{"Fazenda":"FE","Campo":"FE 19","produtividade":159.38471583999998,"unidade_produtividade":"sc/ha","pontos_originais":25,"ano":"2026","cultura":"Milho"}},{"type":"Feature","geometry":{"type":"Point","coordinates":[-52.225645457038965,-10.292287107084022]},"properties":{"Fazenda":"FE","Campo":"FE 19","produtividade":155.57412808,"unidade_produtividade":"sc/ha","pontos_originais":25,"ano":"2026","cultura":"Milho"}},{"type":"Feature","geometry":{"type":"Point","coordinates":[-52.225417191064004,-10.292287971137885]},"properties":{"Fazenda":"FE","Campo":"FE 19","produtividade":156.02333711999995,"unidade_produtividade":"sc/ha","pontos_originais":25,"ano":"2026","cultura":"Milho"}},{"type":"Feature","geometry":{"type":"Point","coordinates":[-52.22518892506884,-10.292288835030911]},"properties":{"Fazenda":"FE","Campo":"FE 19","produtividade":156.06505656000007,"unidade_produtividade":"sc/ha","pontos_originais":25,"ano":"2026","cultura":"Milho"}},{"type":"Feature","geometry":{"type":"Point","coordinates":[-52.22496065905349,-10.292289698763092]},"properties":{"Fazenda":"FE","Campo":"FE 19","produtividade":155.80762903999997,"unidade_produtividade":"sc/ha","pontos_originais":25,"ano":"2026","cultura":"Milho"}},{"type":"Feature","geometry":{"type":"Point","coordinates":[-52.226101988928264,-10.292285378493764]},"properties":{"Fazenda":"FE","Campo":"FE 19","produtividade":151.42338455999996,"unidade_produtividade":"sc/ha","pontos_originais":25,"ano":"2026","cultura":"Milho"}},{"type":"Feature","geometry":{"type":"Point","coordinates":[-52.225873722993725,-10.292286242869313]},"properties":{"Fazenda":"FE","Campo":"FE 19","produtividade":155.33489496,"unidade_produtividade":"sc/ha","pontos_originais":25,"ano":"2026","cultura":"Milho"}},{"type":"Feature","geometry":{"type":"Point","coordinates":[-52.22404759479024,-10.292293152083401]},"properties":{"Fazenda":"FE","Campo":"FE 19","produtividade":161.07841064000002,"unidade_produtividade":"sc/ha","pontos_originais":25,"ano":"2026","cultura":"Milho"}},{"type":"Feature","geometry":{"type":"Point","coordinates":[-52.224275860886294,-10.292292288994586]},"properties":{"Fazenda":"FE","Campo":"FE 19","produtividade":157.76112576,"unidade_produtividade":"sc/ha","pontos_originais":25,"ano":"2026","cultura":"Milho"}},{"type":"Feature","geometry":{"type":"Point","coordinates":[-52.223819328673954,-10.292294015011372]},"properties":{"Fazenda":"FE","Campo":"FE 19","produtividade":162.93272128,"unidade_produtividade":"sc/ha","pontos_originais":25,"ano":"2026","cultura":"Milho"}},{"type":"Feature","geometry":{"type":"Point","coordinates":[-52.223591062537515,-10.292294877778495]},"properties":{"Fazenda":"FE","Campo":"FE 19","produtividade":162.44215680000002,"unidade_produtividade":"sc/ha","pontos_originais":25,"ano":"2026","cultura":"Milho"}},{"type":"Feature","geometry":{"type":"Point","coordinates":[-52.22473239301794,-10.292290562334433]},"properties":{"Fazenda":"FE","Campo":"FE 19","produtividade":156.14881688,"unidade_produtividade":"sc/ha","pontos_originais":25,"ano":"2026","cultura":"Milho"}},{"type":"Feature","geometry":{"type":"Point","coordinates":[-52.22450412696223,-10.29229142574493]},"properties":{"Fazenda":"FE","Campo":"FE 19","produtividade":156.58524616,"unidade_produtividade":"sc/ha","pontos_originais":25,"ano":"2026","cultura":"Milho"}},{"type":"Feature","geometry":{"type":"Point","coordinates":[-52.21674306908386,-10.292320686000338]},"properties":{"Fazenda":"FE","Campo":"FE 19","produtividade":166.41974384000002,"unidade_produtividade":"sc/ha","pontos_originais":25,"ano":"2026","cultura":"Milho"}},{"type":"Feature","geometry":{"type":"Point","coordinates":[-52.216971335823665,-10.292319828058512]},"properties":{"Fazenda":"FE","Campo":"FE 19","produtividade":167.67639896000003,"unidade_produtividade":"sc/ha","pontos_originais":25,"ano":"2026","cultura":"Milho"}},{"type":"Feature","geometry":{"type":"Point","coordinates":[-52.21651480232402,-10.292321543781322]},"properties":{"Fazenda":"FE","Campo":"FE 19","produtividade":164.87674112000002,"unidade_produtividade":"sc/ha","pontos_originais":25,"ano":"2026","cultura":"Milho"}},{"type":"Feature","geometry":{"type":"Point","coordinates":[-52.216286535544114,-10.292322401401458]},"properties":{"Fazenda":"FE","Campo":"FE 19","produtividade":162.87202344000002,"unidade_produtividade":"sc/ha","pontos_originais":25,"ano":"2026","cultura":"Milho"}},{"type":"Feature","geometry":{"type":"Point","coordinates":[-52.217427869243096,-10.292318111692325]},"properties":{"Fazenda":"FE","Campo":"FE 19","produtividade":168.16080624000003,"unidade_produtividade":"sc/ha","pontos_originais":25,"ano":"2026","cultura":"Milho"}},{"type":"Feature","geometry":{"type":"Point","coordinates":[-52.21765613592272,-10.292317253267964]},"properties":{"Fazenda":"FE","Campo":"FE 19","produtividade":166.76164735999998,"unidade_produtividade":"sc/ha","pontos_originais":25,"ano":"2026","cultura":"Milho"}},{"type":"Feature","geometry":{"type":"Point","coordinates":[-52.2171996025434,-10.292318969955838]},"properties":{"Fazenda":"FE","Campo":"FE 19","produtividade":168.66537296,"unidade_produtividade":"sc/ha","pontos_originais":25,"ano":"2026","cultura":"Milho"}},{"type":"Feature","geometry":{"type":"Point","coordinates":[-52.21537346822405,-10.292325830273564]},"properties":{"Fazenda":"FE","Campo":"FE 19","produtividade":161.55588680000002,"unidade_produtividade":"sc/ha","pontos_originais":25,"ano":"2026","cultura":"Milho"}},{"type":"Feature","geometry":{"type":"Point","coordinates":[-52.21514520134393,-10.292326687089478]},"properties":{"Fazenda":"FE","Campo":"FE 19","produtividade":159.22574248,"unidade_produtividade":"sc/ha","pontos_originais":25,"ano":"2026","cultura":"Milho"}},{"type":"Feature","geometry":{"type":"Point","coordinates":[-52.21491693444382,-10.29232754374455]},"properties":{"Fazenda":"FE","Campo":"FE 19","produtividade":157.69681703999996,"unidade_produtividade":"sc/ha","pontos_originais":25,"ano":"2026","cultura":"Milho"}},{"type":"Feature","geometry":{"type":"Point","coordinates":[-52.21468866752367,-10.292328400238773]},"properties":{"Fazenda":"FE","Campo":"FE 19","produtividade":158.95933815999996,"unidade_produtividade":"sc/ha","pontos_originais":25,"ano":"2026","cultura":"Milho"}},{"type":"Feature","geometry":{"type":"Point","coordinates":[-52.216058268744156,-10.292323258860756]},"properties":{"Fazenda":"FE","Campo":"FE 19","produtividade":162.90952384000002,"unidade_produtividade":"sc/ha","pontos_originais":25,"ano":"2026","cultura":"Milho"}},{"type":"Feature","geometry":{"type":"Point","coordinates":[-52.215830001924154,-10.292324116159202]},"properties":{"Fazenda":"FE","Campo":"FE 19","produtividade":163.64832232,"unidade_produtividade":"sc/ha","pontos_originais":25,"ano":"2026","cultura":"Milho"}},{"type":"Feature","geometry":{"type":"Point","coordinates":[-52.21560173508411,-10.292324973296804]},"properties":{"Fazenda":"FE","Campo":"FE 19","produtividade":164.17997288000004,"unidade_produtividade":"sc/ha","pontos_originais":25,"ano":"2026","cultura":"Milho"}},{"type":"Feature","geometry":{"type":"Point","coordinates":[-52.21971053513572,-10.292309520210745]},"properties":{"Fazenda":"FE","Campo":"FE 19","produtividade":168.98495656,"unidade_produtividade":"sc/ha","pontos_originais":25,"ano":"2026","cultura":"Milho"}},{"type":"Feature","geometry":{"type":"Point","coordinates":[-52.21948226863686,-10.2923103800827]},"properties":{"Fazenda":"FE","Campo":"FE 19","produtividade":170.52216720000004,"unidade_produtividade":"sc/ha","pontos_originais":25,"ano":"2026","cultura":"Milho"}},{"type":"Feature","geometry":{"type":"Point","coordinates":[-52.219254002117914,-10.292311239793811]},"properties":{"Fazenda":"FE","Campo":"FE 19","produtividade":168.83482896000004,"unidade_produtividade":"sc/ha","pontos_originais":25,"ano":"2026","cultura":"Milho"}},{"type":"Feature","geometry":{"type":"Point","coordinates":[-52.21902573557883,-10.29231209934408]},"properties":{"Fazenda":"FE","Campo":"FE 19","produtividade":167.22198079999998,"unidade_produtividade":"sc/ha","pontos_originais":25,"ano":"2026","cultura":"Milho"}},{"type":"Feature","geometry":{"type":"Point","coordinates":[-52.22039533451166,-10.292306939629817]},"properties":{"Fazenda":"FE","Campo":"FE 19","produtividade":158.54390216,"unidade_produtividade":"sc/ha","pontos_originais":25,"ano":"2026","cultura":"Milho"}},{"type":"Feature","geometry":{"type":"Point","coordinates":[-52.22016706807313,-10.292307799984306]},"properties":{"Fazenda":"FE","Campo":"FE 19","produtividade":161.43683527999997,"unidade_produtividade":"sc/ha","pontos_originais":25,"ano":"2026","cultura":"Milho"}},{"type":"Feature","geometry":{"type":"Point","coordinates":[-52.21993880161448,-10.292308660177946]},"properties":{"Fazenda":"FE","Campo":"FE 19","produtividade":165.08741647999994,"unidade_produtividade":"sc/ha","pontos_originais":25,"ano":"2026","cultura":"Milho"}},{"type":"Feature","geometry":{"type":"Point","coordinates":[-52.218340935841134,-10.29231467702982]},"properties":{"Fazenda":"FE","Campo":"FE 19","produtividade":171.20072031999996,"unidade_produtividade":"sc/ha","pontos_originais":25,"ano":"2026","cultura":"Milho"}},{"type":"Feature","geometry":{"type":"Point","coordinates":[-52.21811266922174,-10.292315535936712]},"properties":{"Fazenda":"FE","Campo":"FE 19","produtividade":169.20759015999997,"unidade_produtividade":"sc/ha","pontos_originais":25,"ano":"2026","cultura":"Milho"}},{"type":"Feature","geometry":{"type":"Point","coordinates":[-52.21788440258226,-10.292316394682759]},"properties":{"Fazenda":"FE","Campo":"FE 19","produtividade":167.72406447999998,"unidade_produtividade":"sc/ha","pontos_originais":25,"ano":"2026","cultura":"Milho"}},{"type":"Feature","geometry":{"type":"Point","coordinates":[-52.21879746901971,-10.292312958733502]},"properties":{"Fazenda":"FE","Campo":"FE 19","produtividade":168.43105384000003,"unidade_produtividade":"sc/ha","pontos_originais":25,"ano":"2026","cultura":"Milho"}},{"type":"Feature","geometry":{"type":"Point","coordinates":[-52.21856920244045,-10.292313817962084]},"properties":{"Fazenda":"FE","Campo":"FE 19","produtividade":169.92398696,"unidade_produtividade":"sc/ha","pontos_originais":25,"ano":"2026","cultura":"Milho"}},{"type":"Feature","geometry":{"type":"Point","coordinates":[-52.222219725061365,-10.291847933849851]},"properties":{"Fazenda":"FE","Campo":"FE 19","produtividade":161.29458688,"unidade_produtividade":"sc/ha","pontos_originais":25,"ano":"2026","cultura":"Milho"}},{"type":"Feature","geometry":{"type":"Point","coordinates":[-52.22199145910865,-10.291848795452438]},"properties":{"Fazenda":"FE","Campo":"FE 19","produtividade":163.99823776000002,"unidade_produtividade":"sc/ha","pontos_originais":25,"ano":"2026","cultura":"Milho"}},{"type":"Feature","geometry":{"type":"Point","coordinates":[-52.22176319313579,-10.291849656894188]},"properties":{"Fazenda":"FE","Campo":"FE 19","produtividade":167.39673943999998,"unidade_produtividade":"sc/ha","pontos_originais":25,"ano":"2026","cultura":"Milho"}},{"type":"Feature","geometry":{"type":"Point","coordinates":[-52.22153492714281,-10.291850518175101]},"properties":{"Fazenda":"FE","Campo":"FE 19","produtividade":169.04734448,"unidade_produtividade":"sc/ha","pontos_originais":25,"ano":"2026","cultura":"Milho"}},{"type":"Feature","geometry":{"type":"Point","coordinates":[-52.222904522798586,-10.291845348077082]},"properties":{"Fazenda":"FE","Campo":"FE 19","produtividade":158.8447896,"unidade_produtividade":"sc/ha","pontos_originais":25,"ano":"2026","cultura":"Milho"}},{"type":"Feature","geometry":{"type":"Point","coordinates":[-52.22267625690633,-10.291846210162173]},"properties":{"Fazenda":"FE","Campo":"FE 19","produtividade":161.4590796,"unidade_produtividade":"sc/ha","pontos_originais":25,"ano":"2026","cultura":"Milho"}},{"type":"Feature","geometry":{"type":"Point","coordinates":[-52.22244799099391,-10.291847072086432]},"properties":{"Fazenda":"FE","Campo":"FE 19","produtividade":161.97411103999997,"unidade_produtividade":"sc/ha","pontos_originais":25,"ano":"2026","cultura":"Milho"}},{"type":"Feature","geometry":{"type":"Point","coordinates":[-52.2206218629696,-10.291853961690403]},"properties":{"Fazenda":"FE","Campo":"FE 19","produtividade":161.72494967999998,"unidade_produtividade":"sc/ha","pontos_originais":25,"ano":"2026","cultura":"Milho"}},{"type":"Feature","geometry":{"type":"Point","coordinates":[-52.22085012904309,-10.291853101052833]},"properties":{"Fazenda":"FE","Campo":"FE 19","produtividade":163.31290808,"unidade_produtividade":"sc/ha","pontos_originais":25,"ano":"2026","cultura":"Milho"}},{"type":"Feature","geometry":{"type":"Point","coordinates":[-52.22039359687599,-10.291854822167135]},"properties":{"Fazenda":"FE","Campo":"FE 19","produtividade":159.94848632,"unidade_produtividade":"sc/ha","pontos_originais":25,"ano":"2026","cultura":"Milho"}},{"type":"Feature","geometry":{"type":"Point","coordinates":[-52.22016533076226,-10.291855682483035]},"properties":{"Fazenda":"FE","Campo":"FE 19","produtividade":157.73540216,"unidade_produtividade":"sc/ha","pontos_originais":25,"ano":"2026","cultura":"Milho"}},{"type":"Feature","geometry":{"type":"Point","coordinates":[-52.2213066611297,-10.291851379295183]},"properties":{"Fazenda":"FE","Campo":"FE 19","produtividade":167.03202096,"unidade_produtividade":"sc/ha","pontos_originais":25,"ano":"2026","cultura":"Milho"}},{"type":"Feature","geometry":{"type":"Point","coordinates":[-52.22107839509645,-10.291852240254425]},"properties":{"Fazenda":"FE","Campo":"FE 19","produtividade":164.11718736000003,"unidade_produtividade":"sc/ha","pontos_originais":25,"ano":"2026","cultura":"Milho"}},{"type":"Feature","geometry":{"type":"Point","coordinates":[-52.225187180612046,-10.291836718380218]},"properties":{"Fazenda":"FE","Campo":"FE 19","produtividade":146.68641119999998,"unidade_produtividade":"sc/ha","pontos_originais":25,"ano":"2026","cultura":"Milho"}},{"type":"Feature","geometry":{"type":"Point","coordinates":[-52.22495891492151,-10.291837582073663]},"properties":{"Fazenda":"FE","Campo":"FE 19","produtividade":147.93169048,"unidade_produtividade":"sc/ha","pontos_originais":25,"ano":"2026","cultura":"Milho"}},{"type":"Feature","geometry":{"type":"Point","coordinates":[-52.224730649210784,-10.291838445606272]},"properties":{"Fazenda":"FE","Campo":"FE 19","produtividade":147.87236968000002,"unidade_produtividade":"sc/ha","pontos_originais":25,"ano":"2026","cultura":"Milho"}},{"type":"Feature","geometry":{"type":"Point","coordinates":[-52.22450238347986,-10.291839308978044]},"properties":{"Fazenda":"FE","Campo":"FE 19","produtividade":149.59992376,"unidade_produtividade":"sc/ha","pontos_originais":25,"ano":"2026","cultura":"Milho"}},{"type":"Feature","geometry":{"type":"Point","coordinates":[-52.22587197756249,-10.29183412633488]},"properties":{"Fazenda":"FE","Campo":"FE 19","produtividade":144.08712416,"unidade_produtividade":"sc/ha","pontos_originais":25,"ano":"2026","cultura":"Milho"}},{"type":"Feature","geometry":{"type":"Point","coordinates":[-52.22564371193254,-10.291834990510827]},"properties":{"Fazenda":"FE","Campo":"FE 19","produtividade":145.82186808,"unidade_produtividade":"sc/ha","pontos_originais":25,"ano":"2026","cultura":"Milho"}},{"type":"Feature","geometry":{"type":"Point","coordinates":[-52.22541544628241,-10.291835854525939]},"properties":{"Fazenda":"FE","Campo":"FE 19","produtividade":146.5163532,"unidade_produtividade":"sc/ha","pontos_originais":25,"ano":"2026","cultura":"Milho"}},{"type":"Feature","geometry":{"type":"Point","coordinates":[-52.22358932035442,-10.291842760856788]},"properties":{"Fazenda":"FE","Campo":"FE 19","produtividade":154.89373704000002,"unidade_produtividade":"sc/ha","pontos_originais":25,"ano":"2026","cultura":"Milho"}},{"type":"Feature","geometry":{"type":"Point","coordinates":[-52.22381758616605,-10.291841898128355]},"properties":{"Fazenda":"FE","Campo":"FE 19","produtividade":155.91374007999997,"unidade_produtividade":"sc/ha","pontos_originais":25,"ano":"2026","cultura":"Milho"}},{"type":"Feature","geometry":{"type":"Point","coordinates":[-52.223361054522655,-10.291843623424388]},"properties":{"Fazenda":"FE","Campo":"FE 19","produtividade":155.1999232,"unidade_produtividade":"sc/ha","pontos_originais":25,"ano":"2026","cultura":"Milho"}},{"type":"Feature","geometry":{"type":"Point","coordinates":[-52.22313278867069,-10.291844485831152]},"properties":{"Fazenda":"FE","Campo":"FE 19","produtividade":155.97040088,"unidade_produtividade":"sc/ha","pontos_originais":25,"ano":"2026","cultura":"Milho"}},{"type":"Feature","geometry":{"type":"Point","coordinates":[-52.224274117728754,-10.291840172188984]},"properties":{"Fazenda":"FE","Campo":"FE 19","produtividade":152.06524759999996,"unidade_produtividade":"sc/ha","pontos_originais":25,"ano":"2026","cultura":"Milho"}},{"type":"Feature","geometry":{"type":"Point","coordinates":[-52.2240458519575,-10.291841035239088]},"properties":{"Fazenda":"FE","Campo":"FE 19","produtividade":154.28253624,"unidade_produtividade":"sc/ha","pontos_originais":25,"ano":"2026","cultura":"Milho"}},{"type":"Feature","geometry":{"type":"Point","coordinates":[-52.21628480375514,-10.291870283245318]},"properties":{"Fazenda":"FE","Campo":"FE 19","produtividade":170.69155712,"unidade_produtividade":"sc/ha","pontos_originais":25,"ano":"2026","cultura":"Milho"}},{"type":"Feature","geometry":{"type":"Point","coordinates":[-52.21651307021021,-10.291869425663645]},"properties":{"Fazenda":"FE","Campo":"FE 19","produtividade":172.45230576000006,"unidade_produtividade":"sc/ha","pontos_originais":25,"ano":"2026","cultura":"Milho"}},{"type":"Feature","geometry":{"type":"Point","coordinates":[-52.216056537280004,-10.291871140666153]},"properties":{"Fazenda":"FE","Campo":"FE 19","produtividade":171.3198004,"unidade_produtividade":"sc/ha","pontos_originais":25,"ano":"2026","cultura":"Milho"}},{"type":"Feature","geometry":{"type":"Point","coordinates":[-52.21582827078481,-10.291871997926155]},"properties":{"Fazenda":"FE","Campo":"FE 19","produtividade":170.43776736,"unidade_produtividade":"sc/ha","pontos_originais":25,"ano":"2026","cultura":"Milho"}},{"type":"Feature","geometry":{"type":"Point","coordinates":[-52.21696960306025,-10.291867710017785]},"properties":{"Fazenda":"FE","Campo":"FE 19","produtividade":170.67183168000003,"unidade_produtividade":"sc/ha","pontos_originais":25,"ano":"2026","cultura":"Milho"}},{"type":"Feature","geometry":{"type":"Point","coordinates":[-52.21719786945518,-10.291866851953598]},"properties":{"Fazenda":"FE","Campo":"FE 19","produtividade":169.21914520000007,"unidade_produtividade":"sc/ha","pontos_originais":25,"ano":"2026","cultura":"Milho"}},{"type":"Feature","geometry":{"type":"Point","coordinates":[-52.216741336645256,-10.291868567921133]},"properties":{"Fazenda":"FE","Campo":"FE 19","produtividade":172.67617024000003,"unidade_produtividade":"sc/ha","pontos_originais":25,"ano":"2026","cultura":"Milho"}},{"type":"Feature","geometry":{"type":"Point","coordinates":[-52.21491520460377,-10.291875425357775]},"properties":{"Fazenda":"FE","Campo":"FE 19","produtividade":167.82589880000003,"unidade_produtividade":"sc/ha","pontos_originais":25,"ano":"2026","cultura":"Milho"}},{"type":"Feature","geometry":{"type":"Point","coordinates":[-52.21468693800842,-10.291876281813584]},"properties":{"Fazenda":"FE","Campo":"FE 19","produtividade":167.58050512000003,"unidade_produtividade":"sc/ha","pontos_originais":25,"ano":"2026","cultura":"Milho"}},{"type":"Feature","geometry":{"type":"Point","coordinates":[-52.21445867139306,-10.291877138108557]},"properties":{"Fazenda":"FE","Campo":"FE 19","produtividade":166.6195608,"unidade_produtividade":"sc/ha","pontos_originais":25,"ano":"2026","cultura":"Milho"}},{"type":"Feature","geometry":{"type":"Point","coordinates":[-52.2142304047577,-10.291877994242695]},"properties":{"Fazenda":"FE","Campo":"FE 19","produtividade":164.71104160000002,"unidade_produtividade":"sc/ha","pontos_originais":25,"ano":"2026","cultura":"Milho"}},{"type":"Feature","geometry":{"type":"Point","coordinates":[-52.21560000426959,-10.291872855025312]},"properties":{"Fazenda":"FE","Campo":"FE 19","produtividade":169.73568864000003,"unidade_produtividade":"sc/ha","pontos_originais":25,"ano":"2026","cultura":"Milho"}},{"type":"Feature","geometry":{"type":"Point","coordinates":[-52.215371737734365,-10.291873711963635]},"properties":{"Fazenda":"FE","Campo":"FE 19","produtividade":167.85911072,"unidade_produtividade":"sc/ha","pontos_originais":25,"ano":"2026","cultura":"Milho"}},{"type":"Feature","geometry":{"type":"Point","coordinates":[-52.21514347117907,-10.291874568741125]},"properties":{"Fazenda":"FE","Campo":"FE 19","produtividade":167.98051088,"unidade_produtividade":"sc/ha","pontos_originais":25,"ano":"2026","cultura":"Milho"}},{"type":"Feature","geometry":{"type":"Point","coordinates":[-52.21925226610632,-10.291859122138266]},"properties":{"Fazenda":"FE","Campo":"FE 19","produtividade":155.37214056000002,"unidade_produtividade":"sc/ha","pontos_originais":25,"ano":"2026","cultura":"Milho"}},{"type":"Feature","geometry":{"type":"Point","coordinates":[-52.21902399989206,-10.291859981649987]},"properties":{"Fazenda":"FE","Campo":"FE 19","produtividade":158.38990048,"unidade_produtividade":"sc/ha","pontos_originais":25,"ano":"2026","cultura":"Milho"}},{"type":"Feature","geometry":{"type":"Point","coordinates":[-52.218795733657736,-10.291860841000863]},"properties":{"Fazenda":"FE","Campo":"FE 19","produtividade":161.27998712,"unidade_produtividade":"sc/ha","pontos_originais":25,"ano":"2026","cultura":"Milho"}},{"type":"Feature","geometry":{"type":"Point","coordinates":[-52.21856746740332,-10.291861700190907]},"properties":{"Fazenda":"FE","Campo":"FE 19","produtividade":164.82531071999998,"unidade_produtividade":"sc/ha","pontos_originais":25,"ano":"2026","cultura":"Milho"}},{"type":"Feature","geometry":{"type":"Point","coordinates":[-52.21993706462843,-10.291856542638097]},"properties":{"Fazenda":"FE","Campo":"FE 19","produtividade":156.60029728,"unidade_produtividade":"sc/ha","pontos_originais":25,"ano":"2026","cultura":"Milho"}},{"type":"Feature","geometry":{"type":"Point","coordinates":[-52.219708798474485,-10.291857402632324]},"properties":{"Fazenda":"FE","Campo":"FE 19","produtividade":157.85125720000005,"unidade_produtividade":"sc/ha","pontos_originais":25,"ano":"2026","cultura":"Milho"}},{"type":"Feature","geometry":{"type":"Point","coordinates":[-52.21948053230043,-10.291858262465713]},"properties":{"Fazenda":"FE","Campo":"FE 19","produtividade":155.553104,"unidade_produtividade":"sc/ha","pontos_originais":25,"ano":"2026","cultura":"Milho"}},{"type":"Feature","geometry":{"type":"Point","coordinates":[-52.21788266851958,-10.291864276796021]},"properties":{"Fazenda":"FE","Campo":"FE 19","produtividade":165.52161527999996,"unidade_produtividade":"sc/ha","pontos_originais":25,"ano":"2026","cultura":"Milho"}},{"type":"Feature","geometry":{"type":"Point","coordinates":[-52.217654402184856,-10.291865135342714]},"properties":{"Fazenda":"FE","Campo":"FE 19","produtividade":165.59874072,"unidade_produtividade":"sc/ha","pontos_originais":25,"ano":"2026","cultura":"Milho"}},{"type":"Feature","geometry":{"type":"Point","coordinates":[-52.21742613583003,-10.291865993728576]},"properties":{"Fazenda":"FE","Campo":"FE 19","produtividade":165.50311848,"unidade_produtividade":"sc/ha","pontos_originais":25,"ano":"2026","cultura":"Milho"}},{"type":"Feature","geometry":{"type":"Point","coordinates":[-52.21833920112879,-10.291862559220117]},"properties":{"Fazenda":"FE","Campo":"FE 19","produtividade":165.86031839999998,"unidade_produtividade":"sc/ha","pontos_originais":25,"ano":"2026","cultura":"Milho"}},{"type":"Feature","geometry":{"type":"Point","coordinates":[-52.21811093483422,-10.291863418088486]},"properties":{"Fazenda":"FE","Campo":"FE 19","produtividade":166.32539784,"unidade_produtividade":"sc/ha","pontos_originais":25,"ano":"2026","cultura":"Milho"}},{"type":"Feature","geometry":{"type":"Point","coordinates":[-52.21334780237069,-10.291888838428733]},"properties":{"Fazenda":"FE","Campo":"FE 19","produtividade":149.8643167777778,"unidade_produtividade":"sc/ha","pontos_originais":18,"ano":"2026","cultura":"Milho"}},{"type":"Feature","geometry":{"type":"Point","coordinates":[-52.21354560473153,-10.29188056168007]},"properties":{"Fazenda":"FE","Campo":"FE 19","produtividade":152.76115007999996,"unidade_produtividade":"sc/ha","pontos_originais":25,"ano":"2026","cultura":"Milho"}},{"type":"Feature","geometry":{"type":"Point","coordinates":[-52.2140021381023,-10.291878850215992]},"properties":{"Fazenda":"FE","Campo":"FE 19","produtividade":162.81100248,"unidade_produtividade":"sc/ha","pontos_originais":25,"ano":"2026","cultura":"Milho"}},{"type":"Feature","geometry":{"type":"Point","coordinates":[-52.21377387142693,-10.291879706028451]},"properties":{"Fazenda":"FE","Campo":"FE 19","produtividade":160.35234879999996,"unidade_produtividade":"sc/ha","pontos_originais":25,"ano":"2026","cultura":"Milho"}},{"type":"Feature","geometry":{"type":"Point","coordinates":[-52.226556774331094,-10.29183153284203]},"properties":{"Fazenda":"FE","Campo":"FE 19","produtividade":108.82474119999998,"unidade_produtividade":"sc/ha","pontos_originais":25,"ano":"2026","cultura":"Milho"}},{"type":"Feature","geometry":{"type":"Point","coordinates":[-52.226772612853026,-10.291836880423196]},"properties":{"Fazenda":"FE","Campo":"FE 19","produtividade":100.37401500000001,"unidade_produtividade":"sc/ha","pontos_originais":22,"ano":"2026","cultura":"Milho"}},{"type":"Feature","geometry":{"type":"Point","coordinates":[-52.22632850876176,-10.291832397500482]},"properties":{"Fazenda":"FE","Campo":"FE 19","produtividade":124.61619968,"unidade_produtividade":"sc/ha","pontos_originais":25,"ano":"2026","cultura":"Milho"}},{"type":"Feature","geometry":{"type":"Point","coordinates":[-52.226100243172226,-10.2918332619981]},"properties":{"Fazenda":"FE","Campo":"FE 19","produtividade":137.58329143999998,"unidade_produtividade":"sc/ha","pontos_originais":25,"ano":"2026","cultura":"Milho"}},{"type":"Feature","geometry":{"type":"Point","coordinates":[-52.220620994019534,-10.291627902973524]},"properties":{"Fazenda":"FE","Campo":"FE 19","produtividade":163.35598776,"unidade_produtividade":"sc/ha","pontos_originais":25,"ano":"2026","cultura":"Milho"}},{"type":"Feature","geometry":{"type":"Point","coordinates":[-52.22039272808831,-10.291628763430962]},"properties":{"Fazenda":"FE","Campo":"FE 19","produtividade":161.89207384,"unidade_produtividade":"sc/ha","pontos_originais":25,"ano":"2026","cultura":"Milho"}},{"type":"Feature","geometry":{"type":"Point","coordinates":[-52.22016446213698,-10.291629623727568]},"properties":{"Fazenda":"FE","Campo":"FE 19","produtividade":161.51520336,"unidade_produtividade":"sc/ha","pontos_originais":25,"ano":"2026","cultura":"Milho"}},{"type":"Feature","geometry":{"type":"Point","coordinates":[-52.219936196165555,-10.291630483863342]},"properties":{"Fazenda":"FE","Campo":"FE 19","produtividade":160.4977136,"unidade_produtividade":"sc/ha","pontos_originais":25,"ano":"2026","cultura":"Milho"}},{"type":"Feature","geometry":{"type":"Point","coordinates":[-52.22130579169242,-10.291625320636214]},"properties":{"Fazenda":"FE","Campo":"FE 19","produtividade":163.65319824,"unidade_produtividade":"sc/ha","pontos_originais":25,"ano":"2026","cultura":"Milho"}},{"type":"Feature","geometry":{"type":"Point","coordinates":[-52.22107752582158,-10.29162618157615]},"properties":{"Fazenda":"FE","Campo":"FE 19","produtividade":161.89338536,"unidade_produtividade":"sc/ha","pontos_originais":25,"ano":"2026","cultura":"Milho"}},{"type":"Feature","geometry":{"type":"Point","coordinates":[-52.22084925993061,-10.291627042355254]},"properties":{"Fazenda":"FE","Campo":"FE 19","produtividade":163.23892984,"unidade_produtividade":"sc/ha","pontos_originais":25,"ano":"2026","cultura":"Milho"}},{"type":"Feature","geometry":{"type":"Point","coordinates":[-52.2190231320788,-10.291633922798104]},"properties":{"Fazenda":"FE","Campo":"FE 19","produtividade":158.64758896,"unidade_produtividade":"sc/ha","pontos_originais":25,"ano":"2026","cultura":"Milho"}},{"type":"Feature","geometry":{"type":"Point","coordinates":[-52.21925139813064,-10.291633063305664]},"properties":{"Fazenda":"FE","Campo":"FE 19","produtividade":156.905798,"unidade_produtividade":"sc/ha","pontos_originais":25,"ano":"2026","cultura":"Milho"}},{"type":"Feature","geometry":{"type":"Point","coordinates":[-52.218794866006895,-10.291634782129712]},"properties":{"Fazenda":"FE","Campo":"FE 19","produtividade":160.86940800000002,"unidade_produtividade":"sc/ha","pontos_originais":25,"ano":"2026","cultura":"Milho"}},{"type":"Feature","geometry":{"type":"Point","coordinates":[-52.218566599914865,-10.291635641300488]},"properties":{"Fazenda":"FE","Campo":"FE 19","produtividade":163.12940672,"unidade_produtividade":"sc/ha","pontos_originais":25,"ano":"2026","cultura":"Milho"}},{"type":"Feature","geometry":{"type":"Point","coordinates":[-52.21970793017402,-10.291631343838281]},"properties":{"Fazenda":"FE","Campo":"FE 19","produtividade":159.42541216,"unidade_produtividade":"sc/ha","pontos_originais":25,"ano":"2026","cultura":"Milho"}},{"type":"Feature","geometry":{"type":"Point","coordinates":[-52.21947966416238,-10.291632203652389]},"properties":{"Fazenda":"FE","Campo":"FE 19","produtividade":155.93004223999998,"unidade_produtividade":"sc/ha","pontos_originais":25,"ano":"2026","cultura":"Milho"}},{"type":"Feature","geometry":{"type":"Point","coordinates":[-52.22358844929313,-10.2916167023911]},"properties":{"Fazenda":"FE","Campo":"FE 19","produtividade":149.83124632000002,"unidade_produtividade":"sc/ha","pontos_originais":25,"ano":"2026","cultura":"Milho"}},{"type":"Feature","geometry":{"type":"Point","coordinates":[-52.223360183623775,-10.291617564939356]},"properties":{"Fazenda":"FE","Campo":"FE 19","produtividade":150.39366944,"unidade_produtividade":"sc/ha","pontos_originais":25,"ano":"2026","cultura":"Milho"}},{"type":"Feature","geometry":{"type":"Point","coordinates":[-52.22313191793422,-10.291618427326782]},"properties":{"Fazenda":"FE","Campo":"FE 19","produtividade":152.663574,"unidade_produtividade":"sc/ha","pontos_originais":25,"ano":"2026","cultura":"Milho"}},{"type":"Feature","geometry":{"type":"Point","coordinates":[-52.2229036522245,-10.29161928955337]},"properties":{"Fazenda":"FE","Campo":"FE 19","produtividade":158.64389016000004,"unidade_produtividade":"sc/ha","pontos_originais":25,"ano":"2026","cultura":"Milho"}},{"type":"Feature","geometry":{"type":"Point","coordinates":[-52.224273246180275,-10.291614113781348]},"properties":{"Fazenda":"FE","Campo":"FE 19","produtividade":150.21856976,"unidade_produtividade":"sc/ha","pontos_originais":25,"ano":"2026","cultura":"Milho"}},{"type":"Feature","geometry":{"type":"Point","coordinates":[-52.2240449805714,-10.291614976812095]},"properties":{"Fazenda":"FE","Campo":"FE 19","produtividade":151.33259344,"unidade_produtividade":"sc/ha","pontos_originais":25,"ano":"2026","cultura":"Milho"}},{"type":"Feature","geometry":{"type":"Point","coordinates":[-52.22381671494234,-10.291615839682017]},"properties":{"Fazenda":"FE","Campo":"FE 19","produtividade":151.24466952,"unidade_produtividade":"sc/ha","pontos_originais":25,"ano":"2026","cultura":"Milho"}},{"type":"Feature","geometry":{"type":"Point","coordinates":[-52.22199058918418,-10.291622736851417]},"properties":{"Fazenda":"FE","Campo":"FE 19","produtividade":163.06820600000003,"unidade_produtividade":"sc/ha","pontos_originais":25,"ano":"2026","cultura":"Milho"}},{"type":"Feature","geometry":{"type":"Point","coordinates":[-52.222218854974464,-10.291621875268154]},"properties":{"Fazenda":"FE","Campo":"FE 19","produtividade":162.74171591999996,"unidade_produtividade":"sc/ha","pontos_originais":25,"ano":"2026","cultura":"Milho"}},{"type":"Feature","geometry":{"type":"Point","coordinates":[-52.22176232337373,-10.291623598273848]},"properties":{"Fazenda":"FE","Campo":"FE 19","produtividade":164.14720896,"unidade_produtividade":"sc/ha","pontos_originais":25,"ano":"2026","cultura":"Milho"}},{"type":"Feature","geometry":{"type":"Point","coordinates":[-52.22153405754313,-10.29162445953545]},"properties":{"Fazenda":"FE","Campo":"FE 19","produtividade":164.62268536000002,"unidade_produtividade":"sc/ha","pontos_originais":25,"ano":"2026","cultura":"Milho"}},{"type":"Feature","geometry":{"type":"Point","coordinates":[-52.22267538649465,-10.29162015161913]},"properties":{"Fazenda":"FE","Campo":"FE 19","produtividade":162.1312672,"unidade_produtividade":"sc/ha","pontos_originais":25,"ano":"2026","cultura":"Milho"}},{"type":"Feature","geometry":{"type":"Point","coordinates":[-52.22244712074462,-10.29162101352406]},"properties":{"Fazenda":"FE","Campo":"FE 19","produtividade":164.22260735999996,"unidade_produtividade":"sc/ha","pontos_originais":25,"ano":"2026","cultura":"Milho"}},{"type":"Feature","geometry":{"type":"Point","coordinates":[-52.21468607328083,-10.291650222596159]},"properties":{"Fazenda":"FE","Campo":"FE 19","produtividade":172.30950463999997,"unidade_produtividade":"sc/ha","pontos_originais":25,"ano":"2026","cultura":"Milho"}},{"type":"Feature","geometry":{"type":"Point","coordinates":[-52.21491433971375,-10.291649366159556]},"properties":{"Fazenda":"FE","Campo":"FE 19","produtividade":173.26825096000002,"unidade_produtividade":"sc/ha","pontos_originais":25,"ano":"2026","cultura":"Milho"}},{"type":"Feature","geometry":{"type":"Point","coordinates":[-52.21445780682788,-10.291651078871928]},"properties":{"Fazenda":"FE","Campo":"FE 19","produtividade":169.86293967999998,"unidade_produtividade":"sc/ha","pontos_originais":25,"ano":"2026","cultura":"Milho"}},{"type":"Feature","geometry":{"type":"Point","coordinates":[-52.21422954035492,-10.291651934986866]},"properties":{"Fazenda":"FE","Campo":"FE 19","produtividade":165.7390084,"unidade_produtividade":"sc/ha","pontos_originais":25,"ano":"2026","cultura":"Milho"}},{"type":"Feature","geometry":{"type":"Point","coordinates":[-52.21537087251955,-10.291647652803844]},"properties":{"Fazenda":"FE","Campo":"FE 19","produtividade":171.54505592,"unidade_produtividade":"sc/ha","pontos_originais":25,"ano":"2026","cultura":"Milho"}},{"type":"Feature","geometry":{"type":"Point","coordinates":[-52.21559913889239,-10.291646795884738]},"properties":{"Fazenda":"FE","Campo":"FE 19","produtividade":172.48061488,"unidade_produtividade":"sc/ha","pontos_originais":25,"ano":"2026","cultura":"Milho"}},{"type":"Feature","geometry":{"type":"Point","coordinates":[-52.215142606126676,-10.291648509562117]},"properties":{"Fazenda":"FE","Campo":"FE 19","produtividade":171.84090168,"unidade_produtividade":"sc/ha","pontos_originais":25,"ano":"2026","cultura":"Milho"}},{"type":"Feature","geometry":{"type":"Point","coordinates":[-52.226757754204094,-10.291609469093652]},"properties":{"Fazenda":"FE","Campo":"FE 19","produtividade":94.07254684210527,"unidade_produtividade":"sc/ha","pontos_originais":19,"ano":"2026","cultura":"Milho"}},{"type":"Feature","geometry":{"type":"Point","coordinates":[-52.21336541320487,-10.29166163337897]},"properties":{"Fazenda":"FE","Campo":"FE 19","produtividade":152.20118900000003,"unidade_produtividade":"sc/ha","pontos_originais":14,"ano":"2026","cultura":"Milho"}},{"type":"Feature","geometry":{"type":"Point","coordinates":[-52.226555901158584,-10.29160547462814]},"properties":{"Fazenda":"FE","Campo":"FE 19","produtividade":98.01592527999999,"unidade_produtividade":"sc/ha","pontos_originais":25,"ano":"2026","cultura":"Milho"}},{"type":"Feature","geometry":{"type":"Point","coordinates":[-52.22632763575166,-10.2916063392672]},"properties":{"Fazenda":"FE","Campo":"FE 19","produtividade":113.44499991999997,"unidade_produtividade":"sc/ha","pontos_originais":25,"ano":"2026","cultura":"Milho"}},{"type":"Feature","geometry":{"type":"Point","coordinates":[-52.21400127386193,-10.291652790940965]},"properties":{"Fazenda":"FE","Campo":"FE 19","produtividade":163.02148072000003,"unidade_produtividade":"sc/ha","pontos_originais":25,"ano":"2026","cultura":"Milho"}},{"type":"Feature","geometry":{"type":"Point","coordinates":[-52.213773007348955,-10.291653646734233]},"properties":{"Fazenda":"FE","Campo":"FE 19","produtividade":161.08584463999998,"unidade_produtividade":"sc/ha","pontos_originais":25,"ano":"2026","cultura":"Milho"}},{"type":"Feature","geometry":{"type":"Point","coordinates":[-52.21354474081596,-10.291654502366667]},"properties":{"Fazenda":"FE","Campo":"FE 19","produtividade":154.92068032,"unidade_produtividade":"sc/ha","pontos_originais":25,"ano":"2026","cultura":"Milho"}},{"type":"Feature","geometry":{"type":"Point","coordinates":[-52.217653535345995,-10.291639076375258]},"properties":{"Fazenda":"FE","Campo":"FE 19","produtividade":163.49278567999997,"unidade_produtividade":"sc/ha","pontos_originais":25,"ano":"2026","cultura":"Milho"}},{"type":"Feature","geometry":{"type":"Point","coordinates":[-52.21742526915361,-10.291639934741868]},"properties":{"Fazenda":"FE","Campo":"FE 19","produtividade":164.468724,"unidade_produtividade":"sc/ha","pontos_originais":25,"ano":"2026","cultura":"Milho"}},{"type":"Feature","geometry":{"type":"Point","coordinates":[-52.21719700294113,-10.291640792947645]},"properties":{"Fazenda":"FE","Campo":"FE 19","produtividade":167.84545568000004,"unidade_produtividade":"sc/ha","pontos_originais":25,"ano":"2026","cultura":"Milho"}},{"type":"Feature","geometry":{"type":"Point","coordinates":[-52.21696873670863,-10.291641650992585]},"properties":{"Fazenda":"FE","Campo":"FE 19","produtividade":169.23769632,"unidade_produtividade":"sc/ha","pontos_originais":25,"ano":"2026","cultura":"Milho"}},{"type":"Feature","geometry":{"type":"Point","coordinates":[-52.218338333802755,-10.291636500310428]},"properties":{"Fazenda":"FE","Campo":"FE 19","produtividade":163.45621935999998,"unidade_produtividade":"sc/ha","pontos_originais":25,"ano":"2026","cultura":"Milho"}},{"type":"Feature","geometry":{"type":"Point","coordinates":[-52.21811006767059,-10.291637359159541]},"properties":{"Fazenda":"FE","Campo":"FE 19","produtividade":163.74609832,"unidade_produtividade":"sc/ha","pontos_originais":25,"ano":"2026","cultura":"Milho"}},{"type":"Feature","geometry":{"type":"Point","coordinates":[-52.217881801518324,-10.291638217847819]},"properties":{"Fazenda":"FE","Campo":"FE 19","produtividade":163.37585264,"unidade_produtividade":"sc/ha","pontos_originais":25,"ano":"2026","cultura":"Milho"}},{"type":"Feature","geometry":{"type":"Point","coordinates":[-52.216283937890715,-10.291644224162415]},"properties":{"Fazenda":"FE","Campo":"FE 19","produtividade":172.75638576000006,"unidade_produtividade":"sc/ha","pontos_originais":25,"ano":"2026","cultura":"Milho"}},{"type":"Feature","geometry":{"type":"Point","coordinates":[-52.216055671577976,-10.29164508156402]},"properties":{"Fazenda":"FE","Campo":"FE 19","produtividade":173.41248063999998,"unidade_produtividade":"sc/ha","pontos_originais":25,"ano":"2026","cultura":"Milho"}},{"type":"Feature","geometry":{"type":"Point","coordinates":[-52.2158274052452,-10.291645938804798]},"properties":{"Fazenda":"FE","Campo":"FE 19","produtividade":171.49409256000007,"unidade_produtividade":"sc/ha","pontos_originais":25,"ano":"2026","cultura":"Milho"}},{"type":"Feature","geometry":{"type":"Point","coordinates":[-52.216740470456045,-10.291642508876699]},"properties":{"Fazenda":"FE","Campo":"FE 19","produtividade":170.90623312000002,"unidade_produtividade":"sc/ha","pontos_originais":25,"ano":"2026","cultura":"Milho"}},{"type":"Feature","geometry":{"type":"Point","coordinates":[-52.2165122041834,-10.291643366599972]},"properties":{"Fazenda":"FE","Campo":"FE 19","produtividade":171.75935112000002,"unidade_produtividade":"sc/ha","pontos_originais":25,"ano":"2026","cultura":"Milho"}},{"type":"Feature","geometry":{"type":"Point","coordinates":[-52.22541457392191,-10.291609796215134]},"properties":{"Fazenda":"FE","Campo":"FE 19","produtividade":137.4628276,"unidade_produtividade":"sc/ha","pontos_originais":25,"ano":"2026","cultura":"Milho"}},{"type":"Feature","geometry":{"type":"Point","coordinates":[-52.22518630841395,-10.291610660050036]},"properties":{"Fazenda":"FE","Campo":"FE 19","produtividade":139.09952167999998,"unidade_produtividade":"sc/ha","pontos_originais":25,"ano":"2026","cultura":"Milho"}},{"type":"Feature","geometry":{"type":"Point","coordinates":[-52.2249580428858,-10.29161152372411]},"properties":{"Fazenda":"FE","Campo":"FE 19","produtividade":143.07662488,"unidade_produtividade":"sc/ha","pontos_originais":25,"ano":"2026","cultura":"Milho"}},{"type":"Feature","geometry":{"type":"Point","coordinates":[-52.22472977733747,-10.291612387237357]},"properties":{"Fazenda":"FE","Campo":"FE 19","produtividade":146.73205624,"unidade_produtividade":"sc/ha","pontos_originais":25,"ano":"2026","cultura":"Milho"}},{"type":"Feature","geometry":{"type":"Point","coordinates":[-52.22609937032453,-10.29160720374543]},"properties":{"Fazenda":"FE","Campo":"FE 19","produtividade":124.07679703999999,"unidade_produtividade":"sc/ha","pontos_originais":25,"ano":"2026","cultura":"Milho"}},{"type":"Feature","geometry":{"type":"Point","coordinates":[-52.225871104877186,-10.291608068062828]},"properties":{"Fazenda":"FE","Campo":"FE 19","produtividade":132.28700463999996,"unidade_produtividade":"sc/ha","pontos_originais":25,"ano":"2026","cultura":"Milho"}},{"type":"Feature","geometry":{"type":"Point","coordinates":[-52.22564283940964,-10.291608932219399]},"properties":{"Fazenda":"FE","Campo":"FE 19","produtividade":134.88642496,"unidade_produtividade":"sc/ha","pontos_originais":25,"ano":"2026","cultura":"Milho"}},{"type":"Feature","geometry":{"type":"Point","coordinates":[-52.22450151176897,-10.291613250589768]},"properties":{"Fazenda":"FE","Campo":"FE 19","produtividade":149.86238568,"unidade_produtividade":"sc/ha","pontos_originais":25,"ano":"2026","cultura":"Milho"}},{"type":"Feature","geometry":{"type":"Point","coordinates":[-52.223592804801285,-10.29274699468732]},"properties":{"Fazenda":"FE","Campo":"FE 19","produtividade":165.27844816,"unidade_produtividade":"sc/ha","pontos_originais":25,"ano":"2026","cultura":"Milho"}},{"type":"Feature","geometry":{"type":"Point","coordinates":[-52.22382107126255,-10.292746131881495]},"properties":{"Fazenda":"FE","Campo":"FE 19","produtividade":163.32213407999998,"unidade_produtividade":"sc/ha","pontos_originais":25,"ano":"2026","cultura":"Milho"}},{"type":"Feature","geometry":{"type":"Point","coordinates":[-52.223364538319856,-10.292747857332293]},"properties":{"Fazenda":"FE","Campo":"FE 19","produtividade":163.66057343999998,"unidade_produtividade":"sc/ha","pontos_originais":25,"ano":"2026","cultura":"Milho"}},{"type":"Feature","geometry":{"type":"Point","coordinates":[-52.223136271818255,-10.292748719816416]},"properties":{"Fazenda":"FE","Campo":"FE 19","produtividade":162.77978192,"unidade_produtividade":"sc/ha","pontos_originais":25,"ano":"2026","cultura":"Milho"}},{"type":"Feature","geometry":{"type":"Point","coordinates":[-52.22427760412455,-10.292744405787296]},"properties":{"Fazenda":"FE","Campo":"FE 19","produtividade":163.51597192,"unidade_produtividade":"sc/ha","pontos_originais":25,"ano":"2026","cultura":"Milho"}},{"type":"Feature","geometry":{"type":"Point","coordinates":[-52.224505870525284,-10.292743542498924]},"properties":{"Fazenda":"FE","Campo":"FE 19","produtividade":163.56879840000002,"unidade_produtividade":"sc/ha","pontos_originais":25,"ano":"2026","cultura":"Milho"}},{"type":"Feature","geometry":{"type":"Point","coordinates":[-52.22404933770363,-10.292745268914821]},"properties":{"Fazenda":"FE","Campo":"FE 19","produtividade":163.07280360000001,"unidade_produtividade":"sc/ha","pontos_originais":25,"ano":"2026","cultura":"Milho"}},{"type":"Feature","geometry":{"type":"Point","coordinates":[-52.22656026722329,-10.29273576566536]},"properties":{"Fazenda":"FE","Campo":"FE 19","produtividade":145.32530656,"unidade_produtividade":"sc/ha","pontos_originais":25,"ano":"2026","cultura":"Milho"}},{"type":"Feature","geometry":{"type":"Point","coordinates":[-52.22633200100432,-10.292736630401373]},"properties":{"Fazenda":"FE","Campo":"FE 19","produtividade":152.27189375999998,"unidade_produtividade":"sc/ha","pontos_originais":25,"ano":"2026","cultura":"Milho"}},{"type":"Feature","geometry":{"type":"Point","coordinates":[-52.22610373476515,-10.292737494976537]},"properties":{"Fazenda":"FE","Campo":"FE 19","produtividade":156.54993704,"unidade_produtividade":"sc/ha","pontos_originais":25,"ano":"2026","cultura":"Milho"}},{"type":"Feature","geometry":{"type":"Point","coordinates":[-52.225875468505755,-10.292738359390855]},"properties":{"Fazenda":"FE","Campo":"FE 19","produtividade":157.95037999999997,"unidade_produtividade":"sc/ha","pontos_originais":25,"ano":"2026","cultura":"Milho"}},{"type":"Feature","geometry":{"type":"Point","coordinates":[-52.22701679960057,-10.292734035710785]},"properties":{"Fazenda":"FE","Campo":"FE 19","produtividade":112.31489751999999,"unidade_produtividade":"sc/ha","pontos_originais":25,"ano":"2026","cultura":"Milho"}},{"type":"Feature","geometry":{"type":"Point","coordinates":[-52.22678853342204,-10.292734900768494]},"properties":{"Fazenda":"FE","Campo":"FE 19","produtividade":125.83517016,"unidade_produtividade":"sc/ha","pontos_originais":25,"ano":"2026","cultura":"Milho"}},{"type":"Feature","geometry":{"type":"Point","coordinates":[-52.22519066960639,-10.292740951668709]},"properties":{"Fazenda":"FE","Campo":"FE 19","produtividade":161.04143104000002,"unidade_produtividade":"sc/ha","pontos_originais":25,"ano":"2026","cultura":"Milho"}},{"type":"Feature","geometry":{"type":"Point","coordinates":[-52.22496240326622,-10.292741815439634]},"properties":{"Fazenda":"FE","Campo":"FE 19","produtividade":159.44656559999999,"unidade_produtividade":"sc/ha","pontos_originais":25,"ano":"2026","cultura":"Milho"}},{"type":"Feature","geometry":{"type":"Point","coordinates":[-52.22473413690585,-10.292742679049702]},"properties":{"Fazenda":"FE","Campo":"FE 19","produtividade":161.74165727999997,"unidade_produtividade":"sc/ha","pontos_originais":25,"ano":"2026","cultura":"Milho"}},{"type":"Feature","geometry":{"type":"Point","coordinates":[-52.22564720222617,-10.292739223644324]},"properties":{"Fazenda":"FE","Campo":"FE 19","produtividade":159.19269128000002,"unidade_produtividade":"sc/ha","pontos_originais":25,"ano":"2026","cultura":"Milho"}},{"type":"Feature","geometry":{"type":"Point","coordinates":[-52.225418935926385,-10.29274008773694]},"properties":{"Fazenda":"FE","Campo":"FE 19","produtividade":160.47749704,"unidade_produtividade":"sc/ha","pontos_originais":25,"ano":"2026","cultura":"Milho"}},{"type":"Feature","geometry":{"type":"Point","coordinates":[-52.227153934035805,-10.292778728235197]},"properties":{"Fazenda":"FE","Campo":"FE 19","produtividade":109.00092466666666,"unidade_produtividade":"sc/ha","pontos_originais":3,"ano":"2026","cultura":"Milho"}},{"type":"Feature","geometry":{"type":"Point","coordinates":[-52.214461265208726,-10.292555315799119]},"properties":{"Fazenda":"FE","Campo":"FE 19","produtividade":162.45364128,"unidade_produtividade":"sc/ha","pontos_originais":25,"ano":"2026","cultura":"Milho"}},{"type":"Feature","geometry":{"type":"Point","coordinates":[-52.21423299808611,-10.292556171990853]},"properties":{"Fazenda":"FE","Campo":"FE 19","produtividade":162.14014488,"unidade_produtividade":"sc/ha","pontos_originais":25,"ano":"2026","cultura":"Milho"}},{"type":"Feature","geometry":{"type":"Point","coordinates":[-52.2140047309435,-10.292557028021736]},"properties":{"Fazenda":"FE","Campo":"FE 19","produtividade":158.30650247999998,"unidade_produtividade":"sc/ha","pontos_originais":25,"ano":"2026","cultura":"Milho"}},{"type":"Feature","geometry":{"type":"Point","coordinates":[-52.21377646378087,-10.292557883891773]},"properties":{"Fazenda":"FE","Campo":"FE 19","produtividade":153.55917975999998,"unidade_produtividade":"sc/ha","pontos_originais":25,"ano":"2026","cultura":"Milho"}},{"type":"Feature","geometry":{"type":"Point","coordinates":[-52.21514606645643,-10.29255274625882]},"properties":{"Fazenda":"FE","Campo":"FE 19","produtividade":159.62177392,"unidade_produtividade":"sc/ha","pontos_originais":25,"ano":"2026","cultura":"Milho"}},{"type":"Feature","geometry":{"type":"Point","coordinates":[-52.21537433349894,-10.292551889423693]},"properties":{"Fazenda":"FE","Campo":"FE 19","produtividade":159.19592808,"unidade_produtividade":"sc/ha","pontos_originais":25,"ano":"2026","cultura":"Milho"}},{"type":"Feature","geometry":{"type":"Point","coordinates":[-52.21491779939388,-10.292553602933104]},"properties":{"Fazenda":"FE","Campo":"FE 19","produtividade":160.06459055999997,"unidade_produtividade":"sc/ha","pontos_originais":25,"ano":"2026","cultura":"Milho"}},{"type":"Feature","geometry":{"type":"Point","coordinates":[-52.21468953231131,-10.292554459446535]},"properties":{"Fazenda":"FE","Campo":"FE 19","produtividade":162.23866343999995,"unidade_produtividade":"sc/ha","pontos_originais":25,"ano":"2026","cultura":"Milho"}},{"type":"Feature","geometry":{"type":"Point","coordinates":[-52.22699541702663,-10.292517097736713]},"properties":{"Fazenda":"FE","Campo":"FE 19","produtividade":110.35003979999999,"unidade_produtividade":"sc/ha","pontos_originais":20,"ano":"2026","cultura":"Milho"}},{"type":"Feature","geometry":{"type":"Point","coordinates":[-52.226787660006245,-10.292508842586894]},"properties":{"Fazenda":"FE","Campo":"FE 19","produtividade":118.88752679999999,"unidade_produtividade":"sc/ha","pontos_originais":25,"ano":"2026","cultura":"Milho"}},{"type":"Feature","geometry":{"type":"Point","coordinates":[-52.22655939396991,-10.29250970746436]},"properties":{"Fazenda":"FE","Campo":"FE 19","produtividade":139.41823224,"unidade_produtividade":"sc/ha","pontos_originais":25,"ano":"2026","cultura":"Milho"}},{"type":"Feature","geometry":{"type":"Point","coordinates":[-52.22633112791336,-10.292510572180985]},"properties":{"Fazenda":"FE","Campo":"FE 19","produtividade":150.38946944,"unidade_produtividade":"sc/ha","pontos_originais":25,"ano":"2026","cultura":"Milho"}},{"type":"Feature","geometry":{"type":"Point","coordinates":[-52.213548196598225,-10.292558739600961]},"properties":{"Fazenda":"FE","Campo":"FE 19","produtividade":143.55554416,"unidade_produtividade":"sc/ha","pontos_originais":25,"ano":"2026","cultura":"Milho"}},{"type":"Feature","geometry":{"type":"Point","coordinates":[-52.21331992939558,-10.292559595149303]},"properties":{"Fazenda":"FE","Campo":"FE 19","produtividade":137.07556408,"unidade_produtividade":"sc/ha","pontos_originais":25,"ano":"2026","cultura":"Milho"}},{"type":"Feature","geometry":{"type":"Point","coordinates":[-52.21317541773735,-10.292575207541798]},"properties":{"Fazenda":"FE","Campo":"FE 19","produtividade":134.18364866666667,"unidade_produtividade":"sc/ha","pontos_originais":6,"ano":"2026","cultura":"Milho"}},{"type":"Feature","geometry":{"type":"Point","coordinates":[-52.21742873597972,-10.292544170669364]},"properties":{"Fazenda":"FE","Campo":"FE 19","produtividade":164.44906967999998,"unidade_produtividade":"sc/ha","pontos_originais":25,"ano":"2026","cultura":"Milho"}},{"type":"Feature","geometry":{"type":"Point","coordinates":[-52.21720046911762,-10.292545028952127]},"properties":{"Fazenda":"FE","Campo":"FE 19","produtividade":165.37361791999996,"unidade_produtividade":"sc/ha","pontos_originais":25,"ano":"2026","cultura":"Milho"}},{"type":"Feature","geometry":{"type":"Point","coordinates":[-52.21697220223547,-10.292545887074041]},"properties":{"Fazenda":"FE","Campo":"FE 19","produtividade":165.60970664,"unidade_produtividade":"sc/ha","pontos_originais":25,"ano":"2026","cultura":"Milho"}},{"type":"Feature","geometry":{"type":"Point","coordinates":[-52.216743935333255,-10.292546745035109]},"properties":{"Fazenda":"FE","Campo":"FE 19","produtividade":164.33192944,"unidade_produtividade":"sc/ha","pontos_originais":25,"ano":"2026","cultura":"Milho"}},{"type":"Feature","geometry":{"type":"Point","coordinates":[-52.21811353644563,-10.292541594855994]},"properties":{"Fazenda":"FE","Campo":"FE 19","produtividade":163.36891592,"unidade_produtividade":"sc/ha","pontos_originais":25,"ano":"2026","cultura":"Milho"}},{"type":"Feature","geometry":{"type":"Point","coordinates":[-52.21788526964372,-10.292542453621294]},"properties":{"Fazenda":"FE","Campo":"FE 19","produtividade":162.78812312,"unidade_produtividade":"sc/ha","pontos_originais":25,"ano":"2026","cultura":"Milho"}},{"type":"Feature","geometry":{"type":"Point","coordinates":[-52.21765700282177,-10.292543312225753]},"properties":{"Fazenda":"FE","Campo":"FE 19","produtividade":162.35219896,"unidade_produtividade":"sc/ha","pontos_originais":25,"ano":"2026","cultura":"Milho"}},{"type":"Feature","geometry":{"type":"Point","coordinates":[-52.21583086752387,-10.292550175270891]},"properties":{"Fazenda":"FE","Campo":"FE 19","produtividade":160.59471287999997,"unidade_produtividade":"sc/ha","pontos_originais":25,"ano":"2026","cultura":"Milho"}},{"type":"Feature","geometry":{"type":"Point","coordinates":[-52.216059134506295,-10.292549317953217]},"properties":{"Fazenda":"FE","Campo":"FE 19","produtividade":160.14212760000004,"unidade_produtividade":"sc/ha","pontos_originais":25,"ano":"2026","cultura":"Milho"}},{"type":"Feature","geometry":{"type":"Point","coordinates":[-52.21560260052142,-10.292551032427717]},"properties":{"Fazenda":"FE","Campo":"FE 19","produtividade":160.74549176,"unidade_produtividade":"sc/ha","pontos_originais":25,"ano":"2026","cultura":"Milho"}},{"type":"Feature","geometry":{"type":"Point","coordinates":[-52.216515668410985,-10.292547602835326]},"properties":{"Fazenda":"FE","Campo":"FE 19","produtividade":161.91118215999998,"unidade_produtividade":"sc/ha","pontos_originais":25,"ano":"2026","cultura":"Milho"}},{"type":"Feature","geometry":{"type":"Point","coordinates":[-52.21628740146866,-10.2925484604747]},"properties":{"Fazenda":"FE","Campo":"FE 19","produtividade":160.72709631999996,"unidade_produtividade":"sc/ha","pontos_originais":25,"ano":"2026","cultura":"Milho"}},{"type":"Feature","geometry":{"type":"Point","coordinates":[-52.22245060186268,-10.292525247754211]},"properties":{"Fazenda":"FE","Campo":"FE 19","produtividade":161.17810296,"unidade_produtividade":"sc/ha","pontos_originais":25,"ano":"2026","cultura":"Milho"}},{"type":"Feature","geometry":{"type":"Point","coordinates":[-52.22267886826231,-10.292524385771964]},"properties":{"Fazenda":"FE","Campo":"FE 19","produtividade":161.58097368,"unidade_produtividade":"sc/ha","pontos_originais":25,"ano":"2026","cultura":"Milho"}},{"type":"Feature","geometry":{"type":"Point","coordinates":[-52.22222233544287,-10.292526109575608]},"properties":{"Fazenda":"FE","Campo":"FE 19","produtividade":159.82215648000002,"unidade_produtividade":"sc/ha","pontos_originais":25,"ano":"2026","cultura":"Milho"}},{"type":"Feature","geometry":{"type":"Point","coordinates":[-52.221994069002946,-10.292526971236164]},"properties":{"Fazenda":"FE","Campo":"FE 19","produtividade":158.16164896,"unidade_produtividade":"sc/ha","pontos_originais":25,"ano":"2026","cultura":"Milho"}},{"type":"Feature","geometry":{"type":"Point","coordinates":[-52.2233636673403,-10.29252179886015]},"properties":{"Fazenda":"FE","Campo":"FE 19","produtividade":164.48189912000007,"unidade_produtividade":"sc/ha","pontos_originais":25,"ano":"2026","cultura":"Milho"}},{"type":"Feature","geometry":{"type":"Point","coordinates":[-52.22313540100114,-10.292522661324933]},"properties":{"Fazenda":"FE","Campo":"FE 19","produtividade":162.59513928,"unidade_produtividade":"sc/ha","pontos_originais":25,"ano":"2026","cultura":"Milho"}},{"type":"Feature","geometry":{"type":"Point","coordinates":[-52.22290713464183,-10.292523523628873]},"properties":{"Fazenda":"FE","Campo":"FE 19","produtividade":161.30858856,"unidade_produtividade":"sc/ha","pontos_originais":25,"ano":"2026","cultura":"Milho"}},{"type":"Feature","geometry":{"type":"Point","coordinates":[-52.22108100304184,-10.292530416269905]},"properties":{"Fazenda":"FE","Campo":"FE 19","produtividade":159.92478544000002,"unidade_produtividade":"sc/ha","pontos_originais":25,"ano":"2026","cultura":"Milho"}},{"type":"Feature","geometry":{"type":"Point","coordinates":[-52.22085273650125,-10.292531277126226]},"properties":{"Fazenda":"FE","Campo":"FE 19","produtividade":160.34649232,"unidade_produtividade":"sc/ha","pontos_originais":25,"ano":"2026","cultura":"Milho"}},{"type":"Feature","geometry":{"type":"Point","coordinates":[-52.220624469940525,-10.292532137821697]},"properties":{"Fazenda":"FE","Campo":"FE 19","produtividade":162.24705504,"unidade_produtividade":"sc/ha","pontos_originais":25,"ano":"2026","cultura":"Milho"}},{"type":"Feature","geometry":{"type":"Point","coordinates":[-52.220396203359684,-10.292532998356325]},"properties":{"Fazenda":"FE","Campo":"FE 19","produtividade":164.02733200000003,"unidade_produtividade":"sc/ha","pontos_originais":25,"ano":"2026","cultura":"Milho"}},{"type":"Feature","geometry":{"type":"Point","coordinates":[-52.22176580254288,-10.292527832735871]},"properties":{"Fazenda":"FE","Campo":"FE 19","produtividade":160.21730088,"unidade_produtividade":"sc/ha","pontos_originais":25,"ano":"2026","cultura":"Milho"}},{"type":"Feature","geometry":{"type":"Point","coordinates":[-52.22153753606265,-10.29252869407473]},"properties":{"Fazenda":"FE","Campo":"FE 19","produtividade":161.30440312,"unidade_produtividade":"sc/ha","pontos_originais":25,"ano":"2026","cultura":"Milho"}},{"type":"Feature","geometry":{"type":"Point","coordinates":[-52.22130926956232,-10.29252955525274]},"properties":{"Fazenda":"FE","Campo":"FE 19","produtividade":161.17715880000003,"unidade_produtividade":"sc/ha","pontos_originais":25,"ano":"2026","cultura":"Milho"}},{"type":"Feature","geometry":{"type":"Point","coordinates":[-52.22541806348509,-10.292514029439026]},"properties":{"Fazenda":"FE","Campo":"FE 19","produtividade":155.71137568000003,"unidade_produtividade":"sc/ha","pontos_originais":25,"ano":"2026","cultura":"Milho"}},{"type":"Feature","geometry":{"type":"Point","coordinates":[-52.22564632962247,-10.292513165365781]},"properties":{"Fazenda":"FE","Campo":"FE 19","produtividade":155.43189648,"unidade_produtividade":"sc/ha","pontos_originais":25,"ano":"2026","cultura":"Milho"}},{"type":"Feature","geometry":{"type":"Point","coordinates":[-52.22518979732751,-10.292514893351422]},"properties":{"Fazenda":"FE","Campo":"FE 19","produtividade":156.62461416,"unidade_produtividade":"sc/ha","pontos_originais":25,"ano":"2026","cultura":"Milho"}},{"type":"Feature","geometry":{"type":"Point","coordinates":[-52.22496153114976,-10.292515757102974]},"properties":{"Fazenda":"FE","Campo":"FE 19","produtividade":159.37007351999998,"unidade_produtividade":"sc/ha","pontos_originais":25,"ano":"2026","cultura":"Milho"}},{"type":"Feature","geometry":{"type":"Point","coordinates":[-52.226102861836615,-10.292511436736763]},"properties":{"Fazenda":"FE","Campo":"FE 19","produtividade":156.56000639999996,"unidade_produtividade":"sc/ha","pontos_originais":25,"ano":"2026","cultura":"Milho"}},{"type":"Feature","geometry":{"type":"Point","coordinates":[-52.22587459573963,-10.292512301131696]},"properties":{"Fazenda":"FE","Campo":"FE 19","produtividade":156.06908520000007,"unidade_produtividade":"sc/ha","pontos_originais":25,"ano":"2026","cultura":"Milho"}},{"type":"Feature","geometry":{"type":"Point","coordinates":[-52.22404846623685,-10.292519210500721]},"properties":{"Fazenda":"FE","Campo":"FE 19","produtividade":163.99015584,"unidade_produtividade":"sc/ha","pontos_originais":25,"ano":"2026","cultura":"Milho"}},{"type":"Feature","geometry":{"type":"Point","coordinates":[-52.22382019995817,-10.292520073448042]},"properties":{"Fazenda":"FE","Campo":"FE 19","produtividade":164.44914248,"unidade_produtividade":"sc/ha","pontos_originais":25,"ano":"2026","cultura":"Milho"}},{"type":"Feature","geometry":{"type":"Point","coordinates":[-52.22359193365932,-10.29252093623452]},"properties":{"Fazenda":"FE","Campo":"FE 19","produtividade":164.26867408,"unidade_produtividade":"sc/ha","pontos_originais":25,"ano":"2026","cultura":"Milho"}},{"type":"Feature","geometry":{"type":"Point","coordinates":[-52.2247332649518,-10.29251662069368]},"properties":{"Fazenda":"FE","Campo":"FE 19","produtividade":161.77911119999996,"unidade_produtividade":"sc/ha","pontos_originais":25,"ano":"2026","cultura":"Milho"}},{"type":"Feature","geometry":{"type":"Point","coordinates":[-52.22450499873366,-10.29251748412354]},"properties":{"Fazenda":"FE","Campo":"FE 19","produtividade":164.24179184000002,"unidade_produtividade":"sc/ha","pontos_originais":25,"ano":"2026","cultura":"Milho"}},{"type":"Feature","geometry":{"type":"Point","coordinates":[-52.224276732495355,-10.292518347392553]},"properties":{"Fazenda":"FE","Campo":"FE 19","produtividade":165.12654088000002,"unidade_produtividade":"sc/ha","pontos_originais":25,"ano":"2026","cultura":"Milho"}},{"type":"Feature","geometry":{"type":"Point","coordinates":[-52.21971140349648,-10.292535578995121]},"properties":{"Fazenda":"FE","Campo":"FE 19","produtividade":172.3984108,"unidade_produtividade":"sc/ha","pontos_originais":25,"ano":"2026","cultura":"Milho"}},{"type":"Feature","geometry":{"type":"Point","coordinates":[-52.21948313683521,-10.292536438886358]},"properties":{"Fazenda":"FE","Campo":"FE 19","produtividade":173.55613856,"unidade_produtividade":"sc/ha","pontos_originais":25,"ano":"2026","cultura":"Milho"}},{"type":"Feature","geometry":{"type":"Point","coordinates":[-52.21925487015385,-10.292537298616747]},"properties":{"Fazenda":"FE","Campo":"FE 19","produtividade":172.00343552,"unidade_produtividade":"sc/ha","pontos_originais":25,"ano":"2026","cultura":"Milho"}},{"type":"Feature","geometry":{"type":"Point","coordinates":[-52.219026603452384,-10.29253815818629]},"properties":{"Fazenda":"FE","Campo":"FE 19","produtividade":168.08270359999997,"unidade_produtividade":"sc/ha","pontos_originais":25,"ano":"2026","cultura":"Milho"}},{"type":"Feature","geometry":{"type":"Point","coordinates":[-52.22016793675873,-10.292533858730105]},"properties":{"Fazenda":"FE","Campo":"FE 19","produtividade":166.38030136,"unidade_produtividade":"sc/ha","pontos_originais":25,"ano":"2026","cultura":"Milho"}},{"type":"Feature","geometry":{"type":"Point","coordinates":[-52.219939670137656,-10.292534718943038]},"properties":{"Fazenda":"FE","Campo":"FE 19","produtividade":169.91097704000003,"unidade_produtividade":"sc/ha","pontos_originais":25,"ano":"2026","cultura":"Milho"}},{"type":"Feature","geometry":{"type":"Point","coordinates":[-52.21834180322744,-10.292540735929839]},"properties":{"Fazenda":"FE","Campo":"FE 19","produtividade":166.7237936,"unidade_produtividade":"sc/ha","pontos_originais":25,"ano":"2026","cultura":"Milho"}},{"type":"Feature","geometry":{"type":"Point","coordinates":[-52.2187983367308,-10.292539017594986]},"properties":{"Fazenda":"FE","Campo":"FE 19","produtividade":166.92187400000003,"unidade_produtividade":"sc/ha","pontos_originais":25,"ano":"2026","cultura":"Milho"}},{"type":"Feature","geometry":{"type":"Point","coordinates":[-52.218570069989156,-10.292539876842836]},"properties":{"Fazenda":"FE","Campo":"FE 19","produtividade":166.53927192,"unidade_produtividade":"sc/ha","pontos_originais":25,"ano":"2026","cultura":"Milho"}},{"type":"Feature","geometry":{"type":"Point","coordinates":[-52.21354733262267,-10.29233268029722]},"properties":{"Fazenda":"FE","Campo":"FE 19","produtividade":143.25169544000002,"unidade_produtividade":"sc/ha","pontos_originais":25,"ano":"2026","cultura":"Milho"}},{"type":"Feature","geometry":{"type":"Point","coordinates":[-52.21377559964288,-10.292331824607222]},"properties":{"Fazenda":"FE","Campo":"FE 19","produtividade":153.27460736,"unidade_produtividade":"sc/ha","pontos_originais":25,"ano":"2026","cultura":"Milho"}},{"type":"Feature","geometry":{"type":"Point","coordinates":[-52.21331906558245,-10.292333535826375]},"properties":{"Fazenda":"FE","Campo":"FE 19","produtividade":140.32604264000003,"unidade_produtividade":"sc/ha","pontos_originais":25,"ano":"2026","cultura":"Milho"}},{"type":"Feature","geometry":{"type":"Point","coordinates":[-52.21318236446142,-10.292401866873876]},"properties":{"Fazenda":"FE","Campo":"FE 19","produtividade":136.716223,"unidade_produtividade":"sc/ha","pontos_originais":2,"ano":"2026","cultura":"Milho"}},{"type":"Feature","geometry":{"type":"Point","coordinates":[-52.214460400583484,-10.292329256572154]},"properties":{"Fazenda":"FE","Campo":"FE 19","produtividade":159.28698688000003,"unidade_produtividade":"sc/ha","pontos_originais":25,"ano":"2026","cultura":"Milho"}},{"type":"Feature","geometry":{"type":"Point","coordinates":[-52.2142321336233,-10.292330112744686]},"properties":{"Fazenda":"FE","Campo":"FE 19","produtividade":158.15949016000005,"unidade_produtividade":"sc/ha","pontos_originais":25,"ano":"2026","cultura":"Milho"}},{"type":"Feature","geometry":{"type":"Point","coordinates":[-52.2140038666431,-10.292330968756378]},"properties":{"Fazenda":"FE","Campo":"FE 19","produtividade":155.60405671999996,"unidade_produtividade":"sc/ha","pontos_originais":25,"ano":"2026","cultura":"Milho"}},{"type":"Feature","geometry":{"type":"Point","coordinates":[-52.21810659921678,-10.290733123411544]},"properties":{"Fazenda":"FE","Campo":"FE 19","produtividade":165.51071544,"unidade_produtividade":"sc/ha","pontos_originais":25,"ano":"2026","cultura":"Milho"}},{"type":"Feature","geometry":{"type":"Point","coordinates":[-52.218334864699365,-10.290732264639475]},"properties":{"Fazenda":"FE","Campo":"FE 19","produtividade":165.80876871999996,"unidade_produtividade":"sc/ha","pontos_originais":25,"ano":"2026","cultura":"Milho"}},{"type":"Feature","geometry":{"type":"Point","coordinates":[-52.21787833371409,-10.290733982022791]},"properties":{"Fazenda":"FE","Campo":"FE 19","produtividade":164.37039920000004,"unidade_produtividade":"sc/ha","pontos_originais":25,"ano":"2026","cultura":"Milho"}},{"type":"Feature","geometry":{"type":"Point","coordinates":[-52.21765006819134,-10.290734840473217]},"properties":{"Fazenda":"FE","Campo":"FE 19","produtividade":163.40530976000002,"unidade_produtividade":"sc/ha","pontos_originais":25,"ano":"2026","cultura":"Milho"}},{"type":"Feature","geometry":{"type":"Point","coordinates":[-52.21879139560435,-10.290730546612888]},"properties":{"Fazenda":"FE","Campo":"FE 19","produtividade":164.01580552000004,"unidade_produtividade":"sc/ha","pontos_originais":25,"ano":"2026","cultura":"Milho"}},{"type":"Feature","geometry":{"type":"Point","coordinates":[-52.21901966102671,-10.290729687358365]},"properties":{"Fazenda":"FE","Campo":"FE 19","produtividade":162.18114471999996,"unidade_produtividade":"sc/ha","pontos_originais":25,"ano":"2026","cultura":"Milho"}},{"type":"Feature","geometry":{"type":"Point","coordinates":[-52.21856313016191,-10.290731405706593]},"properties":{"Fazenda":"FE","Campo":"FE 19","produtividade":165.17529952,"unidade_produtividade":"sc/ha","pontos_originais":25,"ano":"2026","cultura":"Milho"}},{"type":"Feature","geometry":{"type":"Point","coordinates":[-52.216737005899674,-10.290738272666742]},"properties":{"Fazenda":"FE","Campo":"FE 19","produtividade":169.03525576,"unidade_produtividade":"sc/ha","pontos_originais":25,"ano":"2026","cultura":"Milho"}},{"type":"Feature","geometry":{"type":"Point","coordinates":[-52.21650874027662,-10.290739130313074]},"properties":{"Fazenda":"FE","Campo":"FE 19","produtividade":168.71141616,"unidade_produtividade":"sc/ha","pontos_originais":25,"ano":"2026","cultura":"Milho"}},{"type":"Feature","geometry":{"type":"Point","coordinates":[-52.21628047463352,-10.29073998779859]},"properties":{"Fazenda":"FE","Campo":"FE 19","produtividade":167.27801831999997,"unidade_produtividade":"sc/ha","pontos_originais":25,"ano":"2026","cultura":"Milho"}},{"type":"Feature","geometry":{"type":"Point","coordinates":[-52.21605220897034,-10.290740845123285]},"properties":{"Fazenda":"FE","Campo":"FE 19","produtividade":168.27819512000002,"unidade_produtividade":"sc/ha","pontos_originais":25,"ano":"2026","cultura":"Milho"}},{"type":"Feature","geometry":{"type":"Point","coordinates":[-52.217421802648516,-10.290735698762829]},"properties":{"Fazenda":"FE","Campo":"FE 19","produtividade":162.8401768,"unidade_produtividade":"sc/ha","pontos_originais":25,"ano":"2026","cultura":"Milho"}},{"type":"Feature","geometry":{"type":"Point","coordinates":[-52.21719353708562,-10.290736556891618]},"properties":{"Fazenda":"FE","Campo":"FE 19","produtividade":164.97099808,"unidade_produtividade":"sc/ha","pontos_originais":25,"ano":"2026","cultura":"Milho"}},{"type":"Feature","geometry":{"type":"Point","coordinates":[-52.21696527150268,-10.29073741485959]},"properties":{"Fazenda":"FE","Campo":"FE 19","produtividade":167.93567224000003,"unidade_produtividade":"sc/ha","pontos_originais":25,"ano":"2026","cultura":"Milho"}},{"type":"Feature","geometry":{"type":"Point","coordinates":[-52.22107404892332,-10.290721946830843]},"properties":{"Fazenda":"FE","Campo":"FE 19","produtividade":159.32004704000002,"unidade_produtividade":"sc/ha","pontos_originais":25,"ano":"2026","cultura":"Milho"}},{"type":"Feature","geometry":{"type":"Point","coordinates":[-52.220845783681916,-10.29072280753273]},"properties":{"Fazenda":"FE","Campo":"FE 19","produtividade":159.10329176,"unidade_produtividade":"sc/ha","pontos_originais":25,"ano":"2026","cultura":"Milho"}},{"type":"Feature","geometry":{"type":"Point","coordinates":[-52.220617518420404,-10.290723668073799]},"properties":{"Fazenda":"FE","Campo":"FE 19","produtividade":158.40599655999998,"unidade_produtividade":"sc/ha","pontos_originais":25,"ano":"2026","cultura":"Milho"}},{"type":"Feature","geometry":{"type":"Point","coordinates":[-52.22038925313878,-10.290724528454048]},"properties":{"Fazenda":"FE","Campo":"FE 19","produtividade":160.65536816000002,"unidade_produtividade":"sc/ha","pontos_originais":25,"ano":"2026","cultura":"Milho"}},{"type":"Feature","geometry":{"type":"Point","coordinates":[-52.22175884452675,-10.290719363760276]},"properties":{"Fazenda":"FE","Campo":"FE 19","produtividade":157.43889896,"unidade_produtividade":"sc/ha","pontos_originais":25,"ano":"2026","cultura":"Milho"}},{"type":"Feature","geometry":{"type":"Point","coordinates":[-52.221987109687625,-10.290718502415121]},"properties":{"Fazenda":"FE","Campo":"FE 19","produtividade":157.40570328,"unidade_produtividade":"sc/ha","pontos_originais":25,"ano":"2026","cultura":"Milho"}},{"type":"Feature","geometry":{"type":"Point","coordinates":[-52.22153057934574,-10.290720224944616]},"properties":{"Fazenda":"FE","Campo":"FE 19","produtividade":158.64974048000005,"unidade_produtividade":"sc/ha","pontos_originais":25,"ano":"2026","cultura":"Milho"}},{"type":"Feature","geometry":{"type":"Point","coordinates":[-52.22130231414459,-10.290721085968139]},"properties":{"Fazenda":"FE","Campo":"FE 19","produtividade":159.82644272000005,"unidade_produtividade":"sc/ha","pontos_originais":25,"ano":"2026","cultura":"Milho"}},{"type":"Feature","geometry":{"type":"Point","coordinates":[-52.21970445717321,-10.29072710862989]},"properties":{"Fazenda":"FE","Campo":"FE 19","produtividade":163.23467103999997,"unidade_produtividade":"sc/ha","pontos_originais":25,"ano":"2026","cultura":"Milho"}},{"type":"Feature","geometry":{"type":"Point","coordinates":[-52.219476191811125,-10.290727968366866]},"properties":{"Fazenda":"FE","Campo":"FE 19","produtividade":162.27432984,"unidade_produtividade":"sc/ha","pontos_originais":25,"ano":"2026","cultura":"Milho"}},{"type":"Feature","geometry":{"type":"Point","coordinates":[-52.21924792642896,-10.290728827943024]},"properties":{"Fazenda":"FE","Campo":"FE 19","produtividade":162.13238496,"unidade_produtividade":"sc/ha","pontos_originais":25,"ano":"2026","cultura":"Milho"}},{"type":"Feature","geometry":{"type":"Point","coordinates":[-52.22016098783702,-10.290725388673478]},"properties":{"Fazenda":"FE","Campo":"FE 19","produtividade":162.0730468,"unidade_produtividade":"sc/ha","pontos_originais":25,"ano":"2026","cultura":"Milho"}},{"type":"Feature","geometry":{"type":"Point","coordinates":[-52.21993272251515,-10.290726248732092]},"properties":{"Fazenda":"FE","Campo":"FE 19","produtividade":163.40895088000002,"unidade_produtividade":"sc/ha","pontos_originais":25,"ano":"2026","cultura":"Milho"}},{"type":"Feature","geometry":{"type":"Point","coordinates":[-52.22290017012968,-10.290715055426315]},"properties":{"Fazenda":"FE","Campo":"FE 19","produtividade":138.57004279999998,"unidade_produtividade":"sc/ha","pontos_originais":25,"ano":"2026","cultura":"Milho"}},{"type":"Feature","geometry":{"type":"Point","coordinates":[-52.223128435189835,-10.29071419327707]},"properties":{"Fazenda":"FE","Campo":"FE 19","produtividade":134.46518736,"unidade_produtividade":"sc/ha","pontos_originais":25,"ano":"2026","cultura":"Milho"}},{"type":"Feature","geometry":{"type":"Point","coordinates":[-52.22267190504938,-10.290715917414744]},"properties":{"Fazenda":"FE","Campo":"FE 19","produtividade":140.65517983999996,"unidade_produtividade":"sc/ha","pontos_originais":25,"ano":"2026","cultura":"Milho"}},{"type":"Feature","geometry":{"type":"Point","coordinates":[-52.22244363994896,-10.290716779242352]},"properties":{"Fazenda":"FE","Campo":"FE 19","produtividade":147.58318287999998,"unidade_produtividade":"sc/ha","pontos_originais":25,"ano":"2026","cultura":"Milho"}},{"type":"Feature","geometry":{"type":"Point","coordinates":[-52.22380516728594,-10.290773289542681]},"properties":{"Fazenda":"FE","Campo":"FE 19","produtividade":127.4010270909091,"unidade_produtividade":"sc/ha","pontos_originais":11,"ano":"2026","cultura":"Milho"}},{"type":"Feature","geometry":{"type":"Point","coordinates":[-52.22357941104483,-10.290752050293467]},"properties":{"Fazenda":"FE","Campo":"FE 19","produtividade":135.7704915,"unidade_produtividade":"sc/ha","pontos_originais":16,"ano":"2026","cultura":"Milho"}},{"type":"Feature","geometry":{"type":"Point","coordinates":[-52.223350522320175,-10.290725684950017]},"properties":{"Fazenda":"FE","Campo":"FE 19","produtividade":136.77648090909094,"unidade_produtividade":"sc/ha","pontos_originais":22,"ano":"2026","cultura":"Milho"}},{"type":"Feature","geometry":{"type":"Point","coordinates":[-52.222215374828345,-10.290717640909143]},"properties":{"Fazenda":"FE","Campo":"FE 19","produtividade":156.39153376,"unidade_produtividade":"sc/ha","pontos_originais":25,"ano":"2026","cultura":"Milho"}},{"type":"Feature","geometry":{"type":"Point","coordinates":[-52.21513914611735,-10.29074427281387]},"properties":{"Fazenda":"FE","Campo":"FE 19","produtividade":166.90378823999998,"unidade_produtividade":"sc/ha","pontos_originais":25,"ano":"2026","cultura":"Milho"}},{"type":"Feature","geometry":{"type":"Point","coordinates":[-52.215367411860655,-10.290743416132452]},"properties":{"Fazenda":"FE","Campo":"FE 19","produtividade":167.79576016,"unidade_produtividade":"sc/ha","pontos_originais":25,"ano":"2026","cultura":"Milho"}},{"type":"Feature","geometry":{"type":"Point","coordinates":[-52.21491088035402,-10.290745129334464]},"properties":{"Fazenda":"FE","Campo":"FE 19","produtividade":166.06924992000003,"unidade_produtividade":"sc/ha","pontos_originais":25,"ano":"2026","cultura":"Milho"}},{"type":"Feature","geometry":{"type":"Point","coordinates":[-52.21468261457068,-10.290745985694244]},"properties":{"Fazenda":"FE","Campo":"FE 19","produtividade":163.32652728000002,"unidade_produtividade":"sc/ha","pontos_originais":25,"ano":"2026","cultura":"Milho"}},{"type":"Feature","geometry":{"type":"Point","coordinates":[-52.21582394328715,-10.290741702287157]},"properties":{"Fazenda":"FE","Campo":"FE 19","produtividade":167.76098584000002,"unidade_produtividade":"sc/ha","pontos_originais":25,"ano":"2026","cultura":"Milho"}},{"type":"Feature","geometry":{"type":"Point","coordinates":[-52.21559567758394,-10.290742559290216]},"properties":{"Fazenda":"FE","Campo":"FE 19","produtividade":168.31172176000004,"unidade_produtividade":"sc/ha","pontos_originais":25,"ano":"2026","cultura":"Milho"}},{"type":"Feature","geometry":{"type":"Point","coordinates":[-52.2137695512371,-10.290749409525153]},"properties":{"Fazenda":"FE","Campo":"FE 19","produtividade":150.43108192,"unidade_produtividade":"sc/ha","pontos_originais":25,"ano":"2026","cultura":"Milho"}},{"type":"Feature","geometry":{"type":"Point","coordinates":[-52.21355869349358,-10.290754505795089]},"properties":{"Fazenda":"FE","Campo":"FE 19","produtividade":151.30525466666666,"unidade_produtividade":"sc/ha","pontos_originais":21,"ano":"2026","cultura":"Milho"}},{"type":"Feature","geometry":{"type":"Point","coordinates":[-52.224041843747685,-10.290801166448384]},"properties":{"Fazenda":"FE","Campo":"FE 19","produtividade":122.61570160000001,"unidade_produtividade":"sc/ha","pontos_originais":5,"ano":"2026","cultura":"Milho"}},{"type":"Feature","geometry":{"type":"Point","coordinates":[-52.214454348767305,-10.2907468418932]},"properties":{"Fazenda":"FE","Campo":"FE 19","produtividade":159.74917616,"unidade_produtividade":"sc/ha","pontos_originais":25,"ano":"2026","cultura":"Milho"}},{"type":"Feature","geometry":{"type":"Point","coordinates":[-52.214226082943924,-10.290747697931337]},"properties":{"Fazenda":"FE","Campo":"FE 19","produtividade":155.43607967999998,"unidade_produtividade":"sc/ha","pontos_originais":25,"ano":"2026","cultura":"Milho"}},{"type":"Feature","geometry":{"type":"Point","coordinates":[-52.21399781710052,-10.290748553808653]},"properties":{"Fazenda":"FE","Campo":"FE 19","produtividade":153.11776031999997,"unidade_produtividade":"sc/ha","pontos_originais":25,"ano":"2026","cultura":"Milho"}},{"type":"Feature","geometry":{"type":"Point","coordinates":[-52.22221624483467,-10.290943699503728]},"properties":{"Fazenda":"FE","Campo":"FE 19","produtividade":161.44849168,"unidade_produtividade":"sc/ha","pontos_originais":25,"ano":"2026","cultura":"Milho"}},{"type":"Feature","geometry":{"type":"Point","coordinates":[-52.22198797953154,-10.290944561029027]},"properties":{"Fazenda":"FE","Campo":"FE 19","produtividade":162.92229408,"unidade_produtividade":"sc/ha","pontos_originais":25,"ano":"2026","cultura":"Milho"}},{"type":"Feature","geometry":{"type":"Point","coordinates":[-52.221759714208275,-10.290945422393504]},"properties":{"Fazenda":"FE","Campo":"FE 19","produtividade":162.09888127999997,"unidade_produtividade":"sc/ha","pontos_originais":25,"ano":"2026","cultura":"Milho"}},{"type":"Feature","geometry":{"type":"Point","coordinates":[-52.22153144886489,-10.290946283597158]},"properties":{"Fazenda":"FE","Campo":"FE 19","produtividade":161.69843928000003,"unidade_produtividade":"sc/ha","pontos_originais":25,"ano":"2026","cultura":"Milho"}},{"type":"Feature","geometry":{"type":"Point","coordinates":[-52.22290104062316,-10.290941113962912]},"properties":{"Fazenda":"FE","Campo":"FE 19","produtividade":148.10579056000003,"unidade_produtividade":"sc/ha","pontos_originais":25,"ano":"2026","cultura":"Milho"}},{"type":"Feature","geometry":{"type":"Point","coordinates":[-52.223129305845674,-10.29094025179433]},"properties":{"Fazenda":"FE","Campo":"FE 19","produtividade":144.91777384,"unidade_produtividade":"sc/ha","pontos_originais":25,"ano":"2026","cultura":"Milho"}},{"type":"Feature","geometry":{"type":"Point","coordinates":[-52.22267277538048,-10.290941975970673]},"properties":{"Fazenda":"FE","Campo":"FE 19","produtividade":153.13531464000002,"unidade_produtividade":"sc/ha","pontos_originais":25,"ano":"2026","cultura":"Milho"}},{"type":"Feature","geometry":{"type":"Point","coordinates":[-52.222444510117654,-10.290942837817608]},"properties":{"Fazenda":"FE","Campo":"FE 19","produtividade":158.36382239999998,"unidade_produtividade":"sc/ha","pontos_originais":25,"ano":"2026","cultura":"Milho"}},{"type":"Feature","geometry":{"type":"Point","coordinates":[-52.2208466527139,-10.290948866243193]},"properties":{"Fazenda":"FE","Campo":"FE 19","produtividade":156.46624168,"unidade_produtividade":"sc/ha","pontos_originais":25,"ano":"2026","cultura":"Milho"}},{"type":"Feature","geometry":{"type":"Point","coordinates":[-52.22061838729002,-10.290949726803563]},"properties":{"Fazenda":"FE","Campo":"FE 19","produtividade":156.32963920000003,"unidade_produtividade":"sc/ha","pontos_originais":25,"ano":"2026","cultura":"Milho"}},{"type":"Feature","geometry":{"type":"Point","coordinates":[-52.22039012184597,-10.29095058720311]},"properties":{"Fazenda":"FE","Campo":"FE 19","produtividade":159.5791372,"unidade_produtividade":"sc/ha","pontos_originais":25,"ano":"2026","cultura":"Milho"}},{"type":"Feature","geometry":{"type":"Point","coordinates":[-52.22016185638185,-10.290951447441834]},"properties":{"Fazenda":"FE","Campo":"FE 19","produtividade":163.01444936,"unidade_produtividade":"sc/ha","pontos_originais":25,"ano":"2026","cultura":"Milho"}},{"type":"Feature","geometry":{"type":"Point","coordinates":[-52.22130318350137,-10.29094714463999]},"properties":{"Fazenda":"FE","Campo":"FE 19","produtividade":160.86289799999997,"unidade_produtividade":"sc/ha","pontos_originais":25,"ano":"2026","cultura":"Milho"}},{"type":"Feature","geometry":{"type":"Point","coordinates":[-52.22107491811769,-10.290948005522003]},"properties":{"Fazenda":"FE","Campo":"FE 19","produtividade":158.47026215999998,"unidade_produtividade":"sc/ha","pontos_originais":25,"ano":"2026","cultura":"Milho"}},{"type":"Feature","geometry":{"type":"Point","coordinates":[-52.22358583623024,-10.290938526974703]},"properties":{"Fazenda":"FE","Campo":"FE 19","produtividade":142.68472176,"unidade_produtividade":"sc/ha","pontos_originais":25,"ano":"2026","cultura":"Milho"}},{"type":"Feature","geometry":{"type":"Point","coordinates":[-52.22381410139228,-10.29093766432366]},"properties":{"Fazenda":"FE","Campo":"FE 19","produtividade":134.64434032000005,"unidade_produtividade":"sc/ha","pontos_originais":25,"ano":"2026","cultura":"Milho"}},{"type":"Feature","geometry":{"type":"Point","coordinates":[-52.223357571048055,-10.29093938946493]},"properties":{"Fazenda":"FE","Campo":"FE 19","produtividade":144.31311608,"unidade_produtividade":"sc/ha","pontos_originais":25,"ano":"2026","cultura":"Milho"}},{"type":"Feature","geometry":{"type":"Point","coordinates":[-52.22426684176303,-10.290939720563788]},"properties":{"Fazenda":"FE","Campo":"FE 19","produtividade":125.1783365,"unidade_produtividade":"sc/ha","pontos_originais":24,"ano":"2026","cultura":"Milho"}},{"type":"Feature","geometry":{"type":"Point","coordinates":[-52.22404236653415,-10.290936801511796]},"properties":{"Fazenda":"FE","Campo":"FE 19","produtividade":128.14572568000003,"unidade_produtividade":"sc/ha","pontos_originais":25,"ano":"2026","cultura":"Milho"}},{"type":"Feature","geometry":{"type":"Point","coordinates":[-52.216281340417744,-10.290966046894377]},"properties":{"Fazenda":"FE","Campo":"FE 19","produtividade":164.55324424000003,"unidade_produtividade":"sc/ha","pontos_originais":25,"ano":"2026","cultura":"Milho"}},{"type":"Feature","geometry":{"type":"Point","coordinates":[-52.21650960622324,-10.290965189389631]},"properties":{"Fazenda":"FE","Campo":"FE 19","produtividade":166.62885456,"unidade_produtividade":"sc/ha","pontos_originais":25,"ano":"2026","cultura":"Milho"}},{"type":"Feature","geometry":{"type":"Point","coordinates":[-52.21605307459219,-10.290966904238303]},"properties":{"Fazenda":"FE","Campo":"FE 19","produtividade":165.34274008000003,"unidade_produtividade":"sc/ha","pontos_originais":25,"ano":"2026","cultura":"Milho"}},{"type":"Feature","geometry":{"type":"Point","coordinates":[-52.21582480874662,-10.2909677614214]},"properties":{"Fazenda":"FE","Campo":"FE 19","produtividade":166.19462384000002,"unidade_produtividade":"sc/ha","pontos_originais":25,"ano":"2026","cultura":"Milho"}},{"type":"Feature","geometry":{"type":"Point","coordinates":[-52.217194403519414,-10.290962615910455]},"properties":{"Fazenda":"FE","Campo":"FE 19","produtividade":165.99749711999996,"unidade_produtividade":"sc/ha","pontos_originais":25,"ano":"2026","cultura":"Milho"}},{"type":"Feature","geometry":{"type":"Point","coordinates":[-52.21696613777408,-10.290963473897673]},"properties":{"Fazenda":"FE","Campo":"FE 19","produtividade":168.69481551999996,"unidade_produtividade":"sc/ha","pontos_originais":25,"ano":"2026","cultura":"Milho"}},{"type":"Feature","geometry":{"type":"Point","coordinates":[-52.21673787200868,-10.290964331724064]},"properties":{"Fazenda":"FE","Campo":"FE 19","produtividade":168.00615048,"unidade_produtividade":"sc/ha","pontos_originais":25,"ano":"2026","cultura":"Milho"}},{"type":"Feature","geometry":{"type":"Point","coordinates":[-52.21491174516394,-10.290971188545571]},"properties":{"Fazenda":"FE","Campo":"FE 19","produtividade":165.91342600000004,"unidade_produtividade":"sc/ha","pontos_originais":25,"ano":"2026","cultura":"Milho"}},{"type":"Feature","geometry":{"type":"Point","coordinates":[-52.21468347921817,-10.290972044924553]},"properties":{"Fazenda":"FE","Campo":"FE 19","produtividade":167.08491296,"unidade_produtividade":"sc/ha","pontos_originais":25,"ano":"2026","cultura":"Milho"}},{"type":"Feature","geometry":{"type":"Point","coordinates":[-52.214455213252414,-10.290972901142714]},"properties":{"Fazenda":"FE","Campo":"FE 19","produtividade":164.69060552,"unidade_produtividade":"sc/ha","pontos_originais":25,"ano":"2026","cultura":"Milho"}},{"type":"Feature","geometry":{"type":"Point","coordinates":[-52.214226947266646,-10.290973757200051]},"properties":{"Fazenda":"FE","Campo":"FE 19","produtividade":159.55597279999998,"unidade_produtividade":"sc/ha","pontos_originais":25,"ano":"2026","cultura":"Milho"}},{"type":"Feature","geometry":{"type":"Point","coordinates":[-52.215596542880995,-10.290968618443678]},"properties":{"Fazenda":"FE","Campo":"FE 19","produtividade":167.42165607999996,"unidade_produtividade":"sc/ha","pontos_originais":25,"ano":"2026","cultura":"Milho"}},{"type":"Feature","geometry":{"type":"Point","coordinates":[-52.215368276995335,-10.29096947530513]},"properties":{"Fazenda":"FE","Campo":"FE 19","produtividade":166.47744120000004,"unidade_produtividade":"sc/ha","pontos_originais":25,"ano":"2026","cultura":"Milho"}},{"type":"Feature","geometry":{"type":"Point","coordinates":[-52.215140011089645,-10.290970332005763]},"properties":{"Fazenda":"FE","Campo":"FE 19","produtividade":167.31431583999995,"unidade_produtividade":"sc/ha","pontos_originais":25,"ano":"2026","cultura":"Milho"}},{"type":"Feature","geometry":{"type":"Point","coordinates":[-52.21924879432425,-10.29095488678852]},"properties":{"Fazenda":"FE","Campo":"FE 19","produtividade":160.98458991999996,"unidade_produtividade":"sc/ha","pontos_originais":25,"ano":"2026","cultura":"Milho"}},{"type":"Feature","geometry":{"type":"Point","coordinates":[-52.21947705986879,-10.29095402719308]},"properties":{"Fazenda":"FE","Campo":"FE 19","produtividade":161.55830935999998,"unidade_produtividade":"sc/ha","pontos_originais":25,"ano":"2026","cultura":"Milho"}},{"type":"Feature","geometry":{"type":"Point","coordinates":[-52.21902052875959,-10.290955746223133]},"properties":{"Fazenda":"FE","Campo":"FE 19","produtividade":161.19716816,"unidade_produtividade":"sc/ha","pontos_originais":25,"ano":"2026","cultura":"Milho"}},{"type":"Feature","geometry":{"type":"Point","coordinates":[-52.21879226317485,-10.290956605496929]},"properties":{"Fazenda":"FE","Campo":"FE 19","produtividade":163.00730544000007,"unidade_produtividade":"sc/ha","pontos_originais":25,"ano":"2026","cultura":"Milho"}},{"type":"Feature","geometry":{"type":"Point","coordinates":[-52.21993359089761,-10.290952307519738]},"properties":{"Fazenda":"FE","Campo":"FE 19","produtividade":164.80385487999996,"unidade_produtividade":"sc/ha","pontos_originais":25,"ano":"2026","cultura":"Milho"}},{"type":"Feature","geometry":{"type":"Point","coordinates":[-52.219705325393264,-10.290953167436818]},"properties":{"Fazenda":"FE","Campo":"FE 19","produtividade":163.16188952000002,"unidade_produtividade":"sc/ha","pontos_originais":25,"ano":"2026","cultura":"Milho"}},{"type":"Feature","geometry":{"type":"Point","coordinates":[-52.21787920063505,-10.29096004098388]},"properties":{"Fazenda":"FE","Campo":"FE 19","produtividade":163.99258344,"unidade_produtividade":"sc/ha","pontos_originais":25,"ano":"2026","cultura":"Milho"}},{"type":"Feature","geometry":{"type":"Point","coordinates":[-52.217650934949894,-10.290960899453559]},"properties":{"Fazenda":"FE","Campo":"FE 19","produtividade":164.62495952,"unidade_produtividade":"sc/ha","pontos_originais":25,"ano":"2026","cultura":"Milho"}},{"type":"Feature","geometry":{"type":"Point","coordinates":[-52.21742266924468,-10.290961757762421]},"properties":{"Fazenda":"FE","Campo":"FE 19","produtividade":164.80263351999997,"unidade_produtividade":"sc/ha","pontos_originais":25,"ano":"2026","cultura":"Milho"}},{"type":"Feature","geometry":{"type":"Point","coordinates":[-52.21856399757003,-10.290957464609898]},"properties":{"Fazenda":"FE","Campo":"FE 19","produtividade":164.61299288,"unidade_produtividade":"sc/ha","pontos_originais":25,"ano":"2026","cultura":"Milho"}},{"type":"Feature","geometry":{"type":"Point","coordinates":[-52.21833573194509,-10.290958323562046]},"properties":{"Fazenda":"FE","Campo":"FE 19","produtividade":164.52710344,"unidade_produtividade":"sc/ha","pontos_originais":25,"ano":"2026","cultura":"Milho"}},{"type":"Feature","geometry":{"type":"Point","coordinates":[-52.21810746630012,-10.290959182353374]},"properties":{"Fazenda":"FE","Campo":"FE 19","produtividade":164.35798791999997,"unidade_produtividade":"sc/ha","pontos_originais":25,"ano":"2026","cultura":"Milho"}},{"type":"Feature","geometry":{"type":"Point","coordinates":[-52.21354214918925,-10.290976324407122]},"properties":{"Fazenda":"FE","Campo":"FE 19","produtividade":151.44257295999998,"unidade_produtividade":"sc/ha","pontos_originais":25,"ano":"2026","cultura":"Milho"}},{"type":"Feature","geometry":{"type":"Point","coordinates":[-52.22449419210378,-10.290961268761924]},"properties":{"Fazenda":"FE","Campo":"FE 19","produtividade":122.81732915789473,"unidade_produtividade":"sc/ha","pontos_originais":19,"ano":"2026","cultura":"Milho"}},{"type":"Feature","geometry":{"type":"Point","coordinates":[-52.21399868126086,-10.290974613096566]},"properties":{"Fazenda":"FE","Campo":"FE 19","produtividade":155.89557759999997,"unidade_produtividade":"sc/ha","pontos_originais":25,"ano":"2026","cultura":"Milho"}},{"type":"Feature","geometry":{"type":"Point","coordinates":[-52.21377041523506,-10.290975468832254]},"properties":{"Fazenda":"FE","Campo":"FE 19","produtividade":151.66008368,"unidade_produtividade":"sc/ha","pontos_originais":25,"ano":"2026","cultura":"Milho"}},{"type":"Feature","geometry":{"type":"Point","coordinates":[-52.224716827712925,-10.2909864192781]},"properties":{"Fazenda":"FE","Campo":"FE 19","produtividade":126.72599799999999,"unidade_produtividade":"sc/ha","pontos_originais":13,"ano":"2026","cultura":"Milho"}},{"type":"Feature","geometry":{"type":"Point","coordinates":[-52.214681749943175,-10.29051992646071]},"properties":{"Fazenda":"FE","Campo":"FE 19","produtividade":166.77790863999996,"unidade_produtividade":"sc/ha","pontos_originais":25,"ano":"2026","cultura":"Milho"}},{"type":"Feature","geometry":{"type":"Point","coordinates":[-52.2144534843022,-10.290520782640465]},"properties":{"Fazenda":"FE","Campo":"FE 19","produtividade":162.31021016,"unidade_produtividade":"sc/ha","pontos_originais":25,"ano":"2026","cultura":"Milho"}},{"type":"Feature","geometry":{"type":"Point","coordinates":[-52.2142252186412,-10.290521638659403]},"properties":{"Fazenda":"FE","Campo":"FE 19","produtividade":156.09884584,"unidade_produtividade":"sc/ha","pontos_originais":25,"ano":"2026","cultura":"Milho"}},{"type":"Feature","geometry":{"type":"Point","coordinates":[-52.21399695296018,-10.290522494517525]},"properties":{"Fazenda":"FE","Campo":"FE 19","produtividade":153.12247552000002,"unidade_produtividade":"sc/ha","pontos_originais":25,"ano":"2026","cultura":"Milho"}},{"type":"Feature","geometry":{"type":"Point","coordinates":[-52.21536654674601,-10.290517356956553]},"properties":{"Fazenda":"FE","Campo":"FE 19","produtividade":169.89848400000002,"unidade_produtividade":"sc/ha","pontos_originais":25,"ano":"2026","cultura":"Milho"}},{"type":"Feature","geometry":{"type":"Point","coordinates":[-52.21513828116508,-10.290518213618752]},"properties":{"Fazenda":"FE","Campo":"FE 19","produtividade":169.85606007999996,"unidade_produtividade":"sc/ha","pontos_originais":25,"ano":"2026","cultura":"Milho"}},{"type":"Feature","geometry":{"type":"Point","coordinates":[-52.21491001556416,-10.29051907012014]},"properties":{"Fazenda":"FE","Campo":"FE 19","produtividade":170.18052296000002,"unidade_produtividade":"sc/ha","pontos_originais":25,"ano":"2026","cultura":"Milho"}},{"type":"Feature","geometry":{"type":"Point","coordinates":[-52.222882462686805,-10.290562530566808]},"properties":{"Fazenda":"FE","Campo":"FE 19","produtividade":133.28637,"unidade_produtividade":"sc/ha","pontos_originais":8,"ano":"2026","cultura":"Milho"}},{"type":"Feature","geometry":{"type":"Point","coordinates":[-52.22266469937638,-10.290538324601616]},"properties":{"Fazenda":"FE","Campo":"FE 19","produtividade":129.60885,"unidade_produtividade":"sc/ha","pontos_originais":14,"ano":"2026","cultura":"Milho"}},{"type":"Feature","geometry":{"type":"Point","coordinates":[-52.22243806497596,-10.290516914009809]},"properties":{"Fazenda":"FE","Campo":"FE 19","produtividade":134.38922,"unidade_produtividade":"sc/ha","pontos_originais":19,"ano":"2026","cultura":"Milho"}},{"type":"Feature","geometry":{"type":"Point","coordinates":[-52.222214504842206,-10.29049158231134]},"properties":{"Fazenda":"FE","Campo":"FE 19","produtividade":135.80596176,"unidade_produtividade":"sc/ha","pontos_originais":25,"ano":"2026","cultura":"Milho"}},{"type":"Feature","geometry":{"type":"Point","coordinates":[-52.213768687259154,-10.29052335021483]},"properties":{"Fazenda":"FE","Campo":"FE 19","produtividade":152.77710671999998,"unidade_produtividade":"sc/ha","pontos_originais":25,"ano":"2026","cultura":"Milho"}},{"type":"Feature","geometry":{"type":"Point","coordinates":[-52.21358038963559,-10.290529707531078]},"properties":{"Fazenda":"FE","Campo":"FE 19","produtividade":152.716237625,"unidade_produtividade":"sc/ha","pontos_originais":16,"ano":"2026","cultura":"Milho"}},{"type":"Feature","geometry":{"type":"Point","coordinates":[-52.22308225981479,-10.290578730609976]},"properties":{"Fazenda":"FE","Campo":"FE 19","produtividade":129.98636933333333,"unidade_produtividade":"sc/ha","pontos_originais":3,"ano":"2026","cultura":"Milho"}},{"type":"Feature","geometry":{"type":"Point","coordinates":[-52.21764920145285,-10.290508781489653]},"properties":{"Fazenda":"FE","Campo":"FE 19","produtividade":167.54397408,"unidade_produtividade":"sc/ha","pontos_originais":25,"ano":"2026","cultura":"Milho"}},{"type":"Feature","geometry":{"type":"Point","coordinates":[-52.217420936072415,-10.290509639760014]},"properties":{"Fazenda":"FE","Campo":"FE 19","produtividade":166.81335327999997,"unidade_produtividade":"sc/ha","pontos_originais":25,"ano":"2026","cultura":"Milho"}},{"type":"Feature","geometry":{"type":"Point","coordinates":[-52.21719267067192,-10.290510497869557]},"properties":{"Fazenda":"FE","Campo":"FE 19","produtividade":167.19491599999998,"unidade_produtividade":"sc/ha","pontos_originais":25,"ano":"2026","cultura":"Milho"}},{"type":"Feature","geometry":{"type":"Point","coordinates":[-52.216964405251346,-10.290511355818287]},"properties":{"Fazenda":"FE","Campo":"FE 19","produtividade":167.70797792000002,"unidade_produtividade":"sc/ha","pontos_originais":25,"ano":"2026","cultura":"Milho"}},{"type":"Feature","geometry":{"type":"Point","coordinates":[-52.21833399747373,-10.290506205713685]},"properties":{"Fazenda":"FE","Campo":"FE 19","produtividade":168.63777223999998,"unidade_produtividade":"sc/ha","pontos_originais":25,"ano":"2026","cultura":"Milho"}},{"type":"Feature","geometry":{"type":"Point","coordinates":[-52.218105732153525,-10.290507064466489]},"properties":{"Fazenda":"FE","Campo":"FE 19","produtividade":168.73583663999997,"unidade_produtividade":"sc/ha","pontos_originais":25,"ano":"2026","cultura":"Milho"}},{"type":"Feature","geometry":{"type":"Point","coordinates":[-52.21787746681323,-10.290507923058481]},"properties":{"Fazenda":"FE","Campo":"FE 19","produtividade":168.50382976,"unidade_produtividade":"sc/ha","pontos_originais":25,"ano":"2026","cultura":"Milho"}},{"type":"Feature","geometry":{"type":"Point","coordinates":[-52.216051343368555,-10.290514786005046]},"properties":{"Fazenda":"FE","Campo":"FE 19","produtividade":164.87386719999998,"unidade_produtividade":"sc/ha","pontos_originais":25,"ano":"2026","cultura":"Milho"}},{"type":"Feature","geometry":{"type":"Point","coordinates":[-52.216279608869336,-10.290513928699578]},"properties":{"Fazenda":"FE","Campo":"FE 19","produtividade":163.99219032000002,"unidade_produtividade":"sc/ha","pontos_originais":25,"ano":"2026","cultura":"Milho"}},{"type":"Feature","geometry":{"type":"Point","coordinates":[-52.21582307784775,-10.290515643149696]},"properties":{"Fazenda":"FE","Campo":"FE 19","produtividade":166.61676136000003,"unidade_produtividade":"sc/ha","pontos_originais":25,"ano":"2026","cultura":"Milho"}},{"type":"Feature","geometry":{"type":"Point","coordinates":[-52.21559481230689,-10.290516500133531]},"properties":{"Fazenda":"FE","Campo":"FE 19","produtividade":169.04966624,"unidade_produtividade":"sc/ha","pontos_originais":25,"ano":"2026","cultura":"Milho"}},{"type":"Feature","geometry":{"type":"Point","coordinates":[-52.21673613981073,-10.290512213606203]},"properties":{"Fazenda":"FE","Campo":"FE 19","produtividade":166.54234239999997,"unidade_produtividade":"sc/ha","pontos_originais":25,"ano":"2026","cultura":"Milho"}},{"type":"Feature","geometry":{"type":"Point","coordinates":[-52.21650787435006,-10.290513071233299]},"properties":{"Fazenda":"FE","Campo":"FE 19","produtividade":165.08606688000003,"unidade_produtividade":"sc/ha","pontos_originais":25,"ano":"2026","cultura":"Milho"}},{"type":"Feature","geometry":{"type":"Point","coordinates":[-52.21856226277386,-10.290505346800064]},"properties":{"Fazenda":"FE","Campo":"FE 19","produtividade":168.0715904,"unidade_produtividade":"sc/ha","pontos_originais":25,"ano":"2026","cultura":"Milho"}},{"type":"Feature","geometry":{"type":"Point","coordinates":[-52.219247058553776,-10.290502769094312]},"properties":{"Fazenda":"FE","Campo":"FE 19","produtividade":161.94268608000002,"unidade_produtividade":"sc/ha","pontos_originais":25,"ano":"2026","cultura":"Milho"}},{"type":"Feature","geometry":{"type":"Point","coordinates":[-52.21901879331391,-10.290503628490377]},"properties":{"Fazenda":"FE","Campo":"FE 19","produtividade":163.61311456,"unidade_produtividade":"sc/ha","pontos_originais":25,"ano":"2026","cultura":"Milho"}},{"type":"Feature","geometry":{"type":"Point","coordinates":[-52.21879052805393,-10.290504487725629]},"properties":{"Fazenda":"FE","Campo":"FE 19","produtividade":164.855936,"unidade_produtividade":"sc/ha","pontos_originais":25,"ano":"2026","cultura":"Milho"}},{"type":"Feature","geometry":{"type":"Point","coordinates":[-52.22130144480797,-10.290495027293064]},"properties":{"Fazenda":"FE","Campo":"FE 19","produtividade":144.44001096000002,"unidade_produtividade":"sc/ha","pontos_originais":25,"ano":"2026","cultura":"Milho"}},{"type":"Feature","geometry":{"type":"Point","coordinates":[-52.22152970984673,-10.290494166288857]},"properties":{"Fazenda":"FE","Campo":"FE 19","produtividade":135.86123264000003,"unidade_produtividade":"sc/ha","pontos_originais":25,"ano":"2026","cultura":"Milho"}},{"type":"Feature","geometry":{"type":"Point","coordinates":[-52.221073179749084,-10.290495888136464]},"properties":{"Fazenda":"FE","Campo":"FE 19","produtividade":151.36152416,"unidade_produtividade":"sc/ha","pontos_originais":25,"ano":"2026","cultura":"Milho"}},{"type":"Feature","geometry":{"type":"Point","coordinates":[-52.22084491467006,-10.290496748819043]},"properties":{"Fazenda":"FE","Campo":"FE 19","produtividade":155.22712632,"unidade_produtividade":"sc/ha","pontos_originais":25,"ano":"2026","cultura":"Milho"}},{"type":"Feature","geometry":{"type":"Point","coordinates":[-52.22198623986385,-10.29049244379799]},"properties":{"Fazenda":"FE","Campo":"FE 19","produtividade":133.56131600000003,"unidade_produtividade":"sc/ha","pontos_originais":25,"ano":"2026","cultura":"Milho"}},{"type":"Feature","geometry":{"type":"Point","coordinates":[-52.22175797486534,-10.29049330512383]},"properties":{"Fazenda":"FE","Campo":"FE 19","produtividade":132.78407352000002,"unidade_produtividade":"sc/ha","pontos_originais":25,"ano":"2026","cultura":"Milho"}},{"type":"Feature","geometry":{"type":"Point","coordinates":[-52.219931854152826,-10.290500189941229]},"properties":{"Fazenda":"FE","Campo":"FE 19","produtividade":157.00813408,"unidade_produtividade":"sc/ha","pontos_originais":25,"ano":"2026","cultura":"Milho"}},{"type":"Feature","geometry":{"type":"Point","coordinates":[-52.219703588973246,-10.290501049819737]},"properties":{"Fazenda":"FE","Campo":"FE 19","produtividade":159.46280503999998,"unidade_produtividade":"sc/ha","pontos_originais":25,"ano":"2026","cultura":"Milho"}},{"type":"Feature","geometry":{"type":"Point","coordinates":[-52.219475323773565,-10.290501909537433]},"properties":{"Fazenda":"FE","Campo":"FE 19","produtividade":160.34674208,"unidade_produtividade":"sc/ha","pontos_originais":25,"ano":"2026","cultura":"Milho"}},{"type":"Feature","geometry":{"type":"Point","coordinates":[-52.22061664957093,-10.290497609340811]},"properties":{"Fazenda":"FE","Campo":"FE 19","produtividade":153.53224824000003,"unidade_produtividade":"sc/ha","pontos_originais":25,"ano":"2026","cultura":"Milho"}},{"type":"Feature","geometry":{"type":"Point","coordinates":[-52.220388384451674,-10.290498469701765]},"properties":{"Fazenda":"FE","Campo":"FE 19","produtividade":154.33534312,"unidade_produtividade":"sc/ha","pontos_originais":25,"ano":"2026","cultura":"Milho"}},{"type":"Feature","geometry":{"type":"Point","coordinates":[-52.22016011931231,-10.290499329901904]},"properties":{"Fazenda":"FE","Campo":"FE 19","produtividade":155.31344136,"unidade_produtividade":"sc/ha","pontos_originais":25,"ano":"2026","cultura":"Milho"}},{"type":"Feature","geometry":{"type":"Point","coordinates":[-52.216278743125194,-10.29028786959735]},"properties":{"Fazenda":"FE","Campo":"FE 19","produtividade":165.6317068,"unidade_produtividade":"sc/ha","pontos_originais":25,"ano":"2026","cultura":"Milho"}},{"type":"Feature","geometry":{"type":"Point","coordinates":[-52.21650700844352,-10.2902870121503]},"properties":{"Fazenda":"FE","Campo":"FE 19","produtividade":165.36257472,"unidade_produtividade":"sc/ha","pontos_originais":25,"ano":"2026","cultura":"Milho"}},{"type":"Feature","geometry":{"type":"Point","coordinates":[-52.2160504777868,-10.290288726883587]},"properties":{"Fazenda":"FE","Campo":"FE 19","produtividade":166.4359116,"unidade_produtividade":"sc/ha","pontos_originais":25,"ano":"2026","cultura":"Milho"}},{"type":"Feature","geometry":{"type":"Point","coordinates":[-52.21582221242836,-10.290289584009013]},"properties":{"Fazenda":"FE","Campo":"FE 19","produtividade":166.83509136,"unidade_produtividade":"sc/ha","pontos_originais":25,"ano":"2026","cultura":"Milho"}},{"type":"Feature","geometry":{"type":"Point","coordinates":[-52.21696353902005,-10.290285296773765]},"properties":{"Fazenda":"FE","Campo":"FE 19","produtividade":165.61072696,"unidade_produtividade":"sc/ha","pontos_originais":25,"ano":"2026","cultura":"Milho"}},{"type":"Feature","geometry":{"type":"Point","coordinates":[-52.21719180427824,-10.290284438844278]},"properties":{"Fazenda":"FE","Campo":"FE 19","produtividade":165.33916168,"unidade_produtividade":"sc/ha","pontos_originais":25,"ano":"2026","cultura":"Milho"}},{"type":"Feature","geometry":{"type":"Point","coordinates":[-52.21673527374182,-10.290286154542436]},"properties":{"Fazenda":"FE","Campo":"FE 19","produtividade":165.40413624,"unidade_produtividade":"sc/ha","pontos_originais":25,"ano":"2026","cultura":"Milho"}},{"type":"Feature","geometry":{"type":"Point","coordinates":[-52.21490915079428,-10.290293010902595]},"properties":{"Fazenda":"FE","Campo":"FE 19","produtividade":170.72360872000002,"unidade_produtividade":"sc/ha","pontos_originais":25,"ano":"2026","cultura":"Milho"}},{"type":"Feature","geometry":{"type":"Point","coordinates":[-52.214680885335696,-10.290293867223959]},"properties":{"Fazenda":"FE","Campo":"FE 19","produtividade":170.12875824,"unidade_produtividade":"sc/ha","pontos_originais":25,"ano":"2026","cultura":"Milho"}},{"type":"Feature","geometry":{"type":"Point","coordinates":[-52.2144526198571,-10.290294723384509]},"properties":{"Fazenda":"FE","Campo":"FE 19","produtividade":166.16832007999997,"unidade_produtividade":"sc/ha","pontos_originais":25,"ano":"2026","cultura":"Milho"}},{"type":"Feature","geometry":{"type":"Point","coordinates":[-52.214224354358485,-10.290295579384246]},"properties":{"Fazenda":"FE","Campo":"FE 19","produtividade":160.68739119999998,"unidade_produtividade":"sc/ha","pontos_originais":25,"ano":"2026","cultura":"Milho"}},{"type":"Feature","geometry":{"type":"Point","coordinates":[-52.2155939470499,-10.290290440973626]},"properties":{"Fazenda":"FE","Campo":"FE 19","produtividade":166.24400072,"unidade_produtividade":"sc/ha","pontos_originais":25,"ano":"2026","cultura":"Milho"}},{"type":"Feature","geometry":{"type":"Point","coordinates":[-52.21536568165139,-10.290291297777431]},"properties":{"Fazenda":"FE","Campo":"FE 19","produtividade":166.75505616,"unidade_produtividade":"sc/ha","pontos_originais":25,"ano":"2026","cultura":"Milho"}},{"type":"Feature","geometry":{"type":"Point","coordinates":[-52.21513741623285,-10.290292154420415]},"properties":{"Fazenda":"FE","Campo":"FE 19","produtividade":168.99716511999995,"unidade_produtividade":"sc/ha","pontos_originais":25,"ano":"2026","cultura":"Milho"}},{"type":"Feature","geometry":{"type":"Point","coordinates":[-52.2192461906987,-10.290276710242379]},"properties":{"Fazenda":"FE","Campo":"FE 19","produtividade":146.44274624000002,"unidade_produtividade":"sc/ha","pontos_originais":25,"ano":"2026","cultura":"Milho"}},{"type":"Feature","geometry":{"type":"Point","coordinates":[-52.21901792562118,-10.290277569619171]},"properties":{"Fazenda":"FE","Campo":"FE 19","produtividade":153.55799984,"unidade_produtividade":"sc/ha","pontos_originais":25,"ano":"2026","cultura":"Milho"}},{"type":"Feature","geometry":{"type":"Point","coordinates":[-52.2187896605236,-10.290278428835148]},"properties":{"Fazenda":"FE","Campo":"FE 19","produtividade":162.11044416000004,"unidade_produtividade":"sc/ha","pontos_originais":25,"ano":"2026","cultura":"Milho"}},{"type":"Feature","geometry":{"type":"Point","coordinates":[-52.218561395405935,-10.290279287890314]},"properties":{"Fazenda":"FE","Campo":"FE 19","produtividade":168.85400224,"unidade_produtividade":"sc/ha","pontos_originais":25,"ano":"2026","cultura":"Milho"}},{"type":"Feature","geometry":{"type":"Point","coordinates":[-52.21993098581061,-10.290274131147143]},"properties":{"Fazenda":"FE","Campo":"FE 19","produtividade":132.39765783999997,"unidade_produtividade":"sc/ha","pontos_originais":25,"ano":"2026","cultura":"Milho"}},{"type":"Feature","geometry":{"type":"Point","coordinates":[-52.220159250807704,-10.290273271127106]},"properties":{"Fazenda":"FE","Campo":"FE 19","produtividade":131.79785472,"unidade_produtividade":"sc/ha","pontos_originais":25,"ano":"2026","cultura":"Milho"}},{"type":"Feature","geometry":{"type":"Point","coordinates":[-52.21970272079339,-10.290274991006365]},"properties":{"Fazenda":"FE","Campo":"FE 19","produtividade":136.11423616000002,"unidade_produtividade":"sc/ha","pontos_originais":25,"ano":"2026","cultura":"Milho"}},{"type":"Feature","geometry":{"type":"Point","coordinates":[-52.2194744557561,-10.290275850704779]},"properties":{"Fazenda":"FE","Campo":"FE 19","produtividade":140.33886608,"unidade_produtividade":"sc/ha","pontos_originais":25,"ano":"2026","cultura":"Milho"}},{"type":"Feature","geometry":{"type":"Point","coordinates":[-52.217876599932396,-10.290281864090948]},"properties":{"Fazenda":"FE","Campo":"FE 19","produtividade":169.77833095999998,"unidade_produtividade":"sc/ha","pontos_originais":25,"ano":"2026","cultura":"Milho"}},{"type":"Feature","geometry":{"type":"Point","coordinates":[-52.21764833473444,-10.290282722502871]},"properties":{"Fazenda":"FE","Campo":"FE 19","produtividade":168.89565783999998,"unidade_produtividade":"sc/ha","pontos_originais":25,"ano":"2026","cultura":"Milho"}},{"type":"Feature","geometry":{"type":"Point","coordinates":[-52.217420069516365,-10.29028358075398]},"properties":{"Fazenda":"FE","Campo":"FE 19","produtividade":166.12013824000002,"unidade_produtividade":"sc/ha","pontos_originais":25,"ano":"2026","cultura":"Milho"}},{"type":"Feature","geometry":{"type":"Point","coordinates":[-52.218333130268164,-10.29028014678467]},"properties":{"Fazenda":"FE","Campo":"FE 19","produtividade":170.87769215999998,"unidade_produtividade":"sc/ha","pontos_originais":25,"ano":"2026","cultura":"Milho"}},{"type":"Feature","geometry":{"type":"Point","coordinates":[-52.21810486511032,-10.290281005518215]},"properties":{"Fazenda":"FE","Campo":"FE 19","produtividade":170.72072416,"unidade_produtividade":"sc/ha","pontos_originais":25,"ano":"2026","cultura":"Milho"}},{"type":"Feature","geometry":{"type":"Point","coordinates":[-52.221970471327744,-10.29034933076391]},"properties":{"Fazenda":"FE","Campo":"FE 19","produtividade":111.91675833333333,"unidade_produtividade":"sc/ha","pontos_originais":6,"ano":"2026","cultura":"Milho"}},{"type":"Feature","geometry":{"type":"Point","coordinates":[-52.22212267691021,-10.290356291766988]},"properties":{"Fazenda":"FE","Campo":"FE 19","produtividade":105.279706,"unidade_produtividade":"sc/ha","pontos_originais":1,"ano":"2026","cultura":"Milho"}},{"type":"Feature","geometry":{"type":"Point","coordinates":[-52.221745909389576,-10.290323804205512]},"properties":{"Fazenda":"FE","Campo":"FE 19","produtividade":111.30353033333336,"unidade_produtividade":"sc/ha","pontos_originais":12,"ano":"2026","cultura":"Milho"}},{"type":"Feature","geometry":{"type":"Point","coordinates":[-52.22152091693933,-10.290302711697613]},"properties":{"Fazenda":"FE","Campo":"FE 19","produtividade":111.05488388235295,"unidade_produtividade":"sc/ha","pontos_originais":17,"ano":"2026","cultura":"Milho"}},{"type":"Feature","geometry":{"type":"Point","coordinates":[-52.213996088839856,-10.290296435223173]},"properties":{"Fazenda":"FE","Campo":"FE 19","produtividade":154.62969423999996,"unidade_produtividade":"sc/ha","pontos_originais":25,"ano":"2026","cultura":"Milho"}},{"type":"Feature","geometry":{"type":"Point","coordinates":[-52.213767823301204,-10.290297290901288]},"properties":{"Fazenda":"FE","Campo":"FE 19","produtividade":152.83135784,"unidade_produtividade":"sc/ha","pontos_originais":25,"ano":"2026","cultura":"Milho"}},{"type":"Feature","geometry":{"type":"Point","coordinates":[-52.213596667324,-10.290309235525807]},"properties":{"Fazenda":"FE","Campo":"FE 19","produtividade":151.77057933333333,"unidade_produtividade":"sc/ha","pontos_originais":12,"ano":"2026","cultura":"Milho"}},{"type":"Feature","geometry":{"type":"Point","coordinates":[-52.220615780741554,-10.290271550604604]},"properties":{"Fazenda":"FE","Campo":"FE 19","produtividade":133.5289228,"unidade_produtividade":"sc/ha","pontos_originais":25,"ano":"2026","cultura":"Milho"}},{"type":"Feature","geometry":{"type":"Point","coordinates":[-52.220387515784665,-10.290272410946258]},"properties":{"Fazenda":"FE","Campo":"FE 19","produtividade":132.76550672,"unidade_produtividade":"sc/ha","pontos_originais":25,"ano":"2026","cultura":"Milho"}},{"type":"Feature","geometry":{"type":"Point","coordinates":[-52.221294650993684,-10.2902768539837]},"properties":{"Fazenda":"FE","Campo":"FE 19","produtividade":110.41661339130437,"unidade_produtividade":"sc/ha","pontos_originais":23,"ano":"2026","cultura":"Milho"}},{"type":"Feature","geometry":{"type":"Point","coordinates":[-52.22107231059495,-10.290269829438857]},"properties":{"Fazenda":"FE","Campo":"FE 19","produtividade":124.88634815999998,"unidade_produtividade":"sc/ha","pontos_originais":25,"ano":"2026","cultura":"Milho"}},{"type":"Feature","geometry":{"type":"Point","coordinates":[-52.22084404567832,-10.290270690102139]},"properties":{"Fazenda":"FE","Campo":"FE 19","produtividade":133.03870104,"unidade_produtividade":"sc/ha","pontos_originais":25,"ano":"2026","cultura":"Milho"}},{"type":"Feature","geometry":{"type":"Point","coordinates":[-52.21604961222507,-10.290062667758907]},"properties":{"Fazenda":"FE","Campo":"FE 19","produtividade":166.11562744,"unidade_produtividade":"sc/ha","pontos_originais":25,"ano":"2026","cultura":"Milho"}},{"type":"Feature","geometry":{"type":"Point","coordinates":[-52.21582134702902,-10.290063524865111]},"properties":{"Fazenda":"FE","Campo":"FE 19","produtividade":170.50649280000002,"unidade_produtividade":"sc/ha","pontos_originais":25,"ano":"2026","cultura":"Milho"}},{"type":"Feature","geometry":{"type":"Point","coordinates":[-52.21559308181294,-10.2900643818105]},"properties":{"Fazenda":"FE","Campo":"FE 19","produtividade":170.57380984000002,"unidade_produtividade":"sc/ha","pontos_originais":25,"ano":"2026","cultura":"Milho"}},{"type":"Feature","geometry":{"type":"Point","coordinates":[-52.21536481657681,-10.290065238595083]},"properties":{"Fazenda":"FE","Campo":"FE 19","produtividade":169.89928480000003,"unidade_produtividade":"sc/ha","pontos_originais":25,"ano":"2026","cultura":"Milho"}},{"type":"Feature","geometry":{"type":"Point","coordinates":[-52.21673440769297,-10.290060095475454]},"properties":{"Fazenda":"FE","Campo":"FE 19","produtividade":148.13477672000002,"unidade_produtividade":"sc/ha","pontos_originais":25,"ano":"2026","cultura":"Milho"}},{"type":"Feature","geometry":{"type":"Point","coordinates":[-52.21650614255705,-10.29006095306408]},"properties":{"Fazenda":"FE","Campo":"FE 19","produtividade":151.92653503999998,"unidade_produtividade":"sc/ha","pontos_originais":25,"ano":"2026","cultura":"Milho"}},{"type":"Feature","geometry":{"type":"Point","coordinates":[-52.21627787740109,-10.290061810491899]},"properties":{"Fazenda":"FE","Campo":"FE 19","produtividade":159.31893208000002,"unidade_produtividade":"sc/ha","pontos_originais":25,"ano":"2026","cultura":"Milho"}},{"type":"Feature","geometry":{"type":"Point","coordinates":[-52.21445175543204,-10.290068664125334]},"properties":{"Fazenda":"FE","Campo":"FE 19","produtividade":162.15732456,"unidade_produtividade":"sc/ha","pontos_originais":25,"ano":"2026","cultura":"Milho"}},{"type":"Feature","geometry":{"type":"Point","coordinates":[-52.214680020748254,-10.290067807983984]},"properties":{"Fazenda":"FE","Campo":"FE 19","produtividade":167.37727944,"unidade_produtividade":"sc/ha","pontos_originais":25,"ano":"2026","cultura":"Milho"}},{"type":"Feature","geometry":{"type":"Point","coordinates":[-52.21422349009579,-10.290069520105869]},"properties":{"Fazenda":"FE","Campo":"FE 19","produtividade":157.46260544000003,"unidade_produtividade":"sc/ha","pontos_originais":25,"ano":"2026","cultura":"Milho"}},{"type":"Feature","geometry":{"type":"Point","coordinates":[-52.21399522473955,-10.290070375925602]},"properties":{"Fazenda":"FE","Campo":"FE 19","produtividade":150.2183116,"unidade_produtividade":"sc/ha","pontos_originais":25,"ano":"2026","cultura":"Milho"}},{"type":"Feature","geometry":{"type":"Point","coordinates":[-52.215136551320654,-10.29006609521886]},"properties":{"Fazenda":"FE","Campo":"FE 19","produtividade":169.21688336,"unidade_produtividade":"sc/ha","pontos_originais":25,"ano":"2026","cultura":"Milho"}},{"type":"Feature","geometry":{"type":"Point","coordinates":[-52.214908286044476,-10.290066951681826]},"properties":{"Fazenda":"FE","Campo":"FE 19","produtividade":169.25081823999997,"unidade_produtividade":"sc/ha","pontos_originais":25,"ano":"2026","cultura":"Milho"}},{"type":"Feature","geometry":{"type":"Point","coordinates":[-52.21901705794858,-10.290051510744739]},"properties":{"Fazenda":"FE","Campo":"FE 19","produtividade":132.36479816,"unidade_produtividade":"sc/ha","pontos_originais":25,"ano":"2026","cultura":"Milho"}},{"type":"Feature","geometry":{"type":"Point","coordinates":[-52.21878879301335,-10.290052369941446]},"properties":{"Fazenda":"FE","Campo":"FE 19","produtividade":143.46736488000002,"unidade_produtividade":"sc/ha","pontos_originais":25,"ano":"2026","cultura":"Milho"}},{"type":"Feature","geometry":{"type":"Point","coordinates":[-52.21856052805805,-10.290053228977344]},"properties":{"Fazenda":"FE","Campo":"FE 19","produtividade":154.23206176,"unidade_produtividade":"sc/ha","pontos_originais":25,"ano":"2026","cultura":"Milho"}},{"type":"Feature","geometry":{"type":"Point","coordinates":[-52.21833226308267,-10.290054087852436]},"properties":{"Fazenda":"FE","Campo":"FE 19","produtividade":161.85458240000003,"unidade_produtividade":"sc/ha","pontos_originais":25,"ano":"2026","cultura":"Milho"}},{"type":"Feature","geometry":{"type":"Point","coordinates":[-52.219701852633655,-10.29004893218977]},"properties":{"Fazenda":"FE","Campo":"FE 19","produtividade":107.19709391999999,"unidade_produtividade":"sc/ha","pontos_originais":25,"ano":"2026","cultura":"Milho"}},{"type":"Feature","geometry":{"type":"Point","coordinates":[-52.21947358775873,-10.290049791868901]},"properties":{"Fazenda":"FE","Campo":"FE 19","produtividade":112.86909479999998,"unidade_produtividade":"sc/ha","pontos_originais":25,"ano":"2026","cultura":"Milho"}},{"type":"Feature","geometry":{"type":"Point","coordinates":[-52.2192453228637,-10.29005065138722]},"properties":{"Fazenda":"FE","Campo":"FE 19","produtividade":124.77034023999998,"unidade_produtividade":"sc/ha","pontos_originais":25,"ano":"2026","cultura":"Milho"}},{"type":"Feature","geometry":{"type":"Point","coordinates":[-52.21741920298039,-10.290057521744725]},"properties":{"Fazenda":"FE","Campo":"FE 19","produtividade":162.44750872000003,"unidade_produtividade":"sc/ha","pontos_originais":25,"ano":"2026","cultura":"Milho"}},{"type":"Feature","geometry":{"type":"Point","coordinates":[-52.217647468036056,-10.290056663512866]},"properties":{"Fazenda":"FE","Campo":"FE 19","produtividade":167.20854472000002,"unidade_produtividade":"sc/ha","pontos_originais":25,"ano":"2026","cultura":"Milho"}},{"type":"Feature","geometry":{"type":"Point","coordinates":[-52.217190937904654,-10.290058379815775]},"properties":{"Fazenda":"FE","Campo":"FE 19","produtividade":156.184028,"unidade_produtividade":"sc/ha","pontos_originais":25,"ano":"2026","cultura":"Milho"}},{"type":"Feature","geometry":{"type":"Point","coordinates":[-52.21696267280884,-10.290059237726018]},"properties":{"Fazenda":"FE","Campo":"FE 19","produtividade":151.54282808,"unidade_produtividade":"sc/ha","pontos_originais":25,"ano":"2026","cultura":"Milho"}},{"type":"Feature","geometry":{"type":"Point","coordinates":[-52.218103998087216,-10.29005494656672]},"properties":{"Fazenda":"FE","Campo":"FE 19","produtividade":166.28475472000002,"unidade_produtividade":"sc/ha","pontos_originais":25,"ano":"2026","cultura":"Milho"}},{"type":"Feature","geometry":{"type":"Point","coordinates":[-52.217875733071686,-10.290055805120197]},"properties":{"Fazenda":"FE","Campo":"FE 19","produtividade":167.31434328,"unidade_produtividade":"sc/ha","pontos_originais":25,"ano":"2026","cultura":"Milho"}},{"type":"Feature","geometry":{"type":"Point","coordinates":[-52.22038236541965,-10.290063592097264]},"properties":{"Fazenda":"FE","Campo":"FE 19","produtividade":104.002902,"unidade_produtividade":"sc/ha","pontos_originais":21,"ano":"2026","cultura":"Milho"}},{"type":"Feature","geometry":{"type":"Point","coordinates":[-52.220158382323206,-10.290047212349087]},"properties":{"Fazenda":"FE","Campo":"FE 19","produtividade":106.25434567999999,"unidade_produtividade":"sc/ha","pontos_originais":25,"ano":"2026","cultura":"Milho"}},{"type":"Feature","geometry":{"type":"Point","coordinates":[-52.21993011748848,-10.290048072349832]},"properties":{"Fazenda":"FE","Campo":"FE 19","produtividade":107.44127463999997,"unidade_produtividade":"sc/ha","pontos_originais":25,"ano":"2026","cultura":"Milho"}},{"type":"Feature","geometry":{"type":"Point","coordinates":[-52.21376695936326,-10.290071231584525]},"properties":{"Fazenda":"FE","Campo":"FE 19","produtividade":146.27452952000002,"unidade_produtividade":"sc/ha","pontos_originais":25,"ano":"2026","cultura":"Milho"}},{"type":"Feature","geometry":{"type":"Point","coordinates":[-52.21361703043143,-10.290091170307196]},"properties":{"Fazenda":"FE","Campo":"FE 19","produtividade":144.513692,"unidade_produtividade":"sc/ha","pontos_originais":7,"ano":"2026","cultura":"Milho"}},{"type":"Feature","geometry":{"type":"Point","coordinates":[-52.220833301948566,-10.290114999010216]},"properties":{"Fazenda":"FE","Campo":"FE 19","produtividade":110.15189266666668,"unidade_produtividade":"sc/ha","pontos_originais":9,"ano":"2026","cultura":"Milho"}},{"type":"Feature","geometry":{"type":"Point","coordinates":[-52.22061508569202,-10.290090703613402]},"properties":{"Fazenda":"FE","Campo":"FE 19","produtividade":107.39143426666665,"unidade_produtividade":"sc/ha","pontos_originais":15,"ano":"2026","cultura":"Milho"}},{"type":"Feature","geometry":{"type":"Point","coordinates":[-52.221026136149625,-10.290134366366368]},"properties":{"Fazenda":"FE","Campo":"FE 19","produtividade":100.569056,"unidade_produtividade":"sc/ha","pontos_originais":3,"ano":"2026","cultura":"Milho"}},{"type":"Feature","geometry":{"type":"Point","coordinates":[-52.226731342880235,-10.291436878565268]},"properties":{"Fazenda":"FE","Campo":"FE 19","produtividade":94.052764,"unidade_produtividade":"sc/ha","pontos_originais":7,"ano":"2026","cultura":"Milho"}},{"type":"Feature","geometry":{"type":"Point","coordinates":[-52.2133866651321,-10.291439079466082]},"properties":{"Fazenda":"FE","Campo":"FE 19","produtividade":151.92459955555557,"unidade_produtividade":"sc/ha","pontos_originais":9,"ano":"2026","cultura":"Milho"}},{"type":"Feature","geometry":{"type":"Point","coordinates":[-52.226547535585034,-10.29140958633027]},"properties":{"Fazenda":"FE","Campo":"FE 19","produtividade":100.617104,"unidade_produtividade":"sc/ha","pontos_originais":18,"ano":"2026","cultura":"Milho"}},{"type":"Feature","geometry":{"type":"Point","coordinates":[-52.22632083838216,-10.29138816647908]},"properties":{"Fazenda":"FE","Campo":"FE 19","produtividade":109.34165321739131,"unidade_produtividade":"sc/ha","pontos_originais":23,"ano":"2026","cultura":"Milho"}},{"type":"Feature","geometry":{"type":"Point","coordinates":[-52.22609849749701,-10.29138114548954]},"properties":{"Fazenda":"FE","Campo":"FE 19","produtividade":117.08900168,"unidade_produtividade":"sc/ha","pontos_originais":25,"ano":"2026","cultura":"Milho"}},{"type":"Feature","geometry":{"type":"Point","coordinates":[-52.21400040964158,-10.291426731662721]},"properties":{"Fazenda":"FE","Campo":"FE 19","produtividade":164.15548352000002,"unidade_produtividade":"sc/ha","pontos_originais":25,"ano":"2026","cultura":"Milho"}},{"type":"Feature","geometry":{"type":"Point","coordinates":[-52.214228675972144,-10.291425875727816]},"properties":{"Fazenda":"FE","Campo":"FE 19","produtividade":167.21906376000004,"unidade_produtividade":"sc/ha","pontos_originais":25,"ano":"2026","cultura":"Milho"}},{"type":"Feature","geometry":{"type":"Point","coordinates":[-52.213772143290974,-10.291427587436797]},"properties":{"Fazenda":"FE","Campo":"FE 19","produtividade":158.88711552,"unidade_produtividade":"sc/ha","pontos_originais":25,"ano":"2026","cultura":"Milho"}},{"type":"Feature","geometry":{"type":"Point","coordinates":[-52.21354387692038,-10.291428443050036]},"properties":{"Fazenda":"FE","Campo":"FE 19","produtividade":153.61493223999997,"unidade_produtividade":"sc/ha","pontos_originais":25,"ano":"2026","cultura":"Milho"}},{"type":"Feature","geometry":{"type":"Point","coordinates":[-52.225413701581566,-10.291383737901102]},"properties":{"Fazenda":"FE","Campo":"FE 19","produtividade":128.6750892,"unidade_produtividade":"sc/ha","pontos_originais":25,"ano":"2026","cultura":"Milho"}},{"type":"Feature","geometry":{"type":"Point","coordinates":[-52.225185436236046,-10.291384601716636]},"properties":{"Fazenda":"FE","Campo":"FE 19","produtividade":130.66466279999997,"unidade_produtividade":"sc/ha","pontos_originais":25,"ano":"2026","cultura":"Milho"}},{"type":"Feature","geometry":{"type":"Point","coordinates":[-52.22495717087028,-10.291385465371338]},"properties":{"Fazenda":"FE","Campo":"FE 19","produtividade":135.57071471999998,"unidade_produtividade":"sc/ha","pontos_originais":25,"ano":"2026","cultura":"Milho"}},{"type":"Feature","geometry":{"type":"Point","coordinates":[-52.22472890548433,-10.291386328865217]},"properties":{"Fazenda":"FE","Campo":"FE 19","produtividade":138.60589736000003,"unidade_produtividade":"sc/ha","pontos_originais":25,"ano":"2026","cultura":"Milho"}},{"type":"Feature","geometry":{"type":"Point","coordinates":[-52.22587023221208,-10.291382009787556]},"properties":{"Fazenda":"FE","Campo":"FE 19","produtividade":122.39482472,"unidade_produtividade":"sc/ha","pontos_originais":25,"ano":"2026","cultura":"Milho"}},{"type":"Feature","geometry":{"type":"Point","coordinates":[-52.22564196690692,-10.291382873924743]},"properties":{"Fazenda":"FE","Campo":"FE 19","produtividade":121.58065864,"unidade_produtividade":"sc/ha","pontos_originais":25,"ano":"2026","cultura":"Milho"}},{"type":"Feature","geometry":{"type":"Point","coordinates":[-52.216283072046345,-10.291418165076292]},"properties":{"Fazenda":"FE","Campo":"FE 19","produtividade":169.60108927999997,"unidade_produtividade":"sc/ha","pontos_originais":25,"ano":"2026","cultura":"Milho"}},{"type":"Feature","geometry":{"type":"Point","coordinates":[-52.21605480589599,-10.291419022458669]},"properties":{"Fazenda":"FE","Campo":"FE 19","produtividade":171.85909272,"unidade_produtividade":"sc/ha","pontos_originais":25,"ano":"2026","cultura":"Milho"}},{"type":"Feature","geometry":{"type":"Point","coordinates":[-52.21582653972565,-10.29141987968022]},"properties":{"Fazenda":"FE","Campo":"FE 19","produtividade":172.59559128,"unidade_produtividade":"sc/ha","pontos_originais":25,"ano":"2026","cultura":"Milho"}},{"type":"Feature","geometry":{"type":"Point","coordinates":[-52.215598273535235,-10.291420736740939]},"properties":{"Fazenda":"FE","Campo":"FE 19","produtividade":171.73556736000006,"unidade_produtividade":"sc/ha","pontos_originais":25,"ano":"2026","cultura":"Milho"}},{"type":"Feature","geometry":{"type":"Point","coordinates":[-52.21696787037703,-10.291415591964174]},"properties":{"Fazenda":"FE","Campo":"FE 19","produtividade":163.86423088,"unidade_produtividade":"sc/ha","pontos_originais":25,"ano":"2026","cultura":"Milho"}},{"type":"Feature","geometry":{"type":"Point","coordinates":[-52.216739604286865,-10.291416449829041]},"properties":{"Fazenda":"FE","Campo":"FE 19","produtividade":166.10670888,"unidade_produtividade":"sc/ha","pontos_originais":25,"ano":"2026","cultura":"Milho"}},{"type":"Feature","geometry":{"type":"Point","coordinates":[-52.21651133817663,-10.29141730753308]},"properties":{"Fazenda":"FE","Campo":"FE 19","produtividade":167.45455496,"unidade_produtividade":"sc/ha","pontos_originais":25,"ano":"2026","cultura":"Milho"}},{"type":"Feature","geometry":{"type":"Point","coordinates":[-52.214685208573265,-10.291424163375511]},"properties":{"Fazenda":"FE","Campo":"FE 19","produtividade":173.50295928,"unidade_produtividade":"sc/ha","pontos_originais":25,"ano":"2026","cultura":"Milho"}},{"type":"Feature","geometry":{"type":"Point","coordinates":[-52.2149134748438,-10.29142330695811]},"properties":{"Fazenda":"FE","Campo":"FE 19","produtividade":172.72779943999996,"unidade_produtividade":"sc/ha","pontos_originais":25,"ano":"2026","cultura":"Milho"}},{"type":"Feature","geometry":{"type":"Point","coordinates":[-52.2144569422827,-10.29142501963208]},"properties":{"Fazenda":"FE","Campo":"FE 19","produtividade":173.27079056,"unidade_produtividade":"sc/ha","pontos_originais":25,"ano":"2026","cultura":"Milho"}},{"type":"Feature","geometry":{"type":"Point","coordinates":[-52.215370007324765,-10.291421593640825]},"properties":{"Fazenda":"FE","Campo":"FE 19","produtividade":169.74230279999995,"unidade_produtividade":"sc/ha","pontos_originais":25,"ano":"2026","cultura":"Milho"}},{"type":"Feature","geometry":{"type":"Point","coordinates":[-52.215141741094314,-10.291422450379887]},"properties":{"Fazenda":"FE","Campo":"FE 19","produtividade":172.02463096000002,"unidade_produtividade":"sc/ha","pontos_originais":25,"ano":"2026","cultura":"Milho"}},{"type":"Feature","geometry":{"type":"Point","coordinates":[-52.22084839083826,-10.291400983654455]},"properties":{"Fazenda":"FE","Campo":"FE 19","produtividade":161.95054568,"unidade_produtividade":"sc/ha","pontos_originais":25,"ano":"2026","cultura":"Milho"}},{"type":"Feature","geometry":{"type":"Point","coordinates":[-52.22107665656685,-10.291400122894656]},"properties":{"Fazenda":"FE","Campo":"FE 19","produtividade":162.57585007999998,"unidade_produtividade":"sc/ha","pontos_originais":25,"ano":"2026","cultura":"Milho"}},{"type":"Feature","geometry":{"type":"Point","coordinates":[-52.220620125089575,-10.291401844253425]},"properties":{"Fazenda":"FE","Campo":"FE 19","produtividade":160.44018367999996,"unidade_produtividade":"sc/ha","pontos_originais":25,"ano":"2026","cultura":"Milho"}},{"type":"Feature","geometry":{"type":"Point","coordinates":[-52.22039185932076,-10.291402704691569]},"properties":{"Fazenda":"FE","Campo":"FE 19","produtividade":159.60076104,"unidade_produtividade":"sc/ha","pontos_originais":25,"ano":"2026","cultura":"Milho"}},{"type":"Feature","geometry":{"type":"Point","coordinates":[-52.22176145363177,-10.291397539650289]},"properties":{"Fazenda":"FE","Campo":"FE 19","produtividade":163.61258424,"unidade_produtividade":"sc/ha","pontos_originais":25,"ano":"2026","cultura":"Milho"}},{"type":"Feature","geometry":{"type":"Point","coordinates":[-52.22153318796359,-10.291398400892573]},"properties":{"Fazenda":"FE","Campo":"FE 19","produtividade":163.45180823999996,"unidade_produtividade":"sc/ha","pontos_originais":25,"ano":"2026","cultura":"Milho"}},{"type":"Feature","geometry":{"type":"Point","coordinates":[-52.22130492227527,-10.291399261974032]},"properties":{"Fazenda":"FE","Campo":"FE 19","produtividade":163.96913287999996,"unidade_produtividade":"sc/ha","pontos_originais":25,"ano":"2026","cultura":"Milho"}},{"type":"Feature","geometry":{"type":"Point","coordinates":[-52.21947879604441,-10.291406144835841]},"properties":{"Fazenda":"FE","Campo":"FE 19","produtividade":160.14008584,"unidade_produtividade":"sc/ha","pontos_originais":25,"ano":"2026","cultura":"Milho"}},{"type":"Feature","geometry":{"type":"Point","coordinates":[-52.219250530175096,-10.291407004469834]},"properties":{"Fazenda":"FE","Campo":"FE 19","produtividade":160.5764188,"unidade_produtividade":"sc/ha","pontos_originais":25,"ano":"2026","cultura":"Milho"}},{"type":"Feature","geometry":{"type":"Point","coordinates":[-52.21902226428564,-10.291407863943002]},"properties":{"Fazenda":"FE","Campo":"FE 19","produtividade":162.94970944,"unidade_produtividade":"sc/ha","pontos_originais":25,"ano":"2026","cultura":"Milho"}},{"type":"Feature","geometry":{"type":"Point","coordinates":[-52.21879399837612,-10.291408723255337]},"properties":{"Fazenda":"FE","Campo":"FE 19","produtividade":166.33938831999996,"unidade_produtividade":"sc/ha","pontos_originais":25,"ano":"2026","cultura":"Milho"}},{"type":"Feature","geometry":{"type":"Point","coordinates":[-52.22016359353184,-10.291403564968878]},"properties":{"Fazenda":"FE","Campo":"FE 19","produtividade":159.09419736,"unidade_produtividade":"sc/ha","pontos_originais":25,"ano":"2026","cultura":"Milho"}},{"type":"Feature","geometry":{"type":"Point","coordinates":[-52.219935327722816,-10.291404425085359]},"properties":{"Fazenda":"FE","Campo":"FE 19","produtividade":160.70281696,"unidade_produtividade":"sc/ha","pontos_originais":25,"ano":"2026","cultura":"Milho"}},{"type":"Feature","geometry":{"type":"Point","coordinates":[-52.21970706189366,-10.291405285041014]},"properties":{"Fazenda":"FE","Campo":"FE 19","produtividade":160.95156504,"unidade_produtividade":"sc/ha","pontos_originais":25,"ano":"2026","cultura":"Milho"}},{"type":"Feature","geometry":{"type":"Point","coordinates":[-52.22381584373885,-10.291389781232454]},"properties":{"Fazenda":"FE","Campo":"FE 19","produtividade":149.97839528,"unidade_produtividade":"sc/ha","pontos_originais":25,"ano":"2026","cultura":"Milho"}},{"type":"Feature","geometry":{"type":"Point","coordinates":[-52.22404410920547,-10.291388918381886]},"properties":{"Fazenda":"FE","Campo":"FE 19","produtividade":148.73223959999999,"unidade_produtividade":"sc/ha","pontos_originais":25,"ano":"2026","cultura":"Milho"}},{"type":"Feature","geometry":{"type":"Point","coordinates":[-52.223587578251994,-10.291390643922194]},"properties":{"Fazenda":"FE","Campo":"FE 19","produtividade":149.76516687999998,"unidade_produtividade":"sc/ha","pontos_originais":25,"ano":"2026","cultura":"Milho"}},{"type":"Feature","geometry":{"type":"Point","coordinates":[-52.223359312745025,-10.291391506451104]},"properties":{"Fazenda":"FE","Campo":"FE 19","produtividade":150.0254588,"unidade_produtividade":"sc/ha","pontos_originais":25,"ano":"2026","cultura":"Milho"}},{"type":"Feature","geometry":{"type":"Point","coordinates":[-52.22450064007825,-10.291387192198266]},"properties":{"Fazenda":"FE","Campo":"FE 19","produtividade":143.5813596,"unidade_produtividade":"sc/ha","pontos_originais":25,"ano":"2026","cultura":"Milho"}},{"type":"Feature","geometry":{"type":"Point","coordinates":[-52.22427237465195,-10.291388055370492]},"properties":{"Fazenda":"FE","Campo":"FE 19","produtividade":146.47711568,"unidade_produtividade":"sc/ha","pontos_originais":25,"ano":"2026","cultura":"Milho"}},{"type":"Feature","geometry":{"type":"Point","coordinates":[-52.222446250515496,-10.291394954958465]},"properties":{"Fazenda":"FE","Campo":"FE 19","produtividade":160.24759464000002,"unidade_produtividade":"sc/ha","pontos_originais":25,"ano":"2026","cultura":"Milho"}},{"type":"Feature","geometry":{"type":"Point","coordinates":[-52.22221798490773,-10.291395816683234]},"properties":{"Fazenda":"FE","Campo":"FE 19","produtividade":161.10820824,"unidade_produtividade":"sc/ha","pontos_originais":25,"ano":"2026","cultura":"Milho"}},{"type":"Feature","geometry":{"type":"Point","coordinates":[-52.221989719279826,-10.291396678247176]},"properties":{"Fazenda":"FE","Campo":"FE 19","produtividade":161.91181831999998,"unidade_produtividade":"sc/ha","pontos_originais":25,"ano":"2026","cultura":"Milho"}},{"type":"Feature","geometry":{"type":"Point","coordinates":[-52.223131047217876,-10.291392368819183]},"properties":{"Fazenda":"FE","Campo":"FE 19","produtividade":151.71159472000002,"unidade_produtividade":"sc/ha","pontos_originais":25,"ano":"2026","cultura":"Milho"}},{"type":"Feature","geometry":{"type":"Point","coordinates":[-52.222902781670555,-10.29139323102644]},"properties":{"Fazenda":"FE","Campo":"FE 19","produtividade":155.80127136,"unidade_produtividade":"sc/ha","pontos_originais":25,"ano":"2026","cultura":"Milho"}},{"type":"Feature","geometry":{"type":"Point","coordinates":[-52.2226745161031,-10.291394093072865]},"properties":{"Fazenda":"FE","Campo":"FE 19","produtividade":157.39270848,"unidade_produtividade":"sc/ha","pontos_originais":25,"ano":"2026","cultura":"Milho"}},{"type":"Feature","geometry":{"type":"Point","coordinates":[-52.21810920052702,-10.291411300227374]},"properties":{"Fazenda":"FE","Campo":"FE 19","produtividade":164.51162783999996,"unidade_produtividade":"sc/ha","pontos_originais":25,"ano":"2026","cultura":"Milho"}},{"type":"Feature","geometry":{"type":"Point","coordinates":[-52.21788093453716,-10.291412158896392]},"properties":{"Fazenda":"FE","Campo":"FE 19","produtividade":162.74427399999996,"unidade_produtividade":"sc/ha","pontos_originais":25,"ano":"2026","cultura":"Milho"}},{"type":"Feature","geometry":{"type":"Point","coordinates":[-52.217652668527236,-10.291413017404581]},"properties":{"Fazenda":"FE","Campo":"FE 19","produtividade":162.36921288,"unidade_produtividade":"sc/ha","pontos_originais":25,"ano":"2026","cultura":"Milho"}},{"type":"Feature","geometry":{"type":"Point","coordinates":[-52.21742440249723,-10.29141387575194]},"properties":{"Fazenda":"FE","Campo":"FE 19","produtividade":161.47936951999998,"unidade_produtividade":"sc/ha","pontos_originais":25,"ano":"2026","cultura":"Milho"}},{"type":"Feature","geometry":{"type":"Point","coordinates":[-52.218565732446486,-10.291409582406846]},"properties":{"Fazenda":"FE","Campo":"FE 19","produtividade":167.19192336,"unidade_produtividade":"sc/ha","pontos_originais":25,"ano":"2026","cultura":"Milho"}},{"type":"Feature","geometry":{"type":"Point","coordinates":[-52.2183374664968,-10.291410441397522]},"properties":{"Fazenda":"FE","Campo":"FE 19","produtividade":166.63455760000005,"unidade_produtividade":"sc/ha","pontos_originais":25,"ano":"2026","cultura":"Milho"}},{"type":"Feature","geometry":{"type":"Point","coordinates":[-52.217196136447164,-10.291414733938469]},"properties":{"Fazenda":"FE","Campo":"FE 19","produtividade":162.90037792,"unidade_produtividade":"sc/ha","pontos_originais":25,"ano":"2026","cultura":"Milho"}},{"type":"Feature","geometry":{"type":"Point","coordinates":[-52.21605394023409,-10.291192963350095]},"properties":{"Fazenda":"FE","Campo":"FE 19","produtividade":166.21592623999996,"unidade_produtividade":"sc/ha","pontos_originais":25,"ano":"2026","cultura":"Milho"}},{"type":"Feature","geometry":{"type":"Point","coordinates":[-52.21582567422611,-10.291193820552419]},"properties":{"Fazenda":"FE","Campo":"FE 19","produtividade":166.8792916,"unidade_produtividade":"sc/ha","pontos_originais":25,"ano":"2026","cultura":"Milho"}},{"type":"Feature","geometry":{"type":"Point","coordinates":[-52.2155974081981,-10.29119467759392]},"properties":{"Fazenda":"FE","Campo":"FE 19","produtividade":166.45410208,"unidade_produtividade":"sc/ha","pontos_originais":25,"ano":"2026","cultura":"Milho"}},{"type":"Feature","geometry":{"type":"Point","coordinates":[-52.21536914215004,-10.29119553447459]},"properties":{"Fazenda":"FE","Campo":"FE 19","produtividade":166.70252816,"unidade_produtividade":"sc/ha","pontos_originais":25,"ano":"2026","cultura":"Milho"}},{"type":"Feature","geometry":{"type":"Point","coordinates":[-52.21673873813775,-10.291190390778162]},"properties":{"Fazenda":"FE","Campo":"FE 19","produtividade":163.56731832000003,"unidade_produtividade":"sc/ha","pontos_originais":25,"ano":"2026","cultura":"Milho"}},{"type":"Feature","geometry":{"type":"Point","coordinates":[-52.21696700406553,-10.291189532932528]},"properties":{"Fazenda":"FE","Campo":"FE 19","produtividade":162.57197599999998,"unidade_produtividade":"sc/ha","pontos_originais":25,"ano":"2026","cultura":"Milho"}},{"type":"Feature","geometry":{"type":"Point","coordinates":[-52.2165104721899,-10.291191248462965]},"properties":{"Fazenda":"FE","Campo":"FE 19","produtividade":163.9295112,"unidade_produtividade":"sc/ha","pontos_originais":25,"ano":"2026","cultura":"Milho"}},{"type":"Feature","geometry":{"type":"Point","coordinates":[-52.21628220622202,-10.291192105986944]},"properties":{"Fazenda":"FE","Campo":"FE 19","produtividade":163.77879559999997,"unidade_produtividade":"sc/ha","pontos_originais":25,"ano":"2026","cultura":"Milho"}},{"type":"Feature","geometry":{"type":"Point","coordinates":[-52.2146843438857,-10.291198104151645]},"properties":{"Fazenda":"FE","Campo":"FE 19","produtividade":172.19843088000002,"unidade_produtividade":"sc/ha","pontos_originais":25,"ano":"2026","cultura":"Milho"}},{"type":"Feature","geometry":{"type":"Point","coordinates":[-52.21445607775756,-10.291198960389009]},"properties":{"Fazenda":"FE","Campo":"FE 19","produtividade":169.49404975999997,"unidade_produtividade":"sc/ha","pontos_originais":25,"ano":"2026","cultura":"Milho"}},{"type":"Feature","geometry":{"type":"Point","coordinates":[-52.21422781160939,-10.291199816465543]},"properties":{"Fazenda":"FE","Campo":"FE 19","produtividade":162.27379224,"unidade_produtividade":"sc/ha","pontos_originais":25,"ano":"2026","cultura":"Milho"}},{"type":"Feature","geometry":{"type":"Point","coordinates":[-52.213999545441204,-10.291200672381251]},"properties":{"Fazenda":"FE","Campo":"FE 19","produtividade":159.56957744,"unidade_produtividade":"sc/ha","pontos_originais":25,"ano":"2026","cultura":"Milho"}},{"type":"Feature","geometry":{"type":"Point","coordinates":[-52.21514087608197,-10.291196391194433]},"properties":{"Fazenda":"FE","Campo":"FE 19","produtividade":169.69602832,"unidade_produtividade":"sc/ha","pontos_originais":25,"ano":"2026","cultura":"Milho"}},{"type":"Feature","geometry":{"type":"Point","coordinates":[-52.214912609993846,-10.291197247753452]},"properties":{"Fazenda":"FE","Campo":"FE 19","produtividade":171.26982264000003,"unidade_produtividade":"sc/ha","pontos_originais":25,"ano":"2026","cultura":"Milho"}},{"type":"Feature","geometry":{"type":"Point","coordinates":[-52.219021396512574,-10.29118180508468]},"properties":{"Fazenda":"FE","Campo":"FE 19","produtividade":162.22453855999998,"unidade_produtividade":"sc/ha","pontos_originais":25,"ano":"2026","cultura":"Milho"}},{"type":"Feature","geometry":{"type":"Point","coordinates":[-52.218793130765434,-10.291182664377745]},"properties":{"Fazenda":"FE","Campo":"FE 19","produtividade":165.88230008,"unidade_produtividade":"sc/ha","pontos_originais":25,"ano":"2026","cultura":"Milho"}},{"type":"Feature","geometry":{"type":"Point","coordinates":[-52.218564864998214,-10.291183523509986]},"properties":{"Fazenda":"FE","Campo":"FE 19","produtividade":167.86121912000002,"unidade_produtividade":"sc/ha","pontos_originais":25,"ano":"2026","cultura":"Milho"}},{"type":"Feature","geometry":{"type":"Point","coordinates":[-52.21833659921091,-10.291184382481395]},"properties":{"Fazenda":"FE","Campo":"FE 19","produtividade":168.83197631999997,"unidade_produtividade":"sc/ha","pontos_originais":25,"ano":"2026","cultura":"Milho"}},{"type":"Feature","geometry":{"type":"Point","coordinates":[-52.219706193633385,-10.291179226240528]},"properties":{"Fazenda":"FE","Campo":"FE 19","produtividade":160.0477032,"unidade_produtividade":"sc/ha","pontos_originais":25,"ano":"2026","cultura":"Milho"}},{"type":"Feature","geometry":{"type":"Point","coordinates":[-52.219477927946556,-10.29118008601607]},"properties":{"Fazenda":"FE","Campo":"FE 19","produtividade":158.75820744,"unidade_produtividade":"sc/ha","pontos_originais":25,"ano":"2026","cultura":"Milho"}},{"type":"Feature","geometry":{"type":"Point","coordinates":[-52.2192496622396,-10.291180945630789]},"properties":{"Fazenda":"FE","Campo":"FE 19","produtividade":159.52789384,"unidade_produtividade":"sc/ha","pontos_originais":25,"ano":"2026","cultura":"Milho"}},{"type":"Feature","geometry":{"type":"Point","coordinates":[-52.21742353586094,-10.291187816758788]},"properties":{"Fazenda":"FE","Campo":"FE 19","produtividade":161.50631672000003,"unidade_produtividade":"sc/ha","pontos_originais":25,"ano":"2026","cultura":"Milho"}},{"type":"Feature","geometry":{"type":"Point","coordinates":[-52.21765180172854,-10.29118695843068]},"properties":{"Fazenda":"FE","Campo":"FE 19","produtividade":162.81742791999994,"unidade_produtividade":"sc/ha","pontos_originais":25,"ano":"2026","cultura":"Milho"}},{"type":"Feature","geometry":{"type":"Point","coordinates":[-52.217195269973274,-10.291188674926074]},"properties":{"Fazenda":"FE","Campo":"FE 19","produtividade":162.47720776000003,"unidade_produtividade":"sc/ha","pontos_originais":25,"ano":"2026","cultura":"Milho"}},{"type":"Feature","geometry":{"type":"Point","coordinates":[-52.218108333403514,-10.291185241291984]},"properties":{"Fazenda":"FE","Campo":"FE 19","produtividade":166.94478639999997,"unidade_produtividade":"sc/ha","pontos_originais":25,"ano":"2026","cultura":"Milho"}},{"type":"Feature","geometry":{"type":"Point","coordinates":[-52.21788006757607,-10.291186099941742]},"properties":{"Fazenda":"FE","Campo":"FE 19","produtividade":164.50535863999997,"unidade_produtividade":"sc/ha","pontos_originais":25,"ano":"2026","cultura":"Milho"}},{"type":"Feature","geometry":{"type":"Point","coordinates":[-52.22267364573171,-10.29116803452338]},"properties":{"Fazenda":"FE","Campo":"FE 19","produtividade":158.29193352000001,"unidade_produtividade":"sc/ha","pontos_originais":25,"ano":"2026","cultura":"Milho"}},{"type":"Feature","geometry":{"type":"Point","coordinates":[-52.22244538030649,-10.29116889638965]},"properties":{"Fazenda":"FE","Campo":"FE 19","produtividade":161.0942424,"unidade_produtividade":"sc/ha","pontos_originais":25,"ano":"2026","cultura":"Milho"}},{"type":"Feature","geometry":{"type":"Point","coordinates":[-52.222217114861124,-10.29116975809509]},"properties":{"Fazenda":"FE","Campo":"FE 19","produtividade":161.75205816,"unidade_produtividade":"sc/ha","pontos_originais":25,"ano":"2026","cultura":"Milho"}},{"type":"Feature","geometry":{"type":"Point","coordinates":[-52.221988849395615,-10.291170619639713]},"properties":{"Fazenda":"FE","Campo":"FE 19","produtividade":160.47641456000002,"unidade_produtividade":"sc/ha","pontos_originais":25,"ano":"2026","cultura":"Milho"}},{"type":"Feature","geometry":{"type":"Point","coordinates":[-52.22335844188646,-10.291165447959626]},"properties":{"Fazenda":"FE","Campo":"FE 19","produtividade":146.01569192,"unidade_produtividade":"sc/ha","pontos_originais":25,"ano":"2026","cultura":"Milho"}},{"type":"Feature","geometry":{"type":"Point","coordinates":[-52.22313017652168,-10.291166310308368]},"properties":{"Fazenda":"FE","Campo":"FE 19","produtividade":148.21725744000003,"unidade_produtividade":"sc/ha","pontos_originais":25,"ano":"2026","cultura":"Milho"}},{"type":"Feature","geometry":{"type":"Point","coordinates":[-52.22290191113679,-10.291167172496287]},"properties":{"Fazenda":"FE","Campo":"FE 19","produtividade":152.82903496000003,"unidade_produtividade":"sc/ha","pontos_originais":25,"ano":"2026","cultura":"Milho"}},{"type":"Feature","geometry":{"type":"Point","coordinates":[-52.22107578733221,-10.291174064209939]},"properties":{"Fazenda":"FE","Campo":"FE 19","produtividade":159.67345296000002,"unidade_produtividade":"sc/ha","pontos_originais":25,"ano":"2026","cultura":"Milho"}},{"type":"Feature","geometry":{"type":"Point","coordinates":[-52.22130405287825,-10.291173203308622]},"properties":{"Fazenda":"FE","Campo":"FE 19","produtividade":158.34918176000002,"unidade_produtividade":"sc/ha","pontos_originais":25,"ano":"2026","cultura":"Milho"}},{"type":"Feature","geometry":{"type":"Point","coordinates":[-52.22084752176604,-10.291174924950438]},"properties":{"Fazenda":"FE","Campo":"FE 19","produtividade":160.94774472,"unidade_produtividade":"sc/ha","pontos_originais":25,"ano":"2026","cultura":"Milho"}},{"type":"Feature","geometry":{"type":"Point","coordinates":[-52.22061925617973,-10.291175785530106]},"properties":{"Fazenda":"FE","Campo":"FE 19","produtividade":161.21555071999998,"unidade_produtividade":"sc/ha","pontos_originais":25,"ano":"2026","cultura":"Milho"}},{"type":"Feature","geometry":{"type":"Point","coordinates":[-52.221760583909955,-10.291171481023504]},"properties":{"Fazenda":"FE","Campo":"FE 19","produtividade":159.11969304000002,"unidade_produtividade":"sc/ha","pontos_originais":25,"ano":"2026","cultura":"Milho"}},{"type":"Feature","geometry":{"type":"Point","coordinates":[-52.22153231840415,-10.291172342246476]},"properties":{"Fazenda":"FE","Campo":"FE 19","produtividade":157.62762568000002,"unidade_produtividade":"sc/ha","pontos_originais":25,"ano":"2026","cultura":"Milho"}},{"type":"Feature","geometry":{"type":"Point","coordinates":[-52.22540854781615,-10.291174919529173]},"properties":{"Fazenda":"FE","Campo":"FE 19","produtividade":118.34441800000002,"unidade_produtividade":"sc/ha","pontos_originais":21,"ano":"2026","cultura":"Milho"}},{"type":"Feature","geometry":{"type":"Point","coordinates":[-52.22563554047889,-10.291196397429736]},"properties":{"Fazenda":"FE","Campo":"FE 19","produtividade":111.333347125,"unidade_produtividade":"sc/ha","pontos_originais":16,"ano":"2026","cultura":"Milho"}},{"type":"Feature","geometry":{"type":"Point","coordinates":[-52.22518456407832,-10.291158543380014]},"properties":{"Fazenda":"FE","Campo":"FE 19","produtividade":122.92432432000004,"unidade_produtividade":"sc/ha","pontos_originais":25,"ano":"2026","cultura":"Milho"}},{"type":"Feature","geometry":{"type":"Point","coordinates":[-52.22495629887495,-10.291159407015348]},"properties":{"Fazenda":"FE","Campo":"FE 19","produtividade":128.32920744,"unidade_produtividade":"sc/ha","pontos_originais":25,"ano":"2026","cultura":"Milho"}},{"type":"Feature","geometry":{"type":"Point","coordinates":[-52.21377127925302,-10.291201528136138]},"properties":{"Fazenda":"FE","Campo":"FE 19","produtividade":153.98851888,"unidade_produtividade":"sc/ha","pontos_originais":25,"ano":"2026","cultura":"Milho"}},{"type":"Feature","geometry":{"type":"Point","coordinates":[-52.21354301304482,-10.29120238373019]},"properties":{"Fazenda":"FE","Campo":"FE 19","produtividade":151.63215759999997,"unidade_produtividade":"sc/ha","pontos_originais":25,"ano":"2026","cultura":"Milho"}},{"type":"Feature","geometry":{"type":"Point","coordinates":[-52.2134060533111,-10.29120289701586]},"properties":{"Fazenda":"FE","Campo":"FE 19","produtividade":150.6324792,"unidade_produtividade":"sc/ha","pontos_originais":5,"ano":"2026","cultura":"Milho"}},{"type":"Feature","geometry":{"type":"Point","coordinates":[-52.22404323785973,-10.29116285994845]},"properties":{"Fazenda":"FE","Campo":"FE 19","produtividade":140.6835864,"unidade_produtividade":"sc/ha","pontos_originais":25,"ano":"2026","cultura":"Milho"}},{"type":"Feature","geometry":{"type":"Point","coordinates":[-52.223814972555466,-10.291163722779665]},"properties":{"Fazenda":"FE","Campo":"FE 19","produtividade":144.90012711999998,"unidade_produtividade":"sc/ha","pontos_originais":25,"ano":"2026","cultura":"Milho"}},{"type":"Feature","geometry":{"type":"Point","coordinates":[-52.223586707231036,-10.29116458545006]},"properties":{"Fazenda":"FE","Campo":"FE 19","produtividade":145.19572815999996,"unidade_produtividade":"sc/ha","pontos_originais":25,"ano":"2026","cultura":"Milho"}},{"type":"Feature","geometry":{"type":"Point","coordinates":[-52.22472803365144,-10.29116027048986]},"properties":{"Fazenda":"FE","Campo":"FE 19","produtividade":133.44066008000001,"unidade_produtividade":"sc/ha","pontos_originais":25,"ano":"2026","cultura":"Milho"}},{"type":"Feature","geometry":{"type":"Point","coordinates":[-52.2244997684077,-10.291161133803548]},"properties":{"Fazenda":"FE","Campo":"FE 19","produtividade":136.97414808,"unidade_produtividade":"sc/ha","pontos_originais":25,"ano":"2026","cultura":"Milho"}},{"type":"Feature","geometry":{"type":"Point","coordinates":[-52.22427150314381,-10.291161996956411]},"properties":{"Fazenda":"FE","Campo":"FE 19","produtividade":138.01898319999998,"unidade_produtividade":"sc/ha","pontos_originais":25,"ano":"2026","cultura":"Milho"}},{"type":"Feature","geometry":{"type":"Point","coordinates":[-52.220390990573314,-10.291176645948946]},"properties":{"Fazenda":"FE","Campo":"FE 19","produtividade":162.50396568,"unidade_produtividade":"sc/ha","pontos_originais":25,"ano":"2026","cultura":"Milho"}},{"type":"Feature","geometry":{"type":"Point","coordinates":[-52.22016272494679,-10.291177506206965]},"properties":{"Fazenda":"FE","Campo":"FE 19","produtividade":162.27831984000002,"unidade_produtividade":"sc/ha","pontos_originais":25,"ano":"2026","cultura":"Milho"}},{"type":"Feature","geometry":{"type":"Point","coordinates":[-52.219934459300156,-10.291178366304159]},"properties":{"Fazenda":"FE","Campo":"FE 19","produtividade":161.92207640000004,"unidade_produtividade":"sc/ha","pontos_originais":25,"ano":"2026","cultura":"Milho"}},{"type":"Feature","geometry":{"type":"Point","coordinates":[-52.22586962135782,-10.29122376899306]},"properties":{"Fazenda":"FE","Campo":"FE 19","produtividade":114.2349558,"unidade_produtividade":"sc/ha","pontos_originais":10,"ano":"2026","cultura":"Milho"}},{"type":"Feature","geometry":{"type":"Point","coordinates":[-52.22607514729188,-10.291245596972875]},"properties":{"Fazenda":"FE","Campo":"FE 19","produtividade":111.75231550000001,"unidade_produtividade":"sc/ha","pontos_originais":4,"ano":"2026","cultura":"Milho"}},{"type":"Feature","geometry":{"type":"Point","coordinates":[-52.224936160281096,-10.291010928396975]},"properties":{"Fazenda":"FE","Campo":"FE 19","produtividade":122.92896799999998,"unidade_produtividade":"sc/ha","pontos_originais":7,"ano":"2026","cultura":"Milho"}},{"type":"Feature","geometry":{"type":"Point","coordinates":[-52.22511556126362,-10.291023167486248]},"properties":{"Fazenda":"FE","Campo":"FE 19","produtividade":120.367807,"unidade_produtividade":"sc/ha","pontos_originais":2,"ano":"2026","cultura":"Milho"}},{"type":"Feature","geometry":{"type":"Point","coordinates":[-52.21741833646449,-10.289831462732247]},"properties":{"Fazenda":"FE","Campo":"FE 19","produtividade":139.82362128,"unidade_produtividade":"sc/ha","pontos_originais":25,"ano":"2026","cultura":"Milho"}},{"type":"Feature","geometry":{"type":"Point","coordinates":[-52.2171900715511,-10.289832320784052]},"properties":{"Fazenda":"FE","Campo":"FE 19","produtividade":131.74447944000002,"unidade_produtividade":"sc/ha","pontos_originais":25,"ano":"2026","cultura":"Milho"}},{"type":"Feature","geometry":{"type":"Point","coordinates":[-52.216961806617675,-10.289833178675053]},"properties":{"Fazenda":"FE","Campo":"FE 19","produtividade":126.97316352000001,"unidade_produtividade":"sc/ha","pontos_originais":25,"ano":"2026","cultura":"Milho"}},{"type":"Feature","geometry":{"type":"Point","coordinates":[-52.2167335416642,-10.289834036405248]},"properties":{"Fazenda":"FE","Campo":"FE 19","produtividade":126.71791272,"unidade_produtividade":"sc/ha","pontos_originais":25,"ano":"2026","cultura":"Milho"}},{"type":"Feature","geometry":{"type":"Point","coordinates":[-52.2181031310842,-10.289828887612002]},"properties":{"Fazenda":"FE","Campo":"FE 19","produtividade":141.87855136000002,"unidade_produtividade":"sc/ha","pontos_originais":25,"ano":"2026","cultura":"Milho"}},{"type":"Feature","geometry":{"type":"Point","coordinates":[-52.21787486623102,-10.289829746146221]},"properties":{"Fazenda":"FE","Campo":"FE 19","produtividade":146.51861896,"unidade_produtividade":"sc/ha","pontos_originais":25,"ano":"2026","cultura":"Milho"}},{"type":"Feature","geometry":{"type":"Point","coordinates":[-52.21764660135777,-10.289830604519636]},"properties":{"Fazenda":"FE","Campo":"FE 19","produtividade":148.12538216,"unidade_produtividade":"sc/ha","pontos_originais":25,"ano":"2026","cultura":"Milho"}},{"type":"Feature","geometry":{"type":"Point","coordinates":[-52.215820481649715,-10.289837465717984]},"properties":{"Fazenda":"FE","Campo":"FE 19","produtividade":168.77952112000003,"unidade_produtividade":"sc/ha","pontos_originais":25,"ano":"2026","cultura":"Milho"}},{"type":"Feature","geometry":{"type":"Point","coordinates":[-52.21604874668342,-10.289836608631008]},"properties":{"Fazenda":"FE","Campo":"FE 19","produtividade":161.32869367999996,"unidade_produtividade":"sc/ha","pontos_originais":25,"ano":"2026","cultura":"Milho"}},{"type":"Feature","geometry":{"type":"Point","coordinates":[-52.21559221659601,-10.289838322644155]},"properties":{"Fazenda":"FE","Campo":"FE 19","produtividade":170.25379392,"unidade_produtividade":"sc/ha","pontos_originais":25,"ano":"2026","cultura":"Milho"}},{"type":"Feature","geometry":{"type":"Point","coordinates":[-52.21536395152226,-10.28983917940952]},"properties":{"Fazenda":"FE","Campo":"FE 19","produtividade":170.34398975999997,"unidade_produtividade":"sc/ha","pontos_originais":25,"ano":"2026","cultura":"Milho"}},{"type":"Feature","geometry":{"type":"Point","coordinates":[-52.21650527669064,-10.28983489397464]},"properties":{"Fazenda":"FE","Campo":"FE 19","produtividade":131.17638912,"unidade_produtividade":"sc/ha","pontos_originais":25,"ano":"2026","cultura":"Milho"}},{"type":"Feature","geometry":{"type":"Point","coordinates":[-52.216277011697045,-10.289835751383222]},"properties":{"Fazenda":"FE","Campo":"FE 19","produtividade":148.26181664,"unidade_produtividade":"sc/ha","pontos_originais":25,"ano":"2026","cultura":"Milho"}},{"type":"Feature","geometry":{"type":"Point","coordinates":[-52.21467829163342,-10.289615689494376]},"properties":{"Fazenda":"FE","Campo":"FE 19","produtividade":168.11401319999996,"unidade_produtividade":"sc/ha","pontos_originais":25,"ano":"2026","cultura":"Milho"}},{"type":"Feature","geometry":{"type":"Point","coordinates":[-52.214450026641934,-10.289616545597317]},"properties":{"Fazenda":"FE","Campo":"FE 19","produtividade":162.23665640000002,"unidade_produtividade":"sc/ha","pontos_originais":25,"ano":"2026","cultura":"Milho"}},{"type":"Feature","geometry":{"type":"Point","coordinates":[-52.21422176163044,-10.289617401539456]},"properties":{"Fazenda":"FE","Campo":"FE 19","produtividade":150.68326728000002,"unidade_produtividade":"sc/ha","pontos_originais":25,"ano":"2026","cultura":"Milho"}},{"type":"Feature","geometry":{"type":"Point","coordinates":[-52.21399349659892,-10.289618257320798]},"properties":{"Fazenda":"FE","Campo":"FE 19","produtividade":134.48312919999998,"unidade_produtividade":"sc/ha","pontos_originais":25,"ano":"2026","cultura":"Milho"}},{"type":"Feature","geometry":{"type":"Point","coordinates":[-52.215363086487734,-10.289613120220736]},"properties":{"Fazenda":"FE","Campo":"FE 19","produtividade":165.35455384000005,"unidade_produtividade":"sc/ha","pontos_originais":25,"ano":"2026","cultura":"Milho"}},{"type":"Feature","geometry":{"type":"Point","coordinates":[-52.21513482155631,-10.289613976806084]},"properties":{"Fazenda":"FE","Campo":"FE 19","produtividade":168.0203784,"unidade_produtividade":"sc/ha","pontos_originais":25,"ano":"2026","cultura":"Milho"}},{"type":"Feature","geometry":{"type":"Point","coordinates":[-52.21490655660487,-10.289614833230628]},"properties":{"Fazenda":"FE","Campo":"FE 19","produtividade":169.26963816,"unidade_produtividade":"sc/ha","pontos_originais":25,"ano":"2026","cultura":"Milho"}},{"type":"Feature","geometry":{"type":"Point","coordinates":[-52.2187879255232,-10.289826311044521]},"properties":{"Fazenda":"FE","Campo":"FE 19","produtividade":116.17956783999998,"unidade_produtividade":"sc/ha","pontos_originais":25,"ano":"2026","cultura":"Milho"}},{"type":"Feature","geometry":{"type":"Point","coordinates":[-52.21855966073028,-10.289827170061152]},"properties":{"Fazenda":"FE","Campo":"FE 19","produtividade":124.65190976000002,"unidade_produtividade":"sc/ha","pontos_originais":25,"ano":"2026","cultura":"Milho"}},{"type":"Feature","geometry":{"type":"Point","coordinates":[-52.218331395917275,-10.289828028916979]},"properties":{"Fazenda":"FE","Campo":"FE 19","produtividade":130.54318479999995,"unidade_produtividade":"sc/ha","pontos_originais":25,"ano":"2026","cultura":"Milho"}},{"type":"Feature","geometry":{"type":"Point","coordinates":[-52.213769050362146,-10.289622866338146]},"properties":{"Fazenda":"FE","Campo":"FE 19","produtividade":126.63151141666664,"unidade_produtividade":"sc/ha","pontos_originais":24,"ano":"2026","cultura":"Milho"}},{"type":"Feature","geometry":{"type":"Point","coordinates":[-52.21924066510092,-10.289828374500301]},"properties":{"Fazenda":"FE","Campo":"FE 19","produtividade":96.77068100000001,"unidade_produtividade":"sc/ha","pontos_originais":24,"ano":"2026","cultura":"Milho"}},{"type":"Feature","geometry":{"type":"Point","coordinates":[-52.21901619029605,-10.289825451867086]},"properties":{"Fazenda":"FE","Campo":"FE 19","produtividade":99.70324784,"unidade_produtividade":"sc/ha","pontos_originais":25,"ano":"2026","cultura":"Milho"}},{"type":"Feature","geometry":{"type":"Point","coordinates":[-52.21445089102697,-10.289842604862933]},"properties":{"Fazenda":"FE","Campo":"FE 19","produtividade":164.13594904,"unidade_produtividade":"sc/ha","pontos_originais":25,"ano":"2026","cultura":"Milho"}},{"type":"Feature","geometry":{"type":"Point","coordinates":[-52.21422262585311,-10.289843460824278]},"properties":{"Fazenda":"FE","Campo":"FE 19","produtividade":156.99454288,"unidade_produtividade":"sc/ha","pontos_originais":25,"ano":"2026","cultura":"Milho"}},{"type":"Feature","geometry":{"type":"Point","coordinates":[-52.21399436065924,-10.289844316624809]},"properties":{"Fazenda":"FE","Campo":"FE 19","produtividade":144.01261728,"unidade_produtividade":"sc/ha","pontos_originais":25,"ano":"2026","cultura":"Milho"}},{"type":"Feature","geometry":{"type":"Point","coordinates":[-52.21376609544532,-10.289845172264537]},"properties":{"Fazenda":"FE","Campo":"FE 19","produtividade":138.93258903999998,"unidade_produtividade":"sc/ha","pontos_originais":25,"ano":"2026","cultura":"Milho"}},{"type":"Feature","geometry":{"type":"Point","coordinates":[-52.21513568642848,-10.289840036014082]},"properties":{"Fazenda":"FE","Campo":"FE 19","produtividade":170.95071951999998,"unidade_produtividade":"sc/ha","pontos_originais":25,"ano":"2026","cultura":"Milho"}},{"type":"Feature","geometry":{"type":"Point","coordinates":[-52.214907421314656,-10.289840892457839]},"properties":{"Fazenda":"FE","Campo":"FE 19","produtividade":171.50130536000003,"unidade_produtividade":"sc/ha","pontos_originais":25,"ano":"2026","cultura":"Milho"}},{"type":"Feature","geometry":{"type":"Point","coordinates":[-52.21467915618082,-10.289841748740791]},"properties":{"Fazenda":"FE","Campo":"FE 19","produtividade":169.44644752,"unidade_produtividade":"sc/ha","pontos_originais":25,"ano":"2026","cultura":"Milho"}},{"type":"Feature","geometry":{"type":"Point","coordinates":[-52.219465226687255,-10.289853902861289]},"properties":{"Fazenda":"FE","Campo":"FE 19","produtividade":91.82253577777779,"unidade_produtividade":"sc/ha","pontos_originais":18,"ano":"2026","cultura":"Milho"}},{"type":"Feature","geometry":{"type":"Point","coordinates":[-52.21969064953764,-10.289875080470855]},"properties":{"Fazenda":"FE","Campo":"FE 19","produtividade":88.43742276923078,"unidade_produtividade":"sc/ha","pontos_originais":13,"ano":"2026","cultura":"Milho"}},{"type":"Feature","geometry":{"type":"Point","coordinates":[-52.219909981339974,-10.289899593129926]},"properties":{"Fazenda":"FE","Campo":"FE 19","produtividade":100.26161400000001,"unidade_produtividade":"sc/ha","pontos_originais":7,"ano":"2026","cultura":"Milho"}},{"type":"Feature","geometry":{"type":"Point","coordinates":[-52.21362930907017,-10.289890897444266]},"properties":{"Fazenda":"FE","Campo":"FE 19","produtividade":138.72235066666667,"unidade_produtividade":"sc/ha","pontos_originais":3,"ano":"2026","cultura":"Milho"}},{"type":"Feature","geometry":{"type":"Point","coordinates":[-52.220066555349646,-10.289911921102256]},"properties":{"Fazenda":"FE","Campo":"FE 19","produtividade":101.534496,"unidade_produtividade":"sc/ha","pontos_originais":1,"ano":"2026","cultura":"Milho"}},{"type":"Feature","geometry":{"type":"Point","coordinates":[-52.216960074295514,-10.289381060563457]},"properties":{"Fazenda":"FE","Campo":"FE 19","produtividade":89.19628592000001,"unidade_produtividade":"sc/ha","pontos_originais":25,"ano":"2026","cultura":"Milho"}},{"type":"Feature","geometry":{"type":"Point","coordinates":[-52.21718454893369,-10.289383984660633]},"properties":{"Fazenda":"FE","Campo":"FE 19","produtividade":83.84261783333334,"unidade_produtividade":"sc/ha","pontos_originais":24,"ano":"2026","cultura":"Milho"}},{"type":"Feature","geometry":{"type":"Point","coordinates":[-52.21673180966673,-10.289381918255174]},"properties":{"Fazenda":"FE","Campo":"FE 19","produtividade":94.20700911999998,"unidade_produtividade":"sc/ha","pontos_originais":25,"ano":"2026","cultura":"Milho"}},{"type":"Feature","geometry":{"type":"Point","coordinates":[-52.21650354501796,-10.289382775786097]},"properties":{"Fazenda":"FE","Campo":"FE 19","produtividade":100.03320208,"unidade_produtividade":"sc/ha","pontos_originais":25,"ano":"2026","cultura":"Milho"}},{"type":"Feature","geometry":{"type":"Point","coordinates":[-52.21422003324514,-10.289165282960163]},"properties":{"Fazenda":"FE","Campo":"FE 19","produtividade":126.95213663999999,"unidade_produtividade":"sc/ha","pontos_originais":25,"ano":"2026","cultura":"Milho"}},{"type":"Feature","geometry":{"type":"Point","coordinates":[-52.21399176853836,-10.289166138703107]},"properties":{"Fazenda":"FE","Campo":"FE 19","produtividade":112.80309711999996,"unidade_produtividade":"sc/ha","pontos_originais":25,"ano":"2026","cultura":"Milho"}},{"type":"Feature","geometry":{"type":"Point","coordinates":[-52.21380915675906,-10.289166823185983]},"properties":{"Fazenda":"FE","Campo":"FE 19","produtividade":107.1676144,"unidade_produtividade":"sc/ha","pontos_originais":15,"ano":"2026","cultura":"Milho"}},{"type":"Feature","geometry":{"type":"Point","coordinates":[-52.215590486222254,-10.289386204301803]},"properties":{"Fazenda":"FE","Campo":"FE 19","produtividade":131.23320951999997,"unidade_produtividade":"sc/ha","pontos_originais":25,"ano":"2026","cultura":"Milho"}},{"type":"Feature","geometry":{"type":"Point","coordinates":[-52.21536222147325,-10.28938706102873]},"properties":{"Fazenda":"FE","Campo":"FE 19","produtividade":142.3419312,"unidade_produtividade":"sc/ha","pontos_originais":25,"ano":"2026","cultura":"Milho"}},{"type":"Feature","geometry":{"type":"Point","coordinates":[-52.21513395670419,-10.289387917594865]},"properties":{"Fazenda":"FE","Campo":"FE 19","produtividade":153.80509759999998,"unidade_produtividade":"sc/ha","pontos_originais":25,"ano":"2026","cultura":"Milho"}},{"type":"Feature","geometry":{"type":"Point","coordinates":[-52.21490569191513,-10.2893887740002]},"properties":{"Fazenda":"FE","Campo":"FE 19","produtividade":159.97169440000002,"unidade_produtividade":"sc/ha","pontos_originais":25,"ano":"2026","cultura":"Milho"}},{"type":"Feature","geometry":{"type":"Point","coordinates":[-52.21627528034908,-10.289383633156216]},"properties":{"Fazenda":"FE","Campo":"FE 19","produtividade":110.91892727999999,"unidade_produtividade":"sc/ha","pontos_originais":25,"ano":"2026","cultura":"Milho"}},{"type":"Feature","geometry":{"type":"Point","coordinates":[-52.21604701566019,-10.28938449036554]},"properties":{"Fazenda":"FE","Campo":"FE 19","produtividade":117.47214416000001,"unidade_produtividade":"sc/ha","pontos_originais":25,"ano":"2026","cultura":"Milho"}},{"type":"Feature","geometry":{"type":"Point","coordinates":[-52.21581875095125,-10.289385347414068]},"properties":{"Fazenda":"FE","Campo":"FE 19","produtividade":123.57208304,"unidade_produtividade":"sc/ha","pontos_originais":25,"ano":"2026","cultura":"Milho"}},{"type":"Feature","geometry":{"type":"Point","coordinates":[-52.216494755234535,-10.289191320693792]},"properties":{"Fazenda":"FE","Campo":"FE 19","produtividade":96.95594423529413,"unidade_produtividade":"sc/ha","pontos_originais":17,"ano":"2026","cultura":"Milho"}},{"type":"Feature","geometry":{"type":"Point","coordinates":[-52.2162682365273,-10.289169927915104]},"properties":{"Fazenda":"FE","Campo":"FE 19","produtividade":102.56058909090906,"unidade_produtividade":"sc/ha","pontos_originais":22,"ano":"2026","cultura":"Milho"}},{"type":"Feature","geometry":{"type":"Point","coordinates":[-52.216046150178634,-10.289158431227982]},"properties":{"Fazenda":"FE","Campo":"FE 19","produtividade":101.81846920000002,"unidade_produtividade":"sc/ha","pontos_originais":25,"ano":"2026","cultura":"Milho"}},{"type":"Feature","geometry":{"type":"Point","coordinates":[-52.215817885632056,-10.289159288257283]},"properties":{"Fazenda":"FE","Campo":"FE 19","produtividade":100.90580359999998,"unidade_produtividade":"sc/ha","pontos_originais":25,"ano":"2026","cultura":"Milho"}},{"type":"Feature","geometry":{"type":"Point","coordinates":[-52.21694430811007,-10.289237947008262]},"properties":{"Fazenda":"FE","Campo":"FE 19","produtividade":88.36000366666667,"unidade_produtividade":"sc/ha","pontos_originais":6,"ano":"2026","cultura":"Milho"}},{"type":"Feature","geometry":{"type":"Point","coordinates":[-52.21672287934227,-10.289217542836639]},"properties":{"Fazenda":"FE","Campo":"FE 19","produtividade":94.2229209090909,"unidade_produtividade":"sc/ha","pontos_originais":11,"ano":"2026","cultura":"Milho"}},{"type":"Feature","geometry":{"type":"Point","coordinates":[-52.214904827245384,-10.289162714766551]},"properties":{"Fazenda":"FE","Campo":"FE 19","produtividade":132.26648568,"unidade_produtividade":"sc/ha","pontos_originais":25,"ano":"2026","cultura":"Milho"}},{"type":"Feature","geometry":{"type":"Point","coordinates":[-52.215133091872104,-10.289161858380426]},"properties":{"Fazenda":"FE","Campo":"FE 19","produtividade":123.23135664,"unidade_produtividade":"sc/ha","pontos_originais":25,"ano":"2026","cultura":"Milho"}},{"type":"Feature","geometry":{"type":"Point","coordinates":[-52.214676562598655,-10.289163570991882]},"properties":{"Fazenda":"FE","Campo":"FE 19","produtividade":135.72318312,"unidade_produtividade":"sc/ha","pontos_originais":25,"ano":"2026","cultura":"Milho"}},{"type":"Feature","geometry":{"type":"Point","coordinates":[-52.2144482979319,-10.289164427056418]},"properties":{"Fazenda":"FE","Campo":"FE 19","produtividade":135.50311432,"unidade_produtividade":"sc/ha","pontos_originais":25,"ano":"2026","cultura":"Milho"}},{"type":"Feature","geometry":{"type":"Point","coordinates":[-52.215589621065426,-10.289160145125788]},"properties":{"Fazenda":"FE","Campo":"FE 19","produtividade":104.05198383999999,"unidade_produtividade":"sc/ha","pontos_originais":25,"ano":"2026","cultura":"Milho"}},{"type":"Feature","geometry":{"type":"Point","coordinates":[-52.21536135647878,-10.289161001833504]},"properties":{"Fazenda":"FE","Campo":"FE 19","produtividade":112.3550792,"unidade_produtividade":"sc/ha","pontos_originais":25,"ano":"2026","cultura":"Milho"}},{"type":"Feature","geometry":{"type":"Point","coordinates":[-52.214677427106025,-10.289389630244738]},"properties":{"Fazenda":"FE","Campo":"FE 19","produtividade":162.18051696,"unidade_produtividade":"sc/ha","pontos_originais":25,"ano":"2026","cultura":"Milho"}},{"type":"Feature","geometry":{"type":"Point","coordinates":[-52.21444916227691,-10.289390486328479]},"properties":{"Fazenda":"FE","Campo":"FE 19","produtividade":156.49919544,"unidade_produtividade":"sc/ha","pontos_originais":25,"ano":"2026","cultura":"Milho"}},{"type":"Feature","geometry":{"type":"Point","coordinates":[-52.214220897427765,-10.28939134225142]},"properties":{"Fazenda":"FE","Campo":"FE 19","produtividade":141.11913704000003,"unidade_produtividade":"sc/ha","pontos_originais":25,"ano":"2026","cultura":"Milho"}},{"type":"Feature","geometry":{"type":"Point","coordinates":[-52.217411898250916,-10.289405538018055]},"properties":{"Fazenda":"FE","Campo":"FE 19","produtividade":87.4433832631579,"unidade_produtividade":"sc/ha","pontos_originais":19,"ano":"2026","cultura":"Milho"}},{"type":"Feature","geometry":{"type":"Point","coordinates":[-52.21399263255863,-10.28939219801356]},"properties":{"Fazenda":"FE","Campo":"FE 19","produtividade":123.89495663999998,"unidade_produtividade":"sc/ha","pontos_originais":25,"ano":"2026","cultura":"Milho"}},{"type":"Feature","geometry":{"type":"Point","coordinates":[-52.21379081652816,-10.289397713699946]},"properties":{"Fazenda":"FE","Campo":"FE 19","produtividade":115.24718578947369,"unidade_produtividade":"sc/ha","pontos_originais":19,"ano":"2026","cultura":"Milho"}},{"type":"Feature","geometry":{"type":"Point","coordinates":[-52.21763453276519,-10.28943069359735]},"properties":{"Fazenda":"FE","Campo":"FE 19","produtividade":90.48190307692305,"unidade_produtividade":"sc/ha","pontos_originais":13,"ano":"2026","cultura":"Milho"}},{"type":"Feature","geometry":{"type":"Point","coordinates":[-52.2178562944744,-10.289451161739551]},"properties":{"Fazenda":"FE","Campo":"FE 19","produtividade":90.08442275,"unidade_produtividade":"sc/ha","pontos_originais":8,"ano":"2026","cultura":"Milho"}},{"type":"Feature","geometry":{"type":"Point","coordinates":[-52.218033264545085,-10.289467450851419]},"properties":{"Fazenda":"FE","Campo":"FE 19","produtividade":87.9802,"unidade_produtividade":"sc/ha","pontos_originais":2,"ano":"2026","cultura":"Milho"}},{"type":"Feature","geometry":{"type":"Point","coordinates":[-52.21787399941042,-10.289603687169027]},"properties":{"Fazenda":"FE","Campo":"FE 19","produtividade":114.65050911999998,"unidade_produtividade":"sc/ha","pontos_originais":25,"ano":"2026","cultura":"Milho"}},{"type":"Feature","geometry":{"type":"Point","coordinates":[-52.217645734699566,-10.289604545523188]},"properties":{"Fazenda":"FE","Campo":"FE 19","produtividade":120.97685208000001,"unidade_produtividade":"sc/ha","pontos_originais":25,"ano":"2026","cultura":"Milho"}},{"type":"Feature","geometry":{"type":"Point","coordinates":[-52.21741746996862,-10.28960540371655]},"properties":{"Fazenda":"FE","Campo":"FE 19","produtividade":114.85012839999999,"unidade_produtividade":"sc/ha","pontos_originais":25,"ano":"2026","cultura":"Milho"}},{"type":"Feature","geometry":{"type":"Point","coordinates":[-52.21718920521762,-10.289606261749107]},"properties":{"Fazenda":"FE","Campo":"FE 19","produtividade":105.97884192000001,"unidade_produtividade":"sc/ha","pontos_originais":25,"ano":"2026","cultura":"Milho"}},{"type":"Feature","geometry":{"type":"Point","coordinates":[-52.21832435067204,-10.289614323886239]},"properties":{"Fazenda":"FE","Campo":"FE 19","produtividade":100.27860754545453,"unidade_produtividade":"sc/ha","pontos_originais":22,"ano":"2026","cultura":"Milho"}},{"type":"Feature","geometry":{"type":"Point","coordinates":[-52.21855323858426,-10.289640692925369]},"properties":{"Fazenda":"FE","Campo":"FE 19","produtividade":97.39269400000002,"unidade_produtividade":"sc/ha","pontos_originais":16,"ano":"2026","cultura":"Milho"}},{"type":"Feature","geometry":{"type":"Point","coordinates":[-52.218102264101226,-10.289602828654067]},"properties":{"Fazenda":"FE","Campo":"FE 19","produtividade":102.65194743999999,"unidade_produtividade":"sc/ha","pontos_originais":25,"ano":"2026","cultura":"Milho"}},{"type":"Feature","geometry":{"type":"Point","coordinates":[-52.21696094044656,-10.289607119620864]},"properties":{"Fazenda":"FE","Campo":"FE 19","produtividade":102.43324839999997,"unidade_produtividade":"sc/ha","pontos_originais":25,"ano":"2026","cultura":"Milho"}},{"type":"Feature","geometry":{"type":"Point","coordinates":[-52.21604788116178,-10.289610549499887]},"properties":{"Fazenda":"FE","Campo":"FE 19","produtividade":139.06956112000003,"unidade_produtividade":"sc/ha","pontos_originais":25,"ano":"2026","cultura":"Milho"}},{"type":"Feature","geometry":{"type":"Point","coordinates":[-52.21581961629047,-10.289611406567635]},"properties":{"Fazenda":"FE","Campo":"FE 19","produtividade":154.37357151999996,"unidade_produtividade":"sc/ha","pontos_originais":25,"ano":"2026","cultura":"Milho"}},{"type":"Feature","geometry":{"type":"Point","coordinates":[-52.21559135139912,-10.289612263474591]},"properties":{"Fazenda":"FE","Campo":"FE 19","produtividade":161.40297264,"unidade_produtividade":"sc/ha","pontos_originais":25,"ano":"2026","cultura":"Milho"}},{"type":"Feature","geometry":{"type":"Point","coordinates":[-52.216732675655436,-10.289607977331823]},"properties":{"Fazenda":"FE","Campo":"FE 19","produtividade":101.71363328,"unidade_produtividade":"sc/ha","pontos_originais":25,"ano":"2026","cultura":"Milho"}},{"type":"Feature","geometry":{"type":"Point","coordinates":[-52.216504410844266,-10.289608834881982]},"properties":{"Fazenda":"FE","Campo":"FE 19","produtividade":109.16650640000002,"unidade_produtividade":"sc/ha","pontos_originais":25,"ano":"2026","cultura":"Milho"}},{"type":"Feature","geometry":{"type":"Point","coordinates":[-52.21627614601305,-10.28960969227133]},"properties":{"Fazenda":"FE","Campo":"FE 19","produtividade":122.31309832,"unidade_produtividade":"sc/ha","pontos_originais":25,"ano":"2026","cultura":"Milho"}},{"type":"Feature","geometry":{"type":"Point","coordinates":[-52.218787318291355,-10.28966806981487]},"properties":{"Fazenda":"FE","Campo":"FE 19","produtividade":89.85311300000001,"unidade_produtividade":"sc/ha","pontos_originais":10,"ano":"2026","cultura":"Milho"}},{"type":"Feature","geometry":{"type":"Point","coordinates":[-52.21899284324704,-10.289689902465312]},"properties":{"Fazenda":"FE","Campo":"FE 19","produtividade":87.218663,"unidade_produtividade":"sc/ha","pontos_originais":4,"ano":"2026","cultura":"Milho"}},{"type":"Feature","geometry":{"type":"Point","coordinates":[-52.214212380275555,-10.288721049624906]},"properties":{"Fazenda":"FE","Campo":"FE 19","produtividade":104.17134243478262,"unidade_produtividade":"sc/ha","pontos_originais":23,"ano":"2026","cultura":"Milho"}},{"type":"Feature","geometry":{"type":"Point","coordinates":[-52.21399004055779,-10.28871402007254]},"properties":{"Fazenda":"FE","Campo":"FE 19","produtividade":107.26369584000003,"unidade_produtividade":"sc/ha","pontos_originais":25,"ano":"2026","cultura":"Milho"}},{"type":"Feature","geometry":{"type":"Point","coordinates":[-52.21385316830685,-10.28873713935756]},"properties":{"Fazenda":"FE","Campo":"FE 19","produtividade":107.9867355,"unidade_produtividade":"sc/ha","pontos_originais":4,"ano":"2026","cultura":"Milho"}},{"type":"Feature","geometry":{"type":"Point","coordinates":[-52.21466363654168,-10.288768010096787]},"properties":{"Fazenda":"FE","Campo":"FE 19","produtividade":90.60222733333332,"unidade_produtividade":"sc/ha","pontos_originais":12,"ano":"2026","cultura":"Milho"}},{"type":"Feature","geometry":{"type":"Point","coordinates":[-52.21443907573044,-10.288742478271589]},"properties":{"Fazenda":"FE","Campo":"FE 19","produtividade":95.967466,"unidade_produtividade":"sc/ha","pontos_originais":18,"ano":"2026","cultura":"Milho"}},{"type":"Feature","geometry":{"type":"Point","coordinates":[-52.21421916908249,-10.288939223665682]},"properties":{"Fazenda":"FE","Campo":"FE 19","produtividade":111.26067176000001,"unidade_produtividade":"sc/ha","pontos_originais":25,"ano":"2026","cultura":"Milho"}},{"type":"Feature","geometry":{"type":"Point","coordinates":[-52.21444743360692,-10.288938367781139]},"properties":{"Fazenda":"FE","Campo":"FE 19","produtividade":111.04701944000003,"unidade_produtividade":"sc/ha","pontos_originais":25,"ano":"2026","cultura":"Milho"}},{"type":"Feature","geometry":{"type":"Point","coordinates":[-52.21399090453808,-10.28894007938943]},"properties":{"Fazenda":"FE","Campo":"FE 19","produtividade":106.19025199999999,"unidade_produtividade":"sc/ha","pontos_originais":25,"ano":"2026","cultura":"Milho"}},{"type":"Feature","geometry":{"type":"Point","coordinates":[-52.21536057800059,-10.288957548555098]},"properties":{"Fazenda":"FE","Campo":"FE 19","produtividade":97.29844040000002,"unidade_produtividade":"sc/ha","pontos_originais":20,"ano":"2026","cultura":"Milho"}},{"type":"Feature","geometry":{"type":"Point","coordinates":[-52.21383111934578,-10.288940678306018]},"properties":{"Fazenda":"FE","Campo":"FE 19","produtividade":104.46989980000001,"unidade_produtividade":"sc/ha","pontos_originais":10,"ano":"2026","cultura":"Milho"}},{"type":"Feature","geometry":{"type":"Point","coordinates":[-52.215132227060025,-10.288935799162765]},"properties":{"Fazenda":"FE","Campo":"FE 19","produtividade":98.30855551999998,"unidade_produtividade":"sc/ha","pontos_originais":25,"ano":"2026","cultura":"Milho"}},{"type":"Feature","geometry":{"type":"Point","coordinates":[-52.21490396259567,-10.288936655529684]},"properties":{"Fazenda":"FE","Campo":"FE 19","produtividade":105.78955072000001,"unidade_produtividade":"sc/ha","pontos_originais":25,"ano":"2026","cultura":"Milho"}},{"type":"Feature","geometry":{"type":"Point","coordinates":[-52.21467569811129,-10.288937511735805]},"properties":{"Fazenda":"FE","Campo":"FE 19","produtividade":106.93385247999998,"unidade_produtividade":"sc/ha","pontos_originais":25,"ano":"2026","cultura":"Milho"}},{"type":"Feature","geometry":{"type":"Point","coordinates":[-52.2148881973707,-10.288793541761786]},"properties":{"Fazenda":"FE","Campo":"FE 19","produtividade":96.54152666666668,"unidade_produtividade":"sc/ha","pontos_originais":6,"ano":"2026","cultura":"Milho"}},{"type":"Feature","geometry":{"type":"Point","coordinates":[-52.21504040243802,-10.288800506198633]},"properties":{"Fazenda":"FE","Campo":"FE 19","produtividade":98.36575,"unidade_produtividade":"sc/ha","pontos_originais":1,"ano":"2026","cultura":"Milho"}},{"type":"Feature","geometry":{"type":"Point","coordinates":[-52.215999978010835,-10.289022967164728]},"properties":{"Fazenda":"FE","Campo":"FE 19","produtividade":98.62830133333334,"unidade_produtividade":"sc/ha","pontos_originais":3,"ano":"2026","cultura":"Milho"}},{"type":"Feature","geometry":{"type":"Point","coordinates":[-52.215807144448696,-10.28900359670083]},"properties":{"Fazenda":"FE","Campo":"FE 19","produtividade":96.39382666666667,"unidade_produtividade":"sc/ha","pontos_originais":9,"ano":"2026","cultura":"Milho"}},{"type":"Feature","geometry":{"type":"Point","coordinates":[-52.21558241947252,-10.288982551679183]},"properties":{"Fazenda":"FE","Campo":"FE 19","produtividade":96.88633999999999,"unidade_produtividade":"sc/ha","pontos_originais":14,"ano":"2026","cultura":"Milho"}},{"type":"Feature","geometry":{"type":"Point","coordinates":[-52.22408421291937,-10.301787602835468]},"properties":{"Fazenda":"FE","Campo":"FE 19","produtividade":135.54381736,"unidade_produtividade":"sc/ha","pontos_originais":25,"ano":"2026","cultura":"Milho"}},{"type":"Feature","geometry":{"type":"Point","coordinates":[-52.22431248584004,-10.301786738933732]},"properties":{"Fazenda":"FE","Campo":"FE 19","produtividade":123.45248384,"unidade_produtividade":"sc/ha","pontos_originais":25,"ano":"2026","cultura":"Milho"}},{"type":"Feature","geometry":{"type":"Point","coordinates":[-52.22385593997854,-10.301788466576212]},"properties":{"Fazenda":"FE","Campo":"FE 19","produtividade":144.87904088000002,"unidade_produtividade":"sc/ha","pontos_originais":25,"ano":"2026","cultura":"Milho"}},{"type":"Feature","geometry":{"type":"Point","coordinates":[-52.22362766701756,-10.301789330155959]},"properties":{"Fazenda":"FE","Campo":"FE 19","produtividade":148.29109063999996,"unidade_produtividade":"sc/ha","pontos_originais":25,"ano":"2026","cultura":"Milho"}},{"type":"Feature","geometry":{"type":"Point","coordinates":[-52.222029755726005,-10.30179537070637]},"properties":{"Fazenda":"FE","Campo":"FE 19","produtividade":112.59844904000002,"unidade_produtividade":"sc/ha","pontos_originais":25,"ano":"2026","cultura":"Milho"}},{"type":"Feature","geometry":{"type":"Point","coordinates":[-52.22225802882811,-10.301794508253579]},"properties":{"Fazenda":"FE","Campo":"FE 19","produtividade":104.97765823999998,"unidade_produtividade":"sc/ha","pontos_originais":25,"ano":"2026","cultura":"Milho"}},{"type":"Feature","geometry":{"type":"Point","coordinates":[-52.22180740727291,-10.3017883476021]},"properties":{"Fazenda":"FE","Campo":"FE 19","produtividade":121.81672878260869,"unidade_produtividade":"sc/ha","pontos_originais":23,"ano":"2026","cultura":"Milho"}},{"type":"Feature","geometry":{"type":"Point","coordinates":[-52.2245229072232,-10.301760824499883]},"properties":{"Fazenda":"FE","Campo":"FE 19","produtividade":123.35534866666666,"unidade_produtividade":"sc/ha","pontos_originais":18,"ano":"2026","cultura":"Milho"}},{"type":"Feature","geometry":{"type":"Point","coordinates":[-52.22271457497189,-10.301792782865014]},"properties":{"Fazenda":"FE","Campo":"FE 19","produtividade":118.71988687999998,"unidade_produtividade":"sc/ha","pontos_originais":25,"ano":"2026","cultura":"Milho"}},{"type":"Feature","geometry":{"type":"Point","coordinates":[-52.222486301910074,-10.301793645639794]},"properties":{"Fazenda":"FE","Campo":"FE 19","produtividade":112.346486,"unidade_produtividade":"sc/ha","pontos_originais":25,"ano":"2026","cultura":"Milho"}},{"type":"Feature","geometry":{"type":"Point","coordinates":[-52.22339939403637,-10.301790193574716]},"properties":{"Fazenda":"FE","Campo":"FE 19","produtividade":144.13016520000002,"unidade_produtividade":"sc/ha","pontos_originais":25,"ano":"2026","cultura":"Milho"}},{"type":"Feature","geometry":{"type":"Point","coordinates":[-52.22317112103506,-10.301791056832478]},"properties":{"Fazenda":"FE","Campo":"FE 19","produtividade":139.81551471999998,"unidade_produtividade":"sc/ha","pontos_originais":25,"ano":"2026","cultura":"Milho"}},{"type":"Feature","geometry":{"type":"Point","coordinates":[-52.222942848013524,-10.301791919929242]},"properties":{"Fazenda":"FE","Campo":"FE 19","produtividade":132.98090735999997,"unidade_produtividade":"sc/ha","pontos_originais":25,"ano":"2026","cultura":"Milho"}},{"type":"Feature","geometry":{"type":"Point","coordinates":[-52.22161291787125,-10.30173477818476]},"properties":{"Fazenda":"FE","Campo":"FE 19","produtividade":100.7266925,"unidade_produtividade":"sc/ha","pontos_originais":8,"ano":"2026","cultura":"Milho"}},{"type":"Feature","geometry":{"type":"Point","coordinates":[-52.223400265842685,-10.302016251914674]},"properties":{"Fazenda":"FE","Campo":"FE 19","produtividade":135.31931224000002,"unidade_produtividade":"sc/ha","pontos_originais":25,"ano":"2026","cultura":"Milho"}},{"type":"Feature","geometry":{"type":"Point","coordinates":[-52.22362853898641,-10.302015388476574]},"properties":{"Fazenda":"FE","Campo":"FE 19","produtividade":135.25024856,"unidade_produtividade":"sc/ha","pontos_originais":25,"ano":"2026","cultura":"Milho"}},{"type":"Feature","geometry":{"type":"Point","coordinates":[-52.22317199267877,-10.302017115191777]},"properties":{"Fazenda":"FE","Campo":"FE 19","produtividade":125.75626896000001,"unidade_produtividade":"sc/ha","pontos_originais":25,"ano":"2026","cultura":"Milho"}},{"type":"Feature","geometry":{"type":"Point","coordinates":[-52.22294371949471,-10.302017978307884]},"properties":{"Fazenda":"FE","Campo":"FE 19","produtividade":113.18672903999997,"unidade_produtividade":"sc/ha","pontos_originais":25,"ano":"2026","cultura":"Milho"}},{"type":"Feature","geometry":{"type":"Point","coordinates":[-52.22428573868856,-10.301954125728383]},"properties":{"Fazenda":"FE","Campo":"FE 19","produtividade":124.00187939999998,"unidade_produtividade":"sc/ha","pontos_originais":10,"ano":"2026","cultura":"Milho"}},{"type":"Feature","geometry":{"type":"Point","coordinates":[-52.22407909992037,-10.302005820756005]},"properties":{"Fazenda":"FE","Campo":"FE 19","produtividade":134.39523452173913,"unidade_produtividade":"sc/ha","pontos_originais":23,"ano":"2026","cultura":"Milho"}},{"type":"Feature","geometry":{"type":"Point","coordinates":[-52.223856812109986,-10.30201452487748]},"properties":{"Fazenda":"FE","Campo":"FE 19","produtividade":142.8582288,"unidade_produtividade":"sc/ha","pontos_originais":25,"ano":"2026","cultura":"Milho"}},{"type":"Feature","geometry":{"type":"Point","coordinates":[-52.22205115700309,-10.301963808611493]},"properties":{"Fazenda":"FE","Campo":"FE 19","produtividade":121.84158381818183,"unidade_produtividade":"sc/ha","pontos_originais":11,"ano":"2026","cultura":"Milho"}},{"type":"Feature","geometry":{"type":"Point","coordinates":[-52.222715446290465,-10.302018841262989]},"properties":{"Fazenda":"FE","Campo":"FE 19","produtividade":108.43388696000002,"unidade_produtividade":"sc/ha","pontos_originais":25,"ano":"2026","cultura":"Milho"}},{"type":"Feature","geometry":{"type":"Point","coordinates":[-52.22248717306609,-10.302019704057097]},"properties":{"Fazenda":"FE","Campo":"FE 19","produtividade":104.0832492,"unidade_produtividade":"sc/ha","pontos_originais":25,"ano":"2026","cultura":"Milho"}},{"type":"Feature","geometry":{"type":"Point","coordinates":[-52.22226360472178,-10.30199437334428]},"properties":{"Fazenda":"FE","Campo":"FE 19","produtividade":100.51068336842103,"unidade_produtividade":"sc/ha","pontos_originais":19,"ano":"2026","cultura":"Milho"}},{"type":"Feature","geometry":{"type":"Point","coordinates":[-52.22187048697027,-10.30193160941537]},"properties":{"Fazenda":"FE","Campo":"FE 19","produtividade":110.411931,"unidade_produtividade":"sc/ha","pontos_originais":2,"ano":"2026","cultura":"Milho"}},{"type":"Feature","geometry":{"type":"Point","coordinates":[-52.22384214625321,-10.302157752711997]},"properties":{"Fazenda":"FE","Campo":"FE 19","produtividade":135.06890133333334,"unidade_produtividade":"sc/ha","pontos_originais":6,"ano":"2026","cultura":"Milho"}},{"type":"Feature","geometry":{"type":"Point","coordinates":[-52.22362914937592,-10.302173629299201]},"properties":{"Fazenda":"FE","Campo":"FE 19","produtividade":131.76884560000002,"unidade_produtividade":"sc/ha","pontos_originais":10,"ano":"2026","cultura":"Milho"}},{"type":"Feature","geometry":{"type":"Point","coordinates":[-52.22273879642187,-10.302154390013346]},"properties":{"Fazenda":"FE","Campo":"FE 19","produtividade":106.183413,"unidade_produtividade":"sc/ha","pontos_originais":4,"ano":"2026","cultura":"Milho"}},{"type":"Feature","geometry":{"type":"Point","coordinates":[-52.223400876118376,-10.302174492750842]},"properties":{"Fazenda":"FE","Campo":"FE 19","produtividade":130.84393419999998,"unidade_produtividade":"sc/ha","pontos_originais":10,"ano":"2026","cultura":"Milho"}},{"type":"Feature","geometry":{"type":"Point","coordinates":[-52.22317260284067,-10.302175356041484]},"properties":{"Fazenda":"FE","Campo":"FE 19","produtividade":113.231867,"unidade_produtividade":"sc/ha","pontos_originais":10,"ano":"2026","cultura":"Milho"}},{"type":"Feature","geometry":{"type":"Point","coordinates":[-52.222959489663914,-10.302161091074995]},"properties":{"Fazenda":"FE","Campo":"FE 19","produtividade":110.36749733333335,"unidade_produtividade":"sc/ha","pontos_originais":6,"ano":"2026","cultura":"Milho"}},{"type":"Feature","geometry":{"type":"Point","coordinates":[-52.223397650484266,-10.301338076885122]},"properties":{"Fazenda":"FE","Campo":"FE 19","produtividade":164.17466072,"unidade_produtividade":"sc/ha","pontos_originais":25,"ano":"2026","cultura":"Milho"}},{"type":"Feature","geometry":{"type":"Point","coordinates":[-52.223169377808055,-10.301338940104197]},"properties":{"Fazenda":"FE","Campo":"FE 19","produtividade":162.74440167999998,"unidade_produtividade":"sc/ha","pontos_originais":25,"ano":"2026","cultura":"Milho"}},{"type":"Feature","geometry":{"type":"Point","coordinates":[-52.2229411051117,-10.30133980316229]},"properties":{"Fazenda":"FE","Campo":"FE 19","produtividade":159.07983839999997,"unidade_produtividade":"sc/ha","pontos_originais":25,"ano":"2026","cultura":"Milho"}},{"type":"Feature","geometry":{"type":"Point","coordinates":[-52.22271283239516,-10.301340666059394]},"properties":{"Fazenda":"FE","Campo":"FE 19","produtividade":156.30178536,"unidade_produtividade":"sc/ha","pontos_originais":25,"ano":"2026","cultura":"Milho"}},{"type":"Feature","geometry":{"type":"Point","coordinates":[-52.22408246839187,-10.30133548626197]},"properties":{"Fazenda":"FE","Campo":"FE 19","produtividade":143.00900432000003,"unidade_produtividade":"sc/ha","pontos_originais":25,"ano":"2026","cultura":"Milho"}},{"type":"Feature","geometry":{"type":"Point","coordinates":[-52.22385419577619,-10.301336349964005]},"properties":{"Fazenda":"FE","Campo":"FE 19","produtividade":149.2733592,"unidade_produtividade":"sc/ha","pontos_originais":25,"ano":"2026","cultura":"Milho"}},{"type":"Feature","geometry":{"type":"Point","coordinates":[-52.22362592314033,-10.301337213505057]},"properties":{"Fazenda":"FE","Campo":"FE 19","produtividade":156.75078384000005,"unidade_produtividade":"sc/ha","pontos_originais":25,"ano":"2026","cultura":"Milho"}},{"type":"Feature","geometry":{"type":"Point","coordinates":[-52.221799741327565,-10.301344116037942]},"properties":{"Fazenda":"FE","Campo":"FE 19","produtividade":114.69686984000002,"unidade_produtividade":"sc/ha","pontos_originais":25,"ano":"2026","cultura":"Milho"}},{"type":"Feature","geometry":{"type":"Point","coordinates":[-52.22202801412468,-10.301343253784784]},"properties":{"Fazenda":"FE","Campo":"FE 19","produtividade":129.34980464,"unidade_produtividade":"sc/ha","pontos_originais":25,"ano":"2026","cultura":"Milho"}},{"type":"Feature","geometry":{"type":"Point","coordinates":[-52.22157146851029,-10.301344978130114]},"properties":{"Fazenda":"FE","Campo":"FE 19","produtividade":111.87621255999998,"unidade_produtividade":"sc/ha","pontos_originais":25,"ano":"2026","cultura":"Milho"}},{"type":"Feature","geometry":{"type":"Point","coordinates":[-52.221343195672915,-10.301345840061293]},"properties":{"Fazenda":"FE","Campo":"FE 19","produtividade":104.62649960000003,"unidade_produtividade":"sc/ha","pontos_originais":25,"ano":"2026","cultura":"Milho"}},{"type":"Feature","geometry":{"type":"Point","coordinates":[-52.2224845596585,-10.301341528795513]},"properties":{"Fazenda":"FE","Campo":"FE 19","produtividade":153.07238407999998,"unidade_produtividade":"sc/ha","pontos_originais":25,"ano":"2026","cultura":"Milho"}},{"type":"Feature","geometry":{"type":"Point","coordinates":[-52.222256286901654,-10.30134239137064]},"properties":{"Fazenda":"FE","Campo":"FE 19","produtividade":145.36194344,"unidade_produtividade":"sc/ha","pontos_originais":25,"ano":"2026","cultura":"Milho"}},{"type":"Feature","geometry":{"type":"Point","coordinates":[-52.222255415968675,-10.301116332924334]},"properties":{"Fazenda":"FE","Campo":"FE 19","produtividade":153.97040008,"unidade_produtividade":"sc/ha","pontos_originais":25,"ano":"2026","cultura":"Milho"}},{"type":"Feature","geometry":{"type":"Point","coordinates":[-52.222483688562924,-10.301115470368535]},"properties":{"Fazenda":"FE","Campo":"FE 19","produtividade":158.07267,"unidade_produtividade":"sc/ha","pontos_originais":25,"ano":"2026","cultura":"Milho"}},{"type":"Feature","geometry":{"type":"Point","coordinates":[-52.22202714335425,-10.301117195319154]},"properties":{"Fazenda":"FE","Campo":"FE 19","produtividade":146.41131848000003,"unidade_produtividade":"sc/ha","pontos_originais":25,"ano":"2026","cultura":"Milho"}},{"type":"Feature","geometry":{"type":"Point","coordinates":[-52.22179887071969,-10.301118057552992]},"properties":{"Fazenda":"FE","Campo":"FE 19","produtividade":132.90637192,"unidade_produtividade":"sc/ha","pontos_originais":25,"ano":"2026","cultura":"Milho"}},{"type":"Feature","geometry":{"type":"Point","coordinates":[-52.22316850622483,-10.301112881735222]},"properties":{"Fazenda":"FE","Campo":"FE 19","produtividade":159.40320759999997,"unidade_produtividade":"sc/ha","pontos_originais":25,"ano":"2026","cultura":"Milho"}},{"type":"Feature","geometry":{"type":"Point","coordinates":[-52.222940233691034,-10.301113744773975]},"properties":{"Fazenda":"FE","Campo":"FE 19","produtividade":159.77341968000002,"unidade_produtividade":"sc/ha","pontos_originais":25,"ano":"2026","cultura":"Milho"}},{"type":"Feature","geometry":{"type":"Point","coordinates":[-52.22271196113706,-10.301114607651746]},"properties":{"Fazenda":"FE","Campo":"FE 19","produtividade":158.19294904,"unidade_produtividade":"sc/ha","pontos_originais":25,"ano":"2026","cultura":"Milho"}},{"type":"Feature","geometry":{"type":"Point","coordinates":[-52.2247672861179,-10.301332894189933]},"properties":{"Fazenda":"FE","Campo":"FE 19","produtividade":124.43147864000001,"unidade_produtividade":"sc/ha","pontos_originais":25,"ano":"2026","cultura":"Milho"}},{"type":"Feature","geometry":{"type":"Point","coordinates":[-52.224919322336056,-10.30129464161324]},"properties":{"Fazenda":"FE","Campo":"FE 19","produtividade":125.66770766666667,"unidade_produtividade":"sc/ha","pontos_originais":6,"ano":"2026","cultura":"Milho"}},{"type":"Feature","geometry":{"type":"Point","coordinates":[-52.22453901356275,-10.30133375837493]},"properties":{"Fazenda":"FE","Campo":"FE 19","produtividade":126.36221080000001,"unidade_produtividade":"sc/ha","pontos_originais":25,"ano":"2026","cultura":"Milho"}},{"type":"Feature","geometry":{"type":"Point","coordinates":[-52.22431074098739,-10.301334622398942]},"properties":{"Fazenda":"FE","Campo":"FE 19","produtividade":132.84706736,"unidade_produtividade":"sc/ha","pontos_originais":25,"ano":"2026","cultura":"Milho"}},{"type":"Feature","geometry":{"type":"Point","coordinates":[-52.22157059806498,-10.301118919625845]},"properties":{"Fazenda":"FE","Campo":"FE 19","produtividade":121.30859775999997,"unidade_produtividade":"sc/ha","pontos_originais":25,"ano":"2026","cultura":"Milho"}},{"type":"Feature","geometry":{"type":"Point","coordinates":[-52.22134232539014,-10.301119781537714]},"properties":{"Fazenda":"FE","Campo":"FE 19","produtividade":116.63837863999998,"unidade_produtividade":"sc/ha","pontos_originais":25,"ano":"2026","cultura":"Milho"}},{"type":"Feature","geometry":{"type":"Point","coordinates":[-52.22111784273951,-10.301116861285164]},"properties":{"Fazenda":"FE","Campo":"FE 19","produtividade":102.38876025000002,"unidade_produtividade":"sc/ha","pontos_originais":24,"ano":"2026","cultura":"Milho"}},{"type":"Feature","geometry":{"type":"Point","coordinates":[-52.22117754557528,-10.301306904621573]},"properties":{"Fazenda":"FE","Campo":"FE 19","produtividade":92.77426724999998,"unidade_produtividade":"sc/ha","pontos_originais":8,"ano":"2026","cultura":"Milho"}},{"type":"Feature","geometry":{"type":"Point","coordinates":[-52.22453988614153,-10.301559816624579]},"properties":{"Fazenda":"FE","Campo":"FE 19","produtividade":124.09158664000002,"unidade_produtividade":"sc/ha","pontos_originais":25,"ano":"2026","cultura":"Milho"}},{"type":"Feature","geometry":{"type":"Point","coordinates":[-52.224728926651586,-10.30153326535773]},"properties":{"Fazenda":"FE","Campo":"FE 19","produtividade":123.11178,"unidade_produtividade":"sc/ha","pontos_originais":14,"ano":"2026","cultura":"Milho"}},{"type":"Feature","geometry":{"type":"Point","coordinates":[-52.224311613403636,-10.301560680667949]},"properties":{"Fazenda":"FE","Campo":"FE 19","produtividade":127.94137440000003,"unidade_produtividade":"sc/ha","pontos_originais":25,"ano":"2026","cultura":"Milho"}},{"type":"Feature","geometry":{"type":"Point","coordinates":[-52.22408334064553,-10.30156154455033]},"properties":{"Fazenda":"FE","Campo":"FE 19","produtividade":140.59433248000002,"unidade_produtividade":"sc/ha","pontos_originais":25,"ano":"2026","cultura":"Milho"}},{"type":"Feature","geometry":{"type":"Point","coordinates":[-52.22317024941148,-10.301564998469951]},"properties":{"Fazenda":"FE","Campo":"FE 19","produtividade":151.49314432,"unidade_produtividade":"sc/ha","pontos_originais":25,"ano":"2026","cultura":"Milho"}},{"type":"Feature","geometry":{"type":"Point","coordinates":[-52.22294197655255,-10.30156586154738]},"properties":{"Fazenda":"FE","Campo":"FE 19","produtividade":147.19217744000002,"unidade_produtividade":"sc/ha","pontos_originais":25,"ano":"2026","cultura":"Milho"}},{"type":"Feature","geometry":{"type":"Point","coordinates":[-52.22271370367346,-10.301566724463816]},"properties":{"Fazenda":"FE","Campo":"FE 19","produtividade":140.45623424,"unidade_produtividade":"sc/ha","pontos_originais":25,"ano":"2026","cultura":"Milho"}},{"type":"Feature","geometry":{"type":"Point","coordinates":[-52.222485430774206,-10.301567587219266]},"properties":{"Fazenda":"FE","Campo":"FE 19","produtividade":131.77785712,"unidade_produtividade":"sc/ha","pontos_originais":25,"ano":"2026","cultura":"Milho"}},{"type":"Feature","geometry":{"type":"Point","coordinates":[-52.22385506786729,-10.301562408271721]},"properties":{"Fazenda":"FE","Campo":"FE 19","produtividade":149.02005272,"unidade_produtividade":"sc/ha","pontos_originais":25,"ano":"2026","cultura":"Milho"}},{"type":"Feature","geometry":{"type":"Point","coordinates":[-52.223626795068846,-10.30156327183212]},"properties":{"Fazenda":"FE","Campo":"FE 19","produtividade":157.36313768,"unidade_produtividade":"sc/ha","pontos_originais":25,"ano":"2026","cultura":"Milho"}},{"type":"Feature","geometry":{"type":"Point","coordinates":[-52.22339852225024,-10.301564135231528]},"properties":{"Fazenda":"FE","Campo":"FE 19","produtividade":158.25884032000002,"unidade_produtividade":"sc/ha","pontos_originais":25,"ano":"2026","cultura":"Milho"}},{"type":"Feature","geometry":{"type":"Point","coordinates":[-52.22225715785482,-10.301568449813722]},"properties":{"Fazenda":"FE","Campo":"FE 19","produtividade":120.99586239999996,"unidade_produtividade":"sc/ha","pontos_originais":25,"ano":"2026","cultura":"Milho"}},{"type":"Feature","geometry":{"type":"Point","coordinates":[-52.22202888491528,-10.301569312247189]},"properties":{"Fazenda":"FE","Campo":"FE 19","produtividade":107.12656808,"unidade_produtividade":"sc/ha","pontos_originais":25,"ano":"2026","cultura":"Milho"}},{"type":"Feature","geometry":{"type":"Point","coordinates":[-52.22180061195558,-10.301570174519666]},"properties":{"Fazenda":"FE","Campo":"FE 19","produtividade":105.72984800000002,"unidade_produtividade":"sc/ha","pontos_originais":25,"ano":"2026","cultura":"Milho"}},{"type":"Feature","geometry":{"type":"Point","coordinates":[-52.22157233897575,-10.301571036631147]},"properties":{"Fazenda":"FE","Campo":"FE 19","produtividade":111.30459032000003,"unidade_produtividade":"sc/ha","pontos_originais":25,"ano":"2026","cultura":"Milho"}},{"type":"Feature","geometry":{"type":"Point","coordinates":[-52.22138954651196,-10.301526514504284]},"properties":{"Fazenda":"FE","Campo":"FE 19","produtividade":95.01367259999999,"unidade_produtividade":"sc/ha","pontos_originais":10,"ano":"2026","cultura":"Milho"}},{"type":"Feature","geometry":{"type":"Point","coordinates":[-52.223623307475734,-10.30065903850451]},"properties":{"Fazenda":"FE","Campo":"FE 19","produtividade":128.78276151999998,"unidade_produtividade":"sc/ha","pontos_originais":25,"ano":"2026","cultura":"Milho"}},{"type":"Feature","geometry":{"type":"Point","coordinates":[-52.22339503530737,-10.300659901826542]},"properties":{"Fazenda":"FE","Campo":"FE 19","produtividade":133.86530807999998,"unidade_produtividade":"sc/ha","pontos_originais":25,"ano":"2026","cultura":"Milho"}},{"type":"Feature","geometry":{"type":"Point","coordinates":[-52.22316676311883,-10.300660764987594]},"properties":{"Fazenda":"FE","Campo":"FE 19","produtividade":137.78659719999996,"unidade_produtividade":"sc/ha","pontos_originais":25,"ano":"2026","cultura":"Milho"}},{"type":"Feature","geometry":{"type":"Point","coordinates":[-52.22293849091013,-10.300661627987667]},"properties":{"Fazenda":"FE","Campo":"FE 19","produtividade":141.97558424000002,"unidade_produtividade":"sc/ha","pontos_originais":25,"ano":"2026","cultura":"Milho"}},{"type":"Feature","geometry":{"type":"Point","coordinates":[-52.22430812385983,-10.300656447572564]},"properties":{"Fazenda":"FE","Campo":"FE 19","produtividade":135.67691368,"unidade_produtividade":"sc/ha","pontos_originais":25,"ano":"2026","cultura":"Milho"}},{"type":"Feature","geometry":{"type":"Point","coordinates":[-52.22407985175199,-10.300657311377524]},"properties":{"Fazenda":"FE","Campo":"FE 19","produtividade":130.32296200000002,"unidade_produtividade":"sc/ha","pontos_originais":25,"ano":"2026","cultura":"Milho"}},{"type":"Feature","geometry":{"type":"Point","coordinates":[-52.223851579623954,-10.300658175021505]},"properties":{"Fazenda":"FE","Campo":"FE 19","produtividade":126.95625655999999,"unidade_produtividade":"sc/ha","pontos_originais":25,"ano":"2026","cultura":"Milho"}},{"type":"Feature","geometry":{"type":"Point","coordinates":[-52.222025401873786,-10.300665078378222]},"properties":{"Fazenda":"FE","Campo":"FE 19","produtividade":146.99654032,"unidade_produtividade":"sc/ha","pontos_originais":25,"ano":"2026","cultura":"Milho"}},{"type":"Feature","geometry":{"type":"Point","coordinates":[-52.222253674163106,-10.30066421602205]},"properties":{"Fazenda":"FE","Campo":"FE 19","produtividade":146.01456352000005,"unidade_produtividade":"sc/ha","pontos_originais":25,"ano":"2026","cultura":"Milho"}},{"type":"Feature","geometry":{"type":"Point","coordinates":[-52.22179712956434,-10.300665940573419]},"properties":{"Fazenda":"FE","Campo":"FE 19","produtividade":144.10860968000003,"unidade_produtividade":"sc/ha","pontos_originais":25,"ano":"2026","cultura":"Milho"}},{"type":"Feature","geometry":{"type":"Point","coordinates":[-52.221568857234736,-10.30066680260764]},"properties":{"Fazenda":"FE","Campo":"FE 19","produtividade":138.5438208,"unidade_produtividade":"sc/ha","pontos_originais":25,"ano":"2026","cultura":"Milho"}},{"type":"Feature","geometry":{"type":"Point","coordinates":[-52.22271021868128,-10.300662490826774]},"properties":{"Fazenda":"FE","Campo":"FE 19","produtividade":142.60389360000002,"unidade_produtividade":"sc/ha","pontos_originais":25,"ano":"2026","cultura":"Milho"}},{"type":"Feature","geometry":{"type":"Point","coordinates":[-52.22248194643226,-10.300663353504898]},"properties":{"Fazenda":"FE","Campo":"FE 19","produtividade":145.42901016,"unidade_produtividade":"sc/ha","pontos_originais":25,"ano":"2026","cultura":"Milho"}},{"type":"Feature","geometry":{"type":"Point","coordinates":[-52.221340584885,-10.300667664480887]},"properties":{"Fazenda":"FE","Campo":"FE 19","produtividade":127.65664856,"unidade_produtividade":"sc/ha","pontos_originais":25,"ano":"2026","cultura":"Milho"}},{"type":"Feature","geometry":{"type":"Point","coordinates":[-52.224992940062286,-10.30065385519184]},"properties":{"Fazenda":"FE","Campo":"FE 19","produtividade":129.21297368,"unidade_produtividade":"sc/ha","pontos_originais":25,"ano":"2026","cultura":"Milho"}},{"type":"Feature","geometry":{"type":"Point","coordinates":[-52.224764668015,-10.300654719479724]},"properties":{"Fazenda":"FE","Campo":"FE 19","produtividade":132.74231376,"unidade_produtividade":"sc/ha","pontos_originais":25,"ano":"2026","cultura":"Milho"}},{"type":"Feature","geometry":{"type":"Point","coordinates":[-52.224536395947524,-10.30065558360663]},"properties":{"Fazenda":"FE","Campo":"FE 19","produtividade":138.07282776,"unidade_produtividade":"sc/ha","pontos_originais":25,"ano":"2026","cultura":"Milho"}},{"type":"Feature","geometry":{"type":"Point","coordinates":[-52.221112312515146,-10.300668526193151]},"properties":{"Fazenda":"FE","Campo":"FE 19","produtividade":115.70306776000001,"unidade_produtividade":"sc/ha","pontos_originais":25,"ano":"2026","cultura":"Milho"}},{"type":"Feature","geometry":{"type":"Point","coordinates":[-52.22088404012516,-10.300669387744444]},"properties":{"Fazenda":"FE","Campo":"FE 19","produtividade":111.6052672,"unidade_produtividade":"sc/ha","pontos_originais":25,"ano":"2026","cultura":"Milho"}},{"type":"Feature","geometry":{"type":"Point","coordinates":[-52.2252212120894,-10.300652990742979]},"properties":{"Fazenda":"FE","Campo":"FE 19","produtividade":127.63511152000001,"unidade_produtividade":"sc/ha","pontos_originais":25,"ano":"2026","cultura":"Milho"}},{"type":"Feature","geometry":{"type":"Point","coordinates":[-52.222254545055804,-10.300890274474805]},"properties":{"Fazenda":"FE","Campo":"FE 19","produtividade":152.78959584000003,"unidade_produtividade":"sc/ha","pontos_originais":25,"ano":"2026","cultura":"Milho"}},{"type":"Feature","geometry":{"type":"Point","coordinates":[-52.22202627260394,-10.3008911368503]},"properties":{"Fazenda":"FE","Campo":"FE 19","produtividade":148.88878592,"unidade_produtividade":"sc/ha","pontos_originais":25,"ano":"2026","cultura":"Milho"}},{"type":"Feature","geometry":{"type":"Point","coordinates":[-52.22179800013194,-10.300891999064818]},"properties":{"Fazenda":"FE","Campo":"FE 19","produtividade":140.44748256,"unidade_produtividade":"sc/ha","pontos_originais":25,"ano":"2026","cultura":"Milho"}},{"type":"Feature","geometry":{"type":"Point","coordinates":[-52.221569727639796,-10.300892861118355]},"properties":{"Fazenda":"FE","Campo":"FE 19","produtividade":131.07385312000002,"unidade_produtividade":"sc/ha","pontos_originais":25,"ano":"2026","cultura":"Milho"}},{"type":"Feature","geometry":{"type":"Point","coordinates":[-52.2229393622905,-10.300887686382437]},"properties":{"Fazenda":"FE","Campo":"FE 19","produtividade":153.39541616,"unidade_produtividade":"sc/ha","pontos_originais":25,"ano":"2026","cultura":"Milho"}},{"type":"Feature","geometry":{"type":"Point","coordinates":[-52.222711089899086,-10.300888549240872]},"properties":{"Fazenda":"FE","Campo":"FE 19","produtividade":152.99063639999997,"unidade_produtividade":"sc/ha","pontos_originais":25,"ano":"2026","cultura":"Milho"}},{"type":"Feature","geometry":{"type":"Point","coordinates":[-52.222482817487524,-10.300889411938329]},"properties":{"Fazenda":"FE","Campo":"FE 19","produtividade":154.27044640000003,"unidade_produtividade":"sc/ha","pontos_originais":25,"ano":"2026","cultura":"Milho"}},{"type":"Feature","geometry":{"type":"Point","coordinates":[-52.225176336642264,-10.300854877125014]},"properties":{"Fazenda":"FE","Campo":"FE 19","produtividade":125.40650876923078,"unidade_produtividade":"sc/ha","pontos_originais":13,"ano":"2026","cultura":"Milho"}},{"type":"Feature","geometry":{"type":"Point","coordinates":[-52.22092194996483,-10.30088117766137]},"properties":{"Fazenda":"FE","Campo":"FE 19","produtividade":103.9217515,"unidade_produtividade":"sc/ha","pontos_originais":16,"ano":"2026","cultura":"Milho"}},{"type":"Feature","geometry":{"type":"Point","coordinates":[-52.224993812905616,-10.300879913412437]},"properties":{"Fazenda":"FE","Campo":"FE 19","produtividade":124.79182687999997,"unidade_produtividade":"sc/ha","pontos_originais":25,"ano":"2026","cultura":"Milho"}},{"type":"Feature","geometry":{"type":"Point","coordinates":[-52.22476554069577,-10.300880777719685]},"properties":{"Fazenda":"FE","Campo":"FE 19","produtividade":125.78659968,"unidade_produtividade":"sc/ha","pontos_originais":25,"ano":"2026","cultura":"Milho"}},{"type":"Feature","geometry":{"type":"Point","coordinates":[-52.22453726846574,-10.300881641865956]},"properties":{"Fazenda":"FE","Campo":"FE 19","produtividade":130.11604256,"unidade_produtividade":"sc/ha","pontos_originais":25,"ano":"2026","cultura":"Milho"}},{"type":"Feature","geometry":{"type":"Point","coordinates":[-52.22134145512752,-10.30089372301091]},"properties":{"Fazenda":"FE","Campo":"FE 19","produtividade":120.71735423999999,"unidade_produtividade":"sc/ha","pontos_originais":25,"ano":"2026","cultura":"Milho"}},{"type":"Feature","geometry":{"type":"Point","coordinates":[-52.2211131825951,-10.300894584742489]},"properties":{"Fazenda":"FE","Campo":"FE 19","produtividade":110.29638424,"unidade_produtividade":"sc/ha","pontos_originais":25,"ano":"2026","cultura":"Milho"}},{"type":"Feature","geometry":{"type":"Point","coordinates":[-52.22362417934377,-10.30088509684125]},"properties":{"Fazenda":"FE","Campo":"FE 19","produtividade":143.97203352,"unidade_produtividade":"sc/ha","pontos_originais":25,"ano":"2026","cultura":"Milho"}},{"type":"Feature","geometry":{"type":"Point","coordinates":[-52.22385245165451,-10.300884233338895]},"properties":{"Fazenda":"FE","Campo":"FE 19","produtividade":137.48327712,"unidade_produtividade":"sc/ha","pontos_originais":25,"ano":"2026","cultura":"Milho"}},{"type":"Feature","geometry":{"type":"Point","coordinates":[-52.22339590701284,-10.300885960182624]},"properties":{"Fazenda":"FE","Campo":"FE 19","produtividade":150.55435304,"unidade_produtividade":"sc/ha","pontos_originais":25,"ano":"2026","cultura":"Milho"}},{"type":"Feature","geometry":{"type":"Point","coordinates":[-52.22316763466177,-10.30088682336302]},"properties":{"Fazenda":"FE","Campo":"FE 19","produtividade":152.54241016,"unidade_produtividade":"sc/ha","pontos_originais":25,"ano":"2026","cultura":"Milho"}},{"type":"Feature","geometry":{"type":"Point","coordinates":[-52.224308996215505,-10.30088250585125]},"properties":{"Fazenda":"FE","Campo":"FE 19","produtividade":133.40802888000002,"unidade_produtividade":"sc/ha","pontos_originais":25,"ano":"2026","cultura":"Milho"}},{"type":"Feature","geometry":{"type":"Point","coordinates":[-52.2240807239451,-10.30088336967556]},"properties":{"Fazenda":"FE","Campo":"FE 19","produtividade":134.27821904000004,"unidade_produtividade":"sc/ha","pontos_originais":25,"ano":"2026","cultura":"Milho"}},{"type":"Feature","geometry":{"type":"Point","coordinates":[-52.22497942604385,-10.301095264581067]},"properties":{"Fazenda":"FE","Campo":"FE 19","produtividade":124.30724799999999,"unidade_produtividade":"sc/ha","pontos_originais":21,"ano":"2026","cultura":"Milho"}},{"type":"Feature","geometry":{"type":"Point","coordinates":[-52.224766413396736,-10.301106835956421]},"properties":{"Fazenda":"FE","Campo":"FE 19","produtividade":124.47353016,"unidade_produtividade":"sc/ha","pontos_originais":25,"ano":"2026","cultura":"Milho"}},{"type":"Feature","geometry":{"type":"Point","coordinates":[-52.22453814100414,-10.301107700122056]},"properties":{"Fazenda":"FE","Campo":"FE 19","produtividade":128.57263048000002,"unidade_produtividade":"sc/ha","pontos_originais":25,"ano":"2026","cultura":"Milho"}},{"type":"Feature","geometry":{"type":"Point","coordinates":[-52.224309868591355,-10.301108564126707]},"properties":{"Fazenda":"FE","Campo":"FE 19","produtividade":135.18929424,"unidade_produtividade":"sc/ha","pontos_originais":25,"ano":"2026","cultura":"Milho"}},{"type":"Feature","geometry":{"type":"Point","coordinates":[-52.22513129999606,-10.301015029681215]},"properties":{"Fazenda":"FE","Campo":"FE 19","produtividade":124.121956,"unidade_produtividade":"sc/ha","pontos_originais":1,"ano":"2026","cultura":"Milho"}},{"type":"Feature","geometry":{"type":"Point","coordinates":[-52.22408159615841,-10.301109427970378]},"properties":{"Fazenda":"FE","Campo":"FE 19","produtividade":141.49058504,"unidade_produtividade":"sc/ha","pontos_originais":25,"ano":"2026","cultura":"Milho"}},{"type":"Feature","geometry":{"type":"Point","coordinates":[-52.22096158088859,-10.30104586485287]},"properties":{"Fazenda":"FE","Campo":"FE 19","produtividade":97.07780133333334,"unidade_produtividade":"sc/ha","pontos_originais":3,"ano":"2026","cultura":"Milho"}},{"type":"Feature","geometry":{"type":"Point","coordinates":[-52.22339677873849,-10.301112018535482]},"properties":{"Fazenda":"FE","Campo":"FE 19","produtividade":157.1477012,"unidade_produtividade":"sc/ha","pontos_originais":25,"ano":"2026","cultura":"Milho"}},{"type":"Feature","geometry":{"type":"Point","coordinates":[-52.223853323705264,-10.301110291653062]},"properties":{"Fazenda":"FE","Campo":"FE 19","produtividade":146.64709191999998,"unidade_produtividade":"sc/ha","pontos_originais":25,"ano":"2026","cultura":"Milho"}},{"type":"Feature","geometry":{"type":"Point","coordinates":[-52.22362505123196,-10.301111155174764]},"properties":{"Fazenda":"FE","Campo":"FE 19","produtividade":152.91415048000002,"unidade_produtividade":"sc/ha","pontos_originais":25,"ano":"2026","cultura":"Milho"}},{"type":"Feature","geometry":{"type":"Point","coordinates":[-52.22110622251911,-10.299086116257511]},"properties":{"Fazenda":"FE","Campo":"FE 19","produtividade":146.6218656,"unidade_produtividade":"sc/ha","pontos_originais":25,"ano":"2026","cultura":"Milho"}},{"type":"Feature","geometry":{"type":"Point","coordinates":[-52.2213344937512,-10.299085254680401]},"properties":{"Fazenda":"FE","Campo":"FE 19","produtividade":151.85369584,"unidade_produtividade":"sc/ha","pontos_originais":25,"ano":"2026","cultura":"Milho"}},{"type":"Feature","geometry":{"type":"Point","coordinates":[-52.220877951266885,-10.29908697767366]},"properties":{"Fazenda":"FE","Campo":"FE 19","produtividade":139.90475968,"unidade_produtividade":"sc/ha","pontos_originais":25,"ano":"2026","cultura":"Milho"}},{"type":"Feature","geometry":{"type":"Point","coordinates":[-52.22064967999453,-10.299087838928864]},"properties":{"Fazenda":"FE","Campo":"FE 19","produtividade":133.38600352,"unidade_produtividade":"sc/ha","pontos_originais":25,"ano":"2026","cultura":"Milho"}},{"type":"Feature","geometry":{"type":"Point","coordinates":[-52.2220193073267,-10.299082668983376]},"properties":{"Fazenda":"FE","Campo":"FE 19","produtividade":154.89910744,"unidade_produtividade":"sc/ha","pontos_originais":25,"ano":"2026","cultura":"Milho"}},{"type":"Feature","geometry":{"type":"Point","coordinates":[-52.22179103615502,-10.299083531043339]},"properties":{"Fazenda":"FE","Campo":"FE 19","produtividade":159.50470648,"unidade_produtividade":"sc/ha","pontos_originais":25,"ano":"2026","cultura":"Milho"}},{"type":"Feature","geometry":{"type":"Point","coordinates":[-52.22156276496318,-10.299084392942348]},"properties":{"Fazenda":"FE","Campo":"FE 19","produtividade":158.68462792,"unidade_produtividade":"sc/ha","pontos_originais":25,"ano":"2026","cultura":"Milho"}},{"type":"Feature","geometry":{"type":"Point","coordinates":[-52.21973659470396,-10.299091282340164]},"properties":{"Fazenda":"FE","Campo":"FE 19","produtividade":121.31287448000003,"unidade_produtividade":"sc/ha","pontos_originais":25,"ano":"2026","cultura":"Milho"}},{"type":"Feature","geometry":{"type":"Point","coordinates":[-52.219508323331056,-10.299092142790611]},"properties":{"Fazenda":"FE","Campo":"FE 19","produtividade":129.213168,"unidade_produtividade":"sc/ha","pontos_originais":25,"ano":"2026","cultura":"Milho"}},{"type":"Feature","geometry":{"type":"Point","coordinates":[-52.21928005193806,-10.299093003080104]},"properties":{"Fazenda":"FE","Campo":"FE 19","produtividade":133.89809776,"unidade_produtividade":"sc/ha","pontos_originais":25,"ano":"2026","cultura":"Milho"}},{"type":"Feature","geometry":{"type":"Point","coordinates":[-52.21905178052494,-10.299093863208647]},"properties":{"Fazenda":"FE","Campo":"FE 19","produtividade":138.09892544000002,"unidade_produtividade":"sc/ha","pontos_originais":25,"ano":"2026","cultura":"Milho"}},{"type":"Feature","geometry":{"type":"Point","coordinates":[-52.22042140870206,-10.29908870002312]},"properties":{"Fazenda":"FE","Campo":"FE 19","produtividade":124.99932928,"unidade_produtividade":"sc/ha","pontos_originais":25,"ano":"2026","cultura":"Milho"}},{"type":"Feature","geometry":{"type":"Point","coordinates":[-52.22019692742462,-10.29908577896484]},"properties":{"Fazenda":"FE","Campo":"FE 19","produtividade":117.7072715,"unidade_produtividade":"sc/ha","pontos_originais":24,"ano":"2026","cultura":"Milho"}},{"type":"Feature","geometry":{"type":"Point","coordinates":[-52.21996104704803,-10.299086668429537]},"properties":{"Fazenda":"FE","Campo":"FE 19","produtividade":118.5188415833333,"unidade_produtividade":"sc/ha","pontos_originais":24,"ano":"2026","cultura":"Milho"}},{"type":"Feature","geometry":{"type":"Point","coordinates":[-52.224073746965075,-10.299074903200946]},"properties":{"Fazenda":"FE","Campo":"FE 19","produtividade":98.01771280000001,"unidade_produtividade":"sc/ha","pontos_originais":25,"ano":"2026","cultura":"Milho"}},{"type":"Feature","geometry":{"type":"Point","coordinates":[-52.22430201793517,-10.299074039531476]},"properties":{"Fazenda":"FE","Campo":"FE 19","produtividade":107.81512615999998,"unidade_produtividade":"sc/ha","pontos_originais":25,"ano":"2026","cultura":"Milho"}},{"type":"Feature","geometry":{"type":"Point","coordinates":[-52.223845475974784,-10.299075766709464]},"properties":{"Fazenda":"FE","Campo":"FE 19","produtividade":96.80518904,"unidade_produtividade":"sc/ha","pontos_originais":25,"ano":"2026","cultura":"Milho"}},{"type":"Feature","geometry":{"type":"Point","coordinates":[-52.22361720496435,-10.29907663005703]},"properties":{"Fazenda":"FE","Campo":"FE 19","produtividade":97.19229576,"unidade_produtividade":"sc/ha","pontos_originais":25,"ano":"2026","cultura":"Milho"}},{"type":"Feature","geometry":{"type":"Point","coordinates":[-52.22475855981481,-10.29907231170969]},"properties":{"Fazenda":"FE","Campo":"FE 19","produtividade":135.43378352,"unidade_produtividade":"sc/ha","pontos_originais":25,"ano":"2026","cultura":"Milho"}},{"type":"Feature","geometry":{"type":"Point","coordinates":[-52.224986830724376,-10.299071447557369]},"properties":{"Fazenda":"FE","Campo":"FE 19","produtividade":141.94513816000003,"unidade_produtividade":"sc/ha","pontos_originais":25,"ano":"2026","cultura":"Milho"}},{"type":"Feature","geometry":{"type":"Point","coordinates":[-52.22453028888508,-10.29907317570106]},"properties":{"Fazenda":"FE","Campo":"FE 19","produtividade":122.95156384000003,"unidade_produtividade":"sc/ha","pontos_originais":25,"ano":"2026","cultura":"Milho"}},{"type":"Feature","geometry":{"type":"Point","coordinates":[-52.22270412072091,-10.29908008183779]},"properties":{"Fazenda":"FE","Campo":"FE 19","produtividade":127.79167352,"unidade_produtividade":"sc/ha","pontos_originais":25,"ano":"2026","cultura":"Milho"}},{"type":"Feature","geometry":{"type":"Point","coordinates":[-52.222475849609644,-10.299080944380602]},"properties":{"Fazenda":"FE","Campo":"FE 19","produtividade":135.3286592,"unidade_produtividade":"sc/ha","pontos_originais":25,"ano":"2026","cultura":"Milho"}},{"type":"Feature","geometry":{"type":"Point","coordinates":[-52.22224757847826,-10.299081806762466]},"properties":{"Fazenda":"FE","Campo":"FE 19","produtividade":146.43163976,"unidade_produtividade":"sc/ha","pontos_originais":25,"ano":"2026","cultura":"Milho"}},{"type":"Feature","geometry":{"type":"Point","coordinates":[-52.22338893393372,-10.299077493243647]},"properties":{"Fazenda":"FE","Campo":"FE 19","produtividade":100.50646592000002,"unidade_produtividade":"sc/ha","pontos_originais":25,"ano":"2026","cultura":"Milho"}},{"type":"Feature","geometry":{"type":"Point","coordinates":[-52.22316066288295,-10.299078356269312]},"properties":{"Fazenda":"FE","Campo":"FE 19","produtividade":93.31014224000002,"unidade_produtividade":"sc/ha","pontos_originais":25,"ano":"2026","cultura":"Milho"}},{"type":"Feature","geometry":{"type":"Point","coordinates":[-52.22293239181201,-10.299079219134025]},"properties":{"Fazenda":"FE","Campo":"FE 19","produtividade":106.04451423999997,"unidade_produtividade":"sc/ha","pontos_originais":25,"ano":"2026","cultura":"Milho"}},{"type":"Feature","geometry":{"type":"Point","coordinates":[-52.225215974478225,-10.2992966414679]},"properties":{"Fazenda":"FE","Campo":"FE 19","produtividade":139.1902596,"unidade_produtividade":"sc/ha","pontos_originais":25,"ano":"2026","cultura":"Milho"}},{"type":"Feature","geometry":{"type":"Point","coordinates":[-52.22544424550992,-10.29929577697431]},"properties":{"Fazenda":"FE","Campo":"FE 19","produtividade":140.53793992,"unidade_produtividade":"sc/ha","pontos_originais":25,"ano":"2026","cultura":"Milho"}},{"type":"Feature","geometry":{"type":"Point","coordinates":[-52.22498770342633,-10.299297505800542]},"properties":{"Fazenda":"FE","Campo":"FE 19","produtividade":137.6456872,"unidade_produtividade":"sc/ha","pontos_originais":25,"ano":"2026","cultura":"Milho"}},{"type":"Feature","geometry":{"type":"Point","coordinates":[-52.22475943235428,-10.299298369972226]},"properties":{"Fazenda":"FE","Campo":"FE 19","produtividade":130.19067431999997,"unidade_produtividade":"sc/ha","pontos_originais":25,"ano":"2026","cultura":"Milho"}},{"type":"Feature","geometry":{"type":"Point","coordinates":[-52.225900787512664,-10.299294047504262]},"properties":{"Fazenda":"FE","Campo":"FE 19","produtividade":139.87200191999997,"unidade_produtividade":"sc/ha","pontos_originais":25,"ano":"2026","cultura":"Milho"}},{"type":"Feature","geometry":{"type":"Point","coordinates":[-52.226129058483735,-10.299293182527807]},"properties":{"Fazenda":"FE","Campo":"FE 19","produtividade":133.83874952,"unidade_produtividade":"sc/ha","pontos_originais":25,"ano":"2026","cultura":"Milho"}},{"type":"Feature","geometry":{"type":"Point","coordinates":[-52.22567251652139,-10.299294912319763]},"properties":{"Fazenda":"FE","Campo":"FE 19","produtividade":140.98718872,"unidade_produtividade":"sc/ha","pontos_originais":25,"ano":"2026","cultura":"Milho"}},{"type":"Feature","geometry":{"type":"Point","coordinates":[-52.22384634786415,-10.299301825049426]},"properties":{"Fazenda":"FE","Campo":"FE 19","produtividade":95.80634112000001,"unidade_produtividade":"sc/ha","pontos_originais":25,"ano":"2026","cultura":"Milho"}},{"type":"Feature","geometry":{"type":"Point","coordinates":[-52.22361807669118,-10.299302688416342]},"properties":{"Fazenda":"FE","Campo":"FE 19","produtividade":92.3898416,"unidade_produtividade":"sc/ha","pontos_originais":25,"ano":"2026","cultura":"Milho"}},{"type":"Feature","geometry":{"type":"Point","coordinates":[-52.223389805498044,-10.299303551622303]},"properties":{"Fazenda":"FE","Campo":"FE 19","produtividade":92.97874599999999,"unidade_produtividade":"sc/ha","pontos_originais":25,"ano":"2026","cultura":"Milho"}},{"type":"Feature","geometry":{"type":"Point","coordinates":[-52.223161534284735,-10.299304414667311]},"properties":{"Fazenda":"FE","Campo":"FE 19","produtividade":84.90155631999998,"unidade_produtividade":"sc/ha","pontos_originais":25,"ano":"2026","cultura":"Milho"}},{"type":"Feature","geometry":{"type":"Point","coordinates":[-52.22453116126202,-10.299299233982959]},"properties":{"Fazenda":"FE","Campo":"FE 19","produtividade":119.73920279999999,"unidade_produtividade":"sc/ha","pontos_originais":25,"ano":"2026","cultura":"Milho"}},{"type":"Feature","geometry":{"type":"Point","coordinates":[-52.22430289014957,-10.299300097832734]},"properties":{"Fazenda":"FE","Campo":"FE 19","produtividade":109.73651023999999,"unidade_produtividade":"sc/ha","pontos_originais":25,"ano":"2026","cultura":"Milho"}},{"type":"Feature","geometry":{"type":"Point","coordinates":[-52.224074619016946,-10.299300961521558]},"properties":{"Fazenda":"FE","Campo":"FE 19","produtividade":101.36305143999999,"unidade_produtividade":"sc/ha","pontos_originais":25,"ano":"2026","cultura":"Milho"}},{"type":"Feature","geometry":{"type":"Point","coordinates":[-52.21813869467158,-10.299097302113296]},"properties":{"Fazenda":"FE","Campo":"FE 19","produtividade":125.73992255999995,"unidade_produtividade":"sc/ha","pontos_originais":25,"ano":"2026","cultura":"Milho"}},{"type":"Feature","geometry":{"type":"Point","coordinates":[-52.21836696616505,-10.299096442628558]},"properties":{"Fazenda":"FE","Campo":"FE 19","produtividade":131.25845152000002,"unidade_produtividade":"sc/ha","pontos_originais":25,"ano":"2026","cultura":"Milho"}},{"type":"Feature","geometry":{"type":"Point","coordinates":[-52.216974509742975,-10.299101682984233]},"properties":{"Fazenda":"FE","Campo":"FE 19","produtividade":79.1312837,"unidade_produtividade":"sc/ha","pontos_originais":20,"ano":"2026","cultura":"Milho"}},{"type":"Feature","geometry":{"type":"Point","coordinates":[-52.216769065289284,-10.299102455641695]},"properties":{"Fazenda":"FE","Campo":"FE 19","produtividade":94.31634128000002,"unidade_produtividade":"sc/ha","pontos_originais":25,"ano":"2026","cultura":"Milho"}},{"type":"Feature","geometry":{"type":"Point","coordinates":[-52.21654079365535,-10.29910331399976]},"properties":{"Fazenda":"FE","Campo":"FE 19","produtividade":118.89699808000002,"unidade_produtividade":"sc/ha","pontos_originais":25,"ano":"2026","cultura":"Milho"}},{"type":"Feature","geometry":{"type":"Point","coordinates":[-52.21882350909172,-10.299094723176236]},"properties":{"Fazenda":"FE","Campo":"FE 19","produtividade":140.60679696,"unidade_produtividade":"sc/ha","pontos_originais":25,"ano":"2026","cultura":"Milho"}},{"type":"Feature","geometry":{"type":"Point","coordinates":[-52.218595237638425,-10.299095582982876]},"properties":{"Fazenda":"FE","Campo":"FE 19","produtividade":136.35702248000004,"unidade_produtividade":"sc/ha","pontos_originais":25,"ano":"2026","cultura":"Milho"}},{"type":"Feature","geometry":{"type":"Point","coordinates":[-52.22672221333665,-10.299200509604372]},"properties":{"Fazenda":"FE","Campo":"FE 19","produtividade":112.186466,"unidade_produtividade":"sc/ha","pontos_originais":1,"ano":"2026","cultura":"Milho"}},{"type":"Feature","geometry":{"type":"Point","coordinates":[-52.22656728625778,-10.299277957836985]},"properties":{"Fazenda":"FE","Campo":"FE 19","produtividade":114.77901749999998,"unidade_produtividade":"sc/ha","pontos_originais":20,"ano":"2026","cultura":"Milho"}},{"type":"Feature","geometry":{"type":"Point","coordinates":[-52.2158597687262,-10.299102106161532]},"properties":{"Fazenda":"FE","Campo":"FE 19","produtividade":141.106021,"unidade_produtividade":"sc/ha","pontos_originais":24,"ano":"2026","cultura":"Milho"}},{"type":"Feature","geometry":{"type":"Point","coordinates":[-52.22635732943462,-10.2992923173904]},"properties":{"Fazenda":"FE","Campo":"FE 19","produtividade":125.89410512,"unidade_produtividade":"sc/ha","pontos_originais":25,"ano":"2026","cultura":"Milho"}},{"type":"Feature","geometry":{"type":"Point","coordinates":[-52.216312522001346,-10.299104172196873]},"properties":{"Fazenda":"FE","Campo":"FE 19","produtividade":133.00953119999997,"unidade_produtividade":"sc/ha","pontos_originais":25,"ano":"2026","cultura":"Milho"}},{"type":"Feature","geometry":{"type":"Point","coordinates":[-52.216084250327306,-10.299105030233033]},"properties":{"Fazenda":"FE","Campo":"FE 19","produtividade":138.36951464,"unidade_produtividade":"sc/ha","pontos_originais":25,"ano":"2026","cultura":"Milho"}},{"type":"Feature","geometry":{"type":"Point","coordinates":[-52.21928092057689,-10.299319061806353]},"properties":{"Fazenda":"FE","Campo":"FE 19","produtividade":129.48303872000002,"unidade_produtividade":"sc/ha","pontos_originais":25,"ano":"2026","cultura":"Milho"}},{"type":"Feature","geometry":{"type":"Point","coordinates":[-52.21905264900124,-10.299319921954169]},"properties":{"Fazenda":"FE","Campo":"FE 19","produtividade":133.38143112,"unidade_produtividade":"sc/ha","pontos_originais":25,"ano":"2026","cultura":"Milho"}},{"type":"Feature","geometry":{"type":"Point","coordinates":[-52.21882437740551,-10.299320781941034]},"properties":{"Fazenda":"FE","Campo":"FE 19","produtividade":135.79782944000002,"unidade_produtividade":"sc/ha","pontos_originais":25,"ano":"2026","cultura":"Milho"}},{"type":"Feature","geometry":{"type":"Point","coordinates":[-52.218596105789686,-10.299321641766937]},"properties":{"Fazenda":"FE","Campo":"FE 19","produtividade":131.90816576,"unidade_produtividade":"sc/ha","pontos_originais":25,"ano":"2026","cultura":"Milho"}},{"type":"Feature","geometry":{"type":"Point","coordinates":[-52.21994290803286,-10.299316566469889]},"properties":{"Fazenda":"FE","Campo":"FE 19","produtividade":118.31039849999999,"unidade_produtividade":"sc/ha","pontos_originais":20,"ano":"2026","cultura":"Milho"}},{"type":"Feature","geometry":{"type":"Point","coordinates":[-52.220252033118896,-10.299294849687866]},"properties":{"Fazenda":"FE","Campo":"FE 19","produtividade":114.38353309090908,"unidade_produtividade":"sc/ha","pontos_originais":11,"ano":"2026","cultura":"Milho"}},{"type":"Feature","geometry":{"type":"Point","coordinates":[-52.219737463667855,-10.29931734102785]},"properties":{"Fazenda":"FE","Campo":"FE 19","produtividade":118.77318264,"unidade_produtividade":"sc/ha","pontos_originais":25,"ano":"2026","cultura":"Milho"}},{"type":"Feature","geometry":{"type":"Point","coordinates":[-52.219509192132435,-10.299318201497579]},"properties":{"Fazenda":"FE","Campo":"FE 19","produtividade":125.73666224,"unidade_produtividade":"sc/ha","pontos_originais":25,"ano":"2026","cultura":"Milho"}},{"type":"Feature","geometry":{"type":"Point","coordinates":[-52.216769932140316,-10.29932851457978]},"properties":{"Fazenda":"FE","Campo":"FE 19","produtividade":91.41156136000001,"unidade_produtividade":"sc/ha","pontos_originais":25,"ano":"2026","cultura":"Milho"}},{"type":"Feature","geometry":{"type":"Point","coordinates":[-52.21697537674029,-10.299327741905007]},"properties":{"Fazenda":"FE","Campo":"FE 19","produtividade":84.5838364,"unidade_produtividade":"sc/ha","pontos_originais":20,"ano":"2026","cultura":"Milho"}},{"type":"Feature","geometry":{"type":"Point","coordinates":[-52.21654636571208,-10.299303179640464]},"properties":{"Fazenda":"FE","Campo":"FE 19","produtividade":113.44072968421054,"unidade_produtividade":"sc/ha","pontos_originais":19,"ano":"2026","cultura":"Milho"}},{"type":"Feature","geometry":{"type":"Point","coordinates":[-52.216323724180256,-10.299278024111656]},"properties":{"Fazenda":"FE","Campo":"FE 19","produtividade":128.23724846153848,"unidade_produtividade":"sc/ha","pontos_originais":13,"ano":"2026","cultura":"Milho"}},{"type":"Feature","geometry":{"type":"Point","coordinates":[-52.21836783415379,-10.299322501431892]},"properties":{"Fazenda":"FE","Campo":"FE 19","produtividade":126.07725088,"unidade_produtividade":"sc/ha","pontos_originais":25,"ano":"2026","cultura":"Milho"}},{"type":"Feature","geometry":{"type":"Point","coordinates":[-52.21816354542116,-10.299311372638298]},"properties":{"Fazenda":"FE","Campo":"FE 19","produtividade":123.14248431578947,"unidade_produtividade":"sc/ha","pontos_originais":19,"ano":"2026","cultura":"Milho"}},{"type":"Feature","geometry":{"type":"Point","coordinates":[-52.222248449229916,-10.299307865237793]},"properties":{"Fazenda":"FE","Campo":"FE 19","produtividade":154.55184584,"unidade_produtividade":"sc/ha","pontos_originais":25,"ano":"2026","cultura":"Milho"}},{"type":"Feature","geometry":{"type":"Point","coordinates":[-52.222476720523844,-10.299307002836604]},"properties":{"Fazenda":"FE","Campo":"FE 19","produtividade":142.78997936000005,"unidade_produtividade":"sc/ha","pontos_originais":25,"ano":"2026","cultura":"Milho"}},{"type":"Feature","geometry":{"type":"Point","coordinates":[-52.222020177915844,-10.299308727478028]},"properties":{"Fazenda":"FE","Campo":"FE 19","produtividade":161.18121376000002,"unidade_produtividade":"sc/ha","pontos_originais":25,"ano":"2026","cultura":"Milho"}},{"type":"Feature","geometry":{"type":"Point","coordinates":[-52.22179190658163,-10.299309589557303]},"properties":{"Fazenda":"FE","Campo":"FE 19","produtividade":163.25841784,"unidade_produtividade":"sc/ha","pontos_originais":25,"ano":"2026","cultura":"Milho"}},{"type":"Feature","geometry":{"type":"Point","coordinates":[-52.222933263051274,-10.299305277551362]},"properties":{"Fazenda":"FE","Campo":"FE 19","produtividade":106.22902136,"unidade_produtividade":"sc/ha","pontos_originais":25,"ano":"2026","cultura":"Milho"}},{"type":"Feature","geometry":{"type":"Point","coordinates":[-52.22270499179765,-10.299306140274462]},"properties":{"Fazenda":"FE","Campo":"FE 19","produtividade":133.24676680000002,"unidade_produtividade":"sc/ha","pontos_originais":25,"ano":"2026","cultura":"Milho"}},{"type":"Feature","geometry":{"type":"Point","coordinates":[-52.220878821043414,-10.299313036264873]},"properties":{"Fazenda":"FE","Campo":"FE 19","produtividade":136.20096952000003,"unidade_produtividade":"sc/ha","pontos_originais":25,"ano":"2026","cultura":"Milho"}},{"type":"Feature","geometry":{"type":"Point","coordinates":[-52.22065054960854,-10.299313897539385]},"properties":{"Fazenda":"FE","Campo":"FE 19","produtividade":129.62303816000002,"unidade_produtividade":"sc/ha","pontos_originais":25,"ano":"2026","cultura":"Milho"}},{"type":"Feature","geometry":{"type":"Point","coordinates":[-52.22042227815353,-10.299314758652933]},"properties":{"Fazenda":"FE","Campo":"FE 19","produtividade":121.29124056000002,"unidade_produtividade":"sc/ha","pontos_originais":25,"ano":"2026","cultura":"Milho"}},{"type":"Feature","geometry":{"type":"Point","coordinates":[-52.22156363522727,-10.299310451475632]},"properties":{"Fazenda":"FE","Campo":"FE 19","produtividade":160.5996056,"unidade_produtividade":"sc/ha","pontos_originais":25,"ano":"2026","cultura":"Milho"}},{"type":"Feature","geometry":{"type":"Point","coordinates":[-52.221335363852766,-10.299311313233003]},"properties":{"Fazenda":"FE","Campo":"FE 19","produtividade":152.93964728,"unidade_produtividade":"sc/ha","pontos_originais":25,"ano":"2026","cultura":"Milho"}},{"type":"Feature","geometry":{"type":"Point","coordinates":[-52.22110709245815,-10.299312174829415]},"properties":{"Fazenda":"FE","Campo":"FE 19","produtividade":146.05523128000002,"unidade_produtividade":"sc/ha","pontos_originais":25,"ano":"2026","cultura":"Milho"}},{"type":"Feature","geometry":{"type":"Point","coordinates":[-52.21610438580432,-10.29925350974705]},"properties":{"Fazenda":"FE","Campo":"FE 19","produtividade":136.78751400000002,"unidade_produtividade":"sc/ha","pontos_originais":7,"ano":"2026","cultura":"Milho"}},{"type":"Feature","geometry":{"type":"Point","coordinates":[-52.215947807070435,-10.29924118038882]},"properties":{"Fazenda":"FE","Campo":"FE 19","produtividade":138.54505,"unidade_produtividade":"sc/ha","pontos_originais":1,"ano":"2026","cultura":"Milho"}},{"type":"Feature","geometry":{"type":"Point","coordinates":[-52.22544337248288,-10.29906971876988]},"properties":{"Fazenda":"FE","Campo":"FE 19","produtividade":143.72533504,"unidade_produtividade":"sc/ha","pontos_originais":25,"ano":"2026","cultura":"Milho"}},{"type":"Feature","geometry":{"type":"Point","coordinates":[-52.225671643331815,-10.299068854134713]},"properties":{"Fazenda":"FE","Campo":"FE 19","produtividade":146.57099464000004,"unidade_produtividade":"sc/ha","pontos_originais":25,"ano":"2026","cultura":"Milho"}},{"type":"Feature","geometry":{"type":"Point","coordinates":[-52.22521510161371,-10.299070583244104]},"properties":{"Fazenda":"FE","Campo":"FE 19","produtividade":142.25906351999998,"unidade_produtividade":"sc/ha","pontos_originais":25,"ano":"2026","cultura":"Milho"}},{"type":"Feature","geometry":{"type":"Point","coordinates":[-52.226356455757475,-10.299066259263506]},"properties":{"Fazenda":"FE","Campo":"FE 19","produtividade":136.21315231999998,"unidade_produtividade":"sc/ha","pontos_originais":25,"ano":"2026","cultura":"Milho"}},{"type":"Feature","geometry":{"type":"Point","coordinates":[-52.22612818496913,-10.299067124381525]},"properties":{"Fazenda":"FE","Campo":"FE 19","produtividade":143.08968296,"unidade_produtividade":"sc/ha","pontos_originais":25,"ano":"2026","cultura":"Milho"}},{"type":"Feature","geometry":{"type":"Point","coordinates":[-52.22589991416059,-10.29906798933859]},"properties":{"Fazenda":"FE","Campo":"FE 19","produtividade":146.25566984,"unidade_produtividade":"sc/ha","pontos_originais":25,"ano":"2026","cultura":"Milho"}},{"type":"Feature","geometry":{"type":"Point","coordinates":[-52.21653992698689,-10.29887725503921]},"properties":{"Fazenda":"FE","Campo":"FE 19","produtividade":125.96464999999998,"unidade_produtividade":"sc/ha","pontos_originais":25,"ano":"2026","cultura":"Milho"}},{"type":"Feature","geometry":{"type":"Point","coordinates":[-52.21631165549541,-10.298878113217095]},"properties":{"Fazenda":"FE","Campo":"FE 19","produtividade":137.46621056,"unidade_produtividade":"sc/ha","pontos_originais":25,"ano":"2026","cultura":"Milho"}},{"type":"Feature","geometry":{"type":"Point","coordinates":[-52.21608338398391,-10.298878971234023]},"properties":{"Fazenda":"FE","Campo":"FE 19","produtividade":141.26868224,"unidade_produtividade":"sc/ha","pontos_originais":25,"ano":"2026","cultura":"Milho"}},{"type":"Feature","geometry":{"type":"Point","coordinates":[-52.21585511245235,-10.298879829090005]},"properties":{"Fazenda":"FE","Campo":"FE 19","produtividade":142.05856111999995,"unidade_produtividade":"sc/ha","pontos_originais":25,"ano":"2026","cultura":"Milho"}},{"type":"Feature","geometry":{"type":"Point","coordinates":[-52.21813782686545,-10.29887124328748]},"properties":{"Fazenda":"FE","Campo":"FE 19","produtividade":130.35445528000002,"unidade_produtividade":"sc/ha","pontos_originais":25,"ano":"2026","cultura":"Milho"}},{"type":"Feature","geometry":{"type":"Point","coordinates":[-52.21797803692256,-10.298871844823175]},"properties":{"Fazenda":"FE","Campo":"FE 19","produtividade":125.634222,"unidade_produtividade":"sc/ha","pontos_originais":10,"ano":"2026","cultura":"Milho"}},{"type":"Feature","geometry":{"type":"Point","coordinates":[-52.21699265093483,-10.298871784861948]},"properties":{"Fazenda":"FE","Campo":"FE 19","produtividade":72.46758516666665,"unidade_produtividade":"sc/ha","pontos_originais":24,"ano":"2026","cultura":"Milho"}},{"type":"Feature","geometry":{"type":"Point","coordinates":[-52.21676819845828,-10.298876396700383]},"properties":{"Fazenda":"FE","Campo":"FE 19","produtividade":104.12564904000001,"unidade_produtividade":"sc/ha","pontos_originais":25,"ano":"2026","cultura":"Milho"}},{"type":"Feature","geometry":{"type":"Point","coordinates":[-52.214947950934196,-10.29887537361933]},"properties":{"Fazenda":"FE","Campo":"FE 19","produtividade":151.3669195652174,"unidade_produtividade":"sc/ha","pontos_originais":23,"ano":"2026","cultura":"Milho"}},{"type":"Feature","geometry":{"type":"Point","coordinates":[-52.215170297737444,-10.29888240169226]},"properties":{"Fazenda":"FE","Campo":"FE 19","produtividade":149.29388544,"unidade_produtividade":"sc/ha","pontos_originais":25,"ano":"2026","cultura":"Milho"}},{"type":"Feature","geometry":{"type":"Point","coordinates":[-52.22678152264509,-10.299042041745231]},"properties":{"Fazenda":"FE","Campo":"FE 19","produtividade":116.14591887499999,"unidade_produtividade":"sc/ha","pontos_originais":16,"ano":"2026","cultura":"Milho"}},{"type":"Feature","geometry":{"type":"Point","coordinates":[-52.22658472652561,-10.299065393984538]},"properties":{"Fazenda":"FE","Campo":"FE 19","produtividade":123.96382207999999,"unidade_produtividade":"sc/ha","pontos_originais":25,"ano":"2026","cultura":"Milho"}},{"type":"Feature","geometry":{"type":"Point","coordinates":[-52.21562684090074,-10.29888068678504]},"properties":{"Fazenda":"FE","Campo":"FE 19","produtividade":143.86062544,"unidade_produtividade":"sc/ha","pontos_originais":25,"ano":"2026","cultura":"Milho"}},{"type":"Feature","geometry":{"type":"Point","coordinates":[-52.21539856932912,-10.298881544319126]},"properties":{"Fazenda":"FE","Campo":"FE 19","produtividade":146.86605808000002,"unidade_produtividade":"sc/ha","pontos_originais":25,"ano":"2026","cultura":"Milho"}},{"type":"Feature","geometry":{"type":"Point","coordinates":[-52.21798636904891,-10.29906019854642]},"properties":{"Fazenda":"FE","Campo":"FE 19","produtividade":124.49026099999999,"unidade_produtividade":"sc/ha","pontos_originais":6,"ano":"2026","cultura":"Milho"}},{"type":"Feature","geometry":{"type":"Point","coordinates":[-52.21563520050706,-10.299076576030005]},"properties":{"Fazenda":"FE","Campo":"FE 19","produtividade":144.02811188888887,"unidade_produtividade":"sc/ha","pontos_originais":18,"ano":"2026","cultura":"Milho"}},{"type":"Feature","geometry":{"type":"Point","coordinates":[-52.2154106323057,-10.29905104573812]},"properties":{"Fazenda":"FE","Campo":"FE 19","produtividade":147.33917449999998,"unidade_produtividade":"sc/ha","pontos_originais":12,"ano":"2026","cultura":"Milho"}},{"type":"Feature","geometry":{"type":"Point","coordinates":[-52.21518606412212,-10.299025515285875]},"properties":{"Fazenda":"FE","Campo":"FE 19","produtividade":149.782906,"unidade_produtividade":"sc/ha","pontos_originais":6,"ano":"2026","cultura":"Milho"}},{"type":"Feature","geometry":{"type":"Point","coordinates":[-52.22612731147474,-10.298841066232017]},"properties":{"Fazenda":"FE","Campo":"FE 19","produtividade":148.50079327999998,"unidade_produtividade":"sc/ha","pontos_originais":25,"ano":"2026","cultura":"Milho"}},{"type":"Feature","geometry":{"type":"Point","coordinates":[-52.22635558210056,-10.298840201133384]},"properties":{"Fazenda":"FE","Campo":"FE 19","produtividade":143.83053271999998,"unidade_produtividade":"sc/ha","pontos_originais":25,"ano":"2026","cultura":"Milho"}},{"type":"Feature","geometry":{"type":"Point","coordinates":[-52.22589904082871,-10.298841931169703]},"properties":{"Fazenda":"FE","Campo":"FE 19","produtividade":149.63299008,"unidade_produtividade":"sc/ha","pontos_originais":25,"ano":"2026","cultura":"Milho"}},{"type":"Feature","geometry":{"type":"Point","coordinates":[-52.22567077016246,-10.298842795946438]},"properties":{"Fazenda":"FE","Campo":"FE 19","produtividade":147.65340184000001,"unidade_produtividade":"sc/ha","pontos_originais":25,"ano":"2026","cultura":"Milho"}},{"type":"Feature","geometry":{"type":"Point","coordinates":[-52.2270098412293,-10.298807579217192]},"properties":{"Fazenda":"FE","Campo":"FE 19","produtividade":110.98752653333334,"unidade_produtividade":"sc/ha","pontos_originais":15,"ano":"2026","cultura":"Milho"}},{"type":"Feature","geometry":{"type":"Point","coordinates":[-52.22681212329154,-10.298838470453282]},"properties":{"Fazenda":"FE","Campo":"FE 19","produtividade":121.11894367999997,"unidade_produtividade":"sc/ha","pontos_originais":25,"ano":"2026","cultura":"Milho"}},{"type":"Feature","geometry":{"type":"Point","coordinates":[-52.226583852706156,-10.298839335873804]},"properties":{"Fazenda":"FE","Campo":"FE 19","produtividade":133.84176344000002,"unidade_produtividade":"sc/ha","pontos_originais":25,"ano":"2026","cultura":"Milho"}},{"type":"Feature","geometry":{"type":"Point","coordinates":[-52.22475768729553,-10.298846253443928]},"properties":{"Fazenda":"FE","Campo":"FE 19","produtividade":145.49104864,"unidade_produtividade":"sc/ha","pontos_originais":25,"ano":"2026","cultura":"Milho"}},{"type":"Feature","geometry":{"type":"Point","coordinates":[-52.22452941652831,-10.298847117415935]},"properties":{"Fazenda":"FE","Campo":"FE 19","produtividade":136.00644400000002,"unidade_produtividade":"sc/ha","pontos_originais":25,"ano":"2026","cultura":"Milho"}},{"type":"Feature","geometry":{"type":"Point","coordinates":[-52.22430114574094,-10.298847981226993]},"properties":{"Fazenda":"FE","Campo":"FE 19","produtividade":119.78773631999996,"unidade_produtividade":"sc/ha","pontos_originais":25,"ano":"2026","cultura":"Milho"}},{"type":"Feature","geometry":{"type":"Point","coordinates":[-52.22407287493336,-10.298848844877105]},"properties":{"Fazenda":"FE","Campo":"FE 19","produtividade":106.31228383999998,"unidade_produtividade":"sc/ha","pontos_originais":25,"ano":"2026","cultura":"Milho"}},{"type":"Feature","geometry":{"type":"Point","coordinates":[-52.22544249947603,-10.298843660562232]},"properties":{"Fazenda":"FE","Campo":"FE 19","produtividade":145.89958656000002,"unidade_produtividade":"sc/ha","pontos_originais":25,"ano":"2026","cultura":"Milho"}},{"type":"Feature","geometry":{"type":"Point","coordinates":[-52.2252142287694,-10.298844525017076]},"properties":{"Fazenda":"FE","Campo":"FE 19","produtividade":146.55988368,"unidade_produtividade":"sc/ha","pontos_originais":25,"ano":"2026","cultura":"Milho"}},{"type":"Feature","geometry":{"type":"Point","coordinates":[-52.22498595804256,-10.298845389310975]},"properties":{"Fazenda":"FE","Campo":"FE 19","produtividade":147.50721775999997,"unidade_produtividade":"sc/ha","pontos_originais":25,"ano":"2026","cultura":"Milho"}},{"type":"Feature","geometry":{"type":"Point","coordinates":[-52.214721678792245,-10.298849511962212]},"properties":{"Fazenda":"FE","Campo":"FE 19","produtividade":152.30535105882353,"unidade_produtividade":"sc/ha","pontos_originais":17,"ano":"2026","cultura":"Milho"}},{"type":"Feature","geometry":{"type":"Point","coordinates":[-52.21449354766753,-10.298823289197239]},"properties":{"Fazenda":"FE","Campo":"FE 19","produtividade":152.0255710909091,"unidade_produtividade":"sc/ha","pontos_originais":11,"ano":"2026","cultura":"Milho"}},{"type":"Feature","geometry":{"type":"Point","coordinates":[-52.21427969231989,-10.298795320250928]},"properties":{"Fazenda":"FE","Campo":"FE 19","produtividade":150.197026,"unidade_produtividade":"sc/ha","pontos_originais":4,"ano":"2026","cultura":"Milho"}},{"type":"Feature","geometry":{"type":"Point","coordinates":[-52.2204205392707,-10.298862641390082]},"properties":{"Fazenda":"FE","Campo":"FE 19","produtividade":126.45388616,"unidade_produtividade":"sc/ha","pontos_originais":25,"ano":"2026","cultura":"Milho"}},{"type":"Feature","geometry":{"type":"Point","coordinates":[-52.220192268120634,-10.298863502304087]},"properties":{"Fazenda":"FE","Campo":"FE 19","produtividade":120.3674612,"unidade_produtividade":"sc/ha","pontos_originais":25,"ano":"2026","cultura":"Milho"}},{"type":"Feature","geometry":{"type":"Point","coordinates":[-52.21996399695046,-10.298864363057149]},"properties":{"Fazenda":"FE","Campo":"FE 19","produtividade":120.69139040000002,"unidade_produtividade":"sc/ha","pontos_originais":25,"ano":"2026","cultura":"Milho"}},{"type":"Feature","geometry":{"type":"Point","coordinates":[-52.21973572576017,-10.298865223649257]},"properties":{"Fazenda":"FE","Campo":"FE 19","produtividade":126.32197424000002,"unidade_produtividade":"sc/ha","pontos_originais":25,"ano":"2026","cultura":"Milho"}},{"type":"Feature","geometry":{"type":"Point","coordinates":[-52.22110535260019,-10.298860057682377]},"properties":{"Fazenda":"FE","Campo":"FE 19","produtividade":146.87941968,"unidade_produtividade":"sc/ha","pontos_originais":25,"ano":"2026","cultura":"Milho"}},{"type":"Feature","geometry":{"type":"Point","coordinates":[-52.22087708151048,-10.298860919079226]},"properties":{"Fazenda":"FE","Campo":"FE 19","produtividade":141.14085216,"unidade_produtividade":"sc/ha","pontos_originais":25,"ano":"2026","cultura":"Milho"}},{"type":"Feature","geometry":{"type":"Point","coordinates":[-52.22064881040065,-10.29886178031513]},"properties":{"Fazenda":"FE","Campo":"FE 19","produtividade":135.02762112,"unidade_produtividade":"sc/ha","pontos_originais":25,"ano":"2026","cultura":"Milho"}},{"type":"Feature","geometry":{"type":"Point","coordinates":[-52.21882264079804,-10.298868664408216]},"properties":{"Fazenda":"FE","Campo":"FE 19","produtividade":149.75445967999997,"unidade_produtividade":"sc/ha","pontos_originais":25,"ano":"2026","cultura":"Milho"}},{"type":"Feature","geometry":{"type":"Point","coordinates":[-52.2190509120687,-10.2988678044599]},"properties":{"Fazenda":"FE","Campo":"FE 19","produtividade":148.86192104,"unidade_produtividade":"sc/ha","pontos_originais":25,"ano":"2026","cultura":"Milho"}},{"type":"Feature","geometry":{"type":"Point","coordinates":[-52.21859436950726,-10.298869524195585]},"properties":{"Fazenda":"FE","Campo":"FE 19","produtividade":144.01932607999998,"unidade_produtividade":"sc/ha","pontos_originais":25,"ano":"2026","cultura":"Milho"}},{"type":"Feature","geometry":{"type":"Point","coordinates":[-52.218366098196405,-10.298870383822004]},"properties":{"Fazenda":"FE","Campo":"FE 19","produtividade":138.3441416,"unidade_produtividade":"sc/ha","pontos_originais":25,"ano":"2026","cultura":"Milho"}},{"type":"Feature","geometry":{"type":"Point","coordinates":[-52.21950745454979,-10.298866084080421]},"properties":{"Fazenda":"FE","Campo":"FE 19","produtividade":136.89893392,"unidade_produtividade":"sc/ha","pontos_originais":25,"ano":"2026","cultura":"Milho"}},{"type":"Feature","geometry":{"type":"Point","coordinates":[-52.2192791833193,-10.298866944350632]},"properties":{"Fazenda":"FE","Campo":"FE 19","produtividade":144.15970016,"unidade_produtividade":"sc/ha","pontos_originais":25,"ano":"2026","cultura":"Milho"}},{"type":"Feature","geometry":{"type":"Point","coordinates":[-52.22338806238959,-10.29885143486176]},"properties":{"Fazenda":"FE","Campo":"FE 19","produtividade":99.68171920000003,"unidade_produtividade":"sc/ha","pontos_originais":25,"ano":"2026","cultura":"Milho"}},{"type":"Feature","geometry":{"type":"Point","coordinates":[-52.223159791501324,-10.298852297868086]},"properties":{"Fazenda":"FE","Campo":"FE 19","produtividade":105.15069655999997,"unidade_produtividade":"sc/ha","pontos_originais":25,"ano":"2026","cultura":"Milho"}},{"type":"Feature","geometry":{"type":"Point","coordinates":[-52.2229315205929,-10.298853160713465]},"properties":{"Fazenda":"FE","Campo":"FE 19","produtividade":103.109132,"unidade_produtividade":"sc/ha","pontos_originais":25,"ano":"2026","cultura":"Milho"}},{"type":"Feature","geometry":{"type":"Point","coordinates":[-52.22270324966433,-10.298854023397894]},"properties":{"Fazenda":"FE","Campo":"FE 19","produtividade":129.50750064,"unidade_produtividade":"sc/ha","pontos_originais":25,"ano":"2026","cultura":"Milho"}},{"type":"Feature","geometry":{"type":"Point","coordinates":[-52.2238446041056,-10.298849708366271]},"properties":{"Fazenda":"FE","Campo":"FE 19","produtividade":99.32448456000002,"unidade_produtividade":"sc/ha","pontos_originais":25,"ano":"2026","cultura":"Milho"}},{"type":"Feature","geometry":{"type":"Point","coordinates":[-52.22361633325768,-10.29885057169449]},"properties":{"Fazenda":"FE","Campo":"FE 19","produtividade":97.75878672,"unidade_produtividade":"sc/ha","pontos_originais":25,"ano":"2026","cultura":"Milho"}},{"type":"Feature","geometry":{"type":"Point","coordinates":[-52.22179016574851,-10.29885747252614]},"properties":{"Fazenda":"FE","Campo":"FE 19","produtividade":153.45707216,"unidade_produtividade":"sc/ha","pontos_originais":25,"ano":"2026","cultura":"Milho"}},{"type":"Feature","geometry":{"type":"Point","coordinates":[-52.2220184367577,-10.2988566104855]},"properties":{"Fazenda":"FE","Campo":"FE 19","produtividade":149.02631408000002,"unidade_produtividade":"sc/ha","pontos_originais":25,"ano":"2026","cultura":"Milho"}},{"type":"Feature","geometry":{"type":"Point","coordinates":[-52.221561894719216,-10.298858334405834]},"properties":{"Fazenda":"FE","Campo":"FE 19","produtividade":154.15898624,"unidade_produtividade":"sc/ha","pontos_originais":25,"ano":"2026","cultura":"Milho"}},{"type":"Feature","geometry":{"type":"Point","coordinates":[-52.221333623669764,-10.298859196124578]},"properties":{"Fazenda":"FE","Campo":"FE 19","produtividade":151.50462543999996,"unidade_produtividade":"sc/ha","pontos_originais":25,"ano":"2026","cultura":"Milho"}},{"type":"Feature","geometry":{"type":"Point","coordinates":[-52.22247497871559,-10.298854885921376]},"properties":{"Fazenda":"FE","Campo":"FE 19","produtividade":136.945956,"unidade_produtividade":"sc/ha","pontos_originais":25,"ano":"2026","cultura":"Milho"}},{"type":"Feature","geometry":{"type":"Point","coordinates":[-52.222246707746706,-10.29885574828391]},"properties":{"Fazenda":"FE","Campo":"FE 19","produtividade":142.39008728000002,"unidade_produtividade":"sc/ha","pontos_originais":25,"ano":"2026","cultura":"Milho"}},{"type":"Feature","geometry":{"type":"Point","coordinates":[-52.223158920139866,-10.298626239463637]},"properties":{"Fazenda":"FE","Campo":"FE 19","produtividade":103.7054452,"unidade_produtividade":"sc/ha","pontos_originais":25,"ano":"2026","cultura":"Milho"}},{"type":"Feature","geometry":{"type":"Point","coordinates":[-52.22293064939396,-10.298627102289677]},"properties":{"Fazenda":"FE","Campo":"FE 19","produtividade":105.13737975999999,"unidade_produtividade":"sc/ha","pontos_originais":25,"ano":"2026","cultura":"Milho"}},{"type":"Feature","geometry":{"type":"Point","coordinates":[-52.22270237862792,-10.298627964954775]},"properties":{"Fazenda":"FE","Campo":"FE 19","produtividade":109.8739292,"unidade_produtividade":"sc/ha","pontos_originais":25,"ano":"2026","cultura":"Milho"}},{"type":"Feature","geometry":{"type":"Point","coordinates":[-52.222474107841684,-10.298628827458927]},"properties":{"Fazenda":"FE","Campo":"FE 19","produtividade":128.13953207999998,"unidade_produtividade":"sc/ha","pontos_originais":25,"ano":"2026","cultura":"Milho"}},{"type":"Feature","geometry":{"type":"Point","coordinates":[-52.22384373225659,-10.298623650019856]},"properties":{"Fazenda":"FE","Campo":"FE 19","produtividade":102.58817352000001,"unidade_produtividade":"sc/ha","pontos_originais":25,"ano":"2026","cultura":"Milho"}},{"type":"Feature","geometry":{"type":"Point","coordinates":[-52.22407200292183,-10.298622786550043]},"properties":{"Fazenda":"FE","Campo":"FE 19","produtividade":110.312146,"unidade_produtividade":"sc/ha","pontos_originais":25,"ano":"2026","cultura":"Milho"}},{"type":"Feature","geometry":{"type":"Point","coordinates":[-52.22361546157117,-10.298624513328727]},"properties":{"Fazenda":"FE","Campo":"FE 19","produtividade":102.80747736000004,"unidade_produtividade":"sc/ha","pontos_originais":25,"ano":"2026","cultura":"Milho"}},{"type":"Feature","geometry":{"type":"Point","coordinates":[-52.22338719086561,-10.298625376476656]},"properties":{"Fazenda":"FE","Campo":"FE 19","produtividade":102.22926056000001,"unidade_produtividade":"sc/ha","pontos_originais":25,"ano":"2026","cultura":"Milho"}},{"type":"Feature","geometry":{"type":"Point","coordinates":[-52.22178929536216,-10.298631414005719]},"properties":{"Fazenda":"FE","Campo":"FE 19","produtividade":151.63189888000005,"unidade_produtividade":"sc/ha","pontos_originais":25,"ano":"2026","cultura":"Milho"}},{"type":"Feature","geometry":{"type":"Point","coordinates":[-52.221561024495365,-10.298632275866101]},"properties":{"Fazenda":"FE","Campo":"FE 19","produtividade":152.96691928,"unidade_produtividade":"sc/ha","pontos_originais":25,"ano":"2026","cultura":"Milho"}},{"type":"Feature","geometry":{"type":"Point","coordinates":[-52.22133275360845,-10.298633137565533]},"properties":{"Fazenda":"FE","Campo":"FE 19","produtividade":153.28256776,"unidade_produtividade":"sc/ha","pontos_originais":25,"ano":"2026","cultura":"Milho"}},{"type":"Feature","geometry":{"type":"Point","coordinates":[-52.221104482701406,-10.29863399910402]},"properties":{"Fazenda":"FE","Campo":"FE 19","produtividade":153.19703447999999,"unidade_produtividade":"sc/ha","pontos_originais":25,"ano":"2026","cultura":"Milho"}},{"type":"Feature","geometry":{"type":"Point","coordinates":[-52.22224583703532,-10.298629689802135]},"properties":{"Fazenda":"FE","Campo":"FE 19","produtividade":138.25098672000001,"unidade_produtividade":"sc/ha","pontos_originais":25,"ano":"2026","cultura":"Milho"}},{"type":"Feature","geometry":{"type":"Point","coordinates":[-52.22201756620883,-10.298630551984399]},"properties":{"Fazenda":"FE","Campo":"FE 19","produtividade":148.29127151999998,"unidade_produtividade":"sc/ha","pontos_originais":25,"ano":"2026","cultura":"Milho"}},{"type":"Feature","geometry":{"type":"Point","coordinates":[-52.22612643800055,-10.298615008079283]},"properties":{"Fazenda":"FE","Campo":"FE 19","produtividade":150.75659648,"unidade_produtividade":"sc/ha","pontos_originais":25,"ano":"2026","cultura":"Milho"}},{"type":"Feature","geometry":{"type":"Point","coordinates":[-52.225898167517045,-10.298615872997582]},"properties":{"Fazenda":"FE","Campo":"FE 19","produtividade":150.98813408,"unidade_produtividade":"sc/ha","pontos_originais":25,"ano":"2026","cultura":"Milho"}},{"type":"Feature","geometry":{"type":"Point","coordinates":[-52.225669897013304,-10.298616737754942]},"properties":{"Fazenda":"FE","Campo":"FE 19","produtividade":148.00314928,"unidade_produtividade":"sc/ha","pontos_originais":25,"ano":"2026","cultura":"Milho"}},{"type":"Feature","geometry":{"type":"Point","coordinates":[-52.2254416264894,-10.298617602351355]},"properties":{"Fazenda":"FE","Campo":"FE 19","produtividade":146.41901455999997,"unidade_produtividade":"sc/ha","pontos_originais":25,"ano":"2026","cultura":"Milho"}},{"type":"Feature","geometry":{"type":"Point","coordinates":[-52.22681124932979,-10.298612412358725]},"properties":{"Fazenda":"FE","Campo":"FE 19","produtividade":131.37297264,"unidade_produtividade":"sc/ha","pontos_originais":25,"ano":"2026","cultura":"Milho"}},{"type":"Feature","geometry":{"type":"Point","coordinates":[-52.226582978906926,-10.298613277759852]},"properties":{"Fazenda":"FE","Campo":"FE 19","produtividade":142.532418,"unidade_produtividade":"sc/ha","pontos_originais":25,"ano":"2026","cultura":"Milho"}},{"type":"Feature","geometry":{"type":"Point","coordinates":[-52.226354708463845,-10.298614143000036]},"properties":{"Fazenda":"FE","Campo":"FE 19","produtividade":149.31812728,"unidade_produtividade":"sc/ha","pontos_originais":25,"ano":"2026","cultura":"Milho"}},{"type":"Feature","geometry":{"type":"Point","coordinates":[-52.224528544191756,-10.298621059127585]},"properties":{"Fazenda":"FE","Campo":"FE 19","produtividade":142.57875352,"unidade_produtividade":"sc/ha","pontos_originais":25,"ano":"2026","cultura":"Milho"}},{"type":"Feature","geometry":{"type":"Point","coordinates":[-52.22475681479645,-10.298620195174943]},"properties":{"Fazenda":"FE","Campo":"FE 19","produtividade":150.87545368000002,"unidade_produtividade":"sc/ha","pontos_originais":25,"ano":"2026","cultura":"Milho"}},{"type":"Feature","geometry":{"type":"Point","coordinates":[-52.224300273566875,-10.298621922919288]},"properties":{"Fazenda":"FE","Campo":"FE 19","produtividade":125.23235088,"unidade_produtividade":"sc/ha","pontos_originais":25,"ano":"2026","cultura":"Milho"}},{"type":"Feature","geometry":{"type":"Point","coordinates":[-52.22521335594527,-10.298618466786827]},"properties":{"Fazenda":"FE","Campo":"FE 19","produtividade":147.74299119999995,"unidade_produtividade":"sc/ha","pontos_originais":25,"ano":"2026","cultura":"Milho"}},{"type":"Feature","geometry":{"type":"Point","coordinates":[-52.22498508538096,-10.298619331061358]},"properties":{"Fazenda":"FE","Campo":"FE 19","produtividade":149.36686184,"unidade_produtividade":"sc/ha","pontos_originais":25,"ano":"2026","cultura":"Milho"}},{"type":"Feature","geometry":{"type":"Point","coordinates":[-52.21653906033848,-10.298651196075443]},"properties":{"Fazenda":"FE","Campo":"FE 19","produtividade":133.02095856,"unidade_produtividade":"sc/ha","pontos_originais":25,"ano":"2026","cultura":"Milho"}},{"type":"Feature","geometry":{"type":"Point","coordinates":[-52.21631078900953,-10.29865205423409]},"properties":{"Fazenda":"FE","Campo":"FE 19","produtividade":141.96246679999996,"unidade_produtividade":"sc/ha","pontos_originais":25,"ano":"2026","cultura":"Milho"}},{"type":"Feature","geometry":{"type":"Point","coordinates":[-52.216082517660524,-10.29865291223179]},"properties":{"Fazenda":"FE","Campo":"FE 19","produtividade":144.09337544,"unidade_produtividade":"sc/ha","pontos_originais":25,"ano":"2026","cultura":"Milho"}},{"type":"Feature","geometry":{"type":"Point","coordinates":[-52.21585424629149,-10.298653770068547]},"properties":{"Fazenda":"FE","Campo":"FE 19","produtividade":144.19583416,"unidade_produtividade":"sc/ha","pontos_originais":25,"ano":"2026","cultura":"Milho"}},{"type":"Feature","geometry":{"type":"Point","coordinates":[-52.21813695907942,-10.298645184458437]},"properties":{"Fazenda":"FE","Campo":"FE 19","produtividade":136.12440688,"unidade_produtividade":"sc/ha","pontos_originais":25,"ano":"2026","cultura":"Milho"}},{"type":"Feature","geometry":{"type":"Point","coordinates":[-52.21799100434778,-10.298681903840532]},"properties":{"Fazenda":"FE","Campo":"FE 19","produtividade":130.413024,"unidade_produtividade":"sc/ha","pontos_originais":5,"ano":"2026","cultura":"Milho"}},{"type":"Feature","geometry":{"type":"Point","coordinates":[-52.216995602936194,-10.298649479275308]},"properties":{"Fazenda":"FE","Campo":"FE 19","produtividade":81.10033791999999,"unidade_produtividade":"sc/ha","pontos_originais":25,"ano":"2026","cultura":"Milho"}},{"type":"Feature","geometry":{"type":"Point","coordinates":[-52.21716568996511,-10.29862828840709]},"properties":{"Fazenda":"FE","Campo":"FE 19","produtividade":61.49527872727273,"unidade_produtividade":"sc/ha","pontos_originais":11,"ano":"2026","cultura":"Milho"}},{"type":"Feature","geometry":{"type":"Point","coordinates":[-52.21676733164737,-10.298650337755848]},"properties":{"Fazenda":"FE","Campo":"FE 19","produtividade":113.38105295999998,"unidade_produtividade":"sc/ha","pontos_originais":25,"ano":"2026","cultura":"Milho"}},{"type":"Feature","geometry":{"type":"Point","coordinates":[-52.21516943206415,-10.298656342613144]},"properties":{"Fazenda":"FE","Campo":"FE 19","produtividade":149.53632512000001,"unidade_produtividade":"sc/ha","pontos_originais":25,"ano":"2026","cultura":"Milho"}},{"type":"Feature","geometry":{"type":"Point","coordinates":[-52.21494116061497,-10.298657199806117]},"properties":{"Fazenda":"FE","Campo":"FE 19","produtividade":151.30983952,"unidade_produtividade":"sc/ha","pontos_originais":25,"ano":"2026","cultura":"Milho"}},{"type":"Feature","geometry":{"type":"Point","coordinates":[-52.21471288914577,-10.298658056838145]},"properties":{"Fazenda":"FE","Campo":"FE 19","produtividade":151.72310440000004,"unidade_produtividade":"sc/ha","pontos_originais":25,"ano":"2026","cultura":"Milho"}},{"type":"Feature","geometry":{"type":"Point","coordinates":[-52.214484617656545,-10.298658913709225]},"properties":{"Fazenda":"FE","Campo":"FE 19","produtividade":151.48280168000002,"unidade_produtividade":"sc/ha","pontos_originais":25,"ano":"2026","cultura":"Milho"}},{"type":"Feature","geometry":{"type":"Point","coordinates":[-52.2156259749024,-10.29865462774436]},"properties":{"Fazenda":"FE","Campo":"FE 19","produtividade":145.08019344000002,"unidade_produtividade":"sc/ha","pontos_originais":25,"ano":"2026","cultura":"Milho"}},{"type":"Feature","geometry":{"type":"Point","coordinates":[-52.2153977034933,-10.298655485259221]},"properties":{"Fazenda":"FE","Campo":"FE 19","produtividade":148.20426095999997,"unidade_produtividade":"sc/ha","pontos_originais":25,"ano":"2026","cultura":"Milho"}},{"type":"Feature","geometry":{"type":"Point","coordinates":[-52.22019139887192,-10.298637443648536]},"properties":{"Fazenda":"FE","Campo":"FE 19","produtividade":126.0216468,"unidade_produtividade":"sc/ha","pontos_originais":25,"ano":"2026","cultura":"Milho"}},{"type":"Feature","geometry":{"type":"Point","coordinates":[-52.22041966985947,-10.298636582753822]},"properties":{"Fazenda":"FE","Campo":"FE 19","produtividade":132.04225944,"unidade_produtividade":"sc/ha","pontos_originais":25,"ano":"2026","cultura":"Milho"}},{"type":"Feature","geometry":{"type":"Point","coordinates":[-52.21996312786427,-10.298638304382303]},"properties":{"Fazenda":"FE","Campo":"FE 19","produtividade":128.37907879999997,"unidade_produtividade":"sc/ha","pontos_originais":25,"ano":"2026","cultura":"Milho"}},{"type":"Feature","geometry":{"type":"Point","coordinates":[-52.21973485683648,-10.298639164955123]},"properties":{"Fazenda":"FE","Campo":"FE 19","produtividade":134.09307688,"unidade_produtividade":"sc/ha","pontos_originais":25,"ano":"2026","cultura":"Milho"}},{"type":"Feature","geometry":{"type":"Point","coordinates":[-52.2208762117742,-10.298634860481561]},"properties":{"Fazenda":"FE","Campo":"FE 19","produtividade":147.87967712000003,"unidade_produtividade":"sc/ha","pontos_originais":25,"ano":"2026","cultura":"Milho"}},{"type":"Feature","geometry":{"type":"Point","coordinates":[-52.22064794082689,-10.298635721698165]},"properties":{"Fazenda":"FE","Campo":"FE 19","produtividade":140.45184944,"unidade_produtividade":"sc/ha","pontos_originais":25,"ano":"2026","cultura":"Milho"}},{"type":"Feature","geometry":{"type":"Point","coordinates":[-52.21882177252442,-10.298642605636974]},"properties":{"Fazenda":"FE","Campo":"FE 19","produtividade":154.91796824000002,"unidade_produtividade":"sc/ha","pontos_originais":25,"ano":"2026","cultura":"Milho"}},{"type":"Feature","geometry":{"type":"Point","coordinates":[-52.21859350139617,-10.298643465405071]},"properties":{"Fazenda":"FE","Campo":"FE 19","produtividade":150.05524407999997,"unidade_produtividade":"sc/ha","pontos_originais":25,"ano":"2026","cultura":"Milho"}},{"type":"Feature","geometry":{"type":"Point","coordinates":[-52.21836523024783,-10.298644325012228]},"properties":{"Fazenda":"FE","Campo":"FE 19","produtividade":144.07446144000002,"unidade_produtividade":"sc/ha","pontos_originais":25,"ano":"2026","cultura":"Milho"}},{"type":"Feature","geometry":{"type":"Point","coordinates":[-52.21950658578862,-10.298640025367003]},"properties":{"Fazenda":"FE","Campo":"FE 19","produtividade":142.90890544,"unidade_produtividade":"sc/ha","pontos_originais":25,"ano":"2026","cultura":"Milho"}},{"type":"Feature","geometry":{"type":"Point","coordinates":[-52.21927831472065,-10.29864088561794]},"properties":{"Fazenda":"FE","Campo":"FE 19","produtividade":149.81970864000002,"unidade_produtividade":"sc/ha","pontos_originais":25,"ano":"2026","cultura":"Milho"}},{"type":"Feature","geometry":{"type":"Point","coordinates":[-52.2190500436326,-10.298641745707926]},"properties":{"Fazenda":"FE","Campo":"FE 19","produtividade":152.70813152000002,"unidade_produtividade":"sc/ha","pontos_originais":25,"ano":"2026","cultura":"Milho"}},{"type":"Feature","geometry":{"type":"Point","coordinates":[-52.22722855813324,-10.298584994291064]},"properties":{"Fazenda":"FE","Campo":"FE 19","produtividade":112.43416300000001,"unidade_produtividade":"sc/ha","pontos_originais":14,"ano":"2026","cultura":"Milho"}},{"type":"Feature","geometry":{"type":"Point","coordinates":[-52.227039519732465,-10.298611546796655]},"properties":{"Fazenda":"FE","Campo":"FE 19","produtividade":116.83803207999999,"unidade_produtividade":"sc/ha","pontos_originais":25,"ano":"2026","cultura":"Milho"}},{"type":"Feature","geometry":{"type":"Point","coordinates":[-52.21380535853794,-10.298621901589334]},"properties":{"Fazenda":"FE","Campo":"FE 19","produtividade":143.13591687500002,"unidade_produtividade":"sc/ha","pontos_originais":16,"ano":"2026","cultura":"Milho"}},{"type":"Feature","geometry":{"type":"Point","coordinates":[-52.214256346147295,-10.298659770419361]},"properties":{"Fazenda":"FE","Campo":"FE 19","produtividade":150.32379432,"unidade_produtividade":"sc/ha","pontos_originais":25,"ano":"2026","cultura":"Milho"}},{"type":"Feature","geometry":{"type":"Point","coordinates":[-52.21403425303345,-10.298648273109423]},"properties":{"Fazenda":"FE","Campo":"FE 19","produtividade":145.35852481818182,"unidade_produtividade":"sc/ha","pontos_originais":22,"ano":"2026","cultura":"Milho"}},{"type":"Feature","geometry":{"type":"Point","coordinates":[-52.21713308594005,-10.298784599464934]},"properties":{"Fazenda":"FE","Campo":"FE 19","produtividade":60.76056,"unidade_produtividade":"sc/ha","pontos_originais":1,"ano":"2026","cultura":"Milho"}},{"type":"Feature","geometry":{"type":"Point","coordinates":[-52.2224802043822,-10.300211236628366]},"properties":{"Fazenda":"FE","Campo":"FE 19","produtividade":134.26355600000002,"unidade_produtividade":"sc/ha","pontos_originais":25,"ano":"2026","cultura":"Milho"}},{"type":"Feature","geometry":{"type":"Point","coordinates":[-52.22225193243812,-10.30021209910686]},"properties":{"Fazenda":"FE","Campo":"FE 19","produtividade":135.94223552,"unidade_produtividade":"sc/ha","pontos_originais":25,"ano":"2026","cultura":"Milho"}},{"type":"Feature","geometry":{"type":"Point","coordinates":[-52.22202366047391,-10.300212961424387]},"properties":{"Fazenda":"FE","Campo":"FE 19","produtividade":138.06925776,"unidade_produtividade":"sc/ha","pontos_originais":25,"ano":"2026","cultura":"Milho"}},{"type":"Feature","geometry":{"type":"Point","coordinates":[-52.22179538848955,-10.300213823580949]},"properties":{"Fazenda":"FE","Campo":"FE 19","produtividade":140.42106456000005,"unidade_produtividade":"sc/ha","pontos_originais":25,"ano":"2026","cultura":"Milho"}},{"type":"Feature","geometry":{"type":"Point","coordinates":[-52.22316502009349,-10.300208648227065]},"properties":{"Fazenda":"FE","Campo":"FE 19","produtividade":113.23167576,"unidade_produtividade":"sc/ha","pontos_originais":25,"ano":"2026","cultura":"Milho"}},{"type":"Feature","geometry":{"type":"Point","coordinates":[-52.22293674820987,-10.300209511188468]},"properties":{"Fazenda":"FE","Campo":"FE 19","produtividade":119.07517888000001,"unidade_produtividade":"sc/ha","pontos_originais":25,"ano":"2026","cultura":"Milho"}},{"type":"Feature","geometry":{"type":"Point","coordinates":[-52.22270847630611,-10.300210373988902]},"properties":{"Fazenda":"FE","Campo":"FE 19","produtividade":128.06800048000002,"unidade_produtividade":"sc/ha","pontos_originais":25,"ano":"2026","cultura":"Milho"}},{"type":"Feature","geometry":{"type":"Point","coordinates":[-52.22088230035074,-10.300217270597486]},"properties":{"Fazenda":"FE","Campo":"FE 19","produtividade":115.27714239999999,"unidade_produtividade":"sc/ha","pontos_originais":25,"ano":"2026","cultura":"Milho"}},{"type":"Feature","geometry":{"type":"Point","coordinates":[-52.22111057241565,-10.300216409084806]},"properties":{"Fazenda":"FE","Campo":"FE 19","produtividade":123.47006000000002,"unidade_produtividade":"sc/ha","pontos_originais":25,"ano":"2026","cultura":"Milho"}},{"type":"Feature","geometry":{"type":"Point","coordinates":[-52.22072250989405,-10.300217873566218]},"properties":{"Fazenda":"FE","Campo":"FE 19","produtividade":110.98871979999998,"unidade_produtividade":"sc/ha","pontos_originais":10,"ano":"2026","cultura":"Milho"}},{"type":"Feature","geometry":{"type":"Point","coordinates":[-52.225615777418064,-10.300365151638273]},"properties":{"Fazenda":"FE","Campo":"FE 19","produtividade":128.478217,"unidade_produtividade":"sc/ha","pontos_originais":6,"ano":"2026","cultura":"Milho"}},{"type":"Feature","geometry":{"type":"Point","coordinates":[-52.22544479186413,-10.300422314723207]},"properties":{"Fazenda":"FE","Campo":"FE 19","produtividade":130.59192941666666,"unidade_produtividade":"sc/ha","pontos_originais":24,"ano":"2026","cultura":"Milho"}},{"type":"Feature","geometry":{"type":"Point","coordinates":[-52.22156711648503,-10.300214685576535]},"properties":{"Fazenda":"FE","Campo":"FE 19","produtividade":140.36069600000002,"unidade_produtividade":"sc/ha","pontos_originais":25,"ano":"2026","cultura":"Milho"}},{"type":"Feature","geometry":{"type":"Point","coordinates":[-52.221338844460405,-10.300215547411153]},"properties":{"Fazenda":"FE","Campo":"FE 19","produtividade":136.47444384,"unidade_produtividade":"sc/ha","pontos_originais":25,"ano":"2026","cultura":"Milho"}},{"type":"Feature","geometry":{"type":"Point","coordinates":[-52.225219466138235,-10.300200874330853]},"properties":{"Fazenda":"FE","Campo":"FE 19","produtividade":137.92972031999997,"unidade_produtividade":"sc/ha","pontos_originais":25,"ano":"2026","cultura":"Milho"}},{"type":"Feature","geometry":{"type":"Point","coordinates":[-52.22544773782005,-10.300200009759765]},"properties":{"Fazenda":"FE","Campo":"FE 19","produtividade":135.24313599999996,"unidade_produtividade":"sc/ha","pontos_originais":25,"ano":"2026","cultura":"Milho"}},{"type":"Feature","geometry":{"type":"Point","coordinates":[-52.224991194436214,-10.300201738740974]},"properties":{"Fazenda":"FE","Campo":"FE 19","produtividade":141.63277296,"unidade_produtividade":"sc/ha","pontos_originais":25,"ano":"2026","cultura":"Milho"}},{"type":"Feature","geometry":{"type":"Point","coordinates":[-52.224762922714,-10.300202602990126]},"properties":{"Fazenda":"FE","Campo":"FE 19","produtividade":146.73398936,"unidade_produtividade":"sc/ha","pontos_originais":25,"ano":"2026","cultura":"Milho"}},{"type":"Feature","geometry":{"type":"Point","coordinates":[-52.22567219039839,-10.30019539180548]},"properties":{"Fazenda":"FE","Campo":"FE 19","produtividade":129.8506265,"unidade_produtividade":"sc/ha","pontos_originais":24,"ano":"2026","cultura":"Milho"}},{"type":"Feature","geometry":{"type":"Point","coordinates":[-52.22384983562333,-10.300206058377047]},"properties":{"Fazenda":"FE","Campo":"FE 19","produtividade":105.17341968000002,"unidade_produtividade":"sc/ha","pontos_originais":25,"ano":"2026","cultura":"Milho"}},{"type":"Feature","geometry":{"type":"Point","coordinates":[-52.22362156380022,-10.300206921821353]},"properties":{"Fazenda":"FE","Campo":"FE 19","produtividade":95.59463479999998,"unidade_produtividade":"sc/ha","pontos_originais":25,"ano":"2026","cultura":"Milho"}},{"type":"Feature","geometry":{"type":"Point","coordinates":[-52.22339329195694,-10.300207785104694]},"properties":{"Fazenda":"FE","Campo":"FE 19","produtividade":98.08365056000001,"unidade_produtividade":"sc/ha","pontos_originais":25,"ano":"2026","cultura":"Milho"}},{"type":"Feature","geometry":{"type":"Point","coordinates":[-52.2245346509716,-10.300203467078306]},"properties":{"Fazenda":"FE","Campo":"FE 19","produtividade":149.00659592000002,"unidade_produtividade":"sc/ha","pontos_originais":25,"ano":"2026","cultura":"Milho"}},{"type":"Feature","geometry":{"type":"Point","coordinates":[-52.22430637920904,-10.300204331005519]},"properties":{"Fazenda":"FE","Campo":"FE 19","produtividade":139.35743079999997,"unidade_produtividade":"sc/ha","pontos_originais":25,"ano":"2026","cultura":"Milho"}},{"type":"Feature","geometry":{"type":"Point","coordinates":[-52.22407810742626,-10.300205194771769]},"properties":{"Fazenda":"FE","Campo":"FE 19","produtividade":121.65070959999998,"unidade_produtividade":"sc/ha","pontos_originais":25,"ano":"2026","cultura":"Milho"}},{"type":"Feature","geometry":{"type":"Point","coordinates":[-52.22156798684984,-10.300440744093699]},"properties":{"Fazenda":"FE","Campo":"FE 19","produtividade":140.58198112000002,"unidade_produtividade":"sc/ha","pontos_originais":25,"ano":"2026","cultura":"Milho"}},{"type":"Feature","geometry":{"type":"Point","coordinates":[-52.22133971466265,-10.300441605947631]},"properties":{"Fazenda":"FE","Campo":"FE 19","produtividade":133.35912743999998,"unidade_produtividade":"sc/ha","pontos_originais":25,"ano":"2026","cultura":"Milho"}},{"type":"Feature","geometry":{"type":"Point","coordinates":[-52.22111144245534,-10.300442467640591]},"properties":{"Fazenda":"FE","Campo":"FE 19","produtividade":120.19806512,"unidade_produtividade":"sc/ha","pontos_originais":25,"ano":"2026","cultura":"Milho"}},{"type":"Feature","geometry":{"type":"Point","coordinates":[-52.22088317022789,-10.300443329172577]},"properties":{"Fazenda":"FE","Campo":"FE 19","produtividade":113.88166776,"unidade_produtividade":"sc/ha","pontos_originais":25,"ano":"2026","cultura":"Milho"}},{"type":"Feature","geometry":{"type":"Point","coordinates":[-52.22225280329054,-10.300438157566068]},"properties":{"Fazenda":"FE","Campo":"FE 19","produtividade":139.18111144,"unidade_produtividade":"sc/ha","pontos_originais":25,"ano":"2026","cultura":"Milho"}},{"type":"Feature","geometry":{"type":"Point","coordinates":[-52.222481075397155,-10.300437295068246]},"properties":{"Fazenda":"FE","Campo":"FE 19","produtividade":139.15535592,"unidade_produtividade":"sc/ha","pontos_originais":25,"ano":"2026","cultura":"Milho"}},{"type":"Feature","geometry":{"type":"Point","coordinates":[-52.22202453116379,-10.300439019902917]},"properties":{"Fazenda":"FE","Campo":"FE 19","produtividade":140.33905647999995,"unidade_produtividade":"sc/ha","pontos_originais":25,"ano":"2026","cultura":"Milho"}},{"type":"Feature","geometry":{"type":"Point","coordinates":[-52.22179625901688,-10.300439882078795]},"properties":{"Fazenda":"FE","Campo":"FE 19","produtividade":141.03081272,"unidade_produtividade":"sc/ha","pontos_originais":25,"ano":"2026","cultura":"Milho"}},{"type":"Feature","geometry":{"type":"Point","coordinates":[-52.22499206723914,-10.30042779696802]},"properties":{"Fazenda":"FE","Campo":"FE 19","produtividade":134.97756664,"unidade_produtividade":"sc/ha","pontos_originais":25,"ano":"2026","cultura":"Milho"}},{"type":"Feature","geometry":{"type":"Point","coordinates":[-52.22522033910373,-10.300426932538528]},"properties":{"Fazenda":"FE","Campo":"FE 19","produtividade":132.09478464,"unidade_produtividade":"sc/ha","pontos_originais":25,"ano":"2026","cultura":"Milho"}},{"type":"Feature","geometry":{"type":"Point","coordinates":[-52.2247637953544,-10.300428661236536]},"properties":{"Fazenda":"FE","Campo":"FE 19","produtividade":141.17704943999996,"unidade_produtividade":"sc/ha","pontos_originais":25,"ano":"2026","cultura":"Milho"}},{"type":"Feature","geometry":{"type":"Point","coordinates":[-52.22453552344947,-10.300429525344079]},"properties":{"Fazenda":"FE","Campo":"FE 19","produtividade":144.35061088000003,"unidade_produtividade":"sc/ha","pontos_originais":25,"ano":"2026","cultura":"Milho"}},{"type":"Feature","geometry":{"type":"Point","coordinates":[-52.22072902123186,-10.30042695622719]},"properties":{"Fazenda":"FE","Campo":"FE 19","produtividade":110.50624024999999,"unidade_produtividade":"sc/ha","pontos_originais":8,"ano":"2026","cultura":"Milho"}},{"type":"Feature","geometry":{"type":"Point","coordinates":[-52.22430725152432,-10.300430389290652]},"properties":{"Fazenda":"FE","Campo":"FE 19","produtividade":137.70307152,"unidade_produtividade":"sc/ha","pontos_originais":25,"ano":"2026","cultura":"Milho"}},{"type":"Feature","geometry":{"type":"Point","coordinates":[-52.22407897957903,-10.300431253076257]},"properties":{"Fazenda":"FE","Campo":"FE 19","produtividade":123.97146272000002,"unidade_produtividade":"sc/ha","pontos_originais":25,"ano":"2026","cultura":"Milho"}},{"type":"Feature","geometry":{"type":"Point","coordinates":[-52.22385070761354,-10.300432116700888]},"properties":{"Fazenda":"FE","Campo":"FE 19","produtividade":114.36537055999999,"unidade_produtividade":"sc/ha","pontos_originais":25,"ano":"2026","cultura":"Milho"}},{"type":"Feature","geometry":{"type":"Point","coordinates":[-52.22293761954993,-10.30043556958968]},"properties":{"Fazenda":"FE","Campo":"FE 19","produtividade":133.25484312000003,"unidade_produtividade":"sc/ha","pontos_originais":25,"ano":"2026","cultura":"Milho"}},{"type":"Feature","geometry":{"type":"Point","coordinates":[-52.22316589159608,-10.30043470660894]},"properties":{"Fazenda":"FE","Campo":"FE 19","produtividade":127.20233960000002,"unidade_produtividade":"sc/ha","pontos_originais":25,"ano":"2026","cultura":"Milho"}},{"type":"Feature","geometry":{"type":"Point","coordinates":[-52.22270934748361,-10.300436432409448]},"properties":{"Fazenda":"FE","Campo":"FE 19","produtividade":135.24410536,"unidade_produtividade":"sc/ha","pontos_originais":25,"ano":"2026","cultura":"Milho"}},{"type":"Feature","geometry":{"type":"Point","coordinates":[-52.223622435627874,-10.300432980164544]},"properties":{"Fazenda":"FE","Campo":"FE 19","produtividade":113.08068184000004,"unidade_produtividade":"sc/ha","pontos_originais":25,"ano":"2026","cultura":"Milho"}},{"type":"Feature","geometry":{"type":"Point","coordinates":[-52.22339416362207,-10.300433843467228]},"properties":{"Fazenda":"FE","Campo":"FE 19","produtividade":119.02515855999998,"unidade_produtividade":"sc/ha","pontos_originais":25,"ano":"2026","cultura":"Milho"}},{"type":"Feature","geometry":{"type":"Point","coordinates":[-52.225384088900455,-10.300607161548204]},"properties":{"Fazenda":"FE","Campo":"FE 19","produtividade":129.39044600000003,"unidade_produtividade":"sc/ha","pontos_originais":7,"ano":"2026","cultura":"Milho"}},{"type":"Feature","geometry":{"type":"Point","coordinates":[-52.220746815739574,-10.300602087029805]},"properties":{"Fazenda":"FE","Campo":"FE 19","produtividade":110.00801000000001,"unidade_produtividade":"sc/ha","pontos_originais":2,"ano":"2026","cultura":"Milho"}},{"type":"Feature","geometry":{"type":"Point","coordinates":[-52.222479333387376,-10.299985178185263]},"properties":{"Fazenda":"FE","Campo":"FE 19","produtividade":134.74261192000003,"unidade_produtividade":"sc/ha","pontos_originais":25,"ano":"2026","cultura":"Milho"}},{"type":"Feature","geometry":{"type":"Point","coordinates":[-52.222707605148756,-10.299984315565128]},"properties":{"Fazenda":"FE","Campo":"FE 19","produtividade":130.02608752,"unidade_produtividade":"sc/ha","pontos_originais":25,"ano":"2026","cultura":"Milho"}},{"type":"Feature","geometry":{"type":"Point","coordinates":[-52.22225106160584,-10.29998604064443]},"properties":{"Fazenda":"FE","Campo":"FE 19","produtividade":138.82387232000002,"unidade_produtividade":"sc/ha","pontos_originais":25,"ano":"2026","cultura":"Milho"}},{"type":"Feature","geometry":{"type":"Point","coordinates":[-52.22202278980417,-10.299986902942637]},"properties":{"Fazenda":"FE","Campo":"FE 19","produtividade":139.12938928,"unidade_produtividade":"sc/ha","pontos_originais":25,"ano":"2026","cultura":"Milho"}},{"type":"Feature","geometry":{"type":"Point","coordinates":[-52.22339242031197,-10.299981726738936]},"properties":{"Fazenda":"FE","Campo":"FE 19","produtividade":87.70427400000003,"unidade_produtividade":"sc/ha","pontos_originais":25,"ano":"2026","cultura":"Milho"}},{"type":"Feature","geometry":{"type":"Point","coordinates":[-52.22316414861106,-10.299982589841962]},"properties":{"Fazenda":"FE","Campo":"FE 19","produtividade":93.57155472000001,"unidade_produtividade":"sc/ha","pontos_originais":25,"ano":"2026","cultura":"Milho"}},{"type":"Feature","geometry":{"type":"Point","coordinates":[-52.222935876890006,-10.299983452784028]},"properties":{"Fazenda":"FE","Campo":"FE 19","produtividade":112.79694496000002,"unidade_produtividade":"sc/ha","pontos_originais":25,"ano":"2026","cultura":"Milho"}},{"type":"Feature","geometry":{"type":"Point","coordinates":[-52.22110970239608,-10.299990350525796]},"properties":{"Fazenda":"FE","Campo":"FE 19","produtividade":131.2181052,"unidade_produtividade":"sc/ha","pontos_originais":25,"ano":"2026","cultura":"Milho"}},{"type":"Feature","geometry":{"type":"Point","coordinates":[-52.220881430493726,-10.29999121201917]},"properties":{"Fazenda":"FE","Campo":"FE 19","produtividade":119.12526023999997,"unidade_produtividade":"sc/ha","pontos_originais":25,"ano":"2026","cultura":"Milho"}},{"type":"Feature","geometry":{"type":"Point","coordinates":[-52.220682628026566,-10.29997334530517]},"properties":{"Fazenda":"FE","Campo":"FE 19","produtividade":111.44861576470588,"unidade_produtividade":"sc/ha","pontos_originais":17,"ano":"2026","cultura":"Milho"}},{"type":"Feature","geometry":{"type":"Point","coordinates":[-52.21989000349964,-10.29997557504348]},"properties":{"Fazenda":"FE","Campo":"FE 19","produtividade":105.78526,"unidade_produtividade":"sc/ha","pontos_originais":7,"ano":"2026","cultura":"Milho"}},{"type":"Feature","geometry":{"type":"Point","coordinates":[-52.22179451798235,-10.299987765079873]},"properties":{"Fazenda":"FE","Campo":"FE 19","produtividade":141.39087759999998,"unidade_produtividade":"sc/ha","pontos_originais":25,"ano":"2026","cultura":"Milho"}},{"type":"Feature","geometry":{"type":"Point","coordinates":[-52.22156624614039,-10.299988627056148]},"properties":{"Fazenda":"FE","Campo":"FE 19","produtividade":141.94374431999998,"unidade_produtividade":"sc/ha","pontos_originais":25,"ano":"2026","cultura":"Milho"}},{"type":"Feature","geometry":{"type":"Point","coordinates":[-52.221337974278306,-10.299989488871452]},"properties":{"Fazenda":"FE","Campo":"FE 19","produtividade":141.29366664000003,"unidade_produtividade":"sc/ha","pontos_originais":25,"ano":"2026","cultura":"Milho"}},{"type":"Feature","geometry":{"type":"Point","coordinates":[-52.22544686471222,-10.29997395156824]},"properties":{"Fazenda":"FE","Campo":"FE 19","produtividade":138.52926864000003,"unidade_produtividade":"sc/ha","pontos_originais":25,"ano":"2026","cultura":"Milho"}},{"type":"Feature","geometry":{"type":"Point","coordinates":[-52.225675136211294,-10.299973086855559]},"properties":{"Fazenda":"FE","Campo":"FE 19","produtividade":132.63714632000003,"unidade_produtividade":"sc/ha","pontos_originais":25,"ano":"2026","cultura":"Milho"}},{"type":"Feature","geometry":{"type":"Point","coordinates":[-52.22521859319292,-10.29997481611995]},"properties":{"Fazenda":"FE","Campo":"FE 19","produtividade":140.82623296,"unidade_produtividade":"sc/ha","pontos_originais":25,"ano":"2026","cultura":"Milho"}},{"type":"Feature","geometry":{"type":"Point","coordinates":[-52.22499032165346,-10.299975680510702]},"properties":{"Fazenda":"FE","Campo":"FE 19","produtividade":143.47274480000002,"unidade_produtividade":"sc/ha","pontos_originais":25,"ano":"2026","cultura":"Milho"}},{"type":"Feature","geometry":{"type":"Point","coordinates":[-52.218644017485985,-10.299909222632518]},"properties":{"Fazenda":"FE","Campo":"FE 19","produtividade":116.052272,"unidade_produtividade":"sc/ha","pontos_originais":3,"ano":"2026","cultura":"Milho"}},{"type":"Feature","geometry":{"type":"Point","coordinates":[-52.218836857728746,-10.299928590606308]},"properties":{"Fazenda":"FE","Campo":"FE 19","produtividade":117.18319977777777,"unidade_produtividade":"sc/ha","pontos_originais":9,"ano":"2026","cultura":"Milho"}},{"type":"Feature","geometry":{"type":"Point","coordinates":[-52.22608585014531,-10.299926318342944]},"properties":{"Fazenda":"FE","Campo":"FE 19","produtividade":115.60375119999999,"unidade_produtividade":"sc/ha","pontos_originais":10,"ano":"2026","cultura":"Milho"}},{"type":"Feature","geometry":{"type":"Point","coordinates":[-52.225903407690176,-10.299972221981916]},"properties":{"Fazenda":"FE","Campo":"FE 19","produtividade":121.43434856,"unidade_produtividade":"sc/ha","pontos_originais":25,"ano":"2026","cultura":"Milho"}},{"type":"Feature","geometry":{"type":"Point","coordinates":[-52.22407723529367,-10.299979136464053]},"properties":{"Fazenda":"FE","Campo":"FE 19","produtividade":119.28813288,"unidade_produtividade":"sc/ha","pontos_originais":25,"ano":"2026","cultura":"Milho"}},{"type":"Feature","geometry":{"type":"Point","coordinates":[-52.223848963653275,-10.299980000049977]},"properties":{"Fazenda":"FE","Campo":"FE 19","produtividade":101.18124743999999,"unidade_produtividade":"sc/ha","pontos_originais":25,"ano":"2026","cultura":"Milho"}},{"type":"Feature","geometry":{"type":"Point","coordinates":[-52.22362069199269,-10.29998086347494]},"properties":{"Fazenda":"FE","Campo":"FE 19","produtividade":86.99768056,"unidade_produtividade":"sc/ha","pontos_originais":25,"ano":"2026","cultura":"Milho"}},{"type":"Feature","geometry":{"type":"Point","coordinates":[-52.2247620500938,-10.299976544740487]},"properties":{"Fazenda":"FE","Campo":"FE 19","produtividade":146.50521984000002,"unidade_produtividade":"sc/ha","pontos_originais":25,"ano":"2026","cultura":"Milho"}},{"type":"Feature","geometry":{"type":"Point","coordinates":[-52.224533778513944,-10.299977408809308]},"properties":{"Fazenda":"FE","Campo":"FE 19","produtividade":146.74413096,"unidade_produtividade":"sc/ha","pontos_originais":25,"ano":"2026","cultura":"Milho"}},{"type":"Feature","geometry":{"type":"Point","coordinates":[-52.2243055069139,-10.299978272717162]},"properties":{"Fazenda":"FE","Campo":"FE 19","produtividade":137.77164912,"unidade_produtividade":"sc/ha","pontos_originais":25,"ano":"2026","cultura":"Milho"}},{"type":"Feature","geometry":{"type":"Point","coordinates":[-52.21906080935752,-10.299958516389303]},"properties":{"Fazenda":"FE","Campo":"FE 19","produtividade":116.810453375,"unidade_produtividade":"sc/ha","pontos_originais":16,"ano":"2026","cultura":"Milho"}},{"type":"Feature","geometry":{"type":"Point","coordinates":[-52.219740070680174,-10.299995517071562]},"properties":{"Fazenda":"FE","Campo":"FE 19","produtividade":108.03567600000001,"unidade_produtividade":"sc/ha","pontos_originais":25,"ano":"2026","cultura":"Milho"}},{"type":"Feature","geometry":{"type":"Point","coordinates":[-52.21951179865714,-10.299996377599136]},"properties":{"Fazenda":"FE","Campo":"FE 19","produtividade":114.47381175999998,"unidade_produtividade":"sc/ha","pontos_originais":25,"ano":"2026","cultura":"Milho"}},{"type":"Feature","geometry":{"type":"Point","coordinates":[-52.21928970483294,-10.299984884027701]},"properties":{"Fazenda":"FE","Campo":"FE 19","produtividade":117.93372181818182,"unidade_produtividade":"sc/ha","pontos_originais":22,"ano":"2026","cultura":"Milho"}},{"type":"Feature","geometry":{"type":"Point","coordinates":[-52.22585845211147,-10.300153241498768]},"properties":{"Fazenda":"FE","Campo":"FE 19","produtividade":122.7629732,"unidade_produtividade":"sc/ha","pontos_originais":10,"ano":"2026","cultura":"Milho"}},{"type":"Feature","geometry":{"type":"Point","coordinates":[-52.21975127481234,-10.300169368639217]},"properties":{"Fazenda":"FE","Campo":"FE 19","produtividade":107.53831415384616,"unidade_produtividade":"sc/ha","pontos_originais":13,"ano":"2026","cultura":"Milho"}},{"type":"Feature","geometry":{"type":"Point","coordinates":[-52.219557974409234,-10.300131840725435]},"properties":{"Fazenda":"FE","Campo":"FE 19","produtividade":108.40751133333333,"unidade_produtividade":"sc/ha","pontos_originais":3,"ano":"2026","cultura":"Milho"}},{"type":"Feature","geometry":{"type":"Point","coordinates":[-52.22407636318125,-10.299753078153111]},"properties":{"Fazenda":"FE","Campo":"FE 19","produtividade":116.44633279999996,"unidade_produtividade":"sc/ha","pontos_originais":25,"ano":"2026","cultura":"Milho"}},{"type":"Feature","geometry":{"type":"Point","coordinates":[-52.22430463463894,-10.299752214425576]},"properties":{"Fazenda":"FE","Campo":"FE 19","produtividade":130.73350920000001,"unidade_produtividade":"sc/ha","pontos_originais":25,"ano":"2026","cultura":"Milho"}},{"type":"Feature","geometry":{"type":"Point","coordinates":[-52.223848091703395,-10.299753941719686]},"properties":{"Fazenda":"FE","Campo":"FE 19","produtividade":98.70766976,"unidade_produtividade":"sc/ha","pontos_originais":25,"ano":"2026","cultura":"Milho"}},{"type":"Feature","geometry":{"type":"Point","coordinates":[-52.22361982020536,-10.299754805125296]},"properties":{"Fazenda":"FE","Campo":"FE 19","produtividade":83.74394895999998,"unidade_produtividade":"sc/ha","pontos_originais":25,"ano":"2026","cultura":"Milho"}},{"type":"Feature","geometry":{"type":"Point","coordinates":[-52.224989448890895,-10.299749622277206]},"properties":{"Fazenda":"FE","Campo":"FE 19","produtividade":140.27215832,"unidade_produtividade":"sc/ha","pontos_originais":25,"ano":"2026","cultura":"Milho"}},{"type":"Feature","geometry":{"type":"Point","coordinates":[-52.224761177493754,-10.299750486487623]},"properties":{"Fazenda":"FE","Campo":"FE 19","produtividade":138.80451424000003,"unidade_produtividade":"sc/ha","pontos_originais":25,"ano":"2026","cultura":"Milho"}},{"type":"Feature","geometry":{"type":"Point","coordinates":[-52.22453290607645,-10.29975135053708]},"properties":{"Fazenda":"FE","Campo":"FE 19","produtividade":136.91753096,"unidade_produtividade":"sc/ha","pontos_originais":25,"ano":"2026","cultura":"Milho"}},{"type":"Feature","geometry":{"type":"Point","coordinates":[-52.22270673401155,-10.299758257138132]},"properties":{"Fazenda":"FE","Campo":"FE 19","produtividade":134.18801368,"unidade_produtividade":"sc/ha","pontos_originais":25,"ano":"2026","cultura":"Milho"}},{"type":"Feature","geometry":{"type":"Point","coordinates":[-52.22247846241273,-10.299759119738933]},"properties":{"Fazenda":"FE","Campo":"FE 19","produtividade":142.80436408000003,"unidade_produtividade":"sc/ha","pontos_originais":25,"ano":"2026","cultura":"Milho"}},{"type":"Feature","geometry":{"type":"Point","coordinates":[-52.22225019079374,-10.299759982178776]},"properties":{"Fazenda":"FE","Campo":"FE 19","produtividade":149.15567744,"unidade_produtividade":"sc/ha","pontos_originais":25,"ano":"2026","cultura":"Milho"}},{"type":"Feature","geometry":{"type":"Point","coordinates":[-52.22202191915459,-10.29976084445766]},"properties":{"Fazenda":"FE","Campo":"FE 19","produtividade":150.72123192,"unidade_produtividade":"sc/ha","pontos_originais":25,"ano":"2026","cultura":"Milho"}},{"type":"Feature","geometry":{"type":"Point","coordinates":[-52.22339154868716,-10.299755668369947]},"properties":{"Fazenda":"FE","Campo":"FE 19","produtividade":83.09713272,"unidade_produtividade":"sc/ha","pontos_originais":25,"ano":"2026","cultura":"Milho"}},{"type":"Feature","geometry":{"type":"Point","coordinates":[-52.223163277148785,-10.299756531453635]},"properties":{"Fazenda":"FE","Campo":"FE 19","produtividade":85.95940920000001,"unidade_produtividade":"sc/ha","pontos_originais":25,"ano":"2026","cultura":"Milho"}},{"type":"Feature","geometry":{"type":"Point","coordinates":[-52.22293500559025,-10.299757394376366]},"properties":{"Fazenda":"FE","Campo":"FE 19","produtividade":111.68635128,"unidade_produtividade":"sc/ha","pontos_originais":25,"ano":"2026","cultura":"Milho"}},{"type":"Feature","geometry":{"type":"Point","coordinates":[-52.218825245739396,-10.299546840702606]},"properties":{"Fazenda":"FE","Campo":"FE 19","produtividade":130.82725767999997,"unidade_produtividade":"sc/ha","pontos_originais":25,"ano":"2026","cultura":"Milho"}},{"type":"Feature","geometry":{"type":"Point","coordinates":[-52.21859697396104,-10.29954770054778]},"properties":{"Fazenda":"FE","Campo":"FE 19","produtividade":127.27767080000001,"unidade_produtividade":"sc/ha","pontos_originais":25,"ano":"2026","cultura":"Milho"}},{"type":"Feature","geometry":{"type":"Point","coordinates":[-52.2183687021626,-10.299548560231997]},"properties":{"Fazenda":"FE","Campo":"FE 19","produtividade":120.87299727999999,"unidade_produtividade":"sc/ha","pontos_originais":25,"ano":"2026","cultura":"Milho"}},{"type":"Feature","geometry":{"type":"Point","coordinates":[-52.21816688008908,-10.299554079375447]},"properties":{"Fazenda":"FE","Campo":"FE 19","produtividade":117.48589852631578,"unidade_produtividade":"sc/ha","pontos_originais":19,"ano":"2026","cultura":"Milho"}},{"type":"Feature","geometry":{"type":"Point","coordinates":[-52.2195100609539,-10.299544260201323]},"properties":{"Fazenda":"FE","Campo":"FE 19","produtividade":124.55421215999996,"unidade_produtividade":"sc/ha","pontos_originais":25,"ano":"2026","cultura":"Milho"}},{"type":"Feature","geometry":{"type":"Point","coordinates":[-52.21928178923581,-10.299545120529377]},"properties":{"Fazenda":"FE","Campo":"FE 19","produtividade":127.76792839999999,"unidade_produtividade":"sc/ha","pontos_originais":25,"ano":"2026","cultura":"Milho"}},{"type":"Feature","geometry":{"type":"Point","coordinates":[-52.21905351749765,-10.299545980696468]},"properties":{"Fazenda":"FE","Campo":"FE 19","produtividade":129.25652151999998,"unidade_produtividade":"sc/ha","pontos_originais":25,"ano":"2026","cultura":"Milho"}},{"type":"Feature","geometry":{"type":"Point","coordinates":[-52.22567426296112,-10.299747028680184]},"properties":{"Fazenda":"FE","Campo":"FE 19","produtividade":136.61727072000002,"unidade_produtividade":"sc/ha","pontos_originais":25,"ano":"2026","cultura":"Milho"}},{"type":"Feature","geometry":{"type":"Point","coordinates":[-52.22544599162457,-10.299747893373487]},"properties":{"Fazenda":"FE","Campo":"FE 19","produtividade":141.0557792,"unidade_produtividade":"sc/ha","pontos_originais":25,"ano":"2026","cultura":"Milho"}},{"type":"Feature","geometry":{"type":"Point","coordinates":[-52.22521772026781,-10.29974875790583]},"properties":{"Fazenda":"FE","Campo":"FE 19","produtividade":140.74043760000004,"unidade_produtividade":"sc/ha","pontos_originais":25,"ano":"2026","cultura":"Milho"}},{"type":"Feature","geometry":{"type":"Point","coordinates":[-52.22629797152768,-10.299684382202347]},"properties":{"Fazenda":"FE","Campo":"FE 19","produtividade":115.72778,"unidade_produtividade":"sc/ha","pontos_originais":6,"ano":"2026","cultura":"Milho"}},{"type":"Feature","geometry":{"type":"Point","coordinates":[-52.226130805573604,-10.2997452988107]},"properties":{"Fazenda":"FE","Campo":"FE 19","produtividade":117.41209199999997,"unidade_produtividade":"sc/ha","pontos_originais":25,"ano":"2026","cultura":"Milho"}},{"type":"Feature","geometry":{"type":"Point","coordinates":[-52.225902534277466,-10.299746163825922]},"properties":{"Fazenda":"FE","Campo":"FE 19","produtividade":127.00563063999999,"unidade_produtividade":"sc/ha","pontos_originais":25,"ano":"2026","cultura":"Milho"}},{"type":"Feature","geometry":{"type":"Point","coordinates":[-52.21859784215247,-10.299773759325397]},"properties":{"Fazenda":"FE","Campo":"FE 19","produtividade":119.26110504,"unidade_produtividade":"sc/ha","pontos_originais":25,"ano":"2026","cultura":"Milho"}},{"type":"Feature","geometry":{"type":"Point","coordinates":[-52.21882611409335,-10.299772899460955]},"properties":{"Fazenda":"FE","Campo":"FE 19","produtividade":123.64375127999996,"unidade_produtividade":"sc/ha","pontos_originais":25,"ano":"2026","cultura":"Milho"}},{"type":"Feature","geometry":{"type":"Point","coordinates":[-52.21837574844478,-10.299762265104535]},"properties":{"Fazenda":"FE","Campo":"FE 19","produtividade":115.45776390909091,"unidade_produtividade":"sc/ha","pontos_originais":22,"ano":"2026","cultura":"Milho"}},{"type":"Feature","geometry":{"type":"Point","coordinates":[-52.21815331071378,-10.299733235087958]},"properties":{"Fazenda":"FE","Campo":"FE 19","produtividade":114.09458946666668,"unidade_produtividade":"sc/ha","pontos_originais":15,"ano":"2026","cultura":"Milho"}},{"type":"Feature","geometry":{"type":"Point","coordinates":[-52.22133710411631,-10.299763430328525]},"properties":{"Fazenda":"FE","Campo":"FE 19","produtividade":143.95785543999997,"unidade_produtividade":"sc/ha","pontos_originais":25,"ano":"2026","cultura":"Milho"}},{"type":"Feature","geometry":{"type":"Point","coordinates":[-52.22110883239665,-10.29976429196356]},"properties":{"Fazenda":"FE","Campo":"FE 19","produtividade":134.39143424000002,"unidade_produtividade":"sc/ha","pontos_originais":25,"ano":"2026","cultura":"Milho"}},{"type":"Feature","geometry":{"type":"Point","coordinates":[-52.22088056065683,-10.29976515343763]},"properties":{"Fazenda":"FE","Campo":"FE 19","produtividade":120.61096376000002,"unidade_produtividade":"sc/ha","pontos_originais":25,"ano":"2026","cultura":"Milho"}},{"type":"Feature","geometry":{"type":"Point","coordinates":[-52.2206522888969,-10.29976601475074]},"properties":{"Fazenda":"FE","Campo":"FE 19","produtividade":114.16418440000002,"unidade_produtividade":"sc/ha","pontos_originais":25,"ano":"2026","cultura":"Milho"}},{"type":"Feature","geometry":{"type":"Point","coordinates":[-52.2217936474953,-10.299761706575575]},"properties":{"Fazenda":"FE","Campo":"FE 19","produtividade":151.23891048,"unidade_produtividade":"sc/ha","pontos_originais":25,"ano":"2026","cultura":"Milho"}},{"type":"Feature","geometry":{"type":"Point","coordinates":[-52.22156537581588,-10.299762568532532]},"properties":{"Fazenda":"FE","Campo":"FE 19","produtividade":148.57049816,"unidade_produtividade":"sc/ha","pontos_originais":25,"ano":"2026","cultura":"Milho"}},{"type":"Feature","geometry":{"type":"Point","coordinates":[-52.21928265791487,-10.299771179249174]},"properties":{"Fazenda":"FE","Campo":"FE 19","produtividade":124.29288256,"unidade_produtividade":"sc/ha","pontos_originais":25,"ano":"2026","cultura":"Milho"}},{"type":"Feature","geometry":{"type":"Point","coordinates":[-52.21951092979544,-10.29977031890184]},"properties":{"Fazenda":"FE","Campo":"FE 19","produtividade":120.17225135999999,"unidade_produtividade":"sc/ha","pontos_originais":25,"ano":"2026","cultura":"Milho"}},{"type":"Feature","geometry":{"type":"Point","coordinates":[-52.21905438601415,-10.299772039435547]},"properties":{"Fazenda":"FE","Campo":"FE 19","produtividade":123.91147272,"unidade_produtividade":"sc/ha","pontos_originais":25,"ano":"2026","cultura":"Milho"}},{"type":"Feature","geometry":{"type":"Point","coordinates":[-52.22047966230448,-10.299726477219533]},"properties":{"Fazenda":"FE","Campo":"FE 19","produtividade":111.16798,"unidade_produtividade":"sc/ha","pontos_originais":9,"ano":"2026","cultura":"Milho"}},{"type":"Feature","geometry":{"type":"Point","coordinates":[-52.219914755265805,-10.299758362882464]},"properties":{"Fazenda":"FE","Campo":"FE 19","produtividade":110.44641138461537,"unidade_produtividade":"sc/ha","pontos_originais":13,"ano":"2026","cultura":"Milho"}},{"type":"Feature","geometry":{"type":"Point","coordinates":[-52.21973920165597,-10.299769458393547]},"properties":{"Fazenda":"FE","Campo":"FE 19","produtividade":111.09779128,"unidade_produtividade":"sc/ha","pontos_originais":25,"ano":"2026","cultura":"Milho"}},{"type":"Feature","geometry":{"type":"Point","coordinates":[-52.22430376238416,-10.299526156130769]},"properties":{"Fazenda":"FE","Campo":"FE 19","produtividade":118.26717447999998,"unidade_produtividade":"sc/ha","pontos_originais":25,"ano":"2026","cultura":"Milho"}},{"type":"Feature","geometry":{"type":"Point","coordinates":[-52.22407549108902,-10.299527019838948]},"properties":{"Fazenda":"FE","Campo":"FE 19","produtividade":107.7943384,"unidade_produtividade":"sc/ha","pontos_originais":25,"ano":"2026","cultura":"Milho"}},{"type":"Feature","geometry":{"type":"Point","coordinates":[-52.22384721977368,-10.299527883386165]},"properties":{"Fazenda":"FE","Campo":"FE 19","produtividade":95.09056816,"unidade_produtividade":"sc/ha","pontos_originais":25,"ano":"2026","cultura":"Milho"}},{"type":"Feature","geometry":{"type":"Point","coordinates":[-52.22361894843819,-10.299528746772433]},"properties":{"Fazenda":"FE","Campo":"FE 19","produtividade":88.09934448000001,"unidade_produtividade":"sc/ha","pontos_originais":25,"ano":"2026","cultura":"Milho"}},{"type":"Feature","geometry":{"type":"Point","coordinates":[-52.22498857614852,-10.299523564040488]},"properties":{"Fazenda":"FE","Campo":"FE 19","produtividade":138.10175624,"unidade_produtividade":"sc/ha","pontos_originais":25,"ano":"2026","cultura":"Milho"}},{"type":"Feature","geometry":{"type":"Point","coordinates":[-52.22476030491391,-10.299524428231539]},"properties":{"Fazenda":"FE","Campo":"FE 19","produtividade":133.58469488000006,"unidade_produtividade":"sc/ha","pontos_originais":25,"ano":"2026","cultura":"Milho"}},{"type":"Feature","geometry":{"type":"Point","coordinates":[-52.224532033659145,-10.299525292261633]},"properties":{"Fazenda":"FE","Campo":"FE 19","produtividade":126.13162351999999,"unidade_produtividade":"sc/ha","pontos_originais":25,"ano":"2026","cultura":"Milho"}},{"type":"Feature","geometry":{"type":"Point","coordinates":[-52.22270586289453,-10.299532198707906]},"properties":{"Fazenda":"FE","Campo":"FE 19","produtividade":135.73068320000002,"unidade_produtividade":"sc/ha","pontos_originais":25,"ano":"2026","cultura":"Milho"}},{"type":"Feature","geometry":{"type":"Point","coordinates":[-52.22293413431067,-10.299531335965476]},"properties":{"Fazenda":"FE","Campo":"FE 19","produtividade":109.60533584,"unidade_produtividade":"sc/ha","pontos_originais":25,"ano":"2026","cultura":"Milho"}},{"type":"Feature","geometry":{"type":"Point","coordinates":[-52.22247759145821,-10.299533061289381]},"properties":{"Fazenda":"FE","Campo":"FE 19","produtividade":145.14344656,"unidade_produtividade":"sc/ha","pontos_originais":25,"ano":"2026","cultura":"Milho"}},{"type":"Feature","geometry":{"type":"Point","coordinates":[-52.22224932000177,-10.299533923709898]},"properties":{"Fazenda":"FE","Campo":"FE 19","produtividade":154.15693104,"unidade_produtividade":"sc/ha","pontos_originais":25,"ano":"2026","cultura":"Milho"}},{"type":"Feature","geometry":{"type":"Point","coordinates":[-52.22339067708253,-10.299529609997737]},"properties":{"Fazenda":"FE","Campo":"FE 19","produtividade":87.87129064000001,"unidade_produtividade":"sc/ha","pontos_originais":25,"ano":"2026","cultura":"Milho"}},{"type":"Feature","geometry":{"type":"Point","coordinates":[-52.22316240570668,-10.299530473062086]},"properties":{"Fazenda":"FE","Campo":"FE 19","produtividade":84.01147496,"unidade_produtividade":"sc/ha","pontos_originais":25,"ano":"2026","cultura":"Milho"}},{"type":"Feature","geometry":{"type":"Point","coordinates":[-52.225673389731156,-10.299520970501584]},"properties":{"Fazenda":"FE","Campo":"FE 19","produtividade":139.04260383999997,"unidade_produtividade":"sc/ha","pontos_originais":25,"ano":"2026","cultura":"Milho"}},{"type":"Feature","geometry":{"type":"Point","coordinates":[-52.225901660884965,-10.299520105666701]},"properties":{"Fazenda":"FE","Campo":"FE 19","produtividade":133.37058616,"unidade_produtividade":"sc/ha","pontos_originais":25,"ano":"2026","cultura":"Milho"}},{"type":"Feature","geometry":{"type":"Point","coordinates":[-52.22544511855715,-10.299521835175508]},"properties":{"Fazenda":"FE","Campo":"FE 19","produtividade":140.27938848,"unidade_produtividade":"sc/ha","pontos_originais":25,"ano":"2026","cultura":"Milho"}},{"type":"Feature","geometry":{"type":"Point","coordinates":[-52.22521684736293,-10.299522699688477]},"properties":{"Fazenda":"FE","Campo":"FE 19","produtividade":140.28518168,"unidade_produtividade":"sc/ha","pontos_originais":25,"ano":"2026","cultura":"Milho"}},{"type":"Feature","geometry":{"type":"Point","coordinates":[-52.226354384050715,-10.29951462229973]},"properties":{"Fazenda":"FE","Campo":"FE 19","produtividade":116.43175366666667,"unidade_produtividade":"sc/ha","pontos_originais":24,"ano":"2026","cultura":"Milho"}},{"type":"Feature","geometry":{"type":"Point","coordinates":[-52.22651009259146,-10.299442445956155]},"properties":{"Fazenda":"FE","Campo":"FE 19","produtividade":110.25098466666667,"unidade_produtividade":"sc/ha","pontos_originais":3,"ano":"2026","cultura":"Milho"}},{"type":"Feature","geometry":{"type":"Point","coordinates":[-52.226129932018566,-10.299519240670868]},"properties":{"Fazenda":"FE","Campo":"FE 19","produtividade":123.89239463999998,"unidade_produtividade":"sc/ha","pontos_originais":25,"ano":"2026","cultura":"Milho"}},{"type":"Feature","geometry":{"type":"Point","coordinates":[-52.2169804970664,-10.299472402441008]},"properties":{"Fazenda":"FE","Campo":"FE 19","produtividade":75.9409924,"unidade_produtividade":"sc/ha","pontos_originais":5,"ano":"2026","cultura":"Milho"}},{"type":"Feature","geometry":{"type":"Point","coordinates":[-52.21683893382475,-10.299463892398808]},"properties":{"Fazenda":"FE","Campo":"FE 19","produtividade":84.923328,"unidade_produtividade":"sc/ha","pontos_originais":2,"ano":"2026","cultura":"Milho"}},{"type":"Feature","geometry":{"type":"Point","coordinates":[-52.22133623397449,-10.299537371782376]},"properties":{"Fazenda":"FE","Campo":"FE 19","produtividade":153.68172624,"unidade_produtividade":"sc/ha","pontos_originais":25,"ano":"2026","cultura":"Milho"}},{"type":"Feature","geometry":{"type":"Point","coordinates":[-52.22110796241733,-10.299538233398101]},"properties":{"Fazenda":"FE","Campo":"FE 19","produtividade":144.78025352000003,"unidade_produtividade":"sc/ha","pontos_originais":25,"ano":"2026","cultura":"Milho"}},{"type":"Feature","geometry":{"type":"Point","coordinates":[-52.22087969084005,-10.299539094852866]},"properties":{"Fazenda":"FE","Campo":"FE 19","produtividade":130.2337428,"unidade_produtividade":"sc/ha","pontos_originais":25,"ano":"2026","cultura":"Milho"}},{"type":"Feature","geometry":{"type":"Point","coordinates":[-52.22065141924265,-10.299539956146672]},"properties":{"Fazenda":"FE","Campo":"FE 19","produtividade":122.16797432000001,"unidade_produtividade":"sc/ha","pontos_originais":25,"ano":"2026","cultura":"Milho"}},{"type":"Feature","geometry":{"type":"Point","coordinates":[-52.22202104852516,-10.299534785969456]},"properties":{"Fazenda":"FE","Campo":"FE 19","produtividade":160.02171472,"unidade_produtividade":"sc/ha","pontos_originais":25,"ano":"2026","cultura":"Milho"}},{"type":"Feature","geometry":{"type":"Point","coordinates":[-52.22179277702841,-10.299535648068053]},"properties":{"Fazenda":"FE","Campo":"FE 19","produtividade":162.37559576,"unidade_produtividade":"sc/ha","pontos_originais":25,"ano":"2026","cultura":"Milho"}},{"type":"Feature","geometry":{"type":"Point","coordinates":[-52.22156450551151,-10.299536510005696]},"properties":{"Fazenda":"FE","Campo":"FE 19","produtividade":161.36392216000004,"unidade_produtividade":"sc/ha","pontos_originais":25,"ano":"2026","cultura":"Milho"}},{"type":"Feature","geometry":{"type":"Point","coordinates":[-52.21973833265185,-10.299543399712313]},"properties":{"Fazenda":"FE","Campo":"FE 19","produtividade":116.4367204,"unidade_produtividade":"sc/ha","pontos_originais":25,"ano":"2026","cultura":"Milho"}},{"type":"Feature","geometry":{"type":"Point","coordinates":[-52.220426937661976,-10.299537035285043]},"properties":{"Fazenda":"FE","Campo":"FE 19","produtividade":115.24654691666666,"unidade_produtividade":"sc/ha","pontos_originais":24,"ano":"2026","cultura":"Milho"}},{"type":"Feature","geometry":{"type":"Point","coordinates":[-52.219940154574886,-10.29953787959772]},"properties":{"Fazenda":"FE","Campo":"FE 19","produtividade":115.18802915789473,"unidade_produtividade":"sc/ha","pontos_originais":19,"ano":"2026","cultura":"Milho"}},{"type":"Feature","geometry":{"type":"Point","coordinates":[-52.220285923830716,-10.299473516297407]},"properties":{"Fazenda":"FE","Campo":"FE 19","produtividade":110.051879,"unidade_produtividade":"sc/ha","pontos_originais":2,"ano":"2026","cultura":"Milho"}},{"type":"Feature","geometry":{"type":"Point","coordinates":[-52.213340666910845,-10.29798501793299]},"properties":{"Fazenda":"FE","Campo":"FE 19","produtividade":157.93859311999998,"unidade_produtividade":"sc/ha","pontos_originais":25,"ano":"2026","cultura":"Milho"}},{"type":"Feature","geometry":{"type":"Point","coordinates":[-52.21311239578911,-10.297985873780847]},"properties":{"Fazenda":"FE","Campo":"FE 19","produtividade":160.6083332,"unidade_produtividade":"sc/ha","pontos_originais":25,"ano":"2026","cultura":"Milho"}},{"type":"Feature","geometry":{"type":"Point","coordinates":[-52.21288412464736,-10.297986729467771]},"properties":{"Fazenda":"FE","Campo":"FE 19","produtividade":155.12536816,"unidade_produtividade":"sc/ha","pontos_originais":25,"ano":"2026","cultura":"Milho"}},{"type":"Feature","geometry":{"type":"Point","coordinates":[-52.21265585348563,-10.297987584993756]},"properties":{"Fazenda":"FE","Campo":"FE 19","produtividade":140.53382224,"unidade_produtividade":"sc/ha","pontos_originais":25,"ano":"2026","cultura":"Milho"}},{"type":"Feature","geometry":{"type":"Point","coordinates":[-52.21402548015605,-10.297982449423808]},"properties":{"Fazenda":"FE","Campo":"FE 19","produtividade":159.23234712000001,"unidade_produtividade":"sc/ha","pontos_originais":25,"ano":"2026","cultura":"Milho"}},{"type":"Feature","geometry":{"type":"Point","coordinates":[-52.21379720909432,-10.297983305754471]},"properties":{"Fazenda":"FE","Campo":"FE 19","produtividade":155.90539048,"unidade_produtividade":"sc/ha","pontos_originais":25,"ano":"2026","cultura":"Milho"}},{"type":"Feature","geometry":{"type":"Point","coordinates":[-52.21356893801259,-10.297984161924198]},"properties":{"Fazenda":"FE","Campo":"FE 19","produtividade":155.40320096,"unidade_produtividade":"sc/ha","pontos_originais":25,"ano":"2026","cultura":"Milho"}},{"type":"Feature","geometry":{"type":"Point","coordinates":[-52.227493437250594,-10.297931641061282]},"properties":{"Fazenda":"FE","Campo":"FE 19","produtividade":136.934448,"unidade_produtividade":"sc/ha","pontos_originais":25,"ano":"2026","cultura":"Milho"}},{"type":"Feature","geometry":{"type":"Point","coordinates":[-52.227265167375926,-10.297932506887019]},"properties":{"Fazenda":"FE","Campo":"FE 19","produtividade":146.37794584000002,"unidade_produtividade":"sc/ha","pontos_originais":25,"ano":"2026","cultura":"Milho"}},{"type":"Feature","geometry":{"type":"Point","coordinates":[-52.22703689748103,-10.297933372551826]},"properties":{"Fazenda":"FE","Campo":"FE 19","produtividade":154.02134664,"unidade_produtividade":"sc/ha","pontos_originais":25,"ano":"2026","cultura":"Milho"}},{"type":"Feature","geometry":{"type":"Point","coordinates":[-52.22680862756591,-10.297934238055698]},"properties":{"Fazenda":"FE","Campo":"FE 19","produtividade":155.33210896,"unidade_produtividade":"sc/ha","pontos_originais":25,"ano":"2026","cultura":"Milho"}},{"type":"Feature","geometry":{"type":"Point","coordinates":[-52.212427582303924,-10.297988440358804]},"properties":{"Fazenda":"FE","Campo":"FE 19","produtividade":128.67339464,"unidade_produtividade":"sc/ha","pontos_originais":25,"ano":"2026","cultura":"Milho"}},{"type":"Feature","geometry":{"type":"Point","coordinates":[-52.227858406617436,-10.297862438006792]},"properties":{"Fazenda":"FE","Campo":"FE 19","produtividade":113.352386,"unidade_produtividade":"sc/ha","pontos_originais":2,"ano":"2026","cultura":"Milho"}},{"type":"Feature","geometry":{"type":"Point","coordinates":[-52.22771129144878,-10.29792053907711]},"properties":{"Fazenda":"FE","Campo":"FE 19","produtividade":122.64941881818181,"unidade_produtividade":"sc/ha","pontos_originais":22,"ano":"2026","cultura":"Milho"}},{"type":"Feature","geometry":{"type":"Point","coordinates":[-52.212267792465525,-10.297989039024216]},"properties":{"Fazenda":"FE","Campo":"FE 19","produtividade":129.25713779999998,"unidade_produtividade":"sc/ha","pontos_originais":10,"ano":"2026","cultura":"Milho"}},{"type":"Feature","geometry":{"type":"Point","coordinates":[-52.216308189672155,-10.297973877265733]},"properties":{"Fazenda":"FE","Campo":"FE 19","produtividade":150.02538823999998,"unidade_produtividade":"sc/ha","pontos_originais":25,"ano":"2026","cultura":"Milho"}},{"type":"Feature","geometry":{"type":"Point","coordinates":[-52.21607991881069,-10.297974735205749]},"properties":{"Fazenda":"FE","Campo":"FE 19","produtividade":150.02222648,"unidade_produtividade":"sc/ha","pontos_originais":25,"ano":"2026","cultura":"Milho"}},{"type":"Feature","geometry":{"type":"Point","coordinates":[-52.215851647929206,-10.29797559298483]},"properties":{"Fazenda":"FE","Campo":"FE 19","produtividade":148.93041352000003,"unidade_produtividade":"sc/ha","pontos_originais":25,"ano":"2026","cultura":"Milho"}},{"type":"Feature","geometry":{"type":"Point","coordinates":[-52.21562337702767,-10.297976450602976]},"properties":{"Fazenda":"FE","Campo":"FE 19","produtividade":151.70121848,"unidade_produtividade":"sc/ha","pontos_originais":25,"ano":"2026","cultura":"Milho"}},{"type":"Feature","geometry":{"type":"Point","coordinates":[-52.21699300213621,-10.297971302480082]},"properties":{"Fazenda":"FE","Campo":"FE 19","produtividade":110.26735384000001,"unidade_produtividade":"sc/ha","pontos_originais":25,"ano":"2026","cultura":"Milho"}},{"type":"Feature","geometry":{"type":"Point","coordinates":[-52.216764731334905,-10.2979721609029]},"properties":{"Fazenda":"FE","Campo":"FE 19","produtividade":130.85862216000004,"unidade_produtividade":"sc/ha","pontos_originais":25,"ano":"2026","cultura":"Milho"}},{"type":"Feature","geometry":{"type":"Point","coordinates":[-52.21653646051355,-10.297973019164786]},"properties":{"Fazenda":"FE","Campo":"FE 19","produtividade":145.28005575999998,"unidade_produtividade":"sc/ha","pontos_originais":25,"ano":"2026","cultura":"Milho"}},{"type":"Feature","geometry":{"type":"Point","coordinates":[-52.21471029322117,-10.297979879466205]},"properties":{"Fazenda":"FE","Campo":"FE 19","produtividade":161.15291023999995,"unidade_produtividade":"sc/ha","pontos_originais":25,"ano":"2026","cultura":"Milho"}},{"type":"Feature","geometry":{"type":"Point","coordinates":[-52.21493856420283,-10.2979790224918]},"properties":{"Fazenda":"FE","Campo":"FE 19","produtividade":160.14551616,"unidade_produtividade":"sc/ha","pontos_originais":25,"ano":"2026","cultura":"Milho"}},{"type":"Feature","geometry":{"type":"Point","coordinates":[-52.21448202221947,-10.297980736279674]},"properties":{"Fazenda":"FE","Campo":"FE 19","produtividade":160.8804176,"unidade_produtividade":"sc/ha","pontos_originais":25,"ano":"2026","cultura":"Milho"}},{"type":"Feature","geometry":{"type":"Point","coordinates":[-52.21425375119777,-10.297981592932208]},"properties":{"Fazenda":"FE","Campo":"FE 19","produtividade":160.78062000000003,"unidade_produtividade":"sc/ha","pontos_originais":25,"ano":"2026","cultura":"Milho"}},{"type":"Feature","geometry":{"type":"Point","coordinates":[-52.21539510610609,-10.297977308060185]},"properties":{"Fazenda":"FE","Campo":"FE 19","produtividade":155.73165663999998,"unidade_produtividade":"sc/ha","pontos_originais":25,"ano":"2026","cultura":"Milho"}},{"type":"Feature","geometry":{"type":"Point","coordinates":[-52.215166835164474,-10.29797816535646]},"properties":{"Fazenda":"FE","Campo":"FE 19","produtividade":158.91101296,"unidade_produtividade":"sc/ha","pontos_originais":25,"ano":"2026","cultura":"Milho"}},{"type":"Feature","geometry":{"type":"Point","coordinates":[-52.223156306176435,-10.297948064230944]},"properties":{"Fazenda":"FE","Campo":"FE 19","produtividade":101.19901288,"unidade_produtividade":"sc/ha","pontos_originais":25,"ano":"2026","cultura":"Milho"}},{"type":"Feature","geometry":{"type":"Point","coordinates":[-52.22292803591807,-10.297948926998972]},"properties":{"Fazenda":"FE","Campo":"FE 19","produtividade":99.29280983999999,"unidade_produtividade":"sc/ha","pontos_originais":25,"ano":"2026","cultura":"Milho"}},{"type":"Feature","geometry":{"type":"Point","coordinates":[-52.22269976563955,-10.297949789606067]},"properties":{"Fazenda":"FE","Campo":"FE 19","produtividade":96.05365447999999,"unidade_produtividade":"sc/ha","pontos_originais":25,"ano":"2026","cultura":"Milho"}},{"type":"Feature","geometry":{"type":"Point","coordinates":[-52.22247149534087,-10.29795065205223]},"properties":{"Fazenda":"FE","Campo":"FE 19","produtividade":92.917524,"unidade_produtividade":"sc/ha","pontos_originais":25,"ano":"2026","cultura":"Milho"}},{"type":"Feature","geometry":{"type":"Point","coordinates":[-52.223841116830584,-10.297945474961265]},"properties":{"Fazenda":"FE","Campo":"FE 19","produtividade":128.53988056,"unidade_produtividade":"sc/ha","pontos_originais":25,"ano":"2026","cultura":"Milho"}},{"type":"Feature","geometry":{"type":"Point","coordinates":[-52.223612846632705,-10.297946338212089]},"properties":{"Fazenda":"FE","Campo":"FE 19","produtividade":114.37467272000002,"unidade_produtividade":"sc/ha","pontos_originais":25,"ano":"2026","cultura":"Milho"}},{"type":"Feature","geometry":{"type":"Point","coordinates":[-52.223384576414645,-10.297947201301984]},"properties":{"Fazenda":"FE","Campo":"FE 19","produtividade":104.97134256,"unidade_produtividade":"sc/ha","pontos_originais":25,"ano":"2026","cultura":"Milho"}},{"type":"Feature","geometry":{"type":"Point","coordinates":[-52.22155841394467,-10.297954100227544]},"properties":{"Fazenda":"FE","Campo":"FE 19","produtividade":147.85544144000002,"unidade_produtividade":"sc/ha","pontos_originais":25,"ano":"2026","cultura":"Milho"}},{"type":"Feature","geometry":{"type":"Point","coordinates":[-52.22178668432393,-10.297953238425118]},"properties":{"Fazenda":"FE","Campo":"FE 19","produtividade":132.16974624000005,"unidade_produtividade":"sc/ha","pontos_originais":25,"ano":"2026","cultura":"Milho"}},{"type":"Feature","geometry":{"type":"Point","coordinates":[-52.22133014354528,-10.29795496186904]},"properties":{"Fazenda":"FE","Campo":"FE 19","produtividade":159.35321696,"unidade_produtividade":"sc/ha","pontos_originais":25,"ano":"2026","cultura":"Milho"}},{"type":"Feature","geometry":{"type":"Point","coordinates":[-52.22110187312576,-10.297955823349607]},"properties":{"Fazenda":"FE","Campo":"FE 19","produtividade":162.40661415999998,"unidade_produtividade":"sc/ha","pontos_originais":25,"ano":"2026","cultura":"Milho"}},{"type":"Feature","geometry":{"type":"Point","coordinates":[-52.22224322502204,-10.297951514337456]},"properties":{"Fazenda":"FE","Campo":"FE 19","produtividade":98.63652904000003,"unidade_produtividade":"sc/ha","pontos_originais":25,"ano":"2026","cultura":"Milho"}},{"type":"Feature","geometry":{"type":"Point","coordinates":[-52.222014954683054,-10.297952376461756]},"properties":{"Fazenda":"FE","Campo":"FE 19","produtividade":116.50030952000002,"unidade_produtividade":"sc/ha","pontos_originais":25,"ano":"2026","cultura":"Milho"}},{"type":"Feature","geometry":{"type":"Point","coordinates":[-52.22612381769923,-10.297936833601732]},"properties":{"Fazenda":"FE","Campo":"FE 19","produtividade":158.82263600000002,"unidade_produtividade":"sc/ha","pontos_originais":25,"ano":"2026","cultura":"Milho"}},{"type":"Feature","geometry":{"type":"Point","coordinates":[-52.225895547703246,-10.297937698461883]},"properties":{"Fazenda":"FE","Campo":"FE 19","produtividade":159.53468328,"unidade_produtividade":"sc/ha","pontos_originais":25,"ano":"2026","cultura":"Milho"}},{"type":"Feature","geometry":{"type":"Point","coordinates":[-52.22566727768705,-10.297938563161097]},"properties":{"Fazenda":"FE","Campo":"FE 19","produtividade":158.38671296,"unidade_produtividade":"sc/ha","pontos_originais":25,"ano":"2026","cultura":"Milho"}},{"type":"Feature","geometry":{"type":"Point","coordinates":[-52.225439007650685,-10.29793942769938]},"properties":{"Fazenda":"FE","Campo":"FE 19","produtividade":157.10777487999997,"unidade_produtividade":"sc/ha","pontos_originais":25,"ano":"2026","cultura":"Milho"}},{"type":"Feature","geometry":{"type":"Point","coordinates":[-52.226580357630546,-10.297935103398643]},"properties":{"Fazenda":"FE","Campo":"FE 19","produtividade":157.06007632000004,"unidade_produtividade":"sc/ha","pontos_originais":25,"ano":"2026","cultura":"Milho"}},{"type":"Feature","geometry":{"type":"Point","coordinates":[-52.226352087675,-10.297935968580655]},"properties":{"Fazenda":"FE","Campo":"FE 19","produtividade":157.95724728000002,"unidade_produtividade":"sc/ha","pontos_originais":25,"ano":"2026","cultura":"Milho"}},{"type":"Feature","geometry":{"type":"Point","coordinates":[-52.22452592730315,-10.297942884243195]},"properties":{"Fazenda":"FE","Campo":"FE 19","produtividade":153.22592712,"unidade_produtividade":"sc/ha","pontos_originais":25,"ano":"2026","cultura":"Milho"}},{"type":"Feature","geometry":{"type":"Point","coordinates":[-52.22475419742032,-10.29794202034864]},"properties":{"Fazenda":"FE","Campo":"FE 19","produtividade":153.44869400000005,"unidade_produtividade":"sc/ha","pontos_originais":25,"ano":"2026","cultura":"Milho"}},{"type":"Feature","geometry":{"type":"Point","coordinates":[-52.224297657165806,-10.297943747976817]},"properties":{"Fazenda":"FE","Campo":"FE 19","produtividade":149.76402,"unidade_produtividade":"sc/ha","pontos_originais":25,"ano":"2026","cultura":"Milho"}},{"type":"Feature","geometry":{"type":"Point","coordinates":[-52.22406938700829,-10.297944611549507]},"properties":{"Fazenda":"FE","Campo":"FE 19","produtividade":138.59125616,"unidade_produtividade":"sc/ha","pontos_originais":25,"ano":"2026","cultura":"Milho"}},{"type":"Feature","geometry":{"type":"Point","coordinates":[-52.22521073759407,-10.29794029207673]},"properties":{"Fazenda":"FE","Campo":"FE 19","produtividade":155.02683056,"unidade_produtividade":"sc/ha","pontos_originais":25,"ano":"2026","cultura":"Milho"}},{"type":"Feature","geometry":{"type":"Point","coordinates":[-52.22498246751729,-10.297941156293152]},"properties":{"Fazenda":"FE","Campo":"FE 19","produtividade":154.18739168000002,"unidade_produtividade":"sc/ha","pontos_originais":25,"ano":"2026","cultura":"Milho"}},{"type":"Feature","geometry":{"type":"Point","coordinates":[-52.21793202449908,-10.297929016044291]},"properties":{"Fazenda":"FE","Campo":"FE 19","produtividade":139.79823100000002,"unidade_produtividade":"sc/ha","pontos_originais":14,"ano":"2026","cultura":"Milho"}},{"type":"Feature","geometry":{"type":"Point","coordinates":[-52.21813435584174,-10.297967007951973]},"properties":{"Fazenda":"FE","Campo":"FE 19","produtividade":149.75861151999996,"unidade_produtividade":"sc/ha","pontos_originais":25,"ano":"2026","cultura":"Milho"}},{"type":"Feature","geometry":{"type":"Point","coordinates":[-52.21719844584053,-10.29797052976436]},"properties":{"Fazenda":"FE","Campo":"FE 19","produtividade":94.0860011,"unidade_produtividade":"sc/ha","pontos_originais":20,"ano":"2026","cultura":"Milho"}},{"type":"Feature","geometry":{"type":"Point","coordinates":[-52.22018879124643,-10.297959267662527]},"properties":{"Fazenda":"FE","Campo":"FE 19","produtividade":139.82153024000002,"unidade_produtividade":"sc/ha","pontos_originais":25,"ano":"2026","cultura":"Milho"}},{"type":"Feature","geometry":{"type":"Point","coordinates":[-52.21996052072631,-10.29796012833842]},"properties":{"Fazenda":"FE","Campo":"FE 19","produtividade":130.74692512000001,"unidade_produtividade":"sc/ha","pontos_originais":25,"ano":"2026","cultura":"Milho"}},{"type":"Feature","geometry":{"type":"Point","coordinates":[-52.21973225018608,-10.297960988853385]},"properties":{"Fazenda":"FE","Campo":"FE 19","produtividade":126.23519048,"unidade_produtividade":"sc/ha","pontos_originais":25,"ano":"2026","cultura":"Milho"}},{"type":"Feature","geometry":{"type":"Point","coordinates":[-52.21950397962573,-10.297961849207413]},"properties":{"Fazenda":"FE","Campo":"FE 19","produtividade":125.62096455999998,"unidade_produtividade":"sc/ha","pontos_originais":25,"ano":"2026","cultura":"Milho"}},{"type":"Feature","geometry":{"type":"Point","coordinates":[-52.220873602686105,-10.297956684669236]},"properties":{"Fazenda":"FE","Campo":"FE 19","produtividade":164.57517720000004,"unidade_produtividade":"sc/ha","pontos_originais":25,"ano":"2026","cultura":"Milho"}},{"type":"Feature","geometry":{"type":"Point","coordinates":[-52.22064533222634,-10.297957545827932]},"properties":{"Fazenda":"FE","Campo":"FE 19","produtividade":161.44236416,"unidade_produtividade":"sc/ha","pontos_originais":25,"ano":"2026","cultura":"Milho"}},{"type":"Feature","geometry":{"type":"Point","coordinates":[-52.22041706174643,-10.297958406825694]},"properties":{"Fazenda":"FE","Campo":"FE 19","produtividade":153.07477472,"unidade_produtividade":"sc/ha","pontos_originais":25,"ano":"2026","cultura":"Milho"}},{"type":"Feature","geometry":{"type":"Point","coordinates":[-52.21881916782415,-10.297964429303898]},"properties":{"Fazenda":"FE","Campo":"FE 19","produtividade":147.93639839999997,"unidade_produtividade":"sc/ha","pontos_originais":25,"ano":"2026","cultura":"Milho"}},{"type":"Feature","geometry":{"type":"Point","coordinates":[-52.21859089718342,-10.29796528901419]},"properties":{"Fazenda":"FE","Campo":"FE 19","produtividade":158.0547444,"unidade_produtividade":"sc/ha","pontos_originais":25,"ano":"2026","cultura":"Milho"}},{"type":"Feature","geometry":{"type":"Point","coordinates":[-52.218362626522634,-10.297966148563548]},"properties":{"Fazenda":"FE","Campo":"FE 19","produtividade":158.80922568000003,"unidade_produtividade":"sc/ha","pontos_originais":25,"ano":"2026","cultura":"Milho"}},{"type":"Feature","geometry":{"type":"Point","coordinates":[-52.219275709045306,-10.29796270940051]},"properties":{"Fazenda":"FE","Campo":"FE 19","produtividade":127.34160655999996,"unidade_produtividade":"sc/ha","pontos_originais":25,"ano":"2026","cultura":"Milho"}},{"type":"Feature","geometry":{"type":"Point","coordinates":[-52.219047438444775,-10.297963569432671]},"properties":{"Fazenda":"FE","Campo":"FE 19","produtividade":135.17803768000002,"unidade_produtividade":"sc/ha","pontos_originais":25,"ano":"2026","cultura":"Milho"}},{"type":"Feature","geometry":{"type":"Point","coordinates":[-52.21448115711382,-10.297754677130042]},"properties":{"Fazenda":"FE","Campo":"FE 19","produtividade":161.07832495999997,"unidade_produtividade":"sc/ha","pontos_originais":25,"ano":"2026","cultura":"Milho"}},{"type":"Feature","geometry":{"type":"Point","coordinates":[-52.21470942795301,-10.297753820335778]},"properties":{"Fazenda":"FE","Campo":"FE 19","produtividade":159.6052248,"unidade_produtividade":"sc/ha","pontos_originais":25,"ano":"2026","cultura":"Milho"}},{"type":"Feature","geometry":{"type":"Point","coordinates":[-52.214252886254634,-10.297755533763379]},"properties":{"Fazenda":"FE","Campo":"FE 19","produtividade":160.32751503999998,"unidade_produtividade":"sc/ha","pontos_originais":25,"ano":"2026","cultura":"Milho"}},{"type":"Feature","geometry":{"type":"Point","coordinates":[-52.21402461537543,-10.297756390235781]},"properties":{"Fazenda":"FE","Campo":"FE 19","produtividade":158.93752279999998,"unidade_produtividade":"sc/ha","pontos_originais":25,"ano":"2026","cultura":"Milho"}},{"type":"Feature","geometry":{"type":"Point","coordinates":[-52.2153942403504,-10.297751248987394]},"properties":{"Fazenda":"FE","Campo":"FE 19","produtividade":155.74023472000002,"unidade_produtividade":"sc/ha","pontos_originais":25,"ano":"2026","cultura":"Milho"}},{"type":"Feature","geometry":{"type":"Point","coordinates":[-52.2151659695713,-10.297752106264449]},"properties":{"Fazenda":"FE","Campo":"FE 19","produtividade":157.48532464,"unidade_produtividade":"sc/ha","pontos_originais":25,"ano":"2026","cultura":"Milho"}},{"type":"Feature","geometry":{"type":"Point","coordinates":[-52.214937698772154,-10.297752963380582]},"properties":{"Fazenda":"FE","Campo":"FE 19","produtividade":158.63120167999998,"unidade_produtividade":"sc/ha","pontos_originais":25,"ano":"2026","cultura":"Milho"}},{"type":"Feature","geometry":{"type":"Point","coordinates":[-52.213111531658484,-10.297759814516072]},"properties":{"Fazenda":"FE","Campo":"FE 19","produtividade":160.75647504000003,"unidade_produtividade":"sc/ha","pontos_originais":25,"ano":"2026","cultura":"Milho"}},{"type":"Feature","geometry":{"type":"Point","coordinates":[-52.21288326067925,-10.297760670183811]},"properties":{"Fazenda":"FE","Campo":"FE 19","produtividade":156.16016527999997,"unidade_produtividade":"sc/ha","pontos_originais":25,"ano":"2026","cultura":"Milho"}},{"type":"Feature","geometry":{"type":"Point","coordinates":[-52.21265498968003,-10.297761525690621]},"properties":{"Fazenda":"FE","Campo":"FE 19","produtividade":145.6238896,"unidade_produtividade":"sc/ha","pontos_originais":25,"ano":"2026","cultura":"Milho"}},{"type":"Feature","geometry":{"type":"Point","coordinates":[-52.212426718660836,-10.297762381036502]},"properties":{"Fazenda":"FE","Campo":"FE 19","produtividade":138.11108248,"unidade_produtividade":"sc/ha","pontos_originais":25,"ano":"2026","cultura":"Milho"}},{"type":"Feature","geometry":{"type":"Point","coordinates":[-52.213796344476194,-10.297757246547249]},"properties":{"Fazenda":"FE","Campo":"FE 19","produtividade":156.64624248,"unidade_produtividade":"sc/ha","pontos_originais":25,"ano":"2026","cultura":"Milho"}},{"type":"Feature","geometry":{"type":"Point","coordinates":[-52.213568073556964,-10.29775810269779]},"properties":{"Fazenda":"FE","Campo":"FE 19","produtividade":155.80641328000002,"unidade_produtividade":"sc/ha","pontos_originais":25,"ano":"2026","cultura":"Milho"}},{"type":"Feature","geometry":{"type":"Point","coordinates":[-52.21333980261771,-10.297758958687396]},"properties":{"Fazenda":"FE","Campo":"FE 19","produtividade":158.69603064,"unidade_produtividade":"sc/ha","pontos_originais":25,"ano":"2026","cultura":"Milho"}},{"type":"Feature","geometry":{"type":"Point","coordinates":[-52.21790521759755,-10.297741808318273]},"properties":{"Fazenda":"FE","Campo":"FE 19","produtividade":145.03887215999998,"unidade_produtividade":"sc/ha","pontos_originais":25,"ano":"2026","cultura":"Milho"}},{"type":"Feature","geometry":{"type":"Point","coordinates":[-52.218133488136,-10.29774094911004]},"properties":{"Fazenda":"FE","Campo":"FE 19","produtividade":154.58501239999998,"unidade_produtividade":"sc/ha","pontos_originais":25,"ano":"2026","cultura":"Milho"}},{"type":"Feature","geometry":{"type":"Point","coordinates":[-52.2177528926587,-10.297704704560644]},"properties":{"Fazenda":"FE","Campo":"FE 19","produtividade":129.41827500000002,"unidade_produtividade":"sc/ha","pontos_originais":6,"ano":"2026","cultura":"Milho"}},{"type":"Feature","geometry":{"type":"Point","coordinates":[-52.217171515504056,-10.297751027799736]},"properties":{"Fazenda":"FE","Campo":"FE 19","produtividade":98.34235699999999,"unidade_produtividade":"sc/ha","pontos_originais":14,"ano":"2026","cultura":"Milho"}},{"type":"Feature","geometry":{"type":"Point","coordinates":[-52.216992135243,-10.297745243541897]},"properties":{"Fazenda":"FE","Campo":"FE 19","produtividade":108.82454687999999,"unidade_produtividade":"sc/ha","pontos_originais":25,"ano":"2026","cultura":"Milho"}},{"type":"Feature","geometry":{"type":"Point","coordinates":[-52.218818299630904,-10.297738370519758]},"properties":{"Fazenda":"FE","Campo":"FE 19","produtividade":143.73703344,"unidade_produtividade":"sc/ha","pontos_originais":25,"ano":"2026","cultura":"Milho"}},{"type":"Feature","geometry":{"type":"Point","coordinates":[-52.218590029152686,-10.297739230210782]},"properties":{"Fazenda":"FE","Campo":"FE 19","produtividade":153.30223887999998,"unidade_produtividade":"sc/ha","pontos_originais":25,"ano":"2026","cultura":"Milho"}},{"type":"Feature","geometry":{"type":"Point","coordinates":[-52.21836175865438,-10.297740089740874]},"properties":{"Fazenda":"FE","Campo":"FE 19","produtividade":160.64995184000003,"unidade_produtividade":"sc/ha","pontos_originais":25,"ano":"2026","cultura":"Milho"}},{"type":"Feature","geometry":{"type":"Point","coordinates":[-52.21607905256751,-10.297748676190624]},"properties":{"Fazenda":"FE","Campo":"FE 19","produtividade":154.39256447999998,"unidade_produtividade":"sc/ha","pontos_originais":25,"ano":"2026","cultura":"Milho"}},{"type":"Feature","geometry":{"type":"Point","coordinates":[-52.21585078184852,-10.297749533950478]},"properties":{"Fazenda":"FE","Campo":"FE 19","produtividade":152.72226592000004,"unidade_produtividade":"sc/ha","pontos_originais":25,"ano":"2026","cultura":"Milho"}},{"type":"Feature","geometry":{"type":"Point","coordinates":[-52.21562251110948,-10.297750391549403]},"properties":{"Fazenda":"FE","Campo":"FE 19","produtividade":153.26796071999996,"unidade_produtividade":"sc/ha","pontos_originais":25,"ano":"2026","cultura":"Milho"}},{"type":"Feature","geometry":{"type":"Point","coordinates":[-52.2167638646042,-10.297746101945474]},"properties":{"Fazenda":"FE","Campo":"FE 19","produtividade":132.57331752,"unidade_produtividade":"sc/ha","pontos_originais":25,"ano":"2026","cultura":"Milho"}},{"type":"Feature","geometry":{"type":"Point","coordinates":[-52.21653559394535,-10.297746960188121]},"properties":{"Fazenda":"FE","Campo":"FE 19","produtividade":145.03538392000002,"unidade_produtividade":"sc/ha","pontos_originais":25,"ano":"2026","cultura":"Milho"}},{"type":"Feature","geometry":{"type":"Point","coordinates":[-52.21630732326646,-10.29774781826984]},"properties":{"Fazenda":"FE","Campo":"FE 19","produtividade":153.14276375999998,"unidade_produtividade":"sc/ha","pontos_originais":25,"ano":"2026","cultura":"Milho"}},{"type":"Feature","geometry":{"type":"Point","coordinates":[-52.224525055047316,-10.297716825941947]},"properties":{"Fazenda":"FE","Campo":"FE 19","produtividade":156.33112544000002,"unidade_produtividade":"sc/ha","pontos_originais":25,"ano":"2026","cultura":"Milho"}},{"type":"Feature","geometry":{"type":"Point","coordinates":[-52.22429678507247,-10.29771768965621]},"properties":{"Fazenda":"FE","Campo":"FE 19","produtividade":158.04019223999998,"unidade_produtividade":"sc/ha","pontos_originais":25,"ano":"2026","cultura":"Milho"}},{"type":"Feature","geometry":{"type":"Point","coordinates":[-52.22406851507745,-10.297718553209545]},"properties":{"Fazenda":"FE","Campo":"FE 19","produtividade":154.3808196,"unidade_produtividade":"sc/ha","pontos_originais":25,"ano":"2026","cultura":"Milho"}},{"type":"Feature","geometry":{"type":"Point","coordinates":[-52.223840245062256,-10.297719416601954]},"properties":{"Fazenda":"FE","Campo":"FE 19","produtividade":144.5408832,"unidade_produtividade":"sc/ha","pontos_originais":25,"ano":"2026","cultura":"Milho"}},{"type":"Feature","geometry":{"type":"Point","coordinates":[-52.22520986485073,-10.297714233833585]},"properties":{"Fazenda":"FE","Campo":"FE 19","produtividade":154.39830448000004,"unidade_produtividade":"sc/ha","pontos_originais":25,"ano":"2026","cultura":"Milho"}},{"type":"Feature","geometry":{"type":"Point","coordinates":[-52.22498159493646,-10.297715098030634]},"properties":{"Fazenda":"FE","Campo":"FE 19","produtividade":153.24976576,"unidade_produtividade":"sc/ha","pontos_originais":25,"ano":"2026","cultura":"Milho"}},{"type":"Feature","geometry":{"type":"Point","coordinates":[-52.224753325001984,-10.297715962066757]},"properties":{"Fazenda":"FE","Campo":"FE 19","produtividade":155.33644839999997,"unidade_produtividade":"sc/ha","pontos_originais":25,"ano":"2026","cultura":"Milho"}},{"type":"Feature","geometry":{"type":"Point","coordinates":[-52.222927164799756,-10.297722868562287]},"properties":{"Fazenda":"FE","Campo":"FE 19","produtividade":103.49052112,"unidade_produtividade":"sc/ha","pontos_originais":25,"ano":"2026","cultura":"Milho"}},{"type":"Feature","geometry":{"type":"Point","coordinates":[-52.22315543489563,-10.297722005813595]},"properties":{"Fazenda":"FE","Campo":"FE 19","produtividade":108.98109151999998,"unidade_produtividade":"sc/ha","pontos_originais":25,"ano":"2026","cultura":"Milho"}},{"type":"Feature","geometry":{"type":"Point","coordinates":[-52.222698894683724,-10.29772373115005]},"properties":{"Fazenda":"FE","Campo":"FE 19","produtividade":97.68465112000001,"unidade_produtividade":"sc/ha","pontos_originais":25,"ano":"2026","cultura":"Milho"}},{"type":"Feature","geometry":{"type":"Point","coordinates":[-52.22247062454755,-10.297724593576879]},"properties":{"Fazenda":"FE","Campo":"FE 19","produtividade":90.33286696000003,"unidade_produtividade":"sc/ha","pontos_originais":25,"ano":"2026","cultura":"Milho"}},{"type":"Feature","geometry":{"type":"Point","coordinates":[-52.22361197502688,-10.29772027983343]},"properties":{"Fazenda":"FE","Campo":"FE 19","produtividade":136.42613767999998,"unidade_produtividade":"sc/ha","pontos_originais":25,"ano":"2026","cultura":"Milho"}},{"type":"Feature","geometry":{"type":"Point","coordinates":[-52.223383704971326,-10.297721142903981]},"properties":{"Fazenda":"FE","Campo":"FE 19","produtividade":124.91932768000002,"unidade_produtividade":"sc/ha","pontos_originais":25,"ano":"2026","cultura":"Milho"}},{"type":"Feature","geometry":{"type":"Point","coordinates":[-52.22726429317006,-10.297706448818362]},"properties":{"Fazenda":"FE","Campo":"FE 19","produtividade":156.86770064,"unidade_produtividade":"sc/ha","pontos_originais":25,"ano":"2026","cultura":"Milho"}},{"type":"Feature","geometry":{"type":"Point","coordinates":[-52.227492562882226,-10.29770558301203]},"properties":{"Fazenda":"FE","Campo":"FE 19","produtividade":145.42429272,"unidade_produtividade":"sc/ha","pontos_originais":25,"ano":"2026","cultura":"Milho"}},{"type":"Feature","geometry":{"type":"Point","coordinates":[-52.22703602343767,-10.297707314463766]},"properties":{"Fazenda":"FE","Campo":"FE 19","produtividade":162.56169048,"unidade_produtividade":"sc/ha","pontos_originais":25,"ano":"2026","cultura":"Milho"}},{"type":"Feature","geometry":{"type":"Point","coordinates":[-52.226807753685044,-10.297708179948243]},"properties":{"Fazenda":"FE","Campo":"FE 19","produtividade":163.06678584,"unidade_produtividade":"sc/ha","pontos_originais":25,"ano":"2026","cultura":"Milho"}},{"type":"Feature","geometry":{"type":"Point","coordinates":[-52.2279194894308,-10.297685346472887]},"properties":{"Fazenda":"FE","Campo":"FE 19","produtividade":113.03757294117646,"unidade_produtividade":"sc/ha","pontos_originais":17,"ano":"2026","cultura":"Milho"}},{"type":"Feature","geometry":{"type":"Point","coordinates":[-52.21228220457274,-10.297777993300905]},"properties":{"Fazenda":"FE","Campo":"FE 19","produtividade":106.47825300000001,"unidade_produtividade":"sc/ha","pontos_originais":6,"ano":"2026","cultura":"Milho"}},{"type":"Feature","geometry":{"type":"Point","coordinates":[-52.22772083257414,-10.297704717044772]},"properties":{"Fazenda":"FE","Campo":"FE 19","produtividade":127.91823911999998,"unidade_produtividade":"sc/ha","pontos_originais":25,"ano":"2026","cultura":"Milho"}},{"type":"Feature","geometry":{"type":"Point","coordinates":[-52.2258946744724,-10.297711640276862]},"properties":{"Fazenda":"FE","Campo":"FE 19","produtividade":160.14122376,"unidade_produtividade":"sc/ha","pontos_originais":25,"ano":"2026","cultura":"Milho"}},{"type":"Feature","geometry":{"type":"Point","coordinates":[-52.22566640461872,-10.2977125049567]},"properties":{"Fazenda":"FE","Campo":"FE 19","produtividade":159.15365536,"unidade_produtividade":"sc/ha","pontos_originais":25,"ano":"2026","cultura":"Milho"}},{"type":"Feature","geometry":{"type":"Point","coordinates":[-52.22543813474483,-10.297713369475607]},"properties":{"Fazenda":"FE","Campo":"FE 19","produtividade":156.34755416000002,"unidade_produtividade":"sc/ha","pontos_originais":25,"ano":"2026","cultura":"Milho"}},{"type":"Feature","geometry":{"type":"Point","coordinates":[-52.22657948391222,-10.297709045271791]},"properties":{"Fazenda":"FE","Campo":"FE 19","produtividade":162.04182288,"unidade_produtividade":"sc/ha","pontos_originais":25,"ano":"2026","cultura":"Milho"}},{"type":"Feature","geometry":{"type":"Point","coordinates":[-52.22635121411914,-10.29770991043441]},"properties":{"Fazenda":"FE","Campo":"FE 19","produtividade":160.81854151999997,"unidade_produtividade":"sc/ha","pontos_originais":25,"ano":"2026","cultura":"Milho"}},{"type":"Feature","geometry":{"type":"Point","coordinates":[-52.22612294430588,-10.297710775436101]},"properties":{"Fazenda":"FE","Campo":"FE 19","produtividade":160.01965952000003,"unidade_produtividade":"sc/ha","pontos_originais":25,"ano":"2026","cultura":"Milho"}},{"type":"Feature","geometry":{"type":"Point","coordinates":[-52.21927484052705,-10.297736650654915]},"properties":{"Fazenda":"FE","Campo":"FE 19","produtividade":123.47294287999998,"unidade_produtividade":"sc/ha","pontos_originais":25,"ano":"2026","cultura":"Milho"}},{"type":"Feature","geometry":{"type":"Point","coordinates":[-52.21950311094498,-10.297735790481102]},"properties":{"Fazenda":"FE","Campo":"FE 19","produtividade":121.9502508,"unidade_produtividade":"sc/ha","pontos_originais":25,"ano":"2026","cultura":"Milho"}},{"type":"Feature","geometry":{"type":"Point","coordinates":[-52.21904657008901,-10.297737510667803]},"properties":{"Fazenda":"FE","Campo":"FE 19","produtividade":133.53439680000002,"unidade_produtividade":"sc/ha","pontos_originais":25,"ano":"2026","cultura":"Milho"}},{"type":"Feature","geometry":{"type":"Point","coordinates":[-52.22155754380139,-10.297728041674915]},"properties":{"Fazenda":"FE","Campo":"FE 19","produtividade":136.87509472000002,"unidade_produtividade":"sc/ha","pontos_originais":25,"ano":"2026","cultura":"Milho"}},{"type":"Feature","geometry":{"type":"Point","coordinates":[-52.2213292735645,-10.2977289032971]},"properties":{"Fazenda":"FE","Campo":"FE 19","produtividade":153.96662568,"unidade_produtividade":"sc/ha","pontos_originais":25,"ano":"2026","cultura":"Milho"}},{"type":"Feature","geometry":{"type":"Point","coordinates":[-52.22110100330749,-10.297729764758353]},"properties":{"Fazenda":"FE","Campo":"FE 19","produtividade":162.07208583999997,"unidade_produtividade":"sc/ha","pontos_originais":25,"ano":"2026","cultura":"Milho"}},{"type":"Feature","geometry":{"type":"Point","coordinates":[-52.22087273303032,-10.297730626058678]},"properties":{"Fazenda":"FE","Campo":"FE 19","produtividade":165.33300055999996,"unidade_produtividade":"sc/ha","pontos_originais":25,"ano":"2026","cultura":"Milho"}},{"type":"Feature","geometry":{"type":"Point","coordinates":[-52.22224235439123,-10.297725455842784]},"properties":{"Fazenda":"FE","Campo":"FE 19","produtividade":87.10426144000002,"unidade_produtividade":"sc/ha","pontos_originais":25,"ano":"2026","cultura":"Milho"}},{"type":"Feature","geometry":{"type":"Point","coordinates":[-52.22201408421476,-10.297726317947758]},"properties":{"Fazenda":"FE","Campo":"FE 19","produtividade":94.87929024000003,"unidade_produtividade":"sc/ha","pontos_originais":25,"ano":"2026","cultura":"Milho"}},{"type":"Feature","geometry":{"type":"Point","coordinates":[-52.22178581401814,-10.2977271798918]},"properties":{"Fazenda":"FE","Campo":"FE 19","produtividade":114.44273624000002,"unidade_produtividade":"sc/ha","pontos_originais":25,"ano":"2026","cultura":"Milho"}},{"type":"Feature","geometry":{"type":"Point","coordinates":[-52.21995965172053,-10.29773406965068]},"properties":{"Fazenda":"FE","Campo":"FE 19","produtividade":130.23692976,"unidade_produtividade":"sc/ha","pontos_originais":25,"ano":"2026","cultura":"Milho"}},{"type":"Feature","geometry":{"type":"Point","coordinates":[-52.220187922078146,-10.297733208994075]},"properties":{"Fazenda":"FE","Campo":"FE 19","produtividade":138.66136032,"unidade_produtividade":"sc/ha","pontos_originais":25,"ano":"2026","cultura":"Milho"}},{"type":"Feature","geometry":{"type":"Point","coordinates":[-52.219731381342825,-10.297734930146357]},"properties":{"Fazenda":"FE","Campo":"FE 19","produtividade":125.31024128000001,"unidade_produtividade":"sc/ha","pontos_originais":25,"ano":"2026","cultura":"Milho"}},{"type":"Feature","geometry":{"type":"Point","coordinates":[-52.22064446273306,-10.297731487198073]},"properties":{"Fazenda":"FE","Campo":"FE 19","produtividade":163.56368447999998,"unidade_produtividade":"sc/ha","pontos_originais":25,"ano":"2026","cultura":"Milho"}},{"type":"Feature","geometry":{"type":"Point","coordinates":[-52.22041619241567,-10.29773234817654]},"properties":{"Fazenda":"FE","Campo":"FE 19","produtividade":154.19263328000002,"unidade_produtividade":"sc/ha","pontos_originais":25,"ano":"2026","cultura":"Milho"}},{"type":"Feature","geometry":{"type":"Point","coordinates":[-52.21775839580788,-10.297552468676987]},"properties":{"Fazenda":"FE","Campo":"FE 19","produtividade":130.7046748,"unidade_produtividade":"sc/ha","pontos_originais":5,"ano":"2026","cultura":"Milho"}},{"type":"Feature","geometry":{"type":"Point","coordinates":[-52.21228915156978,-10.297604652637752]},"properties":{"Fazenda":"FE","Campo":"FE 19","produtividade":110.943952,"unidade_produtividade":"sc/ha","pontos_originais":2,"ano":"2026","cultura":"Milho"}},{"type":"Feature","geometry":{"type":"Point","coordinates":[-52.215853380150705,-10.298427711043866]},"properties":{"Fazenda":"FE","Campo":"FE 19","produtividade":144.99665264,"unidade_produtividade":"sc/ha","pontos_originais":25,"ano":"2026","cultura":"Milho"}},{"type":"Feature","geometry":{"type":"Point","coordinates":[-52.216081651357214,-10.298426853226335]},"properties":{"Fazenda":"FE","Campo":"FE 19","produtividade":146.92157983999996,"unidade_produtividade":"sc/ha","pontos_originais":25,"ano":"2026","cultura":"Milho"}},{"type":"Feature","geometry":{"type":"Point","coordinates":[-52.21562510892413,-10.298428568700455]},"properties":{"Fazenda":"FE","Campo":"FE 19","produtividade":145.85982656,"unidade_produtividade":"sc/ha","pontos_originais":25,"ano":"2026","cultura":"Milho"}},{"type":"Feature","geometry":{"type":"Point","coordinates":[-52.21539683767754,-10.298429426196101]},"properties":{"Fazenda":"FE","Campo":"FE 19","produtividade":147.57196272,"unidade_produtividade":"sc/ha","pontos_originais":25,"ano":"2026","cultura":"Milho"}},{"type":"Feature","geometry":{"type":"Point","coordinates":[-52.216538193710115,-10.298425137108445]},"properties":{"Fazenda":"FE","Campo":"FE 19","produtividade":141.19711536,"unidade_produtividade":"sc/ha","pontos_originais":25,"ano":"2026","cultura":"Milho"}},{"type":"Feature","geometry":{"type":"Point","coordinates":[-52.21676646485649,-10.298424278808088]},"properties":{"Fazenda":"FE","Campo":"FE 19","produtividade":120.56899848000003,"unidade_produtividade":"sc/ha","pontos_originais":25,"ano":"2026","cultura":"Milho"}},{"type":"Feature","geometry":{"type":"Point","coordinates":[-52.21630992254369,-10.298425995247863]},"properties":{"Fazenda":"FE","Campo":"FE 19","produtividade":147.41541024000003,"unidade_produtividade":"sc/ha","pontos_originais":25,"ano":"2026","cultura":"Milho"}},{"type":"Feature","geometry":{"type":"Point","coordinates":[-52.214483752490835,-10.298432854569263]},"properties":{"Fazenda":"FE","Campo":"FE 19","produtividade":153.98308688000006,"unidade_produtividade":"sc/ha","pontos_originais":25,"ano":"2026","cultura":"Milho"}},{"type":"Feature","geometry":{"type":"Point","coordinates":[-52.21425548114411,-10.298433711260197]},"properties":{"Fazenda":"FE","Campo":"FE 19","produtividade":152.82746248,"unidade_produtividade":"sc/ha","pontos_originais":25,"ano":"2026","cultura":"Milho"}},{"type":"Feature","geometry":{"type":"Point","coordinates":[-52.21402720977737,-10.29843456779019]},"properties":{"Fazenda":"FE","Campo":"FE 19","produtividade":148.79058824,"unidade_produtividade":"sc/ha","pontos_originais":25,"ano":"2026","cultura":"Milho"}},{"type":"Feature","geometry":{"type":"Point","coordinates":[-52.21379893839062,-10.298435424159242]},"properties":{"Fazenda":"FE","Campo":"FE 19","produtividade":144.29062480000002,"unidade_produtividade":"sc/ha","pontos_originais":25,"ano":"2026","cultura":"Milho"}},{"type":"Feature","geometry":{"type":"Point","coordinates":[-52.215168566410895,-10.298430283530806]},"properties":{"Fazenda":"FE","Campo":"FE 19","produtividade":150.50703864000002,"unidade_produtividade":"sc/ha","pontos_originais":25,"ano":"2026","cultura":"Milho"}},{"type":"Feature","geometry":{"type":"Point","coordinates":[-52.214940295124244,-10.29843114070457]},"properties":{"Fazenda":"FE","Campo":"FE 19","produtividade":152.54036168000002,"unidade_produtividade":"sc/ha","pontos_originais":25,"ano":"2026","cultura":"Milho"}},{"type":"Feature","geometry":{"type":"Point","coordinates":[-52.21471202381755,-10.298431997717387]},"properties":{"Fazenda":"FE","Campo":"FE 19","produtividade":153.89372768,"unidade_produtividade":"sc/ha","pontos_originais":25,"ano":"2026","cultura":"Milho"}},{"type":"Feature","geometry":{"type":"Point","coordinates":[-52.219733987932926,-10.298413106257767]},"properties":{"Fazenda":"FE","Campo":"FE 19","produtividade":132.49264616,"unidade_produtividade":"sc/ha","pontos_originais":25,"ano":"2026","cultura":"Milho"}},{"type":"Feature","geometry":{"type":"Point","coordinates":[-52.21950571704756,-10.298413966650367]},"properties":{"Fazenda":"FE","Campo":"FE 19","produtividade":136.07886208,"unidade_produtividade":"sc/ha","pontos_originais":25,"ano":"2026","cultura":"Milho"}},{"type":"Feature","geometry":{"type":"Point","coordinates":[-52.219277446142115,-10.298414826882016]},"properties":{"Fazenda":"FE","Campo":"FE 19","produtividade":139.3626556,"unidade_produtividade":"sc/ha","pontos_originais":25,"ano":"2026","cultura":"Milho"}},{"type":"Feature","geometry":{"type":"Point","coordinates":[-52.219049175216554,-10.29841568695273]},"properties":{"Fazenda":"FE","Campo":"FE 19","produtividade":145.45889175999997,"unidade_produtividade":"sc/ha","pontos_originais":25,"ano":"2026","cultura":"Milho"}},{"type":"Feature","geometry":{"type":"Point","coordinates":[-52.220418800468345,-10.298410524114336]},"properties":{"Fazenda":"FE","Campo":"FE 19","produtividade":140.69160112,"unidade_produtividade":"sc/ha","pontos_originais":25,"ano":"2026","cultura":"Milho"}},{"type":"Feature","geometry":{"type":"Point","coordinates":[-52.220190529643304,-10.298411384989754]},"properties":{"Fazenda":"FE","Campo":"FE 19","produtividade":134.99942288,"unidade_produtividade":"sc/ha","pontos_originais":25,"ano":"2026","cultura":"Milho"}},{"type":"Feature","geometry":{"type":"Point","coordinates":[-52.21996225879817,-10.298412245704233]},"properties":{"Fazenda":"FE","Campo":"FE 19","produtividade":132.45331511999998,"unidade_produtividade":"sc/ha","pontos_originais":25,"ano":"2026","cultura":"Milho"}},{"type":"Feature","geometry":{"type":"Point","coordinates":[-52.21816016551055,-10.29843093300331]},"properties":{"Fazenda":"FE","Campo":"FE 19","produtividade":142.91665905263153,"unidade_produtividade":"sc/ha","pontos_originais":19,"ano":"2026","cultura":"Milho"}},{"type":"Feature","geometry":{"type":"Point","coordinates":[-52.218364362319356,-10.298418266199226]},"properties":{"Fazenda":"FE","Campo":"FE 19","produtividade":147.23784263999997,"unidade_produtividade":"sc/ha","pontos_originais":25,"ano":"2026","cultura":"Milho"}},{"type":"Feature","geometry":{"type":"Point","coordinates":[-52.21719254203845,-10.298415140922778]},"properties":{"Fazenda":"FE","Campo":"FE 19","produtividade":71.37356566666666,"unidade_produtividade":"sc/ha","pontos_originais":18,"ano":"2026","cultura":"Milho"}},{"type":"Feature","geometry":{"type":"Point","coordinates":[-52.21699473598281,-10.29842342034679]},"properties":{"Fazenda":"FE","Campo":"FE 19","produtividade":92.43141543999998,"unidade_produtividade":"sc/ha","pontos_originais":25,"ano":"2026","cultura":"Milho"}},{"type":"Feature","geometry":{"type":"Point","coordinates":[-52.218820904270906,-10.298416546862502]},"properties":{"Fazenda":"FE","Campo":"FE 19","produtividade":153.34643911999999,"unidade_produtividade":"sc/ha","pontos_originais":25,"ano":"2026","cultura":"Milho"}},{"type":"Feature","geometry":{"type":"Point","coordinates":[-52.21859263330517,-10.298417406611334]},"properties":{"Fazenda":"FE","Campo":"FE 19","produtividade":153.10426823999995,"unidade_produtividade":"sc/ha","pontos_originais":25,"ano":"2026","cultura":"Milho"}},{"type":"Feature","geometry":{"type":"Point","coordinates":[-52.22452767187538,-10.298395000836013]},"properties":{"Fazenda":"FE","Campo":"FE 19","produtividade":144.57524311999998,"unidade_produtividade":"sc/ha","pontos_originais":25,"ano":"2026","cultura":"Milho"}},{"type":"Feature","geometry":{"type":"Point","coordinates":[-52.224299401413006,-10.298395864608354]},"properties":{"Fazenda":"FE","Campo":"FE 19","produtividade":129.81115056,"unidade_produtividade":"sc/ha","pontos_originais":25,"ano":"2026","cultura":"Milho"}},{"type":"Feature","geometry":{"type":"Point","coordinates":[-52.22407113093046,-10.298396728219751]},"properties":{"Fazenda":"FE","Campo":"FE 19","produtividade":115.42073479999999,"unidade_produtividade":"sc/ha","pontos_originais":25,"ano":"2026","cultura":"Milho"}},{"type":"Feature","geometry":{"type":"Point","coordinates":[-52.22384286042775,-10.298397591670216]},"properties":{"Fazenda":"FE","Campo":"FE 19","produtividade":105.22971983999997,"unidade_produtividade":"sc/ha","pontos_originais":25,"ano":"2026","cultura":"Milho"}},{"type":"Feature","geometry":{"type":"Point","coordinates":[-52.22521248314134,-10.29839240855335]},"properties":{"Fazenda":"FE","Campo":"FE 19","produtividade":150.00491408,"unidade_produtividade":"sc/ha","pontos_originais":25,"ano":"2026","cultura":"Milho"}},{"type":"Feature","geometry":{"type":"Point","coordinates":[-52.22498421273956,-10.298393272808513]},"properties":{"Fazenda":"FE","Campo":"FE 19","produtividade":151.65212160000002,"unidade_produtividade":"sc/ha","pontos_originais":25,"ano":"2026","cultura":"Milho"}},{"type":"Feature","geometry":{"type":"Point","coordinates":[-52.22475594231755,-10.298394136902733]},"properties":{"Fazenda":"FE","Campo":"FE 19","produtividade":150.4347292,"unidade_produtividade":"sc/ha","pontos_originais":25,"ano":"2026","cultura":"Milho"}},{"type":"Feature","geometry":{"type":"Point","coordinates":[-52.22292977821516,-10.298401043862667]},"properties":{"Fazenda":"FE","Campo":"FE 19","produtividade":99.81133904000001,"unidade_produtividade":"sc/ha","pontos_originais":25,"ano":"2026","cultura":"Milho"}},{"type":"Feature","geometry":{"type":"Point","coordinates":[-52.22315804879856,-10.298400181055966]},"properties":{"Fazenda":"FE","Campo":"FE 19","produtividade":104.14042128,"unidade_produtividade":"sc/ha","pontos_originais":25,"ano":"2026","cultura":"Milho"}},{"type":"Feature","geometry":{"type":"Point","coordinates":[-52.222701507611625,-10.298401906508428]},"properties":{"Fazenda":"FE","Campo":"FE 19","produtividade":99.0680852,"unidade_produtividade":"sc/ha","pontos_originais":25,"ano":"2026","cultura":"Milho"}},{"type":"Feature","geometry":{"type":"Point","coordinates":[-52.22247323698794,-10.29840276899325]},"properties":{"Fazenda":"FE","Campo":"FE 19","produtividade":117.8228604,"unidade_produtividade":"sc/ha","pontos_originais":25,"ano":"2026","cultura":"Milho"}},{"type":"Feature","geometry":{"type":"Point","coordinates":[-52.223614589904855,-10.298398454959738]},"properties":{"Fazenda":"FE","Campo":"FE 19","produtividade":104.91705728,"unidade_produtividade":"sc/ha","pontos_originais":25,"ano":"2026","cultura":"Milho"}},{"type":"Feature","geometry":{"type":"Point","coordinates":[-52.22338631936178,-10.298399318088322]},"properties":{"Fazenda":"FE","Campo":"FE 19","produtividade":107.73575567999998,"unidade_produtividade":"sc/ha","pontos_originais":25,"ano":"2026","cultura":"Milho"}},{"type":"Feature","geometry":{"type":"Point","coordinates":[-52.22726691584831,-10.298384623014659]},"properties":{"Fazenda":"FE","Campo":"FE 19","produtividade":124.39825272,"unidade_produtividade":"sc/ha","pontos_originais":25,"ano":"2026","cultura":"Milho"}},{"type":"Feature","geometry":{"type":"Point","coordinates":[-52.213118406296786,-10.298420752436826]},"properties":{"Fazenda":"FE","Campo":"FE 19","produtividade":142.39302866666665,"unidade_produtividade":"sc/ha","pontos_originais":21,"ano":"2026","cultura":"Milho"}},{"type":"Feature","geometry":{"type":"Point","coordinates":[-52.22703864562841,-10.298385488718266]},"properties":{"Fazenda":"FE","Campo":"FE 19","produtividade":132.50601335999997,"unidade_produtividade":"sc/ha","pontos_originais":25,"ano":"2026","cultura":"Milho"}},{"type":"Feature","geometry":{"type":"Point","coordinates":[-52.22681037538828,-10.29838635426094]},"properties":{"Fazenda":"FE","Campo":"FE 19","produtividade":144.06302680000002,"unidade_produtividade":"sc/ha","pontos_originais":25,"ano":"2026","cultura":"Milho"}},{"type":"Feature","geometry":{"type":"Point","coordinates":[-52.21357066698384,-10.29843628036735]},"properties":{"Fazenda":"FE","Campo":"FE 19","produtividade":145.46554791999998,"unidade_produtividade":"sc/ha","pontos_originais":25,"ano":"2026","cultura":"Milho"}},{"type":"Feature","geometry":{"type":"Point","coordinates":[-52.21334239555708,-10.298437136414513]},"properties":{"Fazenda":"FE","Campo":"FE 19","produtividade":145.93436647999997,"unidade_produtividade":"sc/ha","pontos_originais":25,"ano":"2026","cultura":"Milho"}},{"type":"Feature","geometry":{"type":"Point","coordinates":[-52.22589729422557,-10.29838981482224]},"properties":{"Fazenda":"FE","Campo":"FE 19","produtividade":152.90884056000002,"unidade_produtividade":"sc/ha","pontos_originais":25,"ano":"2026","cultura":"Milho"}},{"type":"Feature","geometry":{"type":"Point","coordinates":[-52.22566902388436,-10.29839067956022]},"properties":{"Fazenda":"FE","Campo":"FE 19","produtividade":150.27600783999998,"unidade_produtividade":"sc/ha","pontos_originais":25,"ano":"2026","cultura":"Milho"}},{"type":"Feature","geometry":{"type":"Point","coordinates":[-52.225440753522946,-10.298391544137253]},"properties":{"Fazenda":"FE","Campo":"FE 19","produtividade":149.48873407999997,"unidade_produtividade":"sc/ha","pontos_originais":25,"ano":"2026","cultura":"Milho"}},{"type":"Feature","geometry":{"type":"Point","coordinates":[-52.22658210512792,-10.298387219642672]},"properties":{"Fazenda":"FE","Campo":"FE 19","produtividade":150.13894223999998,"unidade_produtividade":"sc/ha","pontos_originais":25,"ano":"2026","cultura":"Milho"}},{"type":"Feature","geometry":{"type":"Point","coordinates":[-52.22635383484735,-10.298388084863468]},"properties":{"Fazenda":"FE","Campo":"FE 19","produtividade":153.90932088,"unidade_produtividade":"sc/ha","pontos_originais":25,"ano":"2026","cultura":"Milho"}},{"type":"Feature","geometry":{"type":"Point","coordinates":[-52.22612556454656,-10.298388949923323]},"properties":{"Fazenda":"FE","Campo":"FE 19","produtividade":153.74783087999995,"unidade_produtividade":"sc/ha","pontos_originais":25,"ano":"2026","cultura":"Milho"}},{"type":"Feature","geometry":{"type":"Point","coordinates":[-52.22156015429167,-10.298406217323139]},"properties":{"Fazenda":"FE","Campo":"FE 19","produtividade":153.71967016000002,"unidade_produtividade":"sc/ha","pontos_originais":25,"ano":"2026","cultura":"Milho"}},{"type":"Feature","geometry":{"type":"Point","coordinates":[-52.22133188356725,-10.298407079003256]},"properties":{"Fazenda":"FE","Campo":"FE 19","produtividade":156.40891392,"unidade_produtividade":"sc/ha","pontos_originais":25,"ano":"2026","cultura":"Milho"}},{"type":"Feature","geometry":{"type":"Point","coordinates":[-52.22110361282272,-10.298407940522438]},"properties":{"Fazenda":"FE","Campo":"FE 19","produtividade":158.51488799999998,"unidade_produtividade":"sc/ha","pontos_originais":25,"ano":"2026","cultura":"Milho"}},{"type":"Feature","geometry":{"type":"Point","coordinates":[-52.220875342058065,-10.29840880188068]},"properties":{"Fazenda":"FE","Campo":"FE 19","produtividade":154.66584,"unidade_produtividade":"sc/ha","pontos_originais":25,"ano":"2026","cultura":"Milho"}},{"type":"Feature","geometry":{"type":"Point","coordinates":[-52.22224496634408,-10.298403631317132]},"properties":{"Fazenda":"FE","Campo":"FE 19","produtividade":129.53631208000002,"unidade_produtividade":"sc/ha","pontos_originais":25,"ano":"2026","cultura":"Milho"}},{"type":"Feature","geometry":{"type":"Point","coordinates":[-52.22201669568008,-10.298404493480074]},"properties":{"Fazenda":"FE","Campo":"FE 19","produtividade":138.60200032000003,"unidade_produtividade":"sc/ha","pontos_originais":25,"ano":"2026","cultura":"Milho"}},{"type":"Feature","geometry":{"type":"Point","coordinates":[-52.22178842499595,-10.29840535548208]},"properties":{"Fazenda":"FE","Campo":"FE 19","produtividade":151.13482216000003,"unidade_produtividade":"sc/ha","pontos_originais":25,"ano":"2026","cultura":"Milho"}},{"type":"Feature","geometry":{"type":"Point","coordinates":[-52.22064707127325,-10.298409663077978]},"properties":{"Fazenda":"FE","Campo":"FE 19","produtividade":147.35057959999997,"unidade_produtividade":"sc/ha","pontos_originais":25,"ano":"2026","cultura":"Milho"}},{"type":"Feature","geometry":{"type":"Point","coordinates":[-52.21358140793839,-10.298591972000366]},"properties":{"Fazenda":"FE","Campo":"FE 19","produtividade":145.10927200000003,"unidade_produtividade":"sc/ha","pontos_originais":9,"ano":"2026","cultura":"Milho"}},{"type":"Feature","geometry":{"type":"Point","coordinates":[-52.21341139562584,-10.298572515161515]},"properties":{"Fazenda":"FE","Campo":"FE 19","produtividade":146.488223,"unidade_produtividade":"sc/ha","pontos_originais":2,"ano":"2026","cultura":"Milho"}},{"type":"Feature","geometry":{"type":"Point","coordinates":[-52.21289218953899,-10.298390382306085]},"properties":{"Fazenda":"FE","Campo":"FE 19","produtividade":140.099264,"unidade_produtividade":"sc/ha","pontos_originais":14,"ano":"2026","cultura":"Milho"}},{"type":"Feature","geometry":{"type":"Point","coordinates":[-52.21267442076396,-10.298366170158793]},"properties":{"Fazenda":"FE","Campo":"FE 19","produtividade":132.198388,"unidade_produtividade":"sc/ha","pontos_originais":8,"ano":"2026","cultura":"Milho"}},{"type":"Feature","geometry":{"type":"Point","coordinates":[-52.21252027275354,-10.298349793135376]},"properties":{"Fazenda":"FE","Campo":"FE 19","produtividade":123.235966,"unidade_produtividade":"sc/ha","pontos_originais":1,"ano":"2026","cultura":"Milho"}},{"type":"Feature","geometry":{"type":"Point","coordinates":[-52.22744935712956,-10.298338718730484]},"properties":{"Fazenda":"FE","Campo":"FE 19","produtividade":124.97685899999999,"unidade_produtividade":"sc/ha","pontos_originais":10,"ano":"2026","cultura":"Milho"}},{"type":"Feature","geometry":{"type":"Point","coordinates":[-52.22452679957917,-10.298168942541219]},"properties":{"Fazenda":"FE","Campo":"FE 19","produtividade":147.78901928000002,"unidade_produtividade":"sc/ha","pontos_originais":25,"ano":"2026","cultura":"Milho"}},{"type":"Feature","geometry":{"type":"Point","coordinates":[-52.22475506985884,-10.2981680786273]},"properties":{"Fazenda":"FE","Campo":"FE 19","produtividade":149.88002287999998,"unidade_produtividade":"sc/ha","pontos_originais":25,"ano":"2026","cultura":"Milho"}},{"type":"Feature","geometry":{"type":"Point","coordinates":[-52.22429852927931,-10.298169806294199]},"properties":{"Fazenda":"FE","Campo":"FE 19","produtividade":137.38929399999995,"unidade_produtividade":"sc/ha","pontos_originais":25,"ano":"2026","cultura":"Milho"}},{"type":"Feature","geometry":{"type":"Point","coordinates":[-52.22407025895928,-10.298170669886245]},"properties":{"Fazenda":"FE","Campo":"FE 19","produtividade":124.10818952000004,"unidade_produtividade":"sc/ha","pontos_originais":25,"ano":"2026","cultura":"Milho"}},{"type":"Feature","geometry":{"type":"Point","coordinates":[-52.22543988057671,-10.29816548591993]},"properties":{"Fazenda":"FE","Campo":"FE 19","produtividade":153.14239864000004,"unidade_produtividade":"sc/ha","pontos_originais":25,"ano":"2026","cultura":"Milho"}},{"type":"Feature","geometry":{"type":"Point","coordinates":[-52.225211610357604,-10.298166350316654]},"properties":{"Fazenda":"FE","Campo":"FE 19","produtividade":151.21065567999997,"unidade_produtividade":"sc/ha","pontos_originais":25,"ano":"2026","cultura":"Milho"}},{"type":"Feature","geometry":{"type":"Point","coordinates":[-52.22498334011832,-10.298167214552448]},"properties":{"Fazenda":"FE","Campo":"FE 19","produtividade":150.94151016,"unidade_produtividade":"sc/ha","pontos_originais":25,"ano":"2026","cultura":"Milho"}},{"type":"Feature","geometry":{"type":"Point","coordinates":[-52.22315717747742,-10.298174122645069]},"properties":{"Fazenda":"FE","Campo":"FE 19","produtividade":101.71239568000003,"unidade_produtividade":"sc/ha","pontos_originais":25,"ano":"2026","cultura":"Milho"}},{"type":"Feature","geometry":{"type":"Point","coordinates":[-52.22292890705654,-10.298174985432432]},"properties":{"Fazenda":"FE","Campo":"FE 19","produtividade":101.02496544,"unidade_produtividade":"sc/ha","pontos_originais":25,"ano":"2026","cultura":"Milho"}},{"type":"Feature","geometry":{"type":"Point","coordinates":[-52.22270063661552,-10.29817584805886]},"properties":{"Fazenda":"FE","Campo":"FE 19","produtividade":99.38856648000001,"unidade_produtividade":"sc/ha","pontos_originais":25,"ano":"2026","cultura":"Milho"}},{"type":"Feature","geometry":{"type":"Point","coordinates":[-52.222472366154314,-10.298176710524352]},"properties":{"Fazenda":"FE","Campo":"FE 19","produtividade":101.17423288000002,"unidade_produtividade":"sc/ha","pontos_originais":25,"ano":"2026","cultura":"Milho"}},{"type":"Feature","geometry":{"type":"Point","coordinates":[-52.22384198861906,-10.298171533317351]},"properties":{"Fazenda":"FE","Campo":"FE 19","produtividade":110.81236712,"unidade_produtividade":"sc/ha","pontos_originais":25,"ano":"2026","cultura":"Milho"}},{"type":"Feature","geometry":{"type":"Point","coordinates":[-52.223613718258704,-10.298172396587528]},"properties":{"Fazenda":"FE","Campo":"FE 19","produtividade":103.22989879999999,"unidade_produtividade":"sc/ha","pontos_originais":25,"ano":"2026","cultura":"Milho"}},{"type":"Feature","geometry":{"type":"Point","coordinates":[-52.22338544787813,-10.298173259696764]},"properties":{"Fazenda":"FE","Campo":"FE 19","produtividade":101.56974128000002,"unidade_produtividade":"sc/ha","pontos_originais":25,"ano":"2026","cultura":"Milho"}},{"type":"Feature","geometry":{"type":"Point","coordinates":[-52.227490492564336,-10.298153945905732]},"properties":{"Fazenda":"FE","Campo":"FE 19","produtividade":129.33166049999997,"unidade_produtividade":"sc/ha","pontos_originais":24,"ano":"2026","cultura":"Milho"}},{"type":"Feature","geometry":{"type":"Point","coordinates":[-52.227661476447715,-10.298096781915381]},"properties":{"Fazenda":"FE","Campo":"FE 19","produtividade":127.10491966666666,"unidade_produtividade":"sc/ha","pontos_originais":6,"ano":"2026","cultura":"Milho"}},{"type":"Feature","geometry":{"type":"Point","coordinates":[-52.22726604160201,-10.29815856495245]},"properties":{"Fazenda":"FE","Campo":"FE 19","produtividade":133.3757264,"unidade_produtividade":"sc/ha","pontos_originais":25,"ano":"2026","cultura":"Milho"}},{"type":"Feature","geometry":{"type":"Point","coordinates":[-52.227037771544595,-10.29815943063666]},"properties":{"Fazenda":"FE","Campo":"FE 19","produtividade":142.55238648,"unidade_produtividade":"sc/ha","pontos_originais":25,"ano":"2026","cultura":"Milho"}},{"type":"Feature","geometry":{"type":"Point","coordinates":[-52.21288498863548,-10.298212788748504]},"properties":{"Fazenda":"FE","Campo":"FE 19","produtividade":145.98322312000002,"unidade_produtividade":"sc/ha","pontos_originais":25,"ano":"2026","cultura":"Milho"}},{"type":"Feature","geometry":{"type":"Point","coordinates":[-52.212656717311226,-10.298213644293662]},"properties":{"Fazenda":"FE","Campo":"FE 19","produtividade":133.89049072,"unidade_produtividade":"sc/ha","pontos_originais":25,"ano":"2026","cultura":"Milho"}},{"type":"Feature","geometry":{"type":"Point","coordinates":[-52.21242844596701,-10.298214499677883]},"properties":{"Fazenda":"FE","Campo":"FE 19","produtividade":115.53821271999998,"unidade_produtividade":"sc/ha","pontos_originais":25,"ano":"2026","cultura":"Milho"}},{"type":"Feature","geometry":{"type":"Point","coordinates":[-52.21224986936125,-10.298186397137284]},"properties":{"Fazenda":"FE","Campo":"FE 19","produtividade":102.89253545454544,"unidade_produtividade":"sc/ha","pontos_originais":11,"ano":"2026","cultura":"Milho"}},{"type":"Feature","geometry":{"type":"Point","coordinates":[-52.22612469111278,-10.29816289176414]},"properties":{"Fazenda":"FE","Campo":"FE 19","produtividade":158.48123536000003,"unidade_produtividade":"sc/ha","pontos_originais":25,"ano":"2026","cultura":"Milho"}},{"type":"Feature","geometry":{"type":"Point","coordinates":[-52.22589642095429,-10.298163756643673]},"properties":{"Fazenda":"FE","Campo":"FE 19","produtividade":158.26554968,"unidade_produtividade":"sc/ha","pontos_originais":25,"ano":"2026","cultura":"Milho"}},{"type":"Feature","geometry":{"type":"Point","coordinates":[-52.2256681507756,-10.29816462136227]},"properties":{"Fazenda":"FE","Campo":"FE 19","produtividade":155.34107287999998,"unidade_produtividade":"sc/ha","pontos_originais":25,"ano":"2026","cultura":"Milho"}},{"type":"Feature","geometry":{"type":"Point","coordinates":[-52.22680950146698,-10.298160296159931]},"properties":{"Fazenda":"FE","Campo":"FE 19","produtividade":149.95994383999997,"unidade_produtividade":"sc/ha","pontos_originais":25,"ano":"2026","cultura":"Milho"}},{"type":"Feature","geometry":{"type":"Point","coordinates":[-52.22658123136912,-10.298161161522271]},"properties":{"Fazenda":"FE","Campo":"FE 19","produtividade":154.09312912,"unidade_produtividade":"sc/ha","pontos_originais":25,"ano":"2026","cultura":"Milho"}},{"type":"Feature","geometry":{"type":"Point","coordinates":[-52.22635296125107,-10.298162026723674]},"properties":{"Fazenda":"FE","Campo":"FE 19","produtividade":158.30068464,"unidade_produtividade":"sc/ha","pontos_originais":25,"ano":"2026","cultura":"Milho"}},{"type":"Feature","geometry":{"type":"Point","coordinates":[-52.21882003603748,-10.29819048808481]},"properties":{"Fazenda":"FE","Campo":"FE 19","produtividade":149.61239216,"unidade_produtividade":"sc/ha","pontos_originais":25,"ano":"2026","cultura":"Milho"}},{"type":"Feature","geometry":{"type":"Point","coordinates":[-52.21859176523425,-10.298191347814372]},"properties":{"Fazenda":"FE","Campo":"FE 19","produtividade":155.84749711999999,"unidade_produtividade":"sc/ha","pontos_originais":25,"ano":"2026","cultura":"Milho"}},{"type":"Feature","geometry":{"type":"Point","coordinates":[-52.21836349441093,-10.298192207382996]},"properties":{"Fazenda":"FE","Campo":"FE 19","produtividade":152.63237472,"unidade_produtividade":"sc/ha","pontos_originais":25,"ano":"2026","cultura":"Milho"}},{"type":"Feature","geometry":{"type":"Point","coordinates":[-52.21817010495579,-10.298184956818162]},"properties":{"Fazenda":"FE","Campo":"FE 19","produtividade":148.80682188235292,"unidade_produtividade":"sc/ha","pontos_originais":17,"ano":"2026","cultura":"Milho"}},{"type":"Feature","geometry":{"type":"Point","coordinates":[-52.219504848326615,-10.298187907930501]},"properties":{"Fazenda":"FE","Campo":"FE 19","produtividade":128.25809416,"unidade_produtividade":"sc/ha","pontos_originais":25,"ano":"2026","cultura":"Milho"}},{"type":"Feature","geometry":{"type":"Point","coordinates":[-52.219276577583656,-10.298188768142877]},"properties":{"Fazenda":"FE","Campo":"FE 19","produtividade":132.29391335999998,"unidade_produtividade":"sc/ha","pontos_originais":25,"ano":"2026","cultura":"Milho"}},{"type":"Feature","geometry":{"type":"Point","coordinates":[-52.2190483068206,-10.298189628194311]},"properties":{"Fazenda":"FE","Campo":"FE 19","produtividade":138.58499144000004,"unidade_produtividade":"sc/ha","pontos_originais":25,"ano":"2026","cultura":"Milho"}},{"type":"Feature","geometry":{"type":"Point","coordinates":[-52.216537327101825,-10.298199078138227]},"properties":{"Fazenda":"FE","Campo":"FE 19","produtividade":145.51825064,"unidade_produtividade":"sc/ha","pontos_originais":25,"ano":"2026","cultura":"Milho"}},{"type":"Feature","geometry":{"type":"Point","coordinates":[-52.2163090560979,-10.298199936258412]},"properties":{"Fazenda":"FE","Campo":"FE 19","produtividade":151.16461303999998,"unidade_produtividade":"sc/ha","pontos_originais":25,"ano":"2026","cultura":"Milho"}},{"type":"Feature","geometry":{"type":"Point","coordinates":[-52.21608078507393,-10.298200794217653]},"properties":{"Fazenda":"FE","Campo":"FE 19","produtividade":150.57390432,"unidade_produtividade":"sc/ha","pontos_originais":25,"ano":"2026","cultura":"Milho"}},{"type":"Feature","geometry":{"type":"Point","coordinates":[-52.21585251402992,-10.29820165201596]},"properties":{"Fazenda":"FE","Campo":"FE 19","produtividade":147.86224263999998,"unidade_produtividade":"sc/ha","pontos_originais":25,"ano":"2026","cultura":"Milho"}},{"type":"Feature","geometry":{"type":"Point","coordinates":[-52.217199312900064,-10.298196588682007]},"properties":{"Fazenda":"FE","Campo":"FE 19","produtividade":85.0309453,"unidade_produtividade":"sc/ha","pontos_originais":20,"ano":"2026","cultura":"Milho"}},{"type":"Feature","geometry":{"type":"Point","coordinates":[-52.21699386904948,-10.29819736141505]},"properties":{"Fazenda":"FE","Campo":"FE 19","produtividade":105.39489743999998,"unidade_produtividade":"sc/ha","pontos_originais":25,"ano":"2026","cultura":"Milho"}},{"type":"Feature","geometry":{"type":"Point","coordinates":[-52.216765598085686,-10.298198219857106]},"properties":{"Fazenda":"FE","Campo":"FE 19","produtividade":129.01365736,"unidade_produtividade":"sc/ha","pontos_originais":25,"ano":"2026","cultura":"Milho"}},{"type":"Feature","geometry":{"type":"Point","coordinates":[-52.221787554649865,-10.298179296955206]},"properties":{"Fazenda":"FE","Campo":"FE 19","produtividade":141.65678576,"unidade_produtividade":"sc/ha","pontos_originais":25,"ano":"2026","cultura":"Milho"}},{"type":"Feature","geometry":{"type":"Point","coordinates":[-52.221559284108096,-10.298180158776955]},"properties":{"Fazenda":"FE","Campo":"FE 19","produtividade":151.41334768000002,"unidade_produtividade":"sc/ha","pontos_originais":25,"ano":"2026","cultura":"Milho"}},{"type":"Feature","geometry":{"type":"Point","coordinates":[-52.221331013546205,-10.298181020437765]},"properties":{"Fazenda":"FE","Campo":"FE 19","produtividade":159.46858927999995,"unidade_produtividade":"sc/ha","pontos_originais":25,"ano":"2026","cultura":"Milho"}},{"type":"Feature","geometry":{"type":"Point","coordinates":[-52.22110274296418,-10.298181881937635]},"properties":{"Fazenda":"FE","Campo":"FE 19","produtividade":161.64086512000003,"unidade_produtividade":"sc/ha","pontos_originais":25,"ano":"2026","cultura":"Milho"}},{"type":"Feature","geometry":{"type":"Point","coordinates":[-52.22224409567298,-10.298177572828909]},"properties":{"Fazenda":"FE","Campo":"FE 19","produtividade":122.73894751999998,"unidade_produtividade":"sc/ha","pontos_originais":25,"ano":"2026","cultura":"Milho"}},{"type":"Feature","geometry":{"type":"Point","coordinates":[-52.22201582517151,-10.298178434972526]},"properties":{"Fazenda":"FE","Campo":"FE 19","produtividade":133.32419632,"unidade_produtividade":"sc/ha","pontos_originais":25,"ano":"2026","cultura":"Milho"}},{"type":"Feature","geometry":{"type":"Point","coordinates":[-52.220189660434805,-10.298185326327753]},"properties":{"Fazenda":"FE","Campo":"FE 19","produtividade":137.95635616,"unidade_produtividade":"sc/ha","pontos_originais":25,"ano":"2026","cultura":"Milho"}},{"type":"Feature","geometry":{"type":"Point","coordinates":[-52.220417931097344,-10.298184465471628]},"properties":{"Fazenda":"FE","Campo":"FE 19","produtividade":150.50443688000001,"unidade_produtividade":"sc/ha","pontos_originais":25,"ano":"2026","cultura":"Milho"}},{"type":"Feature","geometry":{"type":"Point","coordinates":[-52.219961389752186,-10.29818618702294]},"properties":{"Fazenda":"FE","Campo":"FE 19","produtividade":130.8369244,"unidade_produtividade":"sc/ha","pontos_originais":25,"ano":"2026","cultura":"Milho"}},{"type":"Feature","geometry":{"type":"Point","coordinates":[-52.219733119049444,-10.298187047557189]},"properties":{"Fazenda":"FE","Campo":"FE 19","produtividade":127.46474496000002,"unidade_produtividade":"sc/ha","pontos_originais":25,"ano":"2026","cultura":"Milho"}},{"type":"Feature","geometry":{"type":"Point","coordinates":[-52.22087447236201,-10.29818274327657]},"properties":{"Fazenda":"FE","Campo":"FE 19","produtividade":161.30392263999997,"unidade_produtividade":"sc/ha","pontos_originais":25,"ano":"2026","cultura":"Milho"}},{"type":"Feature","geometry":{"type":"Point","coordinates":[-52.22064620173974,-10.298183604454566]},"properties":{"Fazenda":"FE","Campo":"FE 19","produtividade":156.72120352000002,"unidade_produtividade":"sc/ha","pontos_originais":25,"ano":"2026","cultura":"Milho"}},{"type":"Feature","geometry":{"type":"Point","coordinates":[-52.21493942965353,-10.298205081599797]},"properties":{"Fazenda":"FE","Campo":"FE 19","produtividade":156.34388055999997,"unidade_produtividade":"sc/ha","pontos_originais":25,"ano":"2026","cultura":"Milho"}},{"type":"Feature","geometry":{"type":"Point","coordinates":[-52.21516770077766,-10.298204224445245]},"properties":{"Fazenda":"FE","Campo":"FE 19","produtividade":155.80651184,"unidade_produtividade":"sc/ha","pontos_originais":25,"ano":"2026","cultura":"Milho"}},{"type":"Feature","geometry":{"type":"Point","coordinates":[-52.21471115850935,-10.29820593859341]},"properties":{"Fazenda":"FE","Campo":"FE 19","produtividade":156.85828143999998,"unidade_produtividade":"sc/ha","pontos_originais":25,"ano":"2026","cultura":"Milho"}},{"type":"Feature","geometry":{"type":"Point","coordinates":[-52.21448288734515,-10.298206795426083]},"properties":{"Fazenda":"FE","Campo":"FE 19","produtividade":157.34934208,"unidade_produtividade":"sc/ha","pontos_originais":25,"ano":"2026","cultura":"Milho"}},{"type":"Feature","geometry":{"type":"Point","coordinates":[-52.21562424296588,-10.298202509653327]},"properties":{"Fazenda":"FE","Campo":"FE 19","produtividade":149.9126664,"unidade_produtividade":"sc/ha","pontos_originais":25,"ano":"2026","cultura":"Milho"}},{"type":"Feature","geometry":{"type":"Point","coordinates":[-52.21539597188179,-10.298203367129757]},"properties":{"Fazenda":"FE","Campo":"FE 19","produtividade":153.18124584,"unidade_produtividade":"sc/ha","pontos_originais":25,"ano":"2026","cultura":"Milho"}},{"type":"Feature","geometry":{"type":"Point","coordinates":[-52.213569802488216,-10.298210221147382]},"properties":{"Fazenda":"FE","Campo":"FE 19","produtividade":147.98212127999997,"unidade_produtividade":"sc/ha","pontos_originais":25,"ano":"2026","cultura":"Milho"}},{"type":"Feature","geometry":{"type":"Point","coordinates":[-52.21334153122397,-10.298211077175365]},"properties":{"Fazenda":"FE","Campo":"FE 19","produtividade":148.5113,"unidade_produtividade":"sc/ha","pontos_originais":25,"ano":"2026","cultura":"Milho"}},{"type":"Feature","geometry":{"type":"Point","coordinates":[-52.21311325993971,-10.298211933042403]},"properties":{"Fazenda":"FE","Campo":"FE 19","produtividade":150.63786528,"unidade_produtividade":"sc/ha","pontos_originais":25,"ano":"2026","cultura":"Milho"}},{"type":"Feature","geometry":{"type":"Point","coordinates":[-52.21425461616092,-10.298207652097815]},"properties":{"Fazenda":"FE","Campo":"FE 19","produtividade":156.97494903999998,"unidade_produtividade":"sc/ha","pontos_originais":25,"ano":"2026","cultura":"Milho"}},{"type":"Feature","geometry":{"type":"Point","coordinates":[-52.21402634495671,-10.298208508608612]},"properties":{"Fazenda":"FE","Campo":"FE 19","produtividade":154.31499384,"unidade_produtividade":"sc/ha","pontos_originais":25,"ano":"2026","cultura":"Milho"}},{"type":"Feature","geometry":{"type":"Point","coordinates":[-52.21379807373247,-10.298209364958469]},"properties":{"Fazenda":"FE","Campo":"FE 19","produtividade":148.54951719999997,"unidade_produtividade":"sc/ha","pontos_originais":25,"ano":"2026","cultura":"Milho"}}]}