{"type":"FeatureCollection","features":[{"type":"Feature","geometry":{"type":"Point","coordinates":[-52.20769071112215,-10.31611958995219]},"properties":{"Fazenda":"FE","Campo":"FE 16","produtividade":187.94094824536,"unidade_produtividade":"sc/ha","pontos_originais":25,"ano":"2026","cultura":"Milho"}},{"type":"Feature","geometry":{"type":"Point","coordinates":[-52.20791899575706,-10.31611873644526]},"properties":{"Fazenda":"FE","Campo":"FE 16","produtividade":190.10731530144002,"unidade_produtividade":"sc/ha","pontos_originais":25,"ano":"2026","cultura":"Milho"}},{"type":"Feature","geometry":{"type":"Point","coordinates":[-52.2074624264673,-10.3161204432979]},"properties":{"Fazenda":"FE","Campo":"FE 16","produtividade":189.39332773536003,"unidade_produtividade":"sc/ha","pontos_originais":25,"ano":"2026","cultura":"Milho"}},{"type":"Feature","geometry":{"type":"Point","coordinates":[-52.20723414179257,-10.316121296482377]},"properties":{"Fazenda":"FE","Campo":"FE 16","produtividade":184.21961376904,"unidade_produtividade":"sc/ha","pontos_originais":25,"ano":"2026","cultura":"Milho"}},{"type":"Feature","geometry":{"type":"Point","coordinates":[-52.20837556496716,-10.316117028947716]},"properties":{"Fazenda":"FE","Campo":"FE 16","produtividade":189.16783234540003,"unidade_produtividade":"sc/ha","pontos_originais":25,"ano":"2026","cultura":"Milho"}},{"type":"Feature","geometry":{"type":"Point","coordinates":[-52.208603849542335,-10.316116174957106]},"properties":{"Fazenda":"FE","Campo":"FE 16","produtividade":173.71718501331998,"unidade_produtividade":"sc/ha","pontos_originais":25,"ano":"2026","cultura":"Milho"}},{"type":"Feature","geometry":{"type":"Point","coordinates":[-52.208147280372074,-10.3161178827771]},"properties":{"Fazenda":"FE","Campo":"FE 16","produtividade":194.82169282796,"unidade_produtividade":"sc/ha","pontos_originais":25,"ano":"2026","cultura":"Milho"}},{"type":"Feature","geometry":{"type":"Point","coordinates":[-52.20883213409758,-10.316115320805268]},"properties":{"Fazenda":"FE","Campo":"FE 16","produtividade":162.81770019704004,"unidade_produtividade":"sc/ha","pontos_originais":25,"ano":"2026","cultura":"Milho"}},{"type":"Feature","geometry":{"type":"Point","coordinates":[-52.20899193327508,-10.316114722808694]},"properties":{"Fazenda":"FE","Campo":"FE 16","produtividade":155.8138498861,"unidade_produtividade":"sc/ha","pontos_originais":10,"ano":"2026","cultura":"Milho"}},{"type":"Feature","geometry":{"type":"Point","coordinates":[-52.20700585709792,-10.316122149505631]},"properties":{"Fazenda":"FE","Campo":"FE 16","produtividade":174.96951040548004,"unidade_produtividade":"sc/ha","pontos_originais":25,"ano":"2026","cultura":"Milho"}},{"type":"Feature","geometry":{"type":"Point","coordinates":[-52.20677757238337,-10.31612300236766]},"properties":{"Fazenda":"FE","Campo":"FE 16","produtividade":177.85883129304003,"unidade_produtividade":"sc/ha","pontos_originais":25,"ano":"2026","cultura":"Milho"}},{"type":"Feature","geometry":{"type":"Point","coordinates":[-52.20655962509364,-10.316113540878602]},"properties":{"Fazenda":"FE","Campo":"FE 16","produtividade":181.64696253490914,"unidade_produtividade":"sc/ha","pontos_originais":22,"ano":"2026","cultura":"Milho"}},{"type":"Feature","geometry":{"type":"Point","coordinates":[-52.20638164926198,-10.316064197731135]},"properties":{"Fazenda":"FE","Campo":"FE 16","produtividade":183.32609308400004,"unidade_produtividade":"sc/ha","pontos_originais":6,"ano":"2026","cultura":"Milho"}},{"type":"Feature","geometry":{"type":"Point","coordinates":[-52.208977519541065,-10.316325768497448]},"properties":{"Fazenda":"FE","Campo":"FE 16","produtividade":169.92345539516668,"unidade_produtividade":"sc/ha","pontos_originais":6,"ano":"2026","cultura":"Milho"}},{"type":"Feature","geometry":{"type":"Point","coordinates":[-52.208148142534526,-10.316343942202355]},"properties":{"Fazenda":"FE","Campo":"FE 16","produtividade":199.17736813916002,"unidade_produtividade":"sc/ha","pontos_originais":25,"ano":"2026","cultura":"Milho"}},{"type":"Feature","geometry":{"type":"Point","coordinates":[-52.207919857756714,-10.31634479588961]},"properties":{"Fazenda":"FE","Campo":"FE 16","produtividade":195.89311453839997,"unidade_produtividade":"sc/ha","pontos_originais":25,"ano":"2026","cultura":"Milho"}},{"type":"Feature","geometry":{"type":"Point","coordinates":[-52.207691572958964,-10.316345649415643]},"properties":{"Fazenda":"FE","Campo":"FE 16","produtividade":189.31348874368004,"unidade_produtividade":"sc/ha","pontos_originais":25,"ano":"2026","cultura":"Milho"}},{"type":"Feature","geometry":{"type":"Point","coordinates":[-52.20746328814132,-10.316346502780442]},"properties":{"Fazenda":"FE","Campo":"FE 16","produtividade":184.3280670576,"unidade_produtividade":"sc/ha","pontos_originais":25,"ano":"2026","cultura":"Milho"}},{"type":"Feature","geometry":{"type":"Point","coordinates":[-52.20883299674847,-10.316341380173194]},"properties":{"Fazenda":"FE","Campo":"FE 16","produtividade":178.1807820694,"unidade_produtividade":"sc/ha","pontos_originais":25,"ano":"2026","cultura":"Milho"}},{"type":"Feature","geometry":{"type":"Point","coordinates":[-52.208604712030436,-10.316342234344145]},"properties":{"Fazenda":"FE","Campo":"FE 16","produtividade":185.37623090468006,"unidade_produtividade":"sc/ha","pontos_originais":25,"ano":"2026","cultura":"Milho"}},{"type":"Feature","geometry":{"type":"Point","coordinates":[-52.208376427292436,-10.316343088353863]},"properties":{"Fazenda":"FE","Campo":"FE 16","produtividade":193.46317391472002,"unidade_produtividade":"sc/ha","pontos_originais":25,"ano":"2026","cultura":"Milho"}},{"type":"Feature","geometry":{"type":"Point","coordinates":[-52.207020346632554,-10.316330073086792]},"properties":{"Fazenda":"FE","Campo":"FE 16","produtividade":175.4977057844,"unidade_produtividade":"sc/ha","pontos_originais":20,"ano":"2026","cultura":"Milho"}},{"type":"Feature","geometry":{"type":"Point","coordinates":[-52.206778318742806,-10.31631892063645]},"properties":{"Fazenda":"FE","Campo":"FE 16","produtividade":178.1333548725,"unidade_produtividade":"sc/ha","pontos_originais":18,"ano":"2026","cultura":"Milho"}},{"type":"Feature","geometry":{"type":"Point","coordinates":[-52.206625956612505,-10.316274277227244]},"properties":{"Fazenda":"FE","Campo":"FE 16","produtividade":180.54851229100004,"unidade_produtividade":"sc/ha","pontos_originais":3,"ano":"2026","cultura":"Milho"}},{"type":"Feature","geometry":{"type":"Point","coordinates":[-52.207235003303786,-10.316347355984014]},"properties":{"Fazenda":"FE","Campo":"FE 16","produtividade":179.46460919983997,"unidade_produtividade":"sc/ha","pontos_originais":25,"ano":"2026","cultura":"Milho"}},{"type":"Feature","geometry":{"type":"Point","coordinates":[-52.20897048522846,-10.316476503212137]},"properties":{"Fazenda":"FE","Campo":"FE 16","produtividade":177.33454615300002,"unidade_produtividade":"sc/ha","pontos_originais":1,"ano":"2026","cultura":"Milho"}},{"type":"Feature","geometry":{"type":"Point","coordinates":[-52.20883385941929,-10.316567439537893]},"properties":{"Fazenda":"FE","Campo":"FE 16","produtividade":184.52684955028002,"unidade_produtividade":"sc/ha","pontos_originais":25,"ano":"2026","cultura":"Milho"}},{"type":"Feature","geometry":{"type":"Point","coordinates":[-52.20860557453844,-10.316568293727952]},"properties":{"Fazenda":"FE","Campo":"FE 16","produtividade":191.13810643499994,"unidade_produtividade":"sc/ha","pontos_originais":25,"ano":"2026","cultura":"Milho"}},{"type":"Feature","geometry":{"type":"Point","coordinates":[-52.20769243481573,-10.316571708875864]},"properties":{"Fazenda":"FE","Campo":"FE 16","produtividade":190.95939395727999,"unidade_produtividade":"sc/ha","pontos_originais":25,"ano":"2026","cultura":"Milho"}},{"type":"Feature","geometry":{"type":"Point","coordinates":[-52.20746414983526,-10.316572562259761]},"properties":{"Fazenda":"FE","Campo":"FE 16","produtividade":180.46450718436006,"unidade_produtividade":"sc/ha","pontos_originais":25,"ano":"2026","cultura":"Milho"}},{"type":"Feature","geometry":{"type":"Point","coordinates":[-52.207255016288016,-10.31655430704966]},"properties":{"Fazenda":"FE","Campo":"FE 16","produtividade":177.26554182805262,"unidade_produtividade":"sc/ha","pontos_originais":19,"ano":"2026","cultura":"Milho"}},{"type":"Feature","geometry":{"type":"Point","coordinates":[-52.20709854924936,-10.316483503541647]},"properties":{"Fazenda":"FE","Campo":"FE 16","produtividade":180.180549058,"unidade_produtividade":"sc/ha","pontos_originais":1,"ano":"2026","cultura":"Milho"}},{"type":"Feature","geometry":{"type":"Point","coordinates":[-52.20837728963764,-10.316569147756784]},"properties":{"Fazenda":"FE","Campo":"FE 16","produtividade":193.24503672915995,"unidade_produtividade":"sc/ha","pontos_originais":25,"ano":"2026","cultura":"Milho"}},{"type":"Feature","geometry":{"type":"Point","coordinates":[-52.20814900471692,-10.316570001624378]},"properties":{"Fazenda":"FE","Campo":"FE 16","produtividade":196.84666926516002,"unidade_produtividade":"sc/ha","pontos_originais":25,"ano":"2026","cultura":"Milho"}},{"type":"Feature","geometry":{"type":"Point","coordinates":[-52.20792071977628,-10.31657085533074]},"properties":{"Fazenda":"FE","Campo":"FE 16","produtividade":196.22713743512006,"unidade_produtividade":"sc/ha","pontos_originais":25,"ano":"2026","cultura":"Milho"}},{"type":"Feature","geometry":{"type":"Point","coordinates":[-52.207921581815754,-10.316796914768638]},"properties":{"Fazenda":"FE","Campo":"FE 16","produtividade":196.04593829428003,"unidade_produtividade":"sc/ha","pontos_originais":25,"ano":"2026","cultura":"Milho"}},{"type":"Feature","geometry":{"type":"Point","coordinates":[-52.20814986691923,-10.316796061043174]},"properties":{"Fazenda":"FE","Campo":"FE 16","produtividade":193.70290859648,"unidade_produtividade":"sc/ha","pontos_originais":25,"ano":"2026","cultura":"Milho"}},{"type":"Feature","geometry":{"type":"Point","coordinates":[-52.2076932966924,-10.31679776833286]},"properties":{"Fazenda":"FE","Campo":"FE 16","produtividade":193.28265616764003,"unidade_produtividade":"sc/ha","pontos_originais":25,"ano":"2026","cultura":"Milho"}},{"type":"Feature","geometry":{"type":"Point","coordinates":[-52.2074826713164,-10.316773437646845]},"properties":{"Fazenda":"FE","Campo":"FE 16","produtividade":186.56649209283336,"unidade_produtividade":"sc/ha","pontos_originais":18,"ano":"2026","cultura":"Milho"}},{"type":"Feature","geometry":{"type":"Point","coordinates":[-52.20882224666928,-10.316787380242808]},"properties":{"Fazenda":"FE","Campo":"FE 16","produtividade":183.32355247613634,"unidade_produtividade":"sc/ha","pontos_originais":22,"ano":"2026","cultura":"Milho"}},{"type":"Feature","geometry":{"type":"Point","coordinates":[-52.20860643706637,-10.31679435310854]},"properties":{"Fazenda":"FE","Campo":"FE 16","produtividade":190.51285414883998,"unidade_produtividade":"sc/ha","pontos_originais":25,"ano":"2026","cultura":"Milho"}},{"type":"Feature","geometry":{"type":"Point","coordinates":[-52.20837815200275,-10.316795207156476]},"properties":{"Fazenda":"FE","Campo":"FE 16","produtividade":191.42978961571995,"unidade_produtividade":"sc/ha","pontos_originais":25,"ano":"2026","cultura":"Milho"}},{"type":"Feature","geometry":{"type":"Point","coordinates":[-52.20732769580473,-10.3167087099122]},"properties":{"Fazenda":"FE","Campo":"FE 16","produtividade":176.185065274,"unidade_produtividade":"sc/ha","pontos_originais":1,"ano":"2026","cultura":"Milho"}},{"type":"Feature","geometry":{"type":"Point","coordinates":[-52.20815072914144,-10.31702212045874]},"properties":{"Fazenda":"FE","Campo":"FE 16","produtividade":194.03560828872,"unidade_produtividade":"sc/ha","pontos_originais":25,"ano":"2026","cultura":"Milho"}},{"type":"Feature","geometry":{"type":"Point","coordinates":[-52.20792244387516,-10.317022974203304]},"properties":{"Fazenda":"FE","Campo":"FE 16","produtividade":197.91262639556007,"unidade_produtividade":"sc/ha","pontos_originais":25,"ano":"2026","cultura":"Milho"}},{"type":"Feature","geometry":{"type":"Point","coordinates":[-52.20769797052596,-10.317025697390683]},"properties":{"Fazenda":"FE","Campo":"FE 16","produtividade":197.4294212648333,"unidade_produtividade":"sc/ha","pontos_originais":24,"ano":"2026","cultura":"Milho"}},{"type":"Feature","geometry":{"type":"Point","coordinates":[-52.20880511803627,-10.31701213685514]},"properties":{"Fazenda":"FE","Campo":"FE 16","produtividade":179.46046758866666,"unidade_produtividade":"sc/ha","pontos_originais":18,"ano":"2026","cultura":"Milho"}},{"type":"Feature","geometry":{"type":"Point","coordinates":[-52.20860729961425,-10.317020412485896]},"properties":{"Fazenda":"FE","Campo":"FE 16","produtividade":188.06047913039998,"unidade_produtividade":"sc/ha","pontos_originais":25,"ano":"2026","cultura":"Milho"}},{"type":"Feature","geometry":{"type":"Point","coordinates":[-52.20837901438781,-10.317021266552938]},"properties":{"Fazenda":"FE","Campo":"FE 16","produtividade":192.19387234628002,"unidade_produtividade":"sc/ha","pontos_originais":25,"ano":"2026","cultura":"Milho"}},{"type":"Feature","geometry":{"type":"Point","coordinates":[-52.20860816218204,-10.317246471860019]},"properties":{"Fazenda":"FE","Campo":"FE 16","produtividade":186.9834034068,"unidade_produtividade":"sc/ha","pontos_originais":25,"ano":"2026","cultura":"Milho"}},{"type":"Feature","geometry":{"type":"Point","coordinates":[-52.20878750461038,-10.317239341844944]},"properties":{"Fazenda":"FE","Campo":"FE 16","produtividade":176.42865622235715,"unidade_produtividade":"sc/ha","pontos_originais":14,"ano":"2026","cultura":"Milho"}},{"type":"Feature","geometry":{"type":"Point","coordinates":[-52.20837987679277,-10.317247325946173]},"properties":{"Fazenda":"FE","Campo":"FE 16","produtividade":194.34077939032,"unidade_produtividade":"sc/ha","pontos_originais":25,"ano":"2026","cultura":"Milho"}},{"type":"Feature","geometry":{"type":"Point","coordinates":[-52.208151591383576,-10.317248179871083]},"properties":{"Fazenda":"FE","Campo":"FE 16","produtividade":195.65632808627998,"unidade_produtividade":"sc/ha","pontos_originais":25,"ano":"2026","cultura":"Milho"}},{"type":"Feature","geometry":{"type":"Point","coordinates":[-52.20755753213281,-10.317114763650993]},"properties":{"Fazenda":"FE","Campo":"FE 16","produtividade":195.149635487,"unidade_produtividade":"sc/ha","pontos_originais":1,"ano":"2026","cultura":"Milho"}},{"type":"Feature","geometry":{"type":"Point","coordinates":[-52.20792330595447,-10.317249033634749]},"properties":{"Fazenda":"FE","Campo":"FE 16","produtividade":199.2288161954,"unidade_produtividade":"sc/ha","pontos_originais":25,"ano":"2026","cultura":"Milho"}},{"type":"Feature","geometry":{"type":"Point","coordinates":[-52.207695020505454,-10.317249887237171]},"properties":{"Fazenda":"FE","Campo":"FE 16","produtividade":198.91512625811995,"unidade_produtividade":"sc/ha","pontos_originais":25,"ano":"2026","cultura":"Milho"}},{"type":"Feature","geometry":{"type":"Point","coordinates":[-52.20748603164332,-10.317269705403893]},"properties":{"Fazenda":"FE","Campo":"FE 16","produtividade":185.26716035878945,"unidade_produtividade":"sc/ha","pontos_originais":19,"ano":"2026","cultura":"Milho"}},{"type":"Feature","geometry":{"type":"Point","coordinates":[-52.20631842043405,-10.315446528854782]},"properties":{"Fazenda":"FE","Campo":"FE 16","produtividade":190.06084410564003,"unidade_produtividade":"sc/ha","pontos_originais":25,"ano":"2026","cultura":"Milho"}},{"type":"Feature","geometry":{"type":"Point","coordinates":[-52.206546704699974,-10.31544567637244]},"properties":{"Fazenda":"FE","Campo":"FE 16","produtividade":188.29289943184003,"unidade_produtividade":"sc/ha","pontos_originais":25,"ano":"2026","cultura":"Milho"}},{"type":"Feature","geometry":{"type":"Point","coordinates":[-52.20609013614825,-10.31544738117591]},"properties":{"Fazenda":"FE","Campo":"FE 16","produtividade":184.33805965468,"unidade_produtividade":"sc/ha","pontos_originais":25,"ano":"2026","cultura":"Milho"}},{"type":"Feature","geometry":{"type":"Point","coordinates":[-52.20586185184257,-10.315448233335829]},"properties":{"Fazenda":"FE","Campo":"FE 16","produtividade":179.04185455740003,"unidade_produtividade":"sc/ha","pontos_originais":25,"ano":"2026","cultura":"Milho"}},{"type":"Feature","geometry":{"type":"Point","coordinates":[-52.20700327317212,-10.315443970924095]},"properties":{"Fazenda":"FE","Campo":"FE 16","produtividade":184.02174522047997,"unidade_produtividade":"sc/ha","pontos_originais":25,"ano":"2026","cultura":"Milho"}},{"type":"Feature","geometry":{"type":"Point","coordinates":[-52.20723155737834,-10.315443117958102]},"properties":{"Fazenda":"FE","Campo":"FE 16","produtividade":180.83577701488,"unidade_produtividade":"sc/ha","pontos_originais":25,"ano":"2026","cultura":"Milho"}},{"type":"Feature","geometry":{"type":"Point","coordinates":[-52.206774988946,-10.315444823728875]},"properties":{"Fazenda":"FE","Campo":"FE 16","produtividade":185.76745906943998,"unidade_produtividade":"sc/ha","pontos_originais":25,"ano":"2026","cultura":"Milho"}},{"type":"Feature","geometry":{"type":"Point","coordinates":[-52.204720430016,-10.315452491717156]},"properties":{"Fazenda":"FE","Campo":"FE 16","produtividade":150.29977231484,"unidade_produtividade":"sc/ha","pontos_originais":25,"ano":"2026","cultura":"Milho"}},{"type":"Feature","geometry":{"type":"Point","coordinates":[-52.20451129716865,-10.315434234627336]},"properties":{"Fazenda":"FE","Campo":"FE 16","produtividade":138.2944950606842,"unidade_produtividade":"sc/ha","pontos_originais":19,"ano":"2026","cultura":"Milho"}},{"type":"Feature","geometry":{"type":"Point","coordinates":[-52.20905401119725,-10.31543253500974]},"properties":{"Fazenda":"FE","Campo":"FE 16","produtividade":145.40233863154162,"unidade_produtividade":"sc/ha","pontos_originais":24,"ano":"2026","cultura":"Milho"}},{"type":"Feature","geometry":{"type":"Point","coordinates":[-52.208833365374,-10.31544089610259]},"properties":{"Fazenda":"FE","Campo":"FE 16","produtividade":131.2177032345417,"unidade_produtividade":"sc/ha","pontos_originais":24,"ano":"2026","cultura":"Milho"}},{"type":"Feature","geometry":{"type":"Point","coordinates":[-52.208615670094076,-10.315474678053347]},"properties":{"Fazenda":"FE","Campo":"FE 16","produtividade":126.73599562706252,"unidade_produtividade":"sc/ha","pontos_originais":16,"ano":"2026","cultura":"Milho"}},{"type":"Feature","geometry":{"type":"Point","coordinates":[-52.20538598678997,-10.315430972296193]},"properties":{"Fazenda":"FE","Campo":"FE 16","produtividade":168.0149779396316,"unidade_produtividade":"sc/ha","pontos_originais":19,"ano":"2026","cultura":"Milho"}},{"type":"Feature","geometry":{"type":"Point","coordinates":[-52.205650942555614,-10.315400330031492]},"properties":{"Fazenda":"FE","Campo":"FE 16","produtividade":175.65173546369232,"unidade_produtividade":"sc/ha","pontos_originais":13,"ano":"2026","cultura":"Milho"}},{"type":"Feature","geometry":{"type":"Point","coordinates":[-52.20517699880624,-10.31545078884827]},"properties":{"Fazenda":"FE","Campo":"FE 16","produtividade":169.98678672768006,"unidade_produtividade":"sc/ha","pontos_originais":25,"ano":"2026","cultura":"Milho"}},{"type":"Feature","geometry":{"type":"Point","coordinates":[-52.204948714421064,-10.315451640363321]},"properties":{"Fazenda":"FE","Campo":"FE 16","produtividade":168.94175064759997,"unidade_produtividade":"sc/ha","pontos_originais":25,"ano":"2026","cultura":"Milho"}},{"type":"Feature","geometry":{"type":"Point","coordinates":[-52.20790849204667,-10.315446484984397]},"properties":{"Fazenda":"FE","Campo":"FE 16","produtividade":121.76681203608698,"unidade_produtividade":"sc/ha","pontos_originais":23,"ano":"2026","cultura":"Milho"}},{"type":"Feature","geometry":{"type":"Point","coordinates":[-52.207688125731075,-10.315441411542473]},"properties":{"Fazenda":"FE","Campo":"FE 16","produtividade":142.40189133380005,"unidade_produtividade":"sc/ha","pontos_originais":25,"ano":"2026","cultura":"Milho"}},{"type":"Feature","geometry":{"type":"Point","coordinates":[-52.20745984156467,-10.315442264830892]},"properties":{"Fazenda":"FE","Campo":"FE 16","produtividade":167.70133904364005,"unidade_produtividade":"sc/ha","pontos_originais":25,"ano":"2026","cultura":"Milho"}},{"type":"Feature","geometry":{"type":"Point","coordinates":[-52.20840981398671,-10.31552009548275]},"properties":{"Fazenda":"FE","Campo":"FE 16","produtividade":118.51639646420001,"unidade_produtividade":"sc/ha","pontos_originais":5,"ano":"2026","cultura":"Milho"}},{"type":"Feature","geometry":{"type":"Point","coordinates":[-52.20883040885555,-10.315663202059724]},"properties":{"Fazenda":"FE","Campo":"FE 16","produtividade":138.49968427672002,"unidade_produtividade":"sc/ha","pontos_originais":25,"ano":"2026","cultura":"Milho"}},{"type":"Feature","geometry":{"type":"Point","coordinates":[-52.20903224199394,-10.315657687567523]},"properties":{"Fazenda":"FE","Campo":"FE 16","produtividade":137.5378116800526,"unidade_produtividade":"sc/ha","pontos_originais":19,"ano":"2026","cultura":"Milho"}},{"type":"Feature","geometry":{"type":"Point","coordinates":[-52.20860212462593,-10.315664056173341]},"properties":{"Fazenda":"FE","Campo":"FE 16","produtividade":146.97212015175998,"unidade_produtividade":"sc/ha","pontos_originais":25,"ano":"2026","cultura":"Milho"}},{"type":"Feature","geometry":{"type":"Point","coordinates":[-52.20837384037637,-10.315664910125736]},"properties":{"Fazenda":"FE","Campo":"FE 16","produtividade":138.80040794104002,"unidade_produtividade":"sc/ha","pontos_originais":25,"ano":"2026","cultura":"Milho"}},{"type":"Feature","geometry":{"type":"Point","coordinates":[-52.20746070317899,-10.315668324323124]},"properties":{"Fazenda":"FE","Campo":"FE 16","produtividade":184.01477153704002,"unidade_produtividade":"sc/ha","pontos_originais":25,"ano":"2026","cultura":"Milho"}},{"type":"Feature","geometry":{"type":"Point","coordinates":[-52.20723241882985,-10.315669177469424]},"properties":{"Fazenda":"FE","Campo":"FE 16","produtividade":185.40868546328,"unidade_produtividade":"sc/ha","pontos_originais":25,"ano":"2026","cultura":"Milho"}},{"type":"Feature","geometry":{"type":"Point","coordinates":[-52.20700413446083,-10.315670030454504]},"properties":{"Fazenda":"FE","Campo":"FE 16","produtividade":183.03803033776,"unidade_produtividade":"sc/ha","pontos_originais":25,"ano":"2026","cultura":"Milho"}},{"type":"Feature","geometry":{"type":"Point","coordinates":[-52.20677585007189,-10.315670883278363]},"properties":{"Fazenda":"FE","Campo":"FE 16","produtividade":185.85419328532004,"unidade_produtividade":"sc/ha","pontos_originais":25,"ano":"2026","cultura":"Milho"}},{"type":"Feature","geometry":{"type":"Point","coordinates":[-52.20814555610689,-10.315665763916913]},"properties":{"Fazenda":"FE","Campo":"FE 16","produtividade":151.48210075548002,"unidade_produtividade":"sc/ha","pontos_originais":25,"ano":"2026","cultura":"Milho"}},{"type":"Feature","geometry":{"type":"Point","coordinates":[-52.20791727181749,-10.315666617546867]},"properties":{"Fazenda":"FE","Campo":"FE 16","produtividade":159.32549497512,"unidade_produtividade":"sc/ha","pontos_originais":25,"ano":"2026","cultura":"Milho"}},{"type":"Feature","geometry":{"type":"Point","coordinates":[-52.20768898750819,-10.315667471015606]},"properties":{"Fazenda":"FE","Campo":"FE 16","produtividade":169.18101174655996,"unidade_produtividade":"sc/ha","pontos_originais":25,"ano":"2026","cultura":"Milho"}},{"type":"Feature","geometry":{"type":"Point","coordinates":[-52.20805372516859,-10.315530469729664]},"properties":{"Fazenda":"FE","Campo":"FE 16","produtividade":119.70639341200001,"unidade_produtividade":"sc/ha","pontos_originais":1,"ano":"2026","cultura":"Milho"}},{"type":"Feature","geometry":{"type":"Point","coordinates":[-52.206547565663065,-10.315671735941004]},"properties":{"Fazenda":"FE","Campo":"FE 16","produtividade":188.46453997536003,"unidade_produtividade":"sc/ha","pontos_originais":25,"ano":"2026","cultura":"Milho"}},{"type":"Feature","geometry":{"type":"Point","coordinates":[-52.20515856240761,-10.315657883642125]},"properties":{"Fazenda":"FE","Campo":"FE 16","produtividade":155.22030155026314,"unidade_produtividade":"sc/ha","pontos_originais":19,"ano":"2026","cultura":"Milho"}},{"type":"Feature","geometry":{"type":"Point","coordinates":[-52.204949574244544,-10.315677700065345]},"properties":{"Fazenda":"FE","Campo":"FE 16","produtividade":147.0050525342,"unidade_produtividade":"sc/ha","pontos_originais":25,"ano":"2026","cultura":"Milho"}},{"type":"Feature","geometry":{"type":"Point","coordinates":[-52.204740441250905,-10.315659443142488]},"properties":{"Fazenda":"FE","Campo":"FE 16","produtividade":131.46314966557895,"unidade_produtividade":"sc/ha","pontos_originais":19,"ano":"2026","cultura":"Milho"}},{"type":"Feature","geometry":{"type":"Point","coordinates":[-52.20631928123436,-10.315672588442423]},"properties":{"Fazenda":"FE","Campo":"FE 16","produtividade":186.5984371376,"unidade_produtividade":"sc/ha","pontos_originais":25,"ano":"2026","cultura":"Milho"}},{"type":"Feature","geometry":{"type":"Point","coordinates":[-52.20609099678576,-10.315673440782627]},"properties":{"Fazenda":"FE","Campo":"FE 16","produtividade":183.03213882635998,"unidade_produtividade":"sc/ha","pontos_originais":25,"ano":"2026","cultura":"Milho"}},{"type":"Feature","geometry":{"type":"Point","coordinates":[-52.20590819711276,-10.315628910617482]},"properties":{"Fazenda":"FE","Campo":"FE 16","produtividade":178.0535544036,"unidade_produtividade":"sc/ha","pontos_originais":10,"ano":"2026","cultura":"Milho"}},{"type":"Feature","geometry":{"type":"Point","coordinates":[-52.20531448547581,-10.315585913671743]},"properties":{"Fazenda":"FE","Campo":"FE 16","produtividade":161.623825525,"unidade_produtividade":"sc/ha","pontos_originais":1,"ano":"2026","cultura":"Milho"}},{"type":"Feature","geometry":{"type":"Point","coordinates":[-52.204583975098856,-10.315588638298538]},"properties":{"Fazenda":"FE","Campo":"FE 16","produtividade":125.84761371299999,"unidade_produtividade":"sc/ha","pontos_originais":1,"ano":"2026","cultura":"Milho"}},{"type":"Feature","geometry":{"type":"Point","coordinates":[-52.209013898966724,-10.31588857801615]},"properties":{"Fazenda":"FE","Campo":"FE 16","produtividade":140.01526845706667,"unidade_produtividade":"sc/ha","pontos_originais":15,"ano":"2026","cultura":"Milho"}},{"type":"Feature","geometry":{"type":"Point","coordinates":[-52.208831271466615,-10.315889261434114]},"properties":{"Fazenda":"FE","Campo":"FE 16","produtividade":148.04188856344,"unidade_produtividade":"sc/ha","pontos_originais":25,"ano":"2026","cultura":"Milho"}},{"type":"Feature","geometry":{"type":"Point","coordinates":[-52.208602987074165,-10.315890115566836]},"properties":{"Fazenda":"FE","Campo":"FE 16","produtividade":165.73125014612003,"unidade_produtividade":"sc/ha","pontos_originais":25,"ano":"2026","cultura":"Milho"}},{"type":"Feature","geometry":{"type":"Point","coordinates":[-52.208374702661814,-10.31589096953834]},"properties":{"Fazenda":"FE","Campo":"FE 16","produtividade":175.82875571207995,"unidade_produtividade":"sc/ha","pontos_originais":25,"ano":"2026","cultura":"Milho"}},{"type":"Feature","geometry":{"type":"Point","coordinates":[-52.20791813377732,-10.315892676997677]},"properties":{"Fazenda":"FE","Campo":"FE 16","produtividade":175.05967915692,"unidade_produtividade":"sc/ha","pontos_originais":25,"ano":"2026","cultura":"Milho"}},{"type":"Feature","geometry":{"type":"Point","coordinates":[-52.20814641822952,-10.31589182334862]},"properties":{"Fazenda":"FE","Campo":"FE 16","produtividade":172.15363938284005,"unidade_produtividade":"sc/ha","pontos_originais":25,"ano":"2026","cultura":"Milho"}},{"type":"Feature","geometry":{"type":"Point","coordinates":[-52.20768984930522,-10.315893530485512]},"properties":{"Fazenda":"FE","Campo":"FE 16","produtividade":183.60926873847995,"unidade_produtividade":"sc/ha","pontos_originais":25,"ano":"2026","cultura":"Milho"}},{"type":"Feature","geometry":{"type":"Point","coordinates":[-52.207461564813194,-10.315894383812127]},"properties":{"Fazenda":"FE","Campo":"FE 16","produtividade":192.4274497448,"unidade_produtividade":"sc/ha","pontos_originais":25,"ano":"2026","cultura":"Milho"}},{"type":"Feature","geometry":{"type":"Point","coordinates":[-52.20654842664606,-10.315897795506347]},"properties":{"Fazenda":"FE","Campo":"FE 16","produtividade":185.34904018356,"unidade_produtividade":"sc/ha","pontos_originais":25,"ano":"2026","cultura":"Milho"}},{"type":"Feature","geometry":{"type":"Point","coordinates":[-52.2063239324518,-10.315894866159946]},"properties":{"Fazenda":"FE","Campo":"FE 16","produtividade":184.802118580875,"unidade_produtividade":"sc/ha","pontos_originais":24,"ano":"2026","cultura":"Milho"}},{"type":"Feature","geometry":{"type":"Point","coordinates":[-52.2061525038211,-10.315838990551356]},"properties":{"Fazenda":"FE","Campo":"FE 16","produtividade":182.06160933700002,"unidade_produtividade":"sc/ha","pontos_originais":6,"ano":"2026","cultura":"Milho"}},{"type":"Feature","geometry":{"type":"Point","coordinates":[-52.204954023870044,-10.315847230649435]},"properties":{"Fazenda":"FE","Campo":"FE 16","produtividade":135.87128377391667,"unidade_produtividade":"sc/ha","pontos_originais":12,"ano":"2026","cultura":"Milho"}},{"type":"Feature","geometry":{"type":"Point","coordinates":[-52.20723328030125,-10.315895236977514]},"properties":{"Fazenda":"FE","Campo":"FE 16","produtividade":188.65769460796,"unidade_produtividade":"sc/ha","pontos_originais":25,"ano":"2026","cultura":"Milho"}},{"type":"Feature","geometry":{"type":"Point","coordinates":[-52.207004995769424,-10.315896089981681]},"properties":{"Fazenda":"FE","Campo":"FE 16","produtividade":179.55630613935998,"unidade_produtividade":"sc/ha","pontos_originais":25,"ano":"2026","cultura":"Milho"}},{"type":"Feature","geometry":{"type":"Point","coordinates":[-52.20677671121767,-10.31589694282463]},"properties":{"Fazenda":"FE","Campo":"FE 16","produtividade":181.95563705684006,"unidade_produtividade":"sc/ha","pontos_originais":25,"ano":"2026","cultura":"Milho"}},{"type":"Feature","geometry":{"type":"Point","coordinates":[-52.20508706093795,-10.315812824983613]},"properties":{"Fazenda":"FE","Campo":"FE 16","produtividade":144.68981225100003,"unidade_produtividade":"sc/ha","pontos_originais":1,"ano":"2026","cultura":"Milho"}},{"type":"Feature","geometry":{"type":"Point","coordinates":[-52.20481311935123,-10.315813846741522]},"properties":{"Fazenda":"FE","Campo":"FE 16","produtividade":130.969005262,"unidade_produtividade":"sc/ha","pontos_originais":1,"ano":"2026","cultura":"Milho"}},{"type":"Feature","geometry":{"type":"Point","coordinates":[-52.20449042665489,-10.315001223419847]},"properties":{"Fazenda":"FE","Campo":"FE 16","produtividade":178.55013141563998,"unidade_produtividade":"sc/ha","pontos_originais":25,"ano":"2026","cultura":"Milho"}},{"type":"Feature","geometry":{"type":"Point","coordinates":[-52.20426214253573,-10.31500207441316]},"properties":{"Fazenda":"FE","Campo":"FE 16","produtividade":166.53098871364003,"unidade_produtividade":"sc/ha","pontos_originais":25,"ano":"2026","cultura":"Milho"}},{"type":"Feature","geometry":{"type":"Point","coordinates":[-52.204037648814904,-10.314999143403115]},"properties":{"Fazenda":"FE","Campo":"FE 16","produtividade":147.58293855895832,"unidade_produtividade":"sc/ha","pontos_originais":24,"ano":"2026","cultura":"Milho"}},{"type":"Feature","geometry":{"type":"Point","coordinates":[-52.20386622095044,-10.314943266477377]},"properties":{"Fazenda":"FE","Campo":"FE 16","produtividade":146.17420864783332,"unidade_produtividade":"sc/ha","pontos_originais":6,"ano":"2026","cultura":"Milho"}},{"type":"Feature","geometry":{"type":"Point","coordinates":[-52.20517527889329,-10.31499866947265]},"properties":{"Fazenda":"FE","Campo":"FE 16","produtividade":188.72363924575998,"unidade_produtividade":"sc/ha","pontos_originais":25,"ano":"2026","cultura":"Milho"}},{"type":"Feature","geometry":{"type":"Point","coordinates":[-52.205403562933,-10.3149978178345]},"properties":{"Fazenda":"FE","Campo":"FE 16","produtividade":191.06562140668,"unidade_produtividade":"sc/ha","pontos_originais":25,"ano":"2026","cultura":"Milho"}},{"type":"Feature","geometry":{"type":"Point","coordinates":[-52.20494699483368,-10.314999520949593]},"properties":{"Fazenda":"FE","Campo":"FE 16","produtividade":181.51036178516003,"unidade_produtividade":"sc/ha","pontos_originais":25,"ano":"2026","cultura":"Milho"}},{"type":"Feature","geometry":{"type":"Point","coordinates":[-52.204718710754236,-10.315000372265324]},"properties":{"Fazenda":"FE","Campo":"FE 16","produtividade":177.73544035475996,"unidade_produtividade":"sc/ha","pontos_originais":25,"ano":"2026","cultura":"Milho"}},{"type":"Feature","geometry":{"type":"Point","coordinates":[-52.20700155065441,-10.314991851853602]},"properties":{"Fazenda":"FE","Campo":"FE 16","produtividade":187.24747388291996,"unidade_produtividade":"sc/ha","pontos_originais":25,"ano":"2026","cultura":"Milho"}},{"type":"Feature","geometry":{"type":"Point","coordinates":[-52.207229834535056,-10.314990998925783]},"properties":{"Fazenda":"FE","Campo":"FE 16","produtividade":176.71162007728003,"unidade_produtividade":"sc/ha","pontos_originais":25,"ano":"2026","cultura":"Milho"}},{"type":"Feature","geometry":{"type":"Point","coordinates":[-52.20677326675386,-10.314992704620215]},"properties":{"Fazenda":"FE","Campo":"FE 16","produtividade":189.42641420892,"unidade_produtividade":"sc/ha","pontos_originais":25,"ano":"2026","cultura":"Milho"}},{"type":"Feature","geometry":{"type":"Point","coordinates":[-52.20654498283346,-10.314993557225622]},"properties":{"Fazenda":"FE","Campo":"FE 16","produtividade":188.45176808340003,"unidade_produtividade":"sc/ha","pontos_originais":25,"ano":"2026","cultura":"Milho"}},{"type":"Feature","geometry":{"type":"Point","coordinates":[-52.207857572010276,-10.314977349574706]},"properties":{"Fazenda":"FE","Campo":"FE 16","produtividade":122.85520951816669,"unidade_produtividade":"sc/ha","pontos_originais":12,"ano":"2026","cultura":"Milho"}},{"type":"Feature","geometry":{"type":"Point","coordinates":[-52.20768640223661,-10.31498929258652]},"properties":{"Fazenda":"FE","Campo":"FE 16","produtividade":127.32060041636004,"unidade_produtividade":"sc/ha","pontos_originais":25,"ano":"2026","cultura":"Milho"}},{"type":"Feature","geometry":{"type":"Point","coordinates":[-52.20745811839577,-10.314990145836758]},"properties":{"Fazenda":"FE","Campo":"FE 16","produtividade":150.48678592152,"unidade_produtividade":"sc/ha","pontos_originais":25,"ano":"2026","cultura":"Milho"}},{"type":"Feature","geometry":{"type":"Point","coordinates":[-52.20586013095282,-10.314996114074573]},"properties":{"Fazenda":"FE","Campo":"FE 16","produtividade":188.37802700040004,"unidade_produtividade":"sc/ha","pontos_originais":25,"ano":"2026","cultura":"Milho"}},{"type":"Feature","geometry":{"type":"Point","coordinates":[-52.2060884149329,-10.314995261952795]},"properties":{"Fazenda":"FE","Campo":"FE 16","produtividade":182.76070661164002,"unidade_produtividade":"sc/ha","pontos_originais":25,"ano":"2026","cultura":"Milho"}},{"type":"Feature","geometry":{"type":"Point","coordinates":[-52.20563184695285,-10.314996966035142]},"properties":{"Fazenda":"FE","Campo":"FE 16","produtividade":191.68599720368,"unidade_produtividade":"sc/ha","pontos_originais":25,"ano":"2026","cultura":"Milho"}},{"type":"Feature","geometry":{"type":"Point","coordinates":[-52.206316698893126,-10.314994409669811]},"properties":{"Fazenda":"FE","Campo":"FE 16","produtividade":183.07074572032005,"unidade_produtividade":"sc/ha","pontos_originais":25,"ano":"2026","cultura":"Milho"}},{"type":"Feature","geometry":{"type":"Point","coordinates":[-52.207230695946755,-10.315217058443558]},"properties":{"Fazenda":"FE","Campo":"FE 16","produtividade":173.95530951356002,"unidade_produtividade":"sc/ha","pontos_originais":25,"ano":"2026","cultura":"Milho"}},{"type":"Feature","geometry":{"type":"Point","coordinates":[-52.207458979970276,-10.31521620533544]},"properties":{"Fazenda":"FE","Campo":"FE 16","produtividade":149.70909652096006,"unidade_produtividade":"sc/ha","pontos_originais":25,"ano":"2026","cultura":"Milho"}},{"type":"Feature","geometry":{"type":"Point","coordinates":[-52.207002411903325,-10.315217911390464]},"properties":{"Fazenda":"FE","Campo":"FE 16","produtividade":184.96304828952,"unidade_produtividade":"sc/ha","pontos_originais":25,"ano":"2026","cultura":"Milho"}},{"type":"Feature","geometry":{"type":"Point","coordinates":[-52.20677412783998,-10.315218764176157]},"properties":{"Fazenda":"FE","Campo":"FE 16","produtividade":187.68331142692,"unidade_produtividade":"sc/ha","pontos_originais":25,"ano":"2026","cultura":"Milho"}},{"type":"Feature","geometry":{"type":"Point","coordinates":[-52.20786290682104,-10.315225129113418]},"properties":{"Fazenda":"FE","Campo":"FE 16","produtividade":114.81911270823079,"unidade_produtividade":"sc/ha","pontos_originais":13,"ano":"2026","cultura":"Milho"}},{"type":"Feature","geometry":{"type":"Point","coordinates":[-52.207687263973895,-10.31521535206611]},"properties":{"Fazenda":"FE","Campo":"FE 16","produtividade":123.90986840020001,"unidade_produtividade":"sc/ha","pontos_originais":25,"ano":"2026","cultura":"Milho"}},{"type":"Feature","geometry":{"type":"Point","coordinates":[-52.20654584375676,-10.315219616800642]},"properties":{"Fazenda":"FE","Campo":"FE 16","produtividade":189.67693951012004,"unidade_produtividade":"sc/ha","pontos_originais":25,"ano":"2026","cultura":"Milho"}},{"type":"Feature","geometry":{"type":"Point","coordinates":[-52.206317559653655,-10.315220469263913]},"properties":{"Fazenda":"FE","Campo":"FE 16","produtividade":190.05583190320002,"unidade_produtividade":"sc/ha","pontos_originais":25,"ano":"2026","cultura":"Milho"}},{"type":"Feature","geometry":{"type":"Point","coordinates":[-52.20608927553065,-10.315221321565968]},"properties":{"Fazenda":"FE","Campo":"FE 16","produtividade":185.97446917972005,"unidade_produtividade":"sc/ha","pontos_originais":25,"ano":"2026","cultura":"Milho"}},{"type":"Feature","geometry":{"type":"Point","coordinates":[-52.205404423042346,-10.315223877504868]},"properties":{"Fazenda":"FE","Campo":"FE 16","produtividade":180.21421726088,"unidade_produtividade":"sc/ha","pontos_originais":25,"ano":"2026","cultura":"Milho"}},{"type":"Feature","geometry":{"type":"Point","coordinates":[-52.20517613883983,-10.315224729162074]},"properties":{"Fazenda":"FE","Campo":"FE 16","produtividade":186.45120377928,"unidade_produtividade":"sc/ha","pontos_originais":25,"ano":"2026","cultura":"Milho"}},{"type":"Feature","geometry":{"type":"Point","coordinates":[-52.20494785461744,-10.31522558065807]},"properties":{"Fazenda":"FE","Campo":"FE 16","produtividade":179.76871155935999,"unidade_produtividade":"sc/ha","pontos_originais":25,"ano":"2026","cultura":"Milho"}},{"type":"Feature","geometry":{"type":"Point","coordinates":[-52.20471957037519,-10.315226431992853]},"properties":{"Fazenda":"FE","Campo":"FE 16","produtividade":169.76179036676004,"unidade_produtividade":"sc/ha","pontos_originais":25,"ano":"2026","cultura":"Milho"}},{"type":"Feature","geometry":{"type":"Point","coordinates":[-52.205860991387745,-10.315222173706816]},"properties":{"Fazenda":"FE","Campo":"FE 16","produtividade":182.81500040571999,"unidade_produtividade":"sc/ha","pontos_originais":25,"ano":"2026","cultura":"Milho"}},{"type":"Feature","geometry":{"type":"Point","coordinates":[-52.205632707224986,-10.315223025686446]},"properties":{"Fazenda":"FE","Campo":"FE 16","produtividade":180.36091483447998,"unidade_produtividade":"sc/ha","pontos_originais":25,"ano":"2026","cultura":"Milho"}},{"type":"Feature","geometry":{"type":"Point","coordinates":[-52.20449128611307,-10.31522728316642]},"properties":{"Fazenda":"FE","Campo":"FE 16","produtividade":166.08271714720001,"unidade_produtividade":"sc/ha","pontos_originais":25,"ano":"2026","cultura":"Milho"}},{"type":"Feature","geometry":{"type":"Point","coordinates":[-52.204273339332865,-10.315217820056416]},"properties":{"Fazenda":"FE","Campo":"FE 16","produtividade":151.8388418110909,"unidade_produtividade":"sc/ha","pontos_originais":22,"ano":"2026","cultura":"Milho"}},{"type":"Feature","geometry":{"type":"Point","coordinates":[-52.20411052590166,-10.31515334817747]},"properties":{"Fazenda":"FE","Campo":"FE 16","produtividade":142.64452358833333,"unidade_produtividade":"sc/ha","pontos_originais":3,"ano":"2026","cultura":"Milho"}},{"type":"Feature","geometry":{"type":"Point","coordinates":[-52.20905722639477,-10.315278046873647]},"properties":{"Fazenda":"FE","Campo":"FE 16","produtividade":144.9623803576,"unidade_produtividade":"sc/ha","pontos_originais":10,"ano":"2026","cultura":"Milho"}},{"type":"Feature","geometry":{"type":"Point","coordinates":[-52.2088975139061,-10.31530125080343]},"properties":{"Fazenda":"FE","Campo":"FE 16","produtividade":131.46958935,"unidade_produtividade":"sc/ha","pontos_originais":2,"ano":"2026","cultura":"Milho"}},{"type":"Feature","geometry":{"type":"Point","coordinates":[-52.20433966950548,-10.315378557036054]},"properties":{"Fazenda":"FE","Campo":"FE 16","produtividade":136.01894117733332,"unidade_produtividade":"sc/ha","pontos_originais":3,"ano":"2026","cultura":"Milho"}},{"type":"Feature","geometry":{"type":"Point","coordinates":[-52.20631497743176,-10.314542290471934]},"properties":{"Fazenda":"FE","Campo":"FE 16","produtividade":191.39478831259993,"unidade_produtividade":"sc/ha","pontos_originais":25,"ano":"2026","cultura":"Milho"}},{"type":"Feature","geometry":{"type":"Point","coordinates":[-52.20608669379712,-10.314543142716772]},"properties":{"Fazenda":"FE","Campo":"FE 16","produtividade":195.25312746560004,"unidade_produtividade":"sc/ha","pontos_originais":25,"ano":"2026","cultura":"Milho"}},{"type":"Feature","geometry":{"type":"Point","coordinates":[-52.20585841014259,-10.31454399480041]},"properties":{"Fazenda":"FE","Campo":"FE 16","produtividade":196.33582468772002,"unidade_produtividade":"sc/ha","pontos_originais":25,"ano":"2026","cultura":"Milho"}},{"type":"Feature","geometry":{"type":"Point","coordinates":[-52.20563012646819,-10.314544846722852]},"properties":{"Fazenda":"FE","Campo":"FE 16","produtividade":197.44882908852003,"unidade_produtividade":"sc/ha","pontos_originais":25,"ano":"2026","cultura":"Milho"}},{"type":"Feature","geometry":{"type":"Point","coordinates":[-52.2069998282163,-10.314539732770204]},"properties":{"Fazenda":"FE","Campo":"FE 16","produtividade":185.75147812387996,"unidade_produtividade":"sc/ha","pontos_originais":25,"ano":"2026","cultura":"Milho"}},{"type":"Feature","geometry":{"type":"Point","coordinates":[-52.206771544641335,-10.314540585498646]},"properties":{"Fazenda":"FE","Campo":"FE 16","produtividade":184.61827859744,"unidade_produtividade":"sc/ha","pontos_originais":25,"ano":"2026","cultura":"Milho"}},{"type":"Feature","geometry":{"type":"Point","coordinates":[-52.206543261046505,-10.31454143806589]},"properties":{"Fazenda":"FE","Campo":"FE 16","produtividade":186.22076262983998,"unidade_produtividade":"sc/ha","pontos_originais":25,"ano":"2026","cultura":"Milho"}},{"type":"Feature","geometry":{"type":"Point","coordinates":[-52.204716991571885,-10.314548252800584]},"properties":{"Fazenda":"FE","Campo":"FE 16","produtividade":181.91642722836005,"unidade_produtividade":"sc/ha","pontos_originais":25,"ano":"2026","cultura":"Milho"}},{"type":"Feature","geometry":{"type":"Point","coordinates":[-52.204945275325784,-10.314547401522955]},"properties":{"Fazenda":"FE","Campo":"FE 16","produtividade":178.86082081712001,"unidade_produtividade":"sc/ha","pontos_originais":25,"ano":"2026","cultura":"Milho"}},{"type":"Feature","geometry":{"type":"Point","coordinates":[-52.20448870779816,-10.314549103917013]},"properties":{"Fazenda":"FE","Campo":"FE 16","produtividade":188.0419069094,"unidade_produtividade":"sc/ha","pontos_originais":25,"ano":"2026","cultura":"Milho"}},{"type":"Feature","geometry":{"type":"Point","coordinates":[-52.20426042400456,-10.314549954872241]},"properties":{"Fazenda":"FE","Campo":"FE 16","produtividade":186.97223321427998,"unidade_produtividade":"sc/ha","pontos_originais":25,"ano":"2026","cultura":"Milho"}},{"type":"Feature","geometry":{"type":"Point","coordinates":[-52.20540184277394,-10.314545698484087]},"properties":{"Fazenda":"FE","Campo":"FE 16","produtividade":195.23484222164004,"unidade_produtividade":"sc/ha","pontos_originais":25,"ano":"2026","cultura":"Milho"}},{"type":"Feature","geometry":{"type":"Point","coordinates":[-52.20517355905979,-10.314546550084122]},"properties":{"Fazenda":"FE","Campo":"FE 16","produtividade":185.46139452208,"unidade_produtividade":"sc/ha","pontos_originais":25,"ano":"2026","cultura":"Milho"}},{"type":"Feature","geometry":{"type":"Point","coordinates":[-52.2040321401911,-10.314550805666263]},"properties":{"Fazenda":"FE","Campo":"FE 16","produtividade":178.31090636552003,"unidade_produtividade":"sc/ha","pontos_originais":25,"ano":"2026","cultura":"Milho"}},{"type":"Feature","geometry":{"type":"Point","coordinates":[-52.203803856357816,-10.314551656299088]},"properties":{"Fazenda":"FE","Campo":"FE 16","produtividade":167.2327352246,"unidade_produtividade":"sc/ha","pontos_originais":25,"ano":"2026","cultura":"Milho"}},{"type":"Feature","geometry":{"type":"Point","coordinates":[-52.203575572504676,-10.314552506770708]},"properties":{"Fazenda":"FE","Campo":"FE 16","produtividade":155.280590352,"unidade_produtividade":"sc/ha","pontos_originais":25,"ano":"2026","cultura":"Milho"}},{"type":"Feature","geometry":{"type":"Point","coordinates":[-52.207684678821764,-10.314537173617657]},"properties":{"Fazenda":"FE","Campo":"FE 16","produtividade":163.00308453752,"unidade_produtividade":"sc/ha","pontos_originais":25,"ano":"2026","cultura":"Milho"}},{"type":"Feature","geometry":{"type":"Point","coordinates":[-52.20745639530653,-10.314538026829707]},"properties":{"Fazenda":"FE","Campo":"FE 16","produtividade":175.64342014356,"unidade_produtividade":"sc/ha","pontos_originais":25,"ano":"2026","cultura":"Milho"}},{"type":"Feature","geometry":{"type":"Point","coordinates":[-52.20722811177137,-10.314538879880553]},"properties":{"Fazenda":"FE","Campo":"FE 16","produtividade":186.28275108416,"unidade_produtividade":"sc/ha","pontos_originais":25,"ano":"2026","cultura":"Milho"}},{"type":"Feature","geometry":{"type":"Point","coordinates":[-52.203380306229775,-10.314503911261752]},"properties":{"Fazenda":"FE","Campo":"FE 16","produtividade":144.06154876218181,"unidade_produtividade":"sc/ha","pontos_originais":11,"ano":"2026","cultura":"Milho"}},{"type":"Feature","geometry":{"type":"Point","coordinates":[-52.208095527526226,-10.31451949033]},"properties":{"Fazenda":"FE","Campo":"FE 16","produtividade":136.8576085202857,"unidade_produtividade":"sc/ha","pontos_originais":14,"ano":"2026","cultura":"Milho"}},{"type":"Feature","geometry":{"type":"Point","coordinates":[-52.207912962317096,-10.314536320244407]},"properties":{"Fazenda":"FE","Campo":"FE 16","produtividade":153.83286328288,"unidade_produtividade":"sc/ha","pontos_originais":25,"ano":"2026","cultura":"Milho"}},{"type":"Feature","geometry":{"type":"Point","coordinates":[-52.207685540519236,-10.314763233103704]},"properties":{"Fazenda":"FE","Campo":"FE 16","produtividade":146.58733766096003,"unidade_produtividade":"sc/ha","pontos_originais":25,"ano":"2026","cultura":"Milho"}},{"type":"Feature","geometry":{"type":"Point","coordinates":[-52.20745725684119,-10.314764086334847]},"properties":{"Fazenda":"FE","Campo":"FE 16","produtividade":162.65498068115997,"unidade_produtividade":"sc/ha","pontos_originais":25,"ano":"2026","cultura":"Milho"}},{"type":"Feature","geometry":{"type":"Point","coordinates":[-52.207228973143266,-10.314764939404782]},"properties":{"Fazenda":"FE","Campo":"FE 16","produtividade":183.86270409995996,"unidade_produtividade":"sc/ha","pontos_originais":25,"ano":"2026","cultura":"Milho"}},{"type":"Feature","geometry":{"type":"Point","coordinates":[-52.20700068942541,-10.314765792313516]},"properties":{"Fazenda":"FE","Campo":"FE 16","produtividade":188.29386992315997,"unidade_produtividade":"sc/ha","pontos_originais":25,"ano":"2026","cultura":"Milho"}},{"type":"Feature","geometry":{"type":"Point","coordinates":[-52.2079100050843,-10.31475862627855]},"properties":{"Fazenda":"FE","Campo":"FE 16","produtividade":141.37900461525,"unidade_produtividade":"sc/ha","pontos_originais":24,"ano":"2026","cultura":"Milho"}},{"type":"Feature","geometry":{"type":"Point","coordinates":[-52.2080505357733,-10.314694049768823]},"properties":{"Fazenda":"FE","Campo":"FE 16","produtividade":137.08495603300003,"unidade_produtividade":"sc/ha","pontos_originais":2,"ano":"2026","cultura":"Milho"}},{"type":"Feature","geometry":{"type":"Point","coordinates":[-52.20608755435509,-10.314769202336397]},"properties":{"Fazenda":"FE","Campo":"FE 16","produtividade":187.9380721134001,"unidade_produtividade":"sc/ha","pontos_originais":25,"ano":"2026","cultura":"Milho"}},{"type":"Feature","geometry":{"type":"Point","coordinates":[-52.206315838152484,-10.314768350072484]},"properties":{"Fazenda":"FE","Campo":"FE 16","produtividade":183.67607996212,"unidade_produtividade":"sc/ha","pontos_originais":25,"ano":"2026","cultura":"Milho"}},{"type":"Feature","geometry":{"type":"Point","coordinates":[-52.20585927053778,-10.314770054439109]},"properties":{"Fazenda":"FE","Campo":"FE 16","produtividade":194.78773340700002,"unidade_produtividade":"sc/ha","pontos_originais":25,"ano":"2026","cultura":"Milho"}},{"type":"Feature","geometry":{"type":"Point","coordinates":[-52.20563098670059,-10.31477090638061]},"properties":{"Fazenda":"FE","Campo":"FE 16","produtividade":196.32105738644,"unidade_produtividade":"sc/ha","pontos_originais":25,"ano":"2026","cultura":"Milho"}},{"type":"Feature","geometry":{"type":"Point","coordinates":[-52.20677240568766,-10.314766645061045]},"properties":{"Fazenda":"FE","Campo":"FE 16","produtividade":185.80087705096,"unidade_produtividade":"sc/ha","pontos_originais":25,"ano":"2026","cultura":"Milho"}},{"type":"Feature","geometry":{"type":"Point","coordinates":[-52.20654412193001,-10.314767497647367]},"properties":{"Fazenda":"FE","Campo":"FE 16","produtividade":184.03767527355998,"unidade_produtividade":"sc/ha","pontos_originais":25,"ano":"2026","cultura":"Milho"}},{"type":"Feature","geometry":{"type":"Point","coordinates":[-52.204946135069804,-10.314773461237884]},"properties":{"Fazenda":"FE","Campo":"FE 16","produtividade":180.83235944348002,"unidade_produtividade":"sc/ha","pontos_originais":25,"ano":"2026","cultura":"Milho"}},{"type":"Feature","geometry":{"type":"Point","coordinates":[-52.20471785115313,-10.314774312534563]},"properties":{"Fazenda":"FE","Campo":"FE 16","produtividade":180.21855867216,"unidade_produtividade":"sc/ha","pontos_originais":25,"ano":"2026","cultura":"Milho"}},{"type":"Feature","geometry":{"type":"Point","coordinates":[-52.20448956721661,-10.314775163670044]},"properties":{"Fazenda":"FE","Campo":"FE 16","produtividade":180.70037262396002,"unidade_produtividade":"sc/ha","pontos_originais":25,"ano":"2026","cultura":"Milho"}},{"type":"Feature","geometry":{"type":"Point","coordinates":[-52.20426128326022,-10.314776014644313]},"properties":{"Fazenda":"FE","Campo":"FE 16","produtividade":175.05056162776,"unidade_produtividade":"sc/ha","pontos_originais":25,"ano":"2026","cultura":"Milho"}},{"type":"Feature","geometry":{"type":"Point","coordinates":[-52.20540270284354,-10.314771758160909]},"properties":{"Fazenda":"FE","Campo":"FE 16","produtividade":192.27516742836,"unidade_produtividade":"sc/ha","pontos_originais":25,"ano":"2026","cultura":"Milho"}},{"type":"Feature","geometry":{"type":"Point","coordinates":[-52.2051744189666,-10.314772609780002]},"properties":{"Fazenda":"FE","Campo":"FE 16","produtividade":186.24484396180003,"unidade_produtividade":"sc/ha","pontos_originais":25,"ano":"2026","cultura":"Milho"}},{"type":"Feature","geometry":{"type":"Point","coordinates":[-52.20403299928398,-10.314776865457377]},"properties":{"Fazenda":"FE","Campo":"FE 16","produtividade":163.43568475432,"unidade_produtividade":"sc/ha","pontos_originais":25,"ano":"2026","cultura":"Milho"}},{"type":"Feature","geometry":{"type":"Point","coordinates":[-52.203808505706746,-10.31477393426972]},"properties":{"Fazenda":"FE","Campo":"FE 16","produtividade":153.80792749916668,"unidade_produtividade":"sc/ha","pontos_originais":24,"ano":"2026","cultura":"Milho"}},{"type":"Feature","geometry":{"type":"Point","coordinates":[-52.203616805170526,-10.31472315634822]},"properties":{"Fazenda":"FE","Campo":"FE 16","produtividade":147.1726898501111,"unidade_produtividade":"sc/ha","pontos_originais":9,"ano":"2026","cultura":"Milho"}},{"type":"Feature","geometry":{"type":"Point","coordinates":[-52.208609024769764,-10.317472531230921]},"properties":{"Fazenda":"FE","Campo":"FE 16","produtividade":186.64456410232,"unidade_produtividade":"sc/ha","pontos_originais":25,"ano":"2026","cultura":"Milho"}},{"type":"Feature","geometry":{"type":"Point","coordinates":[-52.208380739217645,-10.317473385336182]},"properties":{"Fazenda":"FE","Campo":"FE 16","produtividade":193.86342630576002,"unidade_produtividade":"sc/ha","pontos_originais":25,"ano":"2026","cultura":"Milho"}},{"type":"Feature","geometry":{"type":"Point","coordinates":[-52.20815245364563,-10.317474239280195]},"properties":{"Fazenda":"FE","Campo":"FE 16","produtividade":195.87461936295998,"unidade_produtividade":"sc/ha","pontos_originais":25,"ano":"2026","cultura":"Milho"}},{"type":"Feature","geometry":{"type":"Point","coordinates":[-52.207924168053694,-10.317475093062962]},"properties":{"Fazenda":"FE","Campo":"FE 16","produtividade":200.00397298823995,"unidade_produtividade":"sc/ha","pontos_originais":25,"ano":"2026","cultura":"Milho"}},{"type":"Feature","geometry":{"type":"Point","coordinates":[-52.208766249795644,-10.317461895676761]},"properties":{"Fazenda":"FE","Campo":"FE 16","produtividade":177.2527254961111,"unidade_produtividade":"sc/ha","pontos_originais":9,"ano":"2026","cultura":"Milho"}},{"type":"Feature","geometry":{"type":"Point","coordinates":[-52.20733010841355,-10.317341676463764]},"properties":{"Fazenda":"FE","Campo":"FE 16","produtividade":166.214468589,"unidade_produtividade":"sc/ha","pontos_originais":1,"ano":"2026","cultura":"Milho"}},{"type":"Feature","geometry":{"type":"Point","coordinates":[-52.207467596810076,-10.31747680014475]},"properties":{"Fazenda":"FE","Campo":"FE 16","produtividade":180.35331418396004,"unidade_produtividade":"sc/ha","pontos_originais":25,"ano":"2026","cultura":"Milho"}},{"type":"Feature","geometry":{"type":"Point","coordinates":[-52.20725860776855,-10.317496618182632]},"properties":{"Fazenda":"FE","Campo":"FE 16","produtividade":150.75148236026317,"unidade_produtividade":"sc/ha","pontos_originais":19,"ano":"2026","cultura":"Milho"}},{"type":"Feature","geometry":{"type":"Point","coordinates":[-52.20769588244184,-10.31747594668448]},"properties":{"Fazenda":"FE","Campo":"FE 16","produtividade":198.65686883416004,"unidade_produtividade":"sc/ha","pontos_originais":25,"ano":"2026","cultura":"Milho"}},{"type":"Feature","geometry":{"type":"Point","coordinates":[-52.20815331592762,-10.317700298686079]},"properties":{"Fazenda":"FE","Campo":"FE 16","produtividade":190.90245870212001,"unidade_produtividade":"sc/ha","pontos_originais":25,"ano":"2026","cultura":"Milho"}},{"type":"Feature","geometry":{"type":"Point","coordinates":[-52.20838160166246,-10.317699444722962]},"properties":{"Fazenda":"FE","Campo":"FE 16","produtividade":190.43851083816,"unidade_produtividade":"sc/ha","pontos_originais":25,"ano":"2026","cultura":"Milho"}},{"type":"Feature","geometry":{"type":"Point","coordinates":[-52.20792503017283,-10.317701152487949]},"properties":{"Fazenda":"FE","Campo":"FE 16","produtividade":194.43139203727998,"unidade_produtividade":"sc/ha","pontos_originais":25,"ano":"2026","cultura":"Milho"}},{"type":"Feature","geometry":{"type":"Point","coordinates":[-52.207696744398135,-10.317702006128563]},"properties":{"Fazenda":"FE","Campo":"FE 16","produtividade":192.19001582724005,"unidade_produtividade":"sc/ha","pontos_originais":25,"ano":"2026","cultura":"Milho"}},{"type":"Feature","geometry":{"type":"Point","coordinates":[-52.20724017278903,-10.31770371292604]},"properties":{"Fazenda":"FE","Campo":"FE 16","produtividade":132.64022595020003,"unidade_produtividade":"sc/ha","pontos_originais":25,"ano":"2026","cultura":"Milho"}},{"type":"Feature","geometry":{"type":"Point","coordinates":[-52.20708351085904,-10.317672003757467]},"properties":{"Fazenda":"FE","Campo":"FE 16","produtividade":118.95390164571428,"unidade_produtividade":"sc/ha","pontos_originais":7,"ano":"2026","cultura":"Milho"}},{"type":"Feature","geometry":{"type":"Point","coordinates":[-52.208746858797596,-10.317698078053017]},"properties":{"Fazenda":"FE","Campo":"FE 16","produtividade":175.28543819819998,"unidade_produtividade":"sc/ha","pontos_originais":5,"ano":"2026","cultura":"Milho"}},{"type":"Feature","geometry":{"type":"Point","coordinates":[-52.208609887377406,-10.317698590598589]},"properties":{"Fazenda":"FE","Campo":"FE 16","produtividade":184.69024833940003,"unidade_produtividade":"sc/ha","pontos_originais":25,"ano":"2026","cultura":"Milho"}},{"type":"Feature","geometry":{"type":"Point","coordinates":[-52.20746845860354,-10.317702859607932]},"properties":{"Fazenda":"FE","Campo":"FE 16","produtividade":170.29002391504002,"unidade_produtividade":"sc/ha","pontos_originais":25,"ano":"2026","cultura":"Milho"}},{"type":"Feature","geometry":{"type":"Point","coordinates":[-52.20710268436862,-10.317568589150246]},"properties":{"Fazenda":"FE","Campo":"FE 16","produtividade":130.18450121700002,"unidade_produtividade":"sc/ha","pontos_originais":1,"ano":"2026","cultura":"Milho"}},{"type":"Feature","geometry":{"type":"Point","coordinates":[-52.20861075000497,-10.31792464996303]},"properties":{"Fazenda":"FE","Campo":"FE 16","produtividade":176.08706120116003,"unidade_produtividade":"sc/ha","pontos_originais":25,"ano":"2026","cultura":"Milho"}},{"type":"Feature","geometry":{"type":"Point","coordinates":[-52.20769760637435,-10.31792806556942]},"properties":{"Fazenda":"FE","Campo":"FE 16","produtividade":172.76666616436,"unidade_produtividade":"sc/ha","pontos_originais":25,"ano":"2026","cultura":"Milho"}},{"type":"Feature","geometry":{"type":"Point","coordinates":[-52.207473110820395,-10.317925137186757]},"properties":{"Fazenda":"FE","Campo":"FE 16","produtividade":138.14029024175,"unidade_produtividade":"sc/ha","pontos_originais":24,"ano":"2026","cultura":"Milho"}},{"type":"Feature","geometry":{"type":"Point","coordinates":[-52.20728074752521,-10.317867456729935]},"properties":{"Fazenda":"FE","Campo":"FE 16","produtividade":120.48563591675,"unidade_produtividade":"sc/ha","pontos_originais":8,"ano":"2026","cultura":"Milho"}},{"type":"Feature","geometry":{"type":"Point","coordinates":[-52.20838246412722,-10.317925504106514]},"properties":{"Fazenda":"FE","Campo":"FE 16","produtividade":186.10958093888,"unidade_produtividade":"sc/ha","pontos_originais":25,"ano":"2026","cultura":"Milho"}},{"type":"Feature","geometry":{"type":"Point","coordinates":[-52.2081541782295,-10.317926358088734]},"properties":{"Fazenda":"FE","Campo":"FE 16","produtividade":182.27963696236003,"unidade_produtividade":"sc/ha","pontos_originais":25,"ano":"2026","cultura":"Milho"}},{"type":"Feature","geometry":{"type":"Point","coordinates":[-52.20792589231188,-10.317927211909703]},"properties":{"Fazenda":"FE","Campo":"FE 16","produtividade":173.12678771440002,"unidade_produtividade":"sc/ha","pontos_originais":25,"ano":"2026","cultura":"Milho"}},{"type":"Feature","geometry":{"type":"Point","coordinates":[-52.20859420299845,-10.318146468518249]},"properties":{"Fazenda":"FE","Campo":"FE 16","produtividade":165.16260652138098,"unidade_produtividade":"sc/ha","pontos_originais":21,"ano":"2026","cultura":"Milho"}},{"type":"Feature","geometry":{"type":"Point","coordinates":[-52.20838332661186,-10.318151563486836]},"properties":{"Fazenda":"FE","Campo":"FE 16","produtividade":176.31531821500002,"unidade_produtividade":"sc/ha","pontos_originais":25,"ano":"2026","cultura":"Milho"}},{"type":"Feature","geometry":{"type":"Point","coordinates":[-52.20815504055131,-10.318152417488163]},"properties":{"Fazenda":"FE","Campo":"FE 16","produtividade":168.80777902136006,"unidade_produtividade":"sc/ha","pontos_originais":25,"ano":"2026","cultura":"Milho"}},{"type":"Feature","geometry":{"type":"Point","coordinates":[-52.207926754470876,-10.318153271328233]},"properties":{"Fazenda":"FE","Campo":"FE 16","produtividade":146.40383775592002,"unidade_produtividade":"sc/ha","pontos_originais":25,"ano":"2026","cultura":"Milho"}},{"type":"Feature","geometry":{"type":"Point","coordinates":[-52.20770439367913,-10.318146239802317]},"properties":{"Fazenda":"FE","Campo":"FE 16","produtividade":123.914088235,"unidade_produtividade":"sc/ha","pontos_originais":23,"ano":"2026","cultura":"Milho"}},{"type":"Feature","geometry":{"type":"Point","coordinates":[-52.20753082871696,-10.318094468420107]},"properties":{"Fazenda":"FE","Campo":"FE 16","produtividade":113.80758388900001,"unidade_produtividade":"sc/ha","pontos_originais":6,"ano":"2026","cultura":"Milho"}},{"type":"Feature","geometry":{"type":"Point","coordinates":[-52.208577530512486,-10.318368920770055]},"properties":{"Fazenda":"FE","Campo":"FE 16","produtividade":155.07462549176472,"unidade_produtividade":"sc/ha","pontos_originais":17,"ano":"2026","cultura":"Milho"}},{"type":"Feature","geometry":{"type":"Point","coordinates":[-52.20838418911643,-10.318377622863927]},"properties":{"Fazenda":"FE","Campo":"FE 16","produtividade":164.09836775268,"unidade_produtividade":"sc/ha","pontos_originais":25,"ano":"2026","cultura":"Milho"}},{"type":"Feature","geometry":{"type":"Point","coordinates":[-52.20815590289304,-10.31837847688436]},"properties":{"Fazenda":"FE","Campo":"FE 16","produtividade":155.35160939416,"unidade_produtividade":"sc/ha","pontos_originais":25,"ano":"2026","cultura":"Milho"}},{"type":"Feature","geometry":{"type":"Point","coordinates":[-52.2085606167236,-10.318592591670503]},"properties":{"Fazenda":"FE","Campo":"FE 16","produtividade":149.1364393836154,"unidade_produtividade":"sc/ha","pontos_originais":13,"ano":"2026","cultura":"Milho"}},{"type":"Feature","geometry":{"type":"Point","coordinates":[-52.207937954109575,-10.318369016507694]},"properties":{"Fazenda":"FE","Campo":"FE 16","produtividade":133.72874878695455,"unidade_produtividade":"sc/ha","pontos_originais":22,"ano":"2026","cultura":"Milho"}},{"type":"Feature","geometry":{"type":"Point","coordinates":[-52.20838505164093,-10.318603682237793]},"properties":{"Fazenda":"FE","Campo":"FE 16","produtividade":152.01868632519998,"unidade_produtividade":"sc/ha","pontos_originais":25,"ano":"2026","cultura":"Milho"}},{"type":"Feature","geometry":{"type":"Point","coordinates":[-52.2081759167546,-10.318585427784665]},"properties":{"Fazenda":"FE","Campo":"FE 16","produtividade":145.47901492189473,"unidade_produtividade":"sc/ha","pontos_originais":19,"ano":"2026","cultura":"Milho"}},{"type":"Feature","geometry":{"type":"Point","coordinates":[-52.20799661987093,-10.318514710252682]},"properties":{"Fazenda":"FE","Campo":"FE 16","produtividade":134.905026131,"unidade_produtividade":"sc/ha","pontos_originais":2,"ano":"2026","cultura":"Milho"}},{"type":"Feature","geometry":{"type":"Point","coordinates":[-52.20777513845155,-10.318304546756837]},"properties":{"Fazenda":"FE","Campo":"FE 16","produtividade":119.85538939366667,"unidade_produtividade":"sc/ha","pontos_originais":3,"ano":"2026","cultura":"Milho"}},{"type":"Feature","geometry":{"type":"Point","coordinates":[-52.20840004193009,-10.318792953577338]},"properties":{"Fazenda":"FE","Campo":"FE 16","produtividade":143.38373538775,"unidade_produtividade":"sc/ha","pontos_originais":16,"ano":"2026","cultura":"Milho"}},{"type":"Feature","geometry":{"type":"Point","coordinates":[-52.20854233028352,-10.318796861687089]},"properties":{"Fazenda":"FE","Campo":"FE 16","produtividade":144.70695564542856,"unidade_produtividade":"sc/ha","pontos_originais":7,"ano":"2026","cultura":"Milho"}},{"type":"Feature","geometry":{"type":"Point","coordinates":[-52.20824859727722,-10.318739830317098]},"properties":{"Fazenda":"FE","Campo":"FE 16","produtividade":140.828751764,"unidade_produtividade":"sc/ha","pontos_originais":1,"ano":"2026","cultura":"Milho"}},{"type":"Feature","geometry":{"type":"Point","coordinates":[-52.20197072466838,-10.312749975743763]},"properties":{"Fazenda":"FE","Campo":"FE 16","produtividade":176.54532748519995,"unidade_produtividade":"sc/ha","pontos_originais":25,"ano":"2026","cultura":"Milho"}},{"type":"Feature","geometry":{"type":"Point","coordinates":[-52.20174244195876,-10.312750824773737]},"properties":{"Fazenda":"FE","Campo":"FE 16","produtividade":172.33333860920004,"unidade_produtividade":"sc/ha","pontos_originais":25,"ano":"2026","cultura":"Milho"}},{"type":"Feature","geometry":{"type":"Point","coordinates":[-52.20151415922933,-10.312751673642532]},"properties":{"Fazenda":"FE","Campo":"FE 16","produtividade":160.38135065507996,"unidade_produtividade":"sc/ha","pontos_originais":25,"ano":"2026","cultura":"Milho"}},{"type":"Feature","geometry":{"type":"Point","coordinates":[-52.2013161999207,-10.312722267860071]},"properties":{"Fazenda":"FE","Campo":"FE 16","produtividade":146.9883605076,"unidade_produtividade":"sc/ha","pontos_originais":15,"ano":"2026","cultura":"Milho"}},{"type":"Feature","geometry":{"type":"Point","coordinates":[-52.2026555726783,-10.312747427686805]},"properties":{"Fazenda":"FE","Campo":"FE 16","produtividade":189.54396099408004,"unidade_produtividade":"sc/ha","pontos_originais":25,"ano":"2026","cultura":"Milho"}},{"type":"Feature","geometry":{"type":"Point","coordinates":[-52.202427290028155,-10.3127482772003]},"properties":{"Fazenda":"FE","Campo":"FE 16","produtividade":186.1851407212,"unidade_produtividade":"sc/ha","pontos_originais":25,"ano":"2026","cultura":"Milho"}},{"type":"Feature","geometry":{"type":"Point","coordinates":[-52.20219900735817,-10.31274912655262]},"properties":{"Fazenda":"FE","Campo":"FE 16","produtividade":181.47516610104,"unidade_produtividade":"sc/ha","pontos_originais":25,"ano":"2026","cultura":"Milho"}},{"type":"Feature","geometry":{"type":"Point","coordinates":[-52.20722122151272,-10.31273040357055]},"properties":{"Fazenda":"FE","Campo":"FE 16","produtividade":180.2683244492,"unidade_produtividade":"sc/ha","pontos_originais":25,"ano":"2026","cultura":"Milho"}},{"type":"Feature","geometry":{"type":"Point","coordinates":[-52.20699293925983,-10.312731256307504]},"properties":{"Fazenda":"FE","Campo":"FE 16","produtividade":191.70240154639998,"unidade_produtividade":"sc/ha","pontos_originais":25,"ano":"2026","cultura":"Milho"}},{"type":"Feature","geometry":{"type":"Point","coordinates":[-52.206764656987026,-10.312732108883285]},"properties":{"Fazenda":"FE","Campo":"FE 16","produtividade":190.54664675556003,"unidade_produtividade":"sc/ha","pontos_originais":25,"ano":"2026","cultura":"Milho"}},{"type":"Feature","geometry":{"type":"Point","coordinates":[-52.20653637469432,-10.312732961297895]},"properties":{"Fazenda":"FE","Campo":"FE 16","produtividade":189.52968211924,"unidade_produtividade":"sc/ha","pontos_originais":25,"ano":"2026","cultura":"Milho"}},{"type":"Feature","geometry":{"type":"Point","coordinates":[-52.20788199309408,-10.31271603634699]},"properties":{"Fazenda":"FE","Campo":"FE 16","produtividade":96.05706624910528,"unidade_produtividade":"sc/ha","pontos_originais":19,"ano":"2026","cultura":"Milho"}},{"type":"Feature","geometry":{"type":"Point","coordinates":[-52.2076777859588,-10.312728697613124]},"properties":{"Fazenda":"FE","Campo":"FE 16","produtividade":115.02327447079999,"unidade_produtividade":"sc/ha","pontos_originais":25,"ano":"2026","cultura":"Milho"}},{"type":"Feature","geometry":{"type":"Point","coordinates":[-52.20744950374572,-10.312729550672424]},"properties":{"Fazenda":"FE","Campo":"FE 16","produtividade":146.90844659088,"unidade_produtividade":"sc/ha","pontos_originais":25,"ano":"2026","cultura":"Milho"}},{"type":"Feature","geometry":{"type":"Point","coordinates":[-52.20493839808874,-10.312738923687327]},"properties":{"Fazenda":"FE","Campo":"FE 16","produtividade":179.64957297052007,"unidade_produtividade":"sc/ha","pontos_originais":25,"ano":"2026","cultura":"Milho"}},{"type":"Feature","geometry":{"type":"Point","coordinates":[-52.204710115637035,-10.312739774812556]},"properties":{"Fazenda":"FE","Campo":"FE 16","produtividade":177.57359025207998,"unidade_produtividade":"sc/ha","pontos_originais":25,"ano":"2026","cultura":"Milho"}},{"type":"Feature","geometry":{"type":"Point","coordinates":[-52.204481833165445,-10.312740625776609]},"properties":{"Fazenda":"FE","Campo":"FE 16","produtividade":180.85014636524008,"unidade_produtividade":"sc/ha","pontos_originais":25,"ano":"2026","cultura":"Milho"}},{"type":"Feature","geometry":{"type":"Point","coordinates":[-52.20425355067404,-10.31274147657949]},"properties":{"Fazenda":"FE","Campo":"FE 16","produtividade":188.19485294860002,"unidade_produtividade":"sc/ha","pontos_originais":25,"ano":"2026","cultura":"Milho"}},{"type":"Feature","geometry":{"type":"Point","coordinates":[-52.20562324532468,-10.31273636934461]},"properties":{"Fazenda":"FE","Campo":"FE 16","produtividade":191.34128900667997,"unidade_produtividade":"sc/ha","pontos_originais":25,"ano":"2026","cultura":"Milho"}},{"type":"Feature","geometry":{"type":"Point","coordinates":[-52.20539496293258,-10.312737220953354]},"properties":{"Fazenda":"FE","Campo":"FE 16","produtividade":190.28928560472002,"unidade_produtividade":"sc/ha","pontos_originais":25,"ano":"2026","cultura":"Milho"}},{"type":"Feature","geometry":{"type":"Point","coordinates":[-52.20516668052059,-10.312738072400927]},"properties":{"Fazenda":"FE","Campo":"FE 16","produtividade":185.54743956895996,"unidade_produtividade":"sc/ha","pontos_originais":25,"ano":"2026","cultura":"Milho"}},{"type":"Feature","geometry":{"type":"Point","coordinates":[-52.203340420509804,-10.312744878179283]},"properties":{"Fazenda":"FE","Campo":"FE 16","produtividade":185.19127278872003,"unidade_produtividade":"sc/ha","pontos_originais":25,"ano":"2026","cultura":"Milho"}},{"type":"Feature","geometry":{"type":"Point","coordinates":[-52.203568703080606,-10.312744028021093]},"properties":{"Fazenda":"FE","Campo":"FE 16","produtividade":185.4649237742,"unidade_produtividade":"sc/ha","pontos_originais":25,"ano":"2026","cultura":"Milho"}},{"type":"Feature","geometry":{"type":"Point","coordinates":[-52.203112137919135,-10.3127457281763]},"properties":{"Fazenda":"FE","Campo":"FE 16","produtividade":187.71937440372,"unidade_produtividade":"sc/ha","pontos_originais":25,"ano":"2026","cultura":"Milho"}},{"type":"Feature","geometry":{"type":"Point","coordinates":[-52.20288385530863,-10.312746578012138]},"properties":{"Fazenda":"FE","Campo":"FE 16","produtividade":190.51359350348,"unidade_produtividade":"sc/ha","pontos_originais":25,"ano":"2026","cultura":"Milho"}},{"type":"Feature","geometry":{"type":"Point","coordinates":[-52.20402526816274,-10.3127423272212]},"properties":{"Fazenda":"FE","Campo":"FE 16","produtividade":189.86909608464003,"unidade_produtividade":"sc/ha","pontos_originais":25,"ano":"2026","cultura":"Milho"}},{"type":"Feature","geometry":{"type":"Point","coordinates":[-52.20379698563159,-10.312743177701732]},"properties":{"Fazenda":"FE","Campo":"FE 16","produtividade":187.42875713772003,"unidade_produtividade":"sc/ha","pontos_originais":25,"ano":"2026","cultura":"Milho"}},{"type":"Feature","geometry":{"type":"Point","coordinates":[-52.20585152769692,-10.31273551757469]},"properties":{"Fazenda":"FE","Campo":"FE 16","produtividade":188.87919988612,"unidade_produtividade":"sc/ha","pontos_originais":25,"ano":"2026","cultura":"Milho"}},{"type":"Feature","geometry":{"type":"Point","coordinates":[-52.20630809238174,-10.312733813551333]},"properties":{"Fazenda":"FE","Campo":"FE 16","produtividade":189.21642052699997,"unidade_produtividade":"sc/ha","pontos_originais":25,"ano":"2026","cultura":"Milho"}},{"type":"Feature","geometry":{"type":"Point","coordinates":[-52.206079810049275,-10.312734665643598]},"properties":{"Fazenda":"FE","Campo":"FE 16","produtividade":188.04087280247998,"unidade_produtividade":"sc/ha","pontos_originais":25,"ano":"2026","cultura":"Milho"}},{"type":"Feature","geometry":{"type":"Point","coordinates":[-52.20516754026844,-10.31296413212262]},"properties":{"Fazenda":"FE","Campo":"FE 16","produtividade":192.57053748652,"unidade_produtividade":"sc/ha","pontos_originais":25,"ano":"2026","cultura":"Milho"}},{"type":"Feature","geometry":{"type":"Point","coordinates":[-52.20493925767384,-10.312964983428074]},"properties":{"Fazenda":"FE","Campo":"FE 16","produtividade":186.86496034852,"unidade_produtividade":"sc/ha","pontos_originais":25,"ano":"2026","cultura":"Milho"}},{"type":"Feature","geometry":{"type":"Point","coordinates":[-52.20471097505937,-10.312965834572351]},"properties":{"Fazenda":"FE","Campo":"FE 16","produtividade":180.58601580772,"unidade_produtividade":"sc/ha","pontos_originais":25,"ano":"2026","cultura":"Milho"}},{"type":"Feature","geometry":{"type":"Point","coordinates":[-52.204482692425046,-10.312966685555452]},"properties":{"Fazenda":"FE","Campo":"FE 16","produtividade":177.42010913500002,"unidade_produtividade":"sc/ha","pontos_originais":25,"ano":"2026","cultura":"Milho"}},{"type":"Feature","geometry":{"type":"Point","coordinates":[-52.20585238793305,-10.3129615772392]},"properties":{"Fazenda":"FE","Campo":"FE 16","produtividade":189.76147050572,"unidade_produtividade":"sc/ha","pontos_originais":25,"ano":"2026","cultura":"Milho"}},{"type":"Feature","geometry":{"type":"Point","coordinates":[-52.206080670448166,-10.312960725289038]},"properties":{"Fazenda":"FE","Campo":"FE 16","produtividade":191.06324925164,"unidade_produtividade":"sc/ha","pontos_originais":25,"ano":"2026","cultura":"Milho"}},{"type":"Feature","geometry":{"type":"Point","coordinates":[-52.20562410539806,-10.312962429028182]},"properties":{"Fazenda":"FE","Campo":"FE 16","produtividade":191.91467478731997,"unidade_produtividade":"sc/ha","pontos_originais":25,"ano":"2026","cultura":"Milho"}},{"type":"Feature","geometry":{"type":"Point","coordinates":[-52.20539582284319,-10.31296328065599]},"properties":{"Fazenda":"FE","Campo":"FE 16","produtividade":194.67088356608002,"unidade_produtividade":"sc/ha","pontos_originais":25,"ano":"2026","cultura":"Milho"}},{"type":"Feature","geometry":{"type":"Point","coordinates":[-52.20379784440293,-10.312969237537695]},"properties":{"Fazenda":"FE","Campo":"FE 16","produtividade":186.39452157284003,"unidade_produtividade":"sc/ha","pontos_originais":25,"ano":"2026","cultura":"Milho"}},{"type":"Feature","geometry":{"type":"Point","coordinates":[-52.203569561689186,-10.312970087876089]},"properties":{"Fazenda":"FE","Campo":"FE 16","produtividade":187.73989820996002,"unidade_produtividade":"sc/ha","pontos_originais":25,"ano":"2026","cultura":"Milho"}},{"type":"Feature","geometry":{"type":"Point","coordinates":[-52.203341278955584,-10.312970938053304]},"properties":{"Fazenda":"FE","Campo":"FE 16","produtividade":186.07509421528002,"unidade_produtividade":"sc/ha","pontos_originais":25,"ano":"2026","cultura":"Milho"}},{"type":"Feature","geometry":{"type":"Point","coordinates":[-52.20311299620217,-10.312971788069344]},"properties":{"Fazenda":"FE","Campo":"FE 16","produtividade":182.00238816127995,"unidade_produtividade":"sc/ha","pontos_originais":25,"ano":"2026","cultura":"Milho"}},{"type":"Feature","geometry":{"type":"Point","coordinates":[-52.20425440977085,-10.312967536377379]},"properties":{"Fazenda":"FE","Campo":"FE 16","produtividade":179.22466246608002,"unidade_produtividade":"sc/ha","pontos_originais":25,"ano":"2026","cultura":"Milho"}},{"type":"Feature","geometry":{"type":"Point","coordinates":[-52.2040261270968,-10.312968387038124]},"properties":{"Fazenda":"FE","Campo":"FE 16","produtividade":184.17921998355996,"unidade_produtividade":"sc/ha","pontos_originais":25,"ano":"2026","cultura":"Milho"}},{"type":"Feature","geometry":{"type":"Point","coordinates":[-52.20784985926654,-10.312954117215165]},"properties":{"Fazenda":"FE","Campo":"FE 16","produtividade":83.96062578783334,"unidade_produtividade":"sc/ha","pontos_originais":12,"ano":"2026","cultura":"Milho"}},{"type":"Feature","geometry":{"type":"Point","coordinates":[-52.207678647497,-10.312954757124984]},"properties":{"Fazenda":"FE","Campo":"FE 16","produtividade":97.54213240164,"unidade_produtividade":"sc/ha","pontos_originais":25,"ano":"2026","cultura":"Milho"}},{"type":"Feature","geometry":{"type":"Point","coordinates":[-52.20745036512113,-10.31295561020338]},"properties":{"Fazenda":"FE","Campo":"FE 16","produtividade":147.85818791584,"unidade_produtividade":"sc/ha","pontos_originais":25,"ano":"2026","cultura":"Milho"}},{"type":"Feature","geometry":{"type":"Point","coordinates":[-52.20653723541872,-10.31295902090519]},"properties":{"Fazenda":"FE","Campo":"FE 16","produtividade":190.95006084191994,"unidade_produtividade":"sc/ha","pontos_originais":25,"ano":"2026","cultura":"Milho"}},{"type":"Feature","geometry":{"type":"Point","coordinates":[-52.20676551787418,-10.312958168471503]},"properties":{"Fazenda":"FE","Campo":"FE 16","produtividade":189.18162844852003,"unidade_produtividade":"sc/ha","pontos_originais":25,"ano":"2026","cultura":"Milho"}},{"type":"Feature","geometry":{"type":"Point","coordinates":[-52.20630895294338,-10.312959873177702]},"properties":{"Fazenda":"FE","Campo":"FE 16","produtividade":192.05447006832003,"unidade_produtividade":"sc/ha","pontos_originais":25,"ano":"2026","cultura":"Milho"}},{"type":"Feature","geometry":{"type":"Point","coordinates":[-52.207222082725394,-10.312956463120598]},"properties":{"Fazenda":"FE","Campo":"FE 16","produtividade":170.23478507588007,"unidade_produtividade":"sc/ha","pontos_originais":25,"ano":"2026","cultura":"Milho"}},{"type":"Feature","geometry":{"type":"Point","coordinates":[-52.20699380030974,-10.312957315876636]},"properties":{"Fazenda":"FE","Campo":"FE 16","produtividade":186.06215480224,"unidade_produtividade":"sc/ha","pontos_originais":25,"ano":"2026","cultura":"Milho"}},{"type":"Feature","geometry":{"type":"Point","coordinates":[-52.20219986499018,-10.312975186521728]},"properties":{"Fazenda":"FE","Campo":"FE 16","produtividade":174.32437683063995,"unidade_produtividade":"sc/ha","pontos_originais":25,"ano":"2026","cultura":"Milho"}},{"type":"Feature","geometry":{"type":"Point","coordinates":[-52.202428147822914,-10.3129743371504]},"properties":{"Fazenda":"FE","Campo":"FE 16","produtividade":182.56753218752002,"unidade_produtividade":"sc/ha","pontos_originais":25,"ano":"2026","cultura":"Milho"}},{"type":"Feature","geometry":{"type":"Point","coordinates":[-52.20197158213764,-10.31297603573188]},"properties":{"Fazenda":"FE","Campo":"FE 16","produtividade":163.68962338588,"unidade_produtividade":"sc/ha","pontos_originais":25,"ano":"2026","cultura":"Milho"}},{"type":"Feature","geometry":{"type":"Point","coordinates":[-52.201743299265246,-10.312976884780857]},"properties":{"Fazenda":"FE","Campo":"FE 16","produtividade":150.28494210480002,"unidade_produtividade":"sc/ha","pontos_originais":25,"ano":"2026","cultura":"Milho"}},{"type":"Feature","geometry":{"type":"Point","coordinates":[-52.2028847134289,-10.312972637924206]},"properties":{"Fazenda":"FE","Campo":"FE 16","produtividade":182.97372203455998,"unidade_produtividade":"sc/ha","pontos_originais":25,"ano":"2026","cultura":"Milho"}},{"type":"Feature","geometry":{"type":"Point","coordinates":[-52.202656430635834,-10.312973487617889]},"properties":{"Fazenda":"FE","Campo":"FE 16","produtividade":185.56770891280001,"unidade_produtividade":"sc/ha","pontos_originais":25,"ano":"2026","cultura":"Milho"}},{"type":"Feature","geometry":{"type":"Point","coordinates":[-52.20156050151951,-10.312932351902692]},"properties":{"Fazenda":"FE","Campo":"FE 16","produtividade":142.66579004780002,"unidade_produtividade":"sc/ha","pontos_originais":10,"ano":"2026","cultura":"Milho"}},{"type":"Feature","geometry":{"type":"Point","coordinates":[-52.20653551398982,-10.312506901687374]},"properties":{"Fazenda":"FE","Campo":"FE 16","produtividade":189.21473824779997,"unidade_produtividade":"sc/ha","pontos_originais":25,"ano":"2026","cultura":"Milho"}},{"type":"Feature","geometry":{"type":"Point","coordinates":[-52.20676379611974,-10.312506049291846]},"properties":{"Fazenda":"FE","Campo":"FE 16","produtividade":189.36827096419995,"unidade_produtividade":"sc/ha","pontos_originais":25,"ano":"2026","cultura":"Milho"}},{"type":"Feature","geometry":{"type":"Point","coordinates":[-52.20630723184,-10.31250775392174]},"properties":{"Fazenda":"FE","Campo":"FE 16","produtividade":190.56461816256,"unidade_produtividade":"sc/ha","pontos_originais":25,"ano":"2026","cultura":"Milho"}},{"type":"Feature","geometry":{"type":"Point","coordinates":[-52.206078949670285,-10.31250860599493]},"properties":{"Fazenda":"FE","Campo":"FE 16","produtividade":191.81885767744004,"unidade_produtividade":"sc/ha","pontos_originais":25,"ano":"2026","cultura":"Milho"}},{"type":"Feature","geometry":{"type":"Point","coordinates":[-52.20744864239021,-10.31250349113824]},"properties":{"Fazenda":"FE","Campo":"FE 16","produtividade":171.31815874388005,"unidade_produtividade":"sc/ha","pontos_originais":25,"ano":"2026","cultura":"Milho"}},{"type":"Feature","geometry":{"type":"Point","coordinates":[-52.20722036031996,-10.312504344017277]},"properties":{"Fazenda":"FE","Campo":"FE 16","produtividade":186.19459894723997,"unidade_produtividade":"sc/ha","pontos_originais":25,"ano":"2026","cultura":"Milho"}},{"type":"Feature","geometry":{"type":"Point","coordinates":[-52.20699207822979,-10.312505196735147]},"properties":{"Fazenda":"FE","Campo":"FE 16","produtividade":189.61206856228,"unidade_produtividade":"sc/ha","pontos_originais":25,"ano":"2026","cultura":"Milho"}},{"type":"Feature","geometry":{"type":"Point","coordinates":[-52.2051658207926,-10.31251201267601]},"properties":{"Fazenda":"FE","Campo":"FE 16","produtividade":180.58994089024,"unidade_produtividade":"sc/ha","pontos_originais":25,"ano":"2026","cultura":"Milho"}},{"type":"Feature","geometry":{"type":"Point","coordinates":[-52.20493753852349,-10.312512863943354]},"properties":{"Fazenda":"FE","Campo":"FE 16","produtividade":184.18071000228,"unidade_produtividade":"sc/ha","pontos_originais":25,"ano":"2026","cultura":"Milho"}},{"type":"Feature","geometry":{"type":"Point","coordinates":[-52.20470925623454,-10.312513715049532]},"properties":{"Fazenda":"FE","Campo":"FE 16","produtividade":185.42096892880002,"unidade_produtividade":"sc/ha","pontos_originais":25,"ano":"2026","cultura":"Milho"}},{"type":"Feature","geometry":{"type":"Point","coordinates":[-52.20448097392571,-10.31251456599454]},"properties":{"Fazenda":"FE","Campo":"FE 16","produtividade":186.19861450528003,"unidade_produtividade":"sc/ha","pontos_originais":25,"ano":"2026","cultura":"Milho"}},{"type":"Feature","geometry":{"type":"Point","coordinates":[-52.20585066748066,-10.312509457906954]},"properties":{"Fazenda":"FE","Campo":"FE 16","produtividade":190.7015479142,"unidade_produtividade":"sc/ha","pontos_originais":25,"ano":"2026","cultura":"Milho"}},{"type":"Feature","geometry":{"type":"Point","coordinates":[-52.205622385271184,-10.312510309657807]},"properties":{"Fazenda":"FE","Campo":"FE 16","produtividade":187.53518462283998,"unidade_produtividade":"sc/ha","pontos_originais":25,"ano":"2026","cultura":"Milho"}},{"type":"Feature","geometry":{"type":"Point","coordinates":[-52.20539410304183,-10.312511161247494]},"properties":{"Fazenda":"FE","Campo":"FE 16","produtividade":183.19566838088002,"unidade_produtividade":"sc/ha","pontos_originais":25,"ano":"2026","cultura":"Milho"}},{"type":"Feature","geometry":{"type":"Point","coordinates":[-52.2021972921536,-10.312297006604712]},"properties":{"Fazenda":"FE","Campo":"FE 16","produtividade":194.74350430767998,"unidade_produtividade":"sc/ha","pontos_originais":25,"ano":"2026","cultura":"Milho"}},{"type":"Feature","geometry":{"type":"Point","coordinates":[-52.2024255744981,-10.312296157290415]},"properties":{"Fazenda":"FE","Campo":"FE 16","produtividade":194.35148306844,"unidade_produtividade":"sc/ha","pontos_originais":25,"ano":"2026","cultura":"Milho"}},{"type":"Feature","geometry":{"type":"Point","coordinates":[-52.201969009789316,-10.312297855757848]},"properties":{"Fazenda":"FE","Campo":"FE 16","produtividade":192.83751731608,"unidade_produtividade":"sc/ha","pontos_originais":25,"ano":"2026","cultura":"Milho"}},{"type":"Feature","geometry":{"type":"Point","coordinates":[-52.2017407274052,-10.312298704749812]},"properties":{"Fazenda":"FE","Campo":"FE 16","produtividade":190.58678113076,"unidade_produtividade":"sc/ha","pontos_originais":25,"ano":"2026","cultura":"Milho"}},{"type":"Feature","geometry":{"type":"Point","coordinates":[-52.20288213912756,-10.31229445817832]},"properties":{"Fazenda":"FE","Campo":"FE 16","produtividade":191.33470903312002,"unidade_produtividade":"sc/ha","pontos_originais":25,"ano":"2026","cultura":"Milho"}},{"type":"Feature","geometry":{"type":"Point","coordinates":[-52.20311042141256,-10.312293608380521]},"properties":{"Fazenda":"FE","Campo":"FE 16","produtividade":193.1394143348,"unidade_produtividade":"sc/ha","pontos_originais":25,"ano":"2026","cultura":"Milho"}},{"type":"Feature","geometry":{"type":"Point","coordinates":[-52.20265385682274,-10.31229530781495]},"properties":{"Fazenda":"FE","Campo":"FE 16","produtividade":192.28342119904002,"unidade_produtividade":"sc/ha","pontos_originais":25,"ano":"2026","cultura":"Milho"}},{"type":"Feature","geometry":{"type":"Point","coordinates":[-52.208070560115914,-10.31246160582037]},"properties":{"Fazenda":"FE","Campo":"FE 16","produtividade":83.227598102125,"unidade_produtividade":"sc/ha","pontos_originais":8,"ano":"2026","cultura":"Milho"}},{"type":"Feature","geometry":{"type":"Point","coordinates":[-52.20084674932577,-10.312282991033747]},"properties":{"Fazenda":"FE","Campo":"FE 16","produtividade":157.2353359108421,"unidade_produtividade":"sc/ha","pontos_originais":19,"ano":"2026","cultura":"Milho"}},{"type":"Feature","geometry":{"type":"Point","coordinates":[-52.20790520647097,-10.312501784896664]},"properties":{"Fazenda":"FE","Campo":"FE 16","produtividade":111.79772534572,"unidade_produtividade":"sc/ha","pontos_originais":25,"ano":"2026","cultura":"Milho"}},{"type":"Feature","geometry":{"type":"Point","coordinates":[-52.20767692444054,-10.312502638098037]},"properties":{"Fazenda":"FE","Campo":"FE 16","produtividade":141.00019439232,"unidade_produtividade":"sc/ha","pontos_originais":25,"ano":"2026","cultura":"Milho"}},{"type":"Feature","geometry":{"type":"Point","coordinates":[-52.2015124450013,-10.31229955358061]},"properties":{"Fazenda":"FE","Campo":"FE 16","produtividade":180.85724021148002,"unidade_produtividade":"sc/ha","pontos_originais":25,"ano":"2026","cultura":"Milho"}},{"type":"Feature","geometry":{"type":"Point","coordinates":[-52.20128416257756,-10.312300402250239]},"properties":{"Fazenda":"FE","Campo":"FE 16","produtividade":163.04370945968003,"unidade_produtividade":"sc/ha","pontos_originais":25,"ano":"2026","cultura":"Milho"}},{"type":"Feature","geometry":{"type":"Point","coordinates":[-52.20105588013403,-10.312301250758706]},"properties":{"Fazenda":"FE","Campo":"FE 16","produtividade":154.85106700972,"unidade_produtividade":"sc/ha","pontos_originais":25,"ano":"2026","cultura":"Milho"}},{"type":"Feature","geometry":{"type":"Point","coordinates":[-52.201513302105404,-10.312525613613184]},"properties":{"Fazenda":"FE","Campo":"FE 16","produtividade":175.40202368096,"unidade_produtividade":"sc/ha","pontos_originais":25,"ano":"2026","cultura":"Milho"}},{"type":"Feature","geometry":{"type":"Point","coordinates":[-52.20128501951893,-10.31252646230181]},"properties":{"Fazenda":"FE","Campo":"FE 16","produtividade":158.14476682024,"unidade_produtividade":"sc/ha","pontos_originais":25,"ano":"2026","cultura":"Milho"}},{"type":"Feature","geometry":{"type":"Point","coordinates":[-52.20107944736862,-10.31249614272437]},"properties":{"Fazenda":"FE","Campo":"FE 16","produtividade":150.9107188220625,"unidade_produtividade":"sc/ha","pontos_originais":16,"ano":"2026","cultura":"Milho"}},{"type":"Feature","geometry":{"type":"Point","coordinates":[-52.20091942466462,-10.31243739584256]},"properties":{"Fazenda":"FE","Campo":"FE 16","produtividade":156.734913652,"unidade_produtividade":"sc/ha","pontos_originais":1,"ano":"2026","cultura":"Milho"}},{"type":"Feature","geometry":{"type":"Point","coordinates":[-52.203796126880114,-10.312517117862543]},"properties":{"Fazenda":"FE","Campo":"FE 16","produtividade":186.26884259348,"unidade_produtividade":"sc/ha","pontos_originais":25,"ano":"2026","cultura":"Milho"}},{"type":"Feature","geometry":{"type":"Point","coordinates":[-52.2035678444919,-10.312517968162874]},"properties":{"Fazenda":"FE","Campo":"FE 16","produtividade":189.28400644728,"unidade_produtividade":"sc/ha","pontos_originais":25,"ano":"2026","cultura":"Milho"}},{"type":"Feature","geometry":{"type":"Point","coordinates":[-52.203339562083826,-10.312518818302031]},"properties":{"Fazenda":"FE","Campo":"FE 16","produtividade":193.26847766408002,"unidade_produtividade":"sc/ha","pontos_originais":25,"ano":"2026","cultura":"Milho"}},{"type":"Feature","geometry":{"type":"Point","coordinates":[-52.20311127965593,-10.312519668280025]},"properties":{"Fazenda":"FE","Campo":"FE 16","produtividade":193.69363132148,"unidade_produtividade":"sc/ha","pontos_originais":25,"ano":"2026","cultura":"Milho"}},{"type":"Feature","geometry":{"type":"Point","coordinates":[-52.20425269159704,-10.312515416778377]},"properties":{"Fazenda":"FE","Campo":"FE 16","produtividade":188.32660651092,"unidade_produtividade":"sc/ha","pontos_originais":25,"ano":"2026","cultura":"Milho"}},{"type":"Feature","geometry":{"type":"Point","coordinates":[-52.2040244092485,-10.312516267401044]},"properties":{"Fazenda":"FE","Campo":"FE 16","produtividade":186.83485603291993,"unidade_produtividade":"sc/ha","pontos_originais":25,"ano":"2026","cultura":"Milho"}},{"type":"Feature","geometry":{"type":"Point","coordinates":[-52.202198149745975,-10.31252306658028]},"properties":{"Fazenda":"FE","Campo":"FE 16","produtividade":189.16769733896,"unidade_produtividade":"sc/ha","pontos_originais":25,"ano":"2026","cultura":"Milho"}},{"type":"Feature","geometry":{"type":"Point","coordinates":[-52.20242643225321,-10.312522217246967]},"properties":{"Fazenda":"FE","Campo":"FE 16","produtividade":189.63307938128003,"unidade_produtividade":"sc/ha","pontos_originais":25,"ano":"2026","cultura":"Milho"}},{"type":"Feature","geometry":{"type":"Point","coordinates":[-52.20196986721895,-10.312523915752413]},"properties":{"Fazenda":"FE","Campo":"FE 16","produtividade":186.85724943095997,"unidade_produtividade":"sc/ha","pontos_originais":25,"ano":"2026","cultura":"Milho"}},{"type":"Feature","geometry":{"type":"Point","coordinates":[-52.20174158467207,-10.312524764763387]},"properties":{"Fazenda":"FE","Campo":"FE 16","produtividade":184.70228370408003,"unidade_produtividade":"sc/ha","pontos_originais":25,"ano":"2026","cultura":"Milho"}},{"type":"Feature","geometry":{"type":"Point","coordinates":[-52.20288299720817,-10.312520518096841]},"properties":{"Fazenda":"FE","Campo":"FE 16","produtividade":192.35552312008,"unidade_produtividade":"sc/ha","pontos_originais":25,"ano":"2026","cultura":"Milho"}},{"type":"Feature","geometry":{"type":"Point","coordinates":[-52.20265471474059,-10.31252136775249]},"properties":{"Fazenda":"FE","Campo":"FE 16","produtividade":190.43791709255999,"unidade_produtividade":"sc/ha","pontos_originais":25,"ano":"2026","cultura":"Milho"}},{"type":"Feature","geometry":{"type":"Point","coordinates":[-52.20060879629784,-10.312066573171457]},"properties":{"Fazenda":"FE","Campo":"FE 16","produtividade":153.5893005484546,"unidade_produtividade":"sc/ha","pontos_originais":22,"ano":"2026","cultura":"Milho"}},{"type":"Feature","geometry":{"type":"Point","coordinates":[-52.200826741074636,-10.312076039013226]},"properties":{"Fazenda":"FE","Campo":"FE 16","produtividade":161.06601708427996,"unidade_produtividade":"sc/ha","pontos_originais":25,"ano":"2026","cultura":"Milho"}},{"type":"Feature","geometry":{"type":"Point","coordinates":[-52.20813176485367,-10.31204881257066]},"properties":{"Fazenda":"FE","Campo":"FE 16","produtividade":92.07434189436,"unidade_produtividade":"sc/ha","pontos_originais":25,"ano":"2026","cultura":"Milho"}},{"type":"Feature","geometry":{"type":"Point","coordinates":[-52.20826873385592,-10.312048300505145]},"properties":{"Fazenda":"FE","Campo":"FE 16","produtividade":84.90188515060001,"unidade_produtividade":"sc/ha","pontos_originais":5,"ano":"2026","cultura":"Milho"}},{"type":"Feature","geometry":{"type":"Point","coordinates":[-52.207903483168636,-10.312049665895001]},"properties":{"Fazenda":"FE","Campo":"FE 16","produtividade":129.62993081032002,"unidade_produtividade":"sc/ha","pontos_originais":25,"ano":"2026","cultura":"Milho"}},{"type":"Feature","geometry":{"type":"Point","coordinates":[-52.20128330565601,-10.312074342195444]},"properties":{"Fazenda":"FE","Campo":"FE 16","produtividade":172.29261897048,"unidade_produtividade":"sc/ha","pontos_originais":25,"ano":"2026","cultura":"Milho"}},{"type":"Feature","geometry":{"type":"Point","coordinates":[-52.20151158791697,-10.31207349354481]},"properties":{"Fazenda":"FE","Campo":"FE 16","produtividade":185.66338606836,"unidade_produtividade":"sc/ha","pontos_originais":25,"ano":"2026","cultura":"Milho"}},{"type":"Feature","geometry":{"type":"Point","coordinates":[-52.20105502337521,-10.312075190684915]},"properties":{"Fazenda":"FE","Campo":"FE 16","produtividade":162.30911609392,"unidade_produtividade":"sc/ha","pontos_originais":25,"ano":"2026","cultura":"Milho"}},{"type":"Feature","geometry":{"type":"Point","coordinates":[-52.20699035622945,-10.312053077580751]},"properties":{"Fazenda":"FE","Campo":"FE 16","produtividade":191.86584133224002,"unidade_produtividade":"sc/ha","pontos_originais":25,"ano":"2026","cultura":"Milho"}},{"type":"Feature","geometry":{"type":"Point","coordinates":[-52.206762074444924,-10.312053930099285]},"properties":{"Fazenda":"FE","Campo":"FE 16","produtividade":193.68988082844,"unidade_produtividade":"sc/ha","pontos_originais":25,"ano":"2026","cultura":"Milho"}},{"type":"Feature","geometry":{"type":"Point","coordinates":[-52.206533792640464,-10.312054782456658]},"properties":{"Fazenda":"FE","Campo":"FE 16","produtividade":191.20201042572003,"unidade_produtividade":"sc/ha","pontos_originais":25,"ano":"2026","cultura":"Milho"}},{"type":"Feature","geometry":{"type":"Point","coordinates":[-52.20630551081614,-10.312055634652866]},"properties":{"Fazenda":"FE","Campo":"FE 16","produtividade":188.04889967751998,"unidade_produtividade":"sc/ha","pontos_originais":25,"ano":"2026","cultura":"Milho"}},{"type":"Feature","geometry":{"type":"Point","coordinates":[-52.207675201463715,-10.312050519058182]},"properties":{"Fazenda":"FE","Campo":"FE 16","produtividade":171.49210782684,"unidade_produtividade":"sc/ha","pontos_originais":25,"ano":"2026","cultura":"Milho"}},{"type":"Feature","geometry":{"type":"Point","coordinates":[-52.20744691973885,-10.3120513720602]},"properties":{"Fazenda":"FE","Campo":"FE 16","produtividade":185.34370778260003,"unidade_produtividade":"sc/ha","pontos_originais":25,"ano":"2026","cultura":"Milho"}},{"type":"Feature","geometry":{"type":"Point","coordinates":[-52.20721863799412,-10.312052224901054]},"properties":{"Fazenda":"FE","Campo":"FE 16","produtividade":188.91807537928003,"unidade_produtividade":"sc/ha","pontos_originais":25,"ano":"2026","cultura":"Milho"}},{"type":"Feature","geometry":{"type":"Point","coordinates":[-52.20356612737398,-10.312065848436752]},"properties":{"Fazenda":"FE","Campo":"FE 16","produtividade":196.95258146391998,"unidade_produtividade":"sc/ha","pontos_originais":25,"ano":"2026","cultura":"Milho"}},{"type":"Feature","geometry":{"type":"Point","coordinates":[-52.203337845291415,-10.312066698537853]},"properties":{"Fazenda":"FE","Campo":"FE 16","produtividade":194.44919450952,"unidade_produtividade":"sc/ha","pontos_originais":25,"ano":"2026","cultura":"Milho"}},{"type":"Feature","geometry":{"type":"Point","coordinates":[-52.203109563189,-10.312067548477794]},"properties":{"Fazenda":"FE","Campo":"FE 16","produtividade":192.6097932596,"unidade_produtividade":"sc/ha","pontos_originais":25,"ano":"2026","cultura":"Milho"}},{"type":"Feature","geometry":{"type":"Point","coordinates":[-52.202881281066766,-10.312068398256569]},"properties":{"Fazenda":"FE","Campo":"FE 16","produtividade":192.83026867188,"unidade_produtividade":"sc/ha","pontos_originais":25,"ano":"2026","cultura":"Milho"}},{"type":"Feature","geometry":{"type":"Point","coordinates":[-52.204250973502624,-10.312063297166473]},"properties":{"Fazenda":"FE","Campo":"FE 16","produtividade":189.23213711440002,"unidade_produtividade":"sc/ha","pontos_originais":25,"ano":"2026","cultura":"Milho"}},{"type":"Feature","geometry":{"type":"Point","coordinates":[-52.20447925550584,-10.31206244642072]},"properties":{"Fazenda":"FE","Campo":"FE 16","produtividade":185.27389178212002,"unidade_produtividade":"sc/ha","pontos_originais":25,"ano":"2026","cultura":"Milho"}},{"type":"Feature","geometry":{"type":"Point","coordinates":[-52.2040226914796,-10.312064147751062]},"properties":{"Fazenda":"FE","Campo":"FE 16","produtividade":194.94063279476003,"unidade_produtividade":"sc/ha","pontos_originais":25,"ano":"2026","cultura":"Milho"}},{"type":"Feature","geometry":{"type":"Point","coordinates":[-52.203794409436725,-10.312064998174487]},"properties":{"Fazenda":"FE","Campo":"FE 16","produtividade":197.27839441404004,"unidade_produtividade":"sc/ha","pontos_originais":25,"ano":"2026","cultura":"Milho"}},{"type":"Feature","geometry":{"type":"Point","coordinates":[-52.202196434581055,-10.312070946625925]},"properties":{"Fazenda":"FE","Campo":"FE 16","produtividade":195.58736877587998,"unidade_produtividade":"sc/ha","pontos_originais":25,"ano":"2026","cultura":"Milho"}},{"type":"Feature","geometry":{"type":"Point","coordinates":[-52.20196815237951,-10.312071795760046]},"properties":{"Fazenda":"FE","Campo":"FE 16","produtividade":192.98457255071997,"unidade_produtividade":"sc/ha","pontos_originais":25,"ano":"2026","cultura":"Milho"}},{"type":"Feature","geometry":{"type":"Point","coordinates":[-52.201739870158164,-10.312072644733012]},"properties":{"Fazenda":"FE","Campo":"FE 16","produtividade":190.70642228284007,"unidade_produtividade":"sc/ha","pontos_originais":25,"ano":"2026","cultura":"Milho"}},{"type":"Feature","geometry":{"type":"Point","coordinates":[-52.20265299892468,-10.312069247874183]},"properties":{"Fazenda":"FE","Campo":"FE 16","produtividade":195.43487228692,"unidade_produtividade":"sc/ha","pontos_originais":25,"ano":"2026","cultura":"Milho"}},{"type":"Feature","geometry":{"type":"Point","coordinates":[-52.20242471676279,-10.312070097330635]},"properties":{"Fazenda":"FE","Campo":"FE 16","produtividade":196.99885191715998,"unidade_produtividade":"sc/ha","pontos_originais":25,"ano":"2026","cultura":"Milho"}},{"type":"Feature","geometry":{"type":"Point","coordinates":[-52.20826925099369,-10.31218393618879]},"properties":{"Fazenda":"FE","Campo":"FE 16","produtividade":86.35694003000002,"unidade_produtividade":"sc/ha","pontos_originais":1,"ano":"2026","cultura":"Milho"}},{"type":"Feature","geometry":{"type":"Point","coordinates":[-52.20812466393604,-10.31226900453521]},"properties":{"Fazenda":"FE","Campo":"FE 16","produtividade":86.1755633493913,"unidade_produtividade":"sc/ha","pontos_originais":23,"ano":"2026","cultura":"Milho"}},{"type":"Feature","geometry":{"type":"Point","coordinates":[-52.205392383319946,-10.312059041826089]},"properties":{"Fazenda":"FE","Campo":"FE 16","produtividade":187.3622272364,"unidade_produtividade":"sc/ha","pontos_originais":25,"ano":"2026","cultura":"Milho"}},{"type":"Feature","geometry":{"type":"Point","coordinates":[-52.205620665223826,-10.312058190274529]},"properties":{"Fazenda":"FE","Campo":"FE 16","produtividade":186.02804553119998,"unidade_produtividade":"sc/ha","pontos_originais":25,"ano":"2026","cultura":"Milho"}},{"type":"Feature","geometry":{"type":"Point","coordinates":[-52.20516410139619,-10.31205989321649]},"properties":{"Fazenda":"FE","Campo":"FE 16","produtividade":187.20842026608003,"unidade_produtividade":"sc/ha","pontos_originais":25,"ano":"2026","cultura":"Milho"}},{"type":"Feature","geometry":{"type":"Point","coordinates":[-52.20493581945259,-10.312060744445732]},"properties":{"Fazenda":"FE","Campo":"FE 16","produtividade":190.12759454104003,"unidade_produtividade":"sc/ha","pontos_originais":25,"ano":"2026","cultura":"Milho"}},{"type":"Feature","geometry":{"type":"Point","coordinates":[-52.2060772289719,-10.312056486687919]},"properties":{"Fazenda":"FE","Campo":"FE 16","produtividade":185.19423515516,"unidade_produtividade":"sc/ha","pontos_originais":25,"ano":"2026","cultura":"Milho"}},{"type":"Feature","geometry":{"type":"Point","coordinates":[-52.205848947107796,-10.312057338561804]},"properties":{"Fazenda":"FE","Campo":"FE 16","produtividade":182.59206589708003,"unidade_produtividade":"sc/ha","pontos_originais":25,"ano":"2026","cultura":"Milho"}},{"type":"Feature","geometry":{"type":"Point","coordinates":[-52.20470753748915,-10.312061595513807]},"properties":{"Fazenda":"FE","Campo":"FE 16","produtividade":188.2734570908,"unidade_produtividade":"sc/ha","pontos_originais":25,"ano":"2026","cultura":"Milho"}},{"type":"Feature","geometry":{"type":"Point","coordinates":[-52.204480114705845,-10.312288506209242]},"properties":{"Fazenda":"FE","Campo":"FE 16","produtividade":188.58506397060003,"unidade_produtividade":"sc/ha","pontos_originais":25,"ano":"2026","cultura":"Milho"}},{"type":"Feature","geometry":{"type":"Point","coordinates":[-52.20425183253991,-10.312289356974041]},"properties":{"Fazenda":"FE","Campo":"FE 16","produtividade":185.50986960928,"unidade_produtividade":"sc/ha","pontos_originais":25,"ano":"2026","cultura":"Milho"}},{"type":"Feature","geometry":{"type":"Point","coordinates":[-52.204023550354144,-10.312290207577666]},"properties":{"Fazenda":"FE","Campo":"FE 16","produtividade":186.62491607084004,"unidade_produtividade":"sc/ha","pontos_originais":25,"ano":"2026","cultura":"Milho"}},{"type":"Feature","geometry":{"type":"Point","coordinates":[-52.2037952681485,-10.31229105802013]},"properties":{"Fazenda":"FE","Campo":"FE 16","produtividade":194.48320482296,"unidade_produtividade":"sc/ha","pontos_originais":25,"ano":"2026","cultura":"Milho"}},{"type":"Feature","geometry":{"type":"Point","coordinates":[-52.20516496108448,-10.312285952947862]},"properties":{"Fazenda":"FE","Campo":"FE 16","produtividade":183.96947935036,"unidade_produtividade":"sc/ha","pontos_originais":25,"ano":"2026","cultura":"Milho"}},{"type":"Feature","geometry":{"type":"Point","coordinates":[-52.20493667897813,-10.312286804196155]},"properties":{"Fazenda":"FE","Campo":"FE 16","produtividade":191.2448640144,"unidade_produtividade":"sc/ha","pontos_originais":25,"ano":"2026","cultura":"Milho"}},{"type":"Feature","geometry":{"type":"Point","coordinates":[-52.20470839685191,-10.312287655283285]},"properties":{"Fazenda":"FE","Campo":"FE 16","produtividade":192.27946501556005,"unidade_produtividade":"sc/ha","pontos_originais":25,"ano":"2026","cultura":"Milho"}},{"type":"Feature","geometry":{"type":"Point","coordinates":[-52.203566985923025,-10.312291908301425]},"properties":{"Fazenda":"FE","Campo":"FE 16","produtividade":198.34579915275998,"unidade_produtividade":"sc/ha","pontos_originais":25,"ano":"2026","cultura":"Milho"}},{"type":"Feature","geometry":{"type":"Point","coordinates":[-52.2033387036777,-10.312292758421556]},"properties":{"Fazenda":"FE","Campo":"FE 16","produtividade":196.60531662664008,"unidade_produtividade":"sc/ha","pontos_originais":25,"ano":"2026","cultura":"Milho"}},{"type":"Feature","geometry":{"type":"Point","coordinates":[-52.20744778105457,-10.312277431600835]},"properties":{"Fazenda":"FE","Campo":"FE 16","produtividade":184.27807650544,"unidade_produtividade":"sc/ha","pontos_originais":25,"ano":"2026","cultura":"Milho"}},{"type":"Feature","geometry":{"type":"Point","coordinates":[-52.207219499147065,-10.312278284460783]},"properties":{"Fazenda":"FE","Campo":"FE 16","produtividade":188.37956932528002,"unidade_produtividade":"sc/ha","pontos_originais":25,"ano":"2026","cultura":"Milho"}},{"type":"Feature","geometry":{"type":"Point","coordinates":[-52.206991217219674,-10.312279137159564]},"properties":{"Fazenda":"FE","Campo":"FE 16","produtividade":189.68545127740003,"unidade_produtividade":"sc/ha","pontos_originais":25,"ano":"2026","cultura":"Milho"}},{"type":"Feature","geometry":{"type":"Point","coordinates":[-52.20676293527237,-10.31227998969718]},"properties":{"Fazenda":"FE","Campo":"FE 16","produtividade":191.07882800524007,"unidade_produtividade":"sc/ha","pontos_originais":25,"ano":"2026","cultura":"Milho"}},{"type":"Feature","geometry":{"type":"Point","coordinates":[-52.20790434480984,-10.312275725397445]},"properties":{"Fazenda":"FE","Campo":"FE 16","produtividade":122.37441965972,"unidade_produtividade":"sc/ha","pontos_originais":25,"ano":"2026","cultura":"Milho"}},{"type":"Feature","geometry":{"type":"Point","coordinates":[-52.20767606294217,-10.312276578579722]},"properties":{"Fazenda":"FE","Campo":"FE 16","produtividade":161.86078444608,"unidade_produtividade":"sc/ha","pontos_originais":25,"ano":"2026","cultura":"Milho"}},{"type":"Feature","geometry":{"type":"Point","coordinates":[-52.205849807284295,-10.31228339823599]},"properties":{"Fazenda":"FE","Campo":"FE 16","produtividade":186.21697043324002,"unidade_produtividade":"sc/ha","pontos_originais":25,"ano":"2026","cultura":"Milho"}},{"type":"Feature","geometry":{"type":"Point","coordinates":[-52.20607808931114,-10.312282546343038]},"properties":{"Fazenda":"FE","Campo":"FE 16","produtividade":192.00169668708,"unidade_produtividade":"sc/ha","pontos_originais":25,"ano":"2026","cultura":"Milho"}},{"type":"Feature","geometry":{"type":"Point","coordinates":[-52.20562152523757,-10.31228424996778]},"properties":{"Fazenda":"FE","Campo":"FE 16","produtividade":183.2075666186,"unidade_produtividade":"sc/ha","pontos_originais":25,"ano":"2026","cultura":"Milho"}},{"type":"Feature","geometry":{"type":"Point","coordinates":[-52.205393243170946,-10.312285101538405]},"properties":{"Fazenda":"FE","Campo":"FE 16","produtividade":181.72077957108002,"unidade_produtividade":"sc/ha","pontos_originais":25,"ano":"2026","cultura":"Milho"}},{"type":"Feature","geometry":{"type":"Point","coordinates":[-52.20653465330519,-10.31228084207363]},"properties":{"Fazenda":"FE","Campo":"FE 16","produtividade":191.48914721156,"unidade_produtividade":"sc/ha","pontos_originais":25,"ano":"2026","cultura":"Milho"}},{"type":"Feature","geometry":{"type":"Point","coordinates":[-52.206306371318114,-10.312281694288915]},"properties":{"Fazenda":"FE","Campo":"FE 16","produtividade":192.65385342416005,"unidade_produtividade":"sc/ha","pontos_originais":25,"ano":"2026","cultura":"Milho"}},{"type":"Feature","geometry":{"type":"Point","coordinates":[-52.20069028558146,-10.312212184002316]},"properties":{"Fazenda":"FE","Campo":"FE 16","produtividade":155.637279487,"unidade_produtividade":"sc/ha","pontos_originais":1,"ano":"2026","cultura":"Milho"}},{"type":"Feature","geometry":{"type":"Point","coordinates":[-52.20561980522994,-10.311832130578047]},"properties":{"Fazenda":"FE","Campo":"FE 16","produtividade":191.04959522335994,"unidade_produtividade":"sc/ha","pontos_originais":25,"ano":"2026","cultura":"Milho"}},{"type":"Feature","geometry":{"type":"Point","coordinates":[-52.2058480869512,-10.31183127888439]},"properties":{"Fazenda":"FE","Campo":"FE 16","produtividade":189.63688571468,"unidade_produtividade":"sc/ha","pontos_originais":25,"ano":"2026","cultura":"Milho"}},{"type":"Feature","geometry":{"type":"Point","coordinates":[-52.20539152348883,-10.311832982110548]},"properties":{"Fazenda":"FE","Campo":"FE 16","produtividade":189.35372136964,"unidade_produtividade":"sc/ha","pontos_originais":25,"ano":"2026","cultura":"Milho"}},{"type":"Feature","geometry":{"type":"Point","coordinates":[-52.205163241727824,-10.311833833481892]},"properties":{"Fazenda":"FE","Campo":"FE 16","produtividade":187.504401034,"unidade_produtividade":"sc/ha","pontos_originais":25,"ano":"2026","cultura":"Milho"}},{"type":"Feature","geometry":{"type":"Point","coordinates":[-52.206304650334026,-10.311829575013594]},"properties":{"Fazenda":"FE","Campo":"FE 16","produtividade":182.49802295560002,"unidade_produtividade":"sc/ha","pontos_originais":25,"ano":"2026","cultura":"Milho"}},{"type":"Feature","geometry":{"type":"Point","coordinates":[-52.20653293199562,-10.31182872283646]},"properties":{"Fazenda":"FE","Campo":"FE 16","produtividade":184.19704012680003,"unidade_produtividade":"sc/ha","pontos_originais":25,"ano":"2026","cultura":"Milho"}},{"type":"Feature","geometry":{"type":"Point","coordinates":[-52.206076368652546,-10.311830427029571]},"properties":{"Fazenda":"FE","Campo":"FE 16","produtividade":185.32461532736005,"unidade_produtividade":"sc/ha","pontos_originais":25,"ano":"2026","cultura":"Milho"}},{"type":"Feature","geometry":{"type":"Point","coordinates":[-52.20425011448522,-10.31183723735568]},"properties":{"Fazenda":"FE","Campo":"FE 16","produtividade":194.20243525184,"unidade_produtividade":"sc/ha","pontos_originais":25,"ano":"2026","cultura":"Milho"}},{"type":"Feature","geometry":{"type":"Point","coordinates":[-52.20402183262493,-10.311838087921231]},"properties":{"Fazenda":"FE","Campo":"FE 16","produtividade":195.82224110527997,"unidade_produtividade":"sc/ha","pontos_originais":25,"ano":"2026","cultura":"Milho"}},{"type":"Feature","geometry":{"type":"Point","coordinates":[-52.20379355074479,-10.311838938325623]},"properties":{"Fazenda":"FE","Campo":"FE 16","produtividade":193.63777965203994,"unidade_produtividade":"sc/ha","pontos_originais":25,"ano":"2026","cultura":"Milho"}},{"type":"Feature","geometry":{"type":"Point","coordinates":[-52.20356526884481,-10.311839788568854]},"properties":{"Fazenda":"FE","Campo":"FE 16","produtividade":194.03923084371996,"unidade_produtividade":"sc/ha","pontos_originais":25,"ano":"2026","cultura":"Milho"}},{"type":"Feature","geometry":{"type":"Point","coordinates":[-52.20493495994697,-10.31183468469208]},"properties":{"Fazenda":"FE","Campo":"FE 16","produtividade":187.44547461056,"unidade_produtividade":"sc/ha","pontos_originais":25,"ano":"2026","cultura":"Milho"}},{"type":"Feature","geometry":{"type":"Point","coordinates":[-52.20470667814625,-10.311835535741103]},"properties":{"Fazenda":"FE","Campo":"FE 16","produtividade":187.85683923324004,"unidade_produtividade":"sc/ha","pontos_originais":25,"ano":"2026","cultura":"Milho"}},{"type":"Feature","geometry":{"type":"Point","coordinates":[-52.204478396325655,-10.311836386628972]},"properties":{"Fazenda":"FE","Campo":"FE 16","produtividade":189.88133148504,"unidade_produtividade":"sc/ha","pontos_originais":25,"ano":"2026","cultura":"Milho"}},{"type":"Feature","geometry":{"type":"Point","coordinates":[-52.209272310382204,-10.311818484140526]},"properties":{"Fazenda":"FE","Campo":"FE 16","produtividade":107.10618369908,"unidade_produtividade":"sc/ha","pontos_originais":25,"ano":"2026","cultura":"Milho"}},{"type":"Feature","geometry":{"type":"Point","coordinates":[-52.209500591784945,-10.31181762986834]},"properties":{"Fazenda":"FE","Campo":"FE 16","produtividade":133.88887082648,"unidade_produtividade":"sc/ha","pontos_originais":25,"ano":"2026","cultura":"Milho"}},{"type":"Feature","geometry":{"type":"Point","coordinates":[-52.209063180036964,-10.311800229751142]},"properties":{"Fazenda":"FE","Campo":"FE 16","produtividade":79.07545846173683,"unidade_produtividade":"sc/ha","pontos_originais":19,"ano":"2026","cultura":"Milho"}},{"type":"Feature","geometry":{"type":"Point","coordinates":[-52.20813090306963,-10.31182275308409]},"properties":{"Fazenda":"FE","Campo":"FE 16","produtividade":102.69315821763999,"unidade_produtividade":"sc/ha","pontos_originais":25,"ano":"2026","cultura":"Milho"}},{"type":"Feature","geometry":{"type":"Point","coordinates":[-52.20826787197425,-10.311822241030038]},"properties":{"Fazenda":"FE","Campo":"FE 16","produtividade":87.78365062540001,"unidade_produtividade":"sc/ha","pontos_originais":5,"ano":"2026","cultura":"Milho"}},{"type":"Feature","geometry":{"type":"Point","coordinates":[-52.20790262154736,-10.311823606389332]},"properties":{"Fazenda":"FE","Campo":"FE 16","produtividade":147.49927294168003,"unidade_produtividade":"sc/ha","pontos_originais":25,"ano":"2026","cultura":"Milho"}},{"type":"Feature","geometry":{"type":"Point","coordinates":[-52.20059760234073,-10.311850827065381]},"properties":{"Fazenda":"FE","Campo":"FE 16","produtividade":159.59472467640003,"unidade_produtividade":"sc/ha","pontos_originais":25,"ano":"2026","cultura":"Milho"}},{"type":"Feature","geometry":{"type":"Point","coordinates":[-52.20037965770869,-10.311841361050647]},"properties":{"Fazenda":"FE","Campo":"FE 16","produtividade":146.88836578054546,"unidade_produtividade":"sc/ha","pontos_originais":22,"ano":"2026","cultura":"Milho"}},{"type":"Feature","geometry":{"type":"Point","coordinates":[-52.209698406886645,-10.311809354059939]},"properties":{"Fazenda":"FE","Campo":"FE 16","produtividade":145.64805364111112,"unidade_produtividade":"sc/ha","pontos_originais":18,"ano":"2026","cultura":"Milho"}},{"type":"Feature","geometry":{"type":"Point","coordinates":[-52.20020168492403,-10.311792014104979]},"properties":{"Fazenda":"FE","Campo":"FE 16","produtividade":136.640247647,"unidade_produtividade":"sc/ha","pontos_originais":6,"ano":"2026","cultura":"Milho"}},{"type":"Feature","geometry":{"type":"Point","coordinates":[-52.20721777686105,-10.311826165338108]},"properties":{"Fazenda":"FE","Campo":"FE 16","produtividade":190.940756707,"unidade_produtividade":"sc/ha","pontos_originais":25,"ano":"2026","cultura":"Milho"}},{"type":"Feature","geometry":{"type":"Point","coordinates":[-52.20698949525914,-10.311827017998716]},"properties":{"Fazenda":"FE","Campo":"FE 16","produtividade":191.88394350464,"unidade_produtividade":"sc/ha","pontos_originais":25,"ano":"2026","cultura":"Milho"}},{"type":"Feature","geometry":{"type":"Point","coordinates":[-52.20676121363733,-10.311827870498163]},"properties":{"Fazenda":"FE","Campo":"FE 16","produtividade":189.53770970112,"unidade_produtividade":"sc/ha","pontos_originais":25,"ano":"2026","cultura":"Milho"}},{"type":"Feature","geometry":{"type":"Point","coordinates":[-52.20767434000517,-10.311824459533414]},"properties":{"Fazenda":"FE","Campo":"FE 16","produtividade":176.53319952448,"unidade_produtividade":"sc/ha","pontos_originais":25,"ano":"2026","cultura":"Milho"}},{"type":"Feature","geometry":{"type":"Point","coordinates":[-52.207446058443054,-10.311825312516339]},"properties":{"Fazenda":"FE","Campo":"FE 16","produtividade":186.38378113904,"unidade_produtividade":"sc/ha","pontos_originais":25,"ano":"2026","cultura":"Milho"}},{"type":"Feature","geometry":{"type":"Point","coordinates":[-52.202652141046464,-10.311843187930192]},"properties":{"Fazenda":"FE","Campo":"FE 16","produtividade":197.04353622143992,"unidade_produtividade":"sc/ha","pontos_originais":25,"ano":"2026","cultura":"Milho"}},{"type":"Feature","geometry":{"type":"Point","coordinates":[-52.202880423025796,-10.311842338331598]},"properties":{"Fazenda":"FE","Campo":"FE 16","produtividade":197.31307269128004,"unidade_produtividade":"sc/ha","pontos_originais":25,"ano":"2026","cultura":"Milho"}},{"type":"Feature","geometry":{"type":"Point","coordinates":[-52.202423859047315,-10.311844037367628]},"properties":{"Fazenda":"FE","Campo":"FE 16","produtividade":195.05656162316,"unidade_produtividade":"sc/ha","pontos_originais":25,"ano":"2026","cultura":"Milho"}},{"type":"Feature","geometry":{"type":"Point","coordinates":[-52.20219557702831,-10.311844886643907]},"properties":{"Fazenda":"FE","Campo":"FE 16","produtividade":190.66499297676,"unidade_produtividade":"sc/ha","pontos_originais":25,"ano":"2026","cultura":"Milho"}},{"type":"Feature","geometry":{"type":"Point","coordinates":[-52.20333698692497,-10.311840638650924]},"properties":{"Fazenda":"FE","Campo":"FE 16","produtividade":194.92283739091997,"unidade_produtividade":"sc/ha","pontos_originais":25,"ano":"2026","cultura":"Milho"}},{"type":"Feature","geometry":{"type":"Point","coordinates":[-52.20310870498529,-10.311841488571842]},"properties":{"Fazenda":"FE","Campo":"FE 16","produtividade":195.98542360136005,"unidade_produtividade":"sc/ha","pontos_originais":25,"ano":"2026","cultura":"Milho"}},{"type":"Feature","geometry":{"type":"Point","coordinates":[-52.20128244875423,-10.31184828213742]},"properties":{"Fazenda":"FE","Campo":"FE 16","produtividade":178.97475282252003,"unidade_produtividade":"sc/ha","pontos_originais":25,"ano":"2026","cultura":"Milho"}},{"type":"Feature","geometry":{"type":"Point","coordinates":[-52.2010541666362,-10.3118491306079]},"properties":{"Fazenda":"FE","Campo":"FE 16","produtividade":173.26252361328005,"unidade_produtividade":"sc/ha","pontos_originais":25,"ano":"2026","cultura":"Milho"}},{"type":"Feature","geometry":{"type":"Point","coordinates":[-52.20082588449836,-10.311849978917222]},"properties":{"Fazenda":"FE","Campo":"FE 16","produtividade":168.99319234227997,"unidade_produtividade":"sc/ha","pontos_originais":25,"ano":"2026","cultura":"Milho"}},{"type":"Feature","geometry":{"type":"Point","coordinates":[-52.20196729498953,-10.311845735759027]},"properties":{"Fazenda":"FE","Campo":"FE 16","produtividade":188.36130599336008,"unidade_produtividade":"sc/ha","pontos_originais":25,"ano":"2026","cultura":"Milho"}},{"type":"Feature","geometry":{"type":"Point","coordinates":[-52.201739012930894,-10.311846584712983]},"properties":{"Fazenda":"FE","Campo":"FE 16","produtividade":188.9076586782,"unidade_produtividade":"sc/ha","pontos_originais":25,"ano":"2026","cultura":"Milho"}},{"type":"Feature","geometry":{"type":"Point","coordinates":[-52.201510730852476,-10.311847433505779]},"properties":{"Fazenda":"FE","Campo":"FE 16","produtividade":186.64747416260002,"unidade_produtividade":"sc/ha","pontos_originais":25,"ano":"2026","cultura":"Milho"}},{"type":"Feature","geometry":{"type":"Point","coordinates":[-52.20913585902867,-10.311954632274933]},"properties":{"Fazenda":"FE","Campo":"FE 16","produtividade":62.236131056000005,"unidade_produtividade":"sc/ha","pontos_originais":1,"ano":"2026","cultura":"Milho"}},{"type":"Feature","geometry":{"type":"Point","coordinates":[-52.209283050459824,-10.311974175979644]},"properties":{"Fazenda":"FE","Campo":"FE 16","produtividade":80.71818283333333,"unidade_produtividade":"sc/ha","pontos_originais":9,"ano":"2026","cultura":"Milho"}},{"type":"Feature","geometry":{"type":"Point","coordinates":[-52.2096839072037,-10.311997793824471]},"properties":{"Fazenda":"FE","Campo":"FE 16","produtividade":129.08357435566668,"unidade_produtividade":"sc/ha","pontos_originais":9,"ano":"2026","cultura":"Milho"}},{"type":"Feature","geometry":{"type":"Point","coordinates":[-52.20950128199118,-10.311998477366194]},"properties":{"Fazenda":"FE","Campo":"FE 16","produtividade":112.25206230619999,"unidade_produtividade":"sc/ha","pontos_originais":15,"ano":"2026","cultura":"Milho"}},{"type":"Feature","geometry":{"type":"Point","coordinates":[-52.200445985093175,-10.312002099165838]},"properties":{"Fazenda":"FE","Campo":"FE 16","produtividade":145.67826319733334,"unidade_produtividade":"sc/ha","pontos_originais":3,"ano":"2026","cultura":"Milho"}},{"type":"Feature","geometry":{"type":"Point","coordinates":[-52.20608497274085,-10.314091023467842]},"properties":{"Fazenda":"FE","Campo":"FE 16","produtividade":193.11440350823995,"unidade_produtividade":"sc/ha","pontos_originais":25,"ano":"2026","cultura":"Milho"}},{"type":"Feature","geometry":{"type":"Point","coordinates":[-52.205856689411895,-10.314091875513343]},"properties":{"Fazenda":"FE","Campo":"FE 16","produtividade":194.13367314980007,"unidade_produtividade":"sc/ha","pontos_originais":25,"ano":"2026","cultura":"Milho"}},{"type":"Feature","geometry":{"type":"Point","coordinates":[-52.20562840606308,-10.314092727397648]},"properties":{"Fazenda":"FE","Campo":"FE 16","produtividade":194.08208725976,"unidade_produtividade":"sc/ha","pontos_originais":25,"ano":"2026","cultura":"Milho"}},{"type":"Feature","geometry":{"type":"Point","coordinates":[-52.20540012269436,-10.314093579120765]},"properties":{"Fazenda":"FE","Campo":"FE 16","produtividade":191.75293000380003,"unidade_produtividade":"sc/ha","pontos_originais":25,"ano":"2026","cultura":"Milho"}},{"type":"Feature","geometry":{"type":"Point","coordinates":[-52.206769822608386,-10.314088466364167]},"properties":{"Fazenda":"FE","Campo":"FE 16","produtividade":191.383485941,"unidade_produtividade":"sc/ha","pontos_originais":25,"ano":"2026","cultura":"Milho"}},{"type":"Feature","geometry":{"type":"Point","coordinates":[-52.2065415393391,-10.314089318893254]},"properties":{"Fazenda":"FE","Campo":"FE 16","produtividade":190.48496436295997,"unidade_produtividade":"sc/ha","pontos_originais":25,"ano":"2026","cultura":"Milho"}},{"type":"Feature","geometry":{"type":"Point","coordinates":[-52.20631325604993,-10.314090171261144]},"properties":{"Fazenda":"FE","Campo":"FE 16","produtividade":192.16099721787998,"unidade_produtividade":"sc/ha","pontos_originais":25,"ano":"2026","cultura":"Milho"}},{"type":"Feature","geometry":{"type":"Point","coordinates":[-52.20448698902084,-10.31409698440127]},"properties":{"Fazenda":"FE","Campo":"FE 16","produtividade":193.6033028242,"unidade_produtividade":"sc/ha","pontos_originais":25,"ano":"2026","cultura":"Milho"}},{"type":"Feature","geometry":{"type":"Point","coordinates":[-52.20471527246901,-10.31409613332294]},"properties":{"Fazenda":"FE","Campo":"FE 16","produtividade":197.45314151935997,"unidade_produtividade":"sc/ha","pontos_originais":25,"ano":"2026","cultura":"Milho"}},{"type":"Feature","geometry":{"type":"Point","coordinates":[-52.20425870555282,-10.314097835318414]},"properties":{"Fazenda":"FE","Campo":"FE 16","produtividade":188.71174383540006,"unidade_produtividade":"sc/ha","pontos_originais":25,"ano":"2026","cultura":"Milho"}},{"type":"Feature","geometry":{"type":"Point","coordinates":[-52.204030422064925,-10.314098686074358]},"properties":{"Fazenda":"FE","Campo":"FE 16","produtividade":185.11079198631995,"unidade_produtividade":"sc/ha","pontos_originais":25,"ano":"2026","cultura":"Milho"}},{"type":"Feature","geometry":{"type":"Point","coordinates":[-52.20517183930577,-10.314094430682685]},"properties":{"Fazenda":"FE","Campo":"FE 16","produtividade":192.78591870292007,"unidade_produtividade":"sc/ha","pontos_originais":25,"ano":"2026","cultura":"Milho"}},{"type":"Feature","geometry":{"type":"Point","coordinates":[-52.20494355589734,-10.314095282083407]},"properties":{"Fazenda":"FE","Campo":"FE 16","produtividade":197.3206874786,"unidade_produtividade":"sc/ha","pontos_originais":25,"ano":"2026","cultura":"Milho"}},{"type":"Feature","geometry":{"type":"Point","coordinates":[-52.20334557148216,-10.314101237375025]},"properties":{"Fazenda":"FE","Campo":"FE 16","produtividade":178.60934835032,"unidade_produtividade":"sc/ha","pontos_originais":25,"ano":"2026","cultura":"Milho"}},{"type":"Feature","geometry":{"type":"Point","coordinates":[-52.2031172879149,-10.314102087486189]},"properties":{"Fazenda":"FE","Campo":"FE 16","produtividade":161.13363693288,"unidade_produtividade":"sc/ha","pontos_originais":25,"ano":"2026","cultura":"Milho"}},{"type":"Feature","geometry":{"type":"Point","coordinates":[-52.20290769309105,-10.314073612636573]},"properties":{"Fazenda":"FE","Campo":"FE 16","produtividade":141.6556142354706,"unidade_produtividade":"sc/ha","pontos_originais":17,"ano":"2026","cultura":"Milho"}},{"type":"Feature","geometry":{"type":"Point","coordinates":[-52.208305514553,-10.314074506640738]},"properties":{"Fazenda":"FE","Campo":"FE 16","produtividade":105.54693919,"unidade_produtividade":"sc/ha","pontos_originais":11,"ano":"2026","cultura":"Milho"}},{"type":"Feature","geometry":{"type":"Point","coordinates":[-52.20380213855717,-10.314099536669104]},"properties":{"Fazenda":"FE","Campo":"FE 16","produtividade":183.73074979508002,"unidade_produtividade":"sc/ha","pontos_originais":25,"ano":"2026","cultura":"Milho"}},{"type":"Feature","geometry":{"type":"Point","coordinates":[-52.20357385502959,-10.314100387102663]},"properties":{"Fazenda":"FE","Campo":"FE 16","produtividade":182.47680573932004,"unidade_produtividade":"sc/ha","pontos_originais":25,"ano":"2026","cultura":"Milho"}},{"type":"Feature","geometry":{"type":"Point","coordinates":[-52.20745467229689,-10.31408590780975]},"properties":{"Fazenda":"FE","Campo":"FE 16","produtividade":185.35247118492,"unidade_produtividade":"sc/ha","pontos_originais":25,"ano":"2026","cultura":"Milho"}},{"type":"Feature","geometry":{"type":"Point","coordinates":[-52.20722638908728,-10.314086760822414]},"properties":{"Fazenda":"FE","Campo":"FE 16","produtividade":188.1201788368,"unidade_produtividade":"sc/ha","pontos_originais":25,"ano":"2026","cultura":"Milho"}},{"type":"Feature","geometry":{"type":"Point","coordinates":[-52.2069981058578,-10.31408761367389]},"properties":{"Fazenda":"FE","Campo":"FE 16","produtividade":191.56050553692,"unidade_produtividade":"sc/ha","pontos_originais":25,"ano":"2026","cultura":"Milho"}},{"type":"Feature","geometry":{"type":"Point","coordinates":[-52.20813952180622,-10.314083347804583]},"properties":{"Fazenda":"FE","Campo":"FE 16","produtividade":121.40662281380003,"unidade_produtividade":"sc/ha","pontos_originais":25,"ano":"2026","cultura":"Milho"}},{"type":"Feature","geometry":{"type":"Point","coordinates":[-52.20791123865635,-10.314084201300835]},"properties":{"Fazenda":"FE","Campo":"FE 16","produtividade":155.49409914924001,"unidade_produtividade":"sc/ha","pontos_originais":25,"ano":"2026","cultura":"Milho"}},{"type":"Feature","geometry":{"type":"Point","coordinates":[-52.207682955486554,-10.314085054635887]},"properties":{"Fazenda":"FE","Campo":"FE 16","produtividade":179.02686106732006,"unidade_produtividade":"sc/ha","pontos_originais":25,"ano":"2026","cultura":"Milho"}},{"type":"Feature","geometry":{"type":"Point","coordinates":[-52.20471613201052,-10.314322193063376]},"properties":{"Fazenda":"FE","Campo":"FE 16","produtividade":192.34944146872,"unidade_produtividade":"sc/ha","pontos_originais":25,"ano":"2026","cultura":"Milho"}},{"type":"Feature","geometry":{"type":"Point","coordinates":[-52.20494441560163,-10.314321341804794]},"properties":{"Fazenda":"FE","Campo":"FE 16","produtividade":184.8588296794,"unidade_produtividade":"sc/ha","pontos_originais":25,"ano":"2026","cultura":"Milho"}},{"type":"Feature","geometry":{"type":"Point","coordinates":[-52.204487848399566,-10.314323044160755]},"properties":{"Fazenda":"FE","Campo":"FE 16","produtividade":196.18251038488003,"unidade_produtividade":"sc/ha","pontos_originais":25,"ano":"2026","cultura":"Milho"}},{"type":"Feature","geometry":{"type":"Point","coordinates":[-52.204259564768755,-10.31432389509694]},"properties":{"Fazenda":"FE","Campo":"FE 16","produtividade":191.79402568140003,"unidade_produtividade":"sc/ha","pontos_originais":25,"ano":"2026","cultura":"Milho"}},{"type":"Feature","geometry":{"type":"Point","coordinates":[-52.205400982724214,-10.31431963880404]},"properties":{"Fazenda":"FE","Campo":"FE 16","produtividade":193.20885853744005,"unidade_produtividade":"sc/ha","pontos_originais":25,"ano":"2026","cultura":"Milho"}},{"type":"Feature","geometry":{"type":"Point","coordinates":[-52.20562926625569,-10.314318787061868]},"properties":{"Fazenda":"FE","Campo":"FE 16","produtividade":196.73673726732002,"unidade_produtividade":"sc/ha","pontos_originais":25,"ano":"2026","cultura":"Milho"}},{"type":"Feature","geometry":{"type":"Point","coordinates":[-52.20517269917284,-10.314320490385017]},"properties":{"Fazenda":"FE","Campo":"FE 16","produtividade":184.83837938451998,"unidade_produtividade":"sc/ha","pontos_originais":25,"ano":"2026","cultura":"Milho"}},{"type":"Feature","geometry":{"type":"Point","coordinates":[-52.20334643004699,-10.314327297229688]},"properties":{"Fazenda":"FE","Campo":"FE 16","produtividade":163.15836738976003,"unidade_produtividade":"sc/ha","pontos_originais":25,"ano":"2026","cultura":"Milho"}},{"type":"Feature","geometry":{"type":"Point","coordinates":[-52.20314846969619,-10.314297892703403]},"properties":{"Fazenda":"FE","Campo":"FE 16","produtividade":145.8699970815333,"unidade_produtividade":"sc/ha","pontos_originais":15,"ano":"2026","cultura":"Milho"}},{"type":"Feature","geometry":{"type":"Point","coordinates":[-52.208136564700055,-10.31430565382834]},"properties":{"Fazenda":"FE","Campo":"FE 16","produtividade":127.07045942995836,"unidade_produtividade":"sc/ha","pontos_originais":24,"ano":"2026","cultura":"Milho"}},{"type":"Feature","geometry":{"type":"Point","coordinates":[-52.20827709514118,-10.314241077246347]},"properties":{"Fazenda":"FE","Campo":"FE 16","produtividade":104.26499649500002,"unidade_produtividade":"sc/ha","pontos_originais":2,"ano":"2026","cultura":"Milho"}},{"type":"Feature","geometry":{"type":"Point","coordinates":[-52.20791210047677,-10.314310260774235]},"properties":{"Fazenda":"FE","Campo":"FE 16","produtividade":157.43964444143998,"unidade_produtividade":"sc/ha","pontos_originais":25,"ano":"2026","cultura":"Milho"}},{"type":"Feature","geometry":{"type":"Point","coordinates":[-52.204031281118084,-10.314324745871925]},"properties":{"Fazenda":"FE","Campo":"FE 16","produtividade":182.76671121744002,"unidade_produtividade":"sc/ha","pontos_originais":25,"ano":"2026","cultura":"Milho"}},{"type":"Feature","geometry":{"type":"Point","coordinates":[-52.20380299744757,-10.314325596485709]},"properties":{"Fazenda":"FE","Campo":"FE 16","produtividade":178.61884827991997,"unidade_produtividade":"sc/ha","pontos_originais":25,"ano":"2026","cultura":"Milho"}},{"type":"Feature","geometry":{"type":"Point","coordinates":[-52.20357471375721,-10.314326446938301]},"properties":{"Fazenda":"FE","Campo":"FE 16","produtividade":177.02362278748006,"unidade_produtividade":"sc/ha","pontos_originais":25,"ano":"2026","cultura":"Milho"}},{"type":"Feature","geometry":{"type":"Point","coordinates":[-52.207683817144215,-10.314311114128387]},"properties":{"Fazenda":"FE","Campo":"FE 16","produtividade":173.59170819019997,"unidade_produtividade":"sc/ha","pontos_originais":25,"ano":"2026","cultura":"Milho"}},{"type":"Feature","geometry":{"type":"Point","coordinates":[-52.20745553379174,-10.314311967321341]},"properties":{"Fazenda":"FE","Campo":"FE 16","produtividade":182.26799742808,"unidade_produtividade":"sc/ha","pontos_originais":25,"ano":"2026","cultura":"Milho"}},{"type":"Feature","geometry":{"type":"Point","coordinates":[-52.20722725041938,-10.3143128203531]},"properties":{"Fazenda":"FE","Campo":"FE 16","produtividade":185.71218418144002,"unidade_produtividade":"sc/ha","pontos_originais":25,"ano":"2026","cultura":"Milho"}},{"type":"Feature","geometry":{"type":"Point","coordinates":[-52.206998967027076,-10.31431367322366]},"properties":{"Fazenda":"FE","Campo":"FE 16","produtividade":187.77525646728,"unidade_produtividade":"sc/ha","pontos_originais":25,"ano":"2026","cultura":"Milho"}},{"type":"Feature","geometry":{"type":"Point","coordinates":[-52.20631411673088,-10.314316230868153]},"properties":{"Fazenda":"FE","Campo":"FE 16","produtividade":192.66884267319998,"unidade_produtividade":"sc/ha","pontos_originais":25,"ano":"2026","cultura":"Milho"}},{"type":"Feature","geometry":{"type":"Point","coordinates":[-52.206085833259046,-10.314317083093918]},"properties":{"Fazenda":"FE","Campo":"FE 16","produtividade":193.32948361079997,"unidade_produtividade":"sc/ha","pontos_originais":25,"ano":"2026","cultura":"Milho"}},{"type":"Feature","geometry":{"type":"Point","coordinates":[-52.205857549767316,-10.314317935158492]},"properties":{"Fazenda":"FE","Campo":"FE 16","produtividade":194.77054800607996,"unidade_produtividade":"sc/ha","pontos_originais":25,"ano":"2026","cultura":"Milho"}},{"type":"Feature","geometry":{"type":"Point","coordinates":[-52.20677068361492,-10.314314525933021]},"properties":{"Fazenda":"FE","Campo":"FE 16","produtividade":190.14788509007997,"unidade_produtividade":"sc/ha","pontos_originais":25,"ano":"2026","cultura":"Milho"}},{"type":"Feature","geometry":{"type":"Point","coordinates":[-52.206542400182855,-10.314315378481188]},"properties":{"Fazenda":"FE","Campo":"FE 16","produtividade":190.51940938299998,"unidade_produtividade":"sc/ha","pontos_originais":25,"ano":"2026","cultura":"Milho"}},{"type":"Feature","geometry":{"type":"Point","coordinates":[-52.20653981771128,-10.31363719970771]},"properties":{"Fazenda":"FE","Campo":"FE 16","produtividade":188.06438512824,"unidade_produtividade":"sc/ha","pontos_originais":25,"ano":"2026","cultura":"Milho"}},{"type":"Feature","geometry":{"type":"Point","coordinates":[-52.20631153474764,-10.313638052037447]},"properties":{"Fazenda":"FE","Campo":"FE 16","produtividade":190.91292770935996,"unidade_produtividade":"sc/ha","pontos_originais":25,"ano":"2026","cultura":"Milho"}},{"type":"Feature","geometry":{"type":"Point","coordinates":[-52.20608325176412,-10.313638904206]},"properties":{"Fazenda":"FE","Campo":"FE 16","produtividade":195.25283907488,"unidade_produtividade":"sc/ha","pontos_originais":25,"ano":"2026","cultura":"Milho"}},{"type":"Feature","geometry":{"type":"Point","coordinates":[-52.205854968760725,-10.313639756213366]},"properties":{"Fazenda":"FE","Campo":"FE 16","produtividade":202.24140573792,"unidade_produtividade":"sc/ha","pontos_originais":25,"ano":"2026","cultura":"Milho"}},{"type":"Feature","geometry":{"type":"Point","coordinates":[-52.20722466648282,-10.313634641751369]},"properties":{"Fazenda":"FE","Campo":"FE 16","produtividade":186.21993704072,"unidade_produtividade":"sc/ha","pontos_originais":25,"ano":"2026","cultura":"Milho"}},{"type":"Feature","geometry":{"type":"Point","coordinates":[-52.20745294936687,-10.313633788776878]},"properties":{"Fazenda":"FE","Campo":"FE 16","produtividade":180.89843484668,"unidade_produtividade":"sc/ha","pontos_originais":25,"ano":"2026","cultura":"Milho"}},{"type":"Feature","geometry":{"type":"Point","coordinates":[-52.20699638357886,-10.31363549456467]},"properties":{"Fazenda":"FE","Campo":"FE 16","produtividade":185.06098309204003,"unidade_produtividade":"sc/ha","pontos_originais":25,"ano":"2026","cultura":"Milho"}},{"type":"Feature","geometry":{"type":"Point","coordinates":[-52.20676810065502,-10.313636347216784]},"properties":{"Fazenda":"FE","Campo":"FE 16","produtividade":185.90950422216,"unidade_produtividade":"sc/ha","pontos_originais":25,"ano":"2026","cultura":"Milho"}},{"type":"Feature","geometry":{"type":"Point","coordinates":[-52.20517011963122,-10.313642311268335]},"properties":{"Fazenda":"FE","Campo":"FE 16","produtividade":190.72896765148,"unidade_produtividade":"sc/ha","pontos_originais":25,"ano":"2026","cultura":"Milho"}},{"type":"Feature","geometry":{"type":"Point","coordinates":[-52.20494183654833,-10.313643162630957]},"properties":{"Fazenda":"FE","Campo":"FE 16","produtividade":190.48377616492002,"unidade_produtividade":"sc/ha","pontos_originais":25,"ano":"2026","cultura":"Milho"}},{"type":"Feature","geometry":{"type":"Point","coordinates":[-52.20471355344557,-10.313644013832384]},"properties":{"Fazenda":"FE","Campo":"FE 16","produtividade":189.10575765660005,"unidade_produtividade":"sc/ha","pontos_originais":25,"ano":"2026","cultura":"Milho"}},{"type":"Feature","geometry":{"type":"Point","coordinates":[-52.20448527032295,-10.313644864872627]},"properties":{"Fazenda":"FE","Campo":"FE 16","produtividade":190.14775573836,"unidade_produtividade":"sc/ha","pontos_originais":25,"ano":"2026","cultura":"Milho"}},{"type":"Feature","geometry":{"type":"Point","coordinates":[-52.20562668573743,-10.313640608059544]},"properties":{"Fazenda":"FE","Campo":"FE 16","produtividade":200.02998187287997,"unidade_produtividade":"sc/ha","pontos_originais":25,"ano":"2026","cultura":"Milho"}},{"type":"Feature","geometry":{"type":"Point","coordinates":[-52.20539840269427,-10.313641459744536]},"properties":{"Fazenda":"FE","Campo":"FE 16","produtividade":192.36512978252003,"unidade_produtividade":"sc/ha","pontos_originais":25,"ano":"2026","cultura":"Milho"}},{"type":"Feature","geometry":{"type":"Point","coordinates":[-52.203343854412026,-10.313649117656016]},"properties":{"Fazenda":"FE","Campo":"FE 16","produtividade":175.8518502954,"unidade_produtividade":"sc/ha","pontos_originais":25,"ano":"2026","cultura":"Milho"}},{"type":"Feature","geometry":{"type":"Point","coordinates":[-52.20357213763389,-10.313648267421714]},"properties":{"Fazenda":"FE","Campo":"FE 16","produtividade":176.30084707968007,"unidade_produtividade":"sc/ha","pontos_originais":25,"ano":"2026","cultura":"Milho"}},{"type":"Feature","geometry":{"type":"Point","coordinates":[-52.203115571170294,-10.313649967729129]},"properties":{"Fazenda":"FE","Campo":"FE 16","produtividade":179.25393553784,"unidade_produtividade":"sc/ha","pontos_originais":25,"ano":"2026","cultura":"Milho"}},{"type":"Feature","geometry":{"type":"Point","coordinates":[-52.20288728790875,-10.313650817641058]},"properties":{"Fazenda":"FE","Campo":"FE 16","produtividade":173.76429589932005,"unidade_produtividade":"sc/ha","pontos_originais":25,"ano":"2026","cultura":"Milho"}},{"type":"Feature","geometry":{"type":"Point","coordinates":[-52.20425698718044,-10.31364571575168]},"properties":{"Fazenda":"FE","Campo":"FE 16","produtividade":193.99555661380003,"unidade_produtividade":"sc/ha","pontos_originais":25,"ano":"2026","cultura":"Milho"}},{"type":"Feature","geometry":{"type":"Point","coordinates":[-52.20402870401811,-10.313646566469542]},"properties":{"Fazenda":"FE","Campo":"FE 16","produtividade":194.29174165848005,"unidade_produtividade":"sc/ha","pontos_originais":25,"ano":"2026","cultura":"Milho"}},{"type":"Feature","geometry":{"type":"Point","coordinates":[-52.20380042083594,-10.313647417026225]},"properties":{"Fazenda":"FE","Campo":"FE 16","produtividade":185.71845455908002,"unidade_produtividade":"sc/ha","pontos_originais":25,"ano":"2026","cultura":"Milho"}},{"type":"Feature","geometry":{"type":"Point","coordinates":[-52.207909515075244,-10.313632082344345]},"properties":{"Fazenda":"FE","Campo":"FE 16","produtividade":127.2592226718,"unidade_produtividade":"sc/ha","pontos_originais":25,"ano":"2026","cultura":"Milho"}},{"type":"Feature","geometry":{"type":"Point","coordinates":[-52.20813779789955,-10.313631228886301]},"properties":{"Fazenda":"FE","Campo":"FE 16","produtividade":105.76600021544002,"unidade_produtividade":"sc/ha","pontos_originais":25,"ano":"2026","cultura":"Milho"}},{"type":"Feature","geometry":{"type":"Point","coordinates":[-52.207681232230996,-10.313632935641207]},"properties":{"Fazenda":"FE","Campo":"FE 16","produtividade":158.80817857064002,"unidade_produtividade":"sc/ha","pontos_originais":25,"ano":"2026","cultura":"Milho"}},{"type":"Feature","geometry":{"type":"Point","coordinates":[-52.20265900462738,-10.313651667391795]},"properties":{"Fazenda":"FE","Campo":"FE 16","produtividade":159.8496005778,"unidade_produtividade":"sc/ha","pontos_originais":25,"ano":"2026","cultura":"Milho"}},{"type":"Feature","geometry":{"type":"Point","coordinates":[-52.20244105884885,-10.313642202915712]},"properties":{"Fazenda":"FE","Campo":"FE 16","produtividade":149.12624210445458,"unidade_produtividade":"sc/ha","pontos_originais":22,"ano":"2026","cultura":"Milho"}},{"type":"Feature","geometry":{"type":"Point","coordinates":[-52.20830805072737,-10.313651143430514]},"properties":{"Fazenda":"FE","Campo":"FE 16","produtividade":92.903851149,"unidade_produtividade":"sc/ha","pontos_originais":11,"ano":"2026","cultura":"Milho"}},{"type":"Feature","geometry":{"type":"Point","coordinates":[-52.20676896162174,-10.313862406792088]},"properties":{"Fazenda":"FE","Campo":"FE 16","produtividade":188.15818067571996,"unidade_produtividade":"sc/ha","pontos_originais":25,"ano":"2026","cultura":"Milho"}},{"type":"Feature","geometry":{"type":"Point","coordinates":[-52.206540678515246,-10.313863259302096]},"properties":{"Fazenda":"FE","Campo":"FE 16","produtividade":189.05997421612003,"unidade_produtividade":"sc/ha","pontos_originais":25,"ano":"2026","cultura":"Milho"}},{"type":"Feature","geometry":{"type":"Point","coordinates":[-52.20631239538885,-10.31386411165091]},"properties":{"Fazenda":"FE","Campo":"FE 16","produtividade":192.89746158911996,"unidade_produtividade":"sc/ha","pontos_originais":25,"ano":"2026","cultura":"Milho"}},{"type":"Feature","geometry":{"type":"Point","coordinates":[-52.206084112242564,-10.313864963838533]},"properties":{"Fazenda":"FE","Campo":"FE 16","produtividade":193.28674594388002,"unidade_produtividade":"sc/ha","pontos_originais":25,"ano":"2026","cultura":"Milho"}},{"type":"Feature","geometry":{"type":"Point","coordinates":[-52.207453810821924,-10.313859848294928]},"properties":{"Fazenda":"FE","Campo":"FE 16","produtividade":186.53491413363997,"unidade_produtividade":"sc/ha","pontos_originais":25,"ano":"2026","cultura":"Milho"}},{"type":"Feature","geometry":{"type":"Point","coordinates":[-52.20722552777511,-10.313860701288505]},"properties":{"Fazenda":"FE","Campo":"FE 16","produtividade":188.77365453732,"unidade_produtividade":"sc/ha","pontos_originais":25,"ano":"2026","cultura":"Milho"}},{"type":"Feature","geometry":{"type":"Point","coordinates":[-52.20699724470839,-10.313861554120892]},"properties":{"Fazenda":"FE","Campo":"FE 16","produtividade":188.91368236867999,"unidade_produtividade":"sc/ha","pontos_originais":25,"ano":"2026","cultura":"Milho"}},{"type":"Feature","geometry":{"type":"Point","coordinates":[-52.20517097945857,-10.313868370977127]},"properties":{"Fazenda":"FE","Campo":"FE 16","produtividade":196.46274558496003,"unidade_produtividade":"sc/ha","pontos_originais":25,"ano":"2026","cultura":"Milho"}},{"type":"Feature","geometry":{"type":"Point","coordinates":[-52.20539926268437,-10.313867519434263]},"properties":{"Fazenda":"FE","Campo":"FE 16","produtividade":194.58674628036002,"unidade_produtividade":"sc/ha","pontos_originais":25,"ano":"2026","cultura":"Milho"}},{"type":"Feature","geometry":{"type":"Point","coordinates":[-52.20494269621291,-10.313869222358795]},"properties":{"Fazenda":"FE","Campo":"FE 16","produtividade":196.29474031956,"unidade_produtividade":"sc/ha","pontos_originais":25,"ano":"2026","cultura":"Milho"}},{"type":"Feature","geometry":{"type":"Point","coordinates":[-52.20471441294736,-10.313870073579274]},"properties":{"Fazenda":"FE","Campo":"FE 16","produtividade":191.33844468251993,"unidade_produtividade":"sc/ha","pontos_originais":25,"ano":"2026","cultura":"Milho"}},{"type":"Feature","geometry":{"type":"Point","coordinates":[-52.20585582907637,-10.31386581586497]},"properties":{"Fazenda":"FE","Campo":"FE 16","produtividade":195.66854581568,"unidade_produtividade":"sc/ha","pontos_originais":25,"ano":"2026","cultura":"Milho"}},{"type":"Feature","geometry":{"type":"Point","coordinates":[-52.2056275458903,-10.313866667730213]},"properties":{"Fazenda":"FE","Campo":"FE 16","produtividade":196.2613463706,"unidade_produtividade":"sc/ha","pontos_originais":25,"ano":"2026","cultura":"Milho"}},{"type":"Feature","geometry":{"type":"Point","coordinates":[-52.208138659842916,-10.313857288347059]},"properties":{"Fazenda":"FE","Campo":"FE 16","produtividade":122.58880493855999,"unidade_produtividade":"sc/ha","pontos_originais":25,"ano":"2026","cultura":"Milho"}},{"type":"Feature","geometry":{"type":"Point","coordinates":[-52.207910376855814,-10.313858141824204]},"properties":{"Fazenda":"FE","Campo":"FE 16","produtividade":145.44496688552,"unidade_produtividade":"sc/ha","pontos_originais":25,"ano":"2026","cultura":"Milho"}},{"type":"Feature","geometry":{"type":"Point","coordinates":[-52.20768209384882,-10.31385899514016]},"properties":{"Fazenda":"FE","Campo":"FE 16","produtividade":172.90710679027998,"unidade_produtividade":"sc/ha","pontos_originais":25,"ano":"2026","cultura":"Milho"}},{"type":"Feature","geometry":{"type":"Point","coordinates":[-52.20832128621878,-10.313856605453577]},"properties":{"Fazenda":"FE","Campo":"FE 16","produtividade":89.02939604400002,"unidade_produtividade":"sc/ha","pontos_originais":15,"ano":"2026","cultura":"Milho"}},{"type":"Feature","geometry":{"type":"Point","coordinates":[-52.20380127968663,-10.313873476849281]},"properties":{"Fazenda":"FE","Campo":"FE 16","produtividade":189.87265219668004,"unidade_produtividade":"sc/ha","pontos_originais":25,"ano":"2026","cultura":"Milho"}},{"type":"Feature","geometry":{"type":"Point","coordinates":[-52.20357299632182,-10.313874327263802]},"properties":{"Fazenda":"FE","Campo":"FE 16","produtividade":181.11990690336003,"unidade_produtividade":"sc/ha","pontos_originais":25,"ano":"2026","cultura":"Milho"}},{"type":"Feature","geometry":{"type":"Point","coordinates":[-52.20334471293718,-10.313875177517131]},"properties":{"Fazenda":"FE","Campo":"FE 16","produtividade":178.25625349672,"unidade_produtividade":"sc/ha","pontos_originais":25,"ano":"2026","cultura":"Milho"}},{"type":"Feature","geometry":{"type":"Point","coordinates":[-52.20311642953269,-10.313876027609274]},"properties":{"Fazenda":"FE","Campo":"FE 16","produtividade":173.13117153608005,"unidade_produtividade":"sc/ha","pontos_originais":25,"ano":"2026","cultura":"Milho"}},{"type":"Feature","geometry":{"type":"Point","coordinates":[-52.20448612966197,-10.313870924638561]},"properties":{"Fazenda":"FE","Campo":"FE 16","produtividade":189.96275167780001,"unidade_produtividade":"sc/ha","pontos_originais":25,"ano":"2026","cultura":"Milho"}},{"type":"Feature","geometry":{"type":"Point","coordinates":[-52.2042578463567,-10.313871775536661]},"properties":{"Fazenda":"FE","Campo":"FE 16","produtividade":191.60840667004,"unidade_produtividade":"sc/ha","pontos_originais":25,"ano":"2026","cultura":"Milho"}},{"type":"Feature","geometry":{"type":"Point","coordinates":[-52.2040295630316,-10.313872626273564]},"properties":{"Fazenda":"FE","Campo":"FE 16","produtividade":193.1000857572,"unidade_produtividade":"sc/ha","pontos_originais":25,"ano":"2026","cultura":"Milho"}},{"type":"Feature","geometry":{"type":"Point","coordinates":[-52.202888146108364,-10.313876877540222]},"properties":{"Fazenda":"FE","Campo":"FE 16","produtividade":158.91016922108003,"unidade_produtividade":"sc/ha","pontos_originais":25,"ano":"2026","cultura":"Milho"}},{"type":"Feature","geometry":{"type":"Point","coordinates":[-52.202679014280534,-10.313858619132638]},"properties":{"Fazenda":"FE","Campo":"FE 16","produtividade":143.5099698038421,"unidade_produtividade":"sc/ha","pontos_originais":19,"ano":"2026","cultura":"Milho"}},{"type":"Feature","geometry":{"type":"Point","coordinates":[-52.20249972106987,-10.31378789808646]},"properties":{"Fazenda":"FE","Campo":"FE 16","produtividade":146.672869542,"unidade_produtividade":"sc/ha","pontos_originais":2,"ano":"2026","cultura":"Milho"}},{"type":"Feature","geometry":{"type":"Point","coordinates":[-52.20275169091494,-10.314013023372793]},"properties":{"Fazenda":"FE","Campo":"FE 16","produtividade":130.066299898,"unidade_produtividade":"sc/ha","pontos_originais":1,"ano":"2026","cultura":"Milho"}},{"type":"Feature","geometry":{"type":"Point","coordinates":[-52.20425612802408,-10.313419655963472]},"properties":{"Fazenda":"FE","Campo":"FE 16","produtividade":188.54762760368,"unidade_produtividade":"sc/ha","pontos_originais":25,"ano":"2026","cultura":"Milho"}},{"type":"Feature","geometry":{"type":"Point","coordinates":[-52.20402784502451,-10.313420506662299]},"properties":{"Fazenda":"FE","Campo":"FE 16","produtividade":184.14455230892003,"unidade_produtividade":"sc/ha","pontos_originais":25,"ano":"2026","cultura":"Milho"}},{"type":"Feature","geometry":{"type":"Point","coordinates":[-52.20379956200508,-10.31342135719994]},"properties":{"Fazenda":"FE","Campo":"FE 16","produtividade":177.5882204264,"unidade_produtividade":"sc/ha","pontos_originais":25,"ano":"2026","cultura":"Milho"}},{"type":"Feature","geometry":{"type":"Point","coordinates":[-52.20357127896582,-10.3134222075764]},"properties":{"Fazenda":"FE","Campo":"FE 16","produtividade":176.34589328603997,"unidade_produtividade":"sc/ha","pontos_originais":25,"ano":"2026","cultura":"Milho"}},{"type":"Feature","geometry":{"type":"Point","coordinates":[-52.20494097690366,-10.313417102899887]},"properties":{"Fazenda":"FE","Campo":"FE 16","produtividade":189.76352175539995,"unidade_produtividade":"sc/ha","pontos_originais":25,"ano":"2026","cultura":"Milho"}},{"type":"Feature","geometry":{"type":"Point","coordinates":[-52.205169259823776,-10.313416251556326]},"properties":{"Fazenda":"FE","Campo":"FE 16","produtividade":188.90599477683998,"unidade_produtividade":"sc/ha","pontos_originais":25,"ano":"2026","cultura":"Milho"}},{"type":"Feature","geometry":{"type":"Point","coordinates":[-52.204712693963636,-10.313417954082265]},"properties":{"Fazenda":"FE","Campo":"FE 16","produtividade":191.50734692787998,"unidade_produtividade":"sc/ha","pontos_originais":25,"ano":"2026","cultura":"Milho"}},{"type":"Feature","geometry":{"type":"Point","coordinates":[-52.2044844110038,-10.313418805103458]},"properties":{"Fazenda":"FE","Campo":"FE 16","produtividade":191.14369471204006,"unidade_produtividade":"sc/ha","pontos_originais":25,"ano":"2026","cultura":"Milho"}},{"type":"Feature","geometry":{"type":"Point","coordinates":[-52.20288642972896,-10.313424757738666]},"properties":{"Fazenda":"FE","Campo":"FE 16","produtividade":183.85574031228,"unidade_produtividade":"sc/ha","pontos_originais":25,"ano":"2026","cultura":"Milho"}},{"type":"Feature","geometry":{"type":"Point","coordinates":[-52.20265814661037,-10.31342560747039]},"properties":{"Fazenda":"FE","Campo":"FE 16","produtividade":175.40003039215998,"unidade_produtividade":"sc/ha","pontos_originais":25,"ano":"2026","cultura":"Milho"}},{"type":"Feature","geometry":{"type":"Point","coordinates":[-52.20242986347193,-10.313426457040926]},"properties":{"Fazenda":"FE","Campo":"FE 16","produtividade":163.4869709442,"unidade_produtividade":"sc/ha","pontos_originais":25,"ano":"2026","cultura":"Milho"}},{"type":"Feature","geometry":{"type":"Point","coordinates":[-52.202207505695995,-10.313419421338661]},"properties":{"Fazenda":"FE","Campo":"FE 16","produtividade":147.28738240852175,"unidade_produtividade":"sc/ha","pontos_originais":23,"ano":"2026","cultura":"Milho"}},{"type":"Feature","geometry":{"type":"Point","coordinates":[-52.203342995906695,-10.313423057791672]},"properties":{"Fazenda":"FE","Campo":"FE 16","produtividade":181.62297765448002,"unidade_produtividade":"sc/ha","pontos_originais":25,"ano":"2026","cultura":"Milho"}},{"type":"Feature","geometry":{"type":"Point","coordinates":[-52.203114712827755,-10.313423907845761]},"properties":{"Fazenda":"FE","Campo":"FE 16","produtividade":186.64758584332006,"unidade_produtividade":"sc/ha","pontos_originais":25,"ano":"2026","cultura":"Milho"}},{"type":"Feature","geometry":{"type":"Point","coordinates":[-52.207223805210454,-10.313408582211002]},"properties":{"Fazenda":"FE","Campo":"FE 16","produtividade":178.31809916935998,"unidade_produtividade":"sc/ha","pontos_originais":25,"ano":"2026","cultura":"Milho"}},{"type":"Feature","geometry":{"type":"Point","coordinates":[-52.20699552246927,-10.313409435005218]},"properties":{"Fazenda":"FE","Campo":"FE 16","produtividade":182.40161634115998,"unidade_produtividade":"sc/ha","pontos_originais":25,"ano":"2026","cultura":"Milho"}},{"type":"Feature","geometry":{"type":"Point","coordinates":[-52.206767239708185,-10.313410287638249]},"properties":{"Fazenda":"FE","Campo":"FE 16","produtividade":185.19971387200002,"unidade_produtividade":"sc/ha","pontos_originais":25,"ano":"2026","cultura":"Milho"}},{"type":"Feature","geometry":{"type":"Point","coordinates":[-52.206538956927204,-10.313411140110098]},"properties":{"Fazenda":"FE","Campo":"FE 16","produtividade":188.67571902795996,"unidade_produtividade":"sc/ha","pontos_originais":25,"ano":"2026","cultura":"Milho"}},{"type":"Feature","geometry":{"type":"Point","coordinates":[-52.20790865331456,-10.313406022861264]},"properties":{"Fazenda":"FE","Campo":"FE 16","produtividade":118.59773042248001,"unidade_produtividade":"sc/ha","pontos_originais":25,"ano":"2026","cultura":"Milho"}},{"type":"Feature","geometry":{"type":"Point","coordinates":[-52.207680370633085,-10.313406876139027]},"properties":{"Fazenda":"FE","Campo":"FE 16","produtividade":138.86051761464,"unidade_produtividade":"sc/ha","pontos_originais":25,"ano":"2026","cultura":"Milho"}},{"type":"Feature","geometry":{"type":"Point","coordinates":[-52.20745208793171,-10.313407729255607]},"properties":{"Fazenda":"FE","Campo":"FE 16","produtividade":160.39666222316,"unidade_produtividade":"sc/ha","pontos_originais":25,"ano":"2026","cultura":"Milho"}},{"type":"Feature","geometry":{"type":"Point","coordinates":[-52.20562582560443,-10.31341454838565]},"properties":{"Fazenda":"FE","Campo":"FE 16","produtividade":198.41388975680005,"unidade_produtividade":"sc/ha","pontos_originais":25,"ano":"2026","cultura":"Milho"}},{"type":"Feature","geometry":{"type":"Point","coordinates":[-52.205854108464955,-10.313413696558534]},"properties":{"Fazenda":"FE","Campo":"FE 16","produtividade":203.79852124492,"unidade_produtividade":"sc/ha","pontos_originais":25,"ano":"2026","cultura":"Milho"}},{"type":"Feature","geometry":{"type":"Point","coordinates":[-52.20539754272404,-10.313415400051579]},"properties":{"Fazenda":"FE","Campo":"FE 16","produtividade":190.35087045340003,"unidade_produtividade":"sc/ha","pontos_originais":25,"ano":"2026","cultura":"Milho"}},{"type":"Feature","geometry":{"type":"Point","coordinates":[-52.206310674126335,-10.31341199242076]},"properties":{"Fazenda":"FE","Campo":"FE 16","produtividade":193.20311828980005,"unidade_produtividade":"sc/ha","pontos_originais":25,"ano":"2026","cultura":"Milho"}},{"type":"Feature","geometry":{"type":"Point","coordinates":[-52.20608239130558,-10.31341284457024]},"properties":{"Fazenda":"FE","Campo":"FE 16","produtividade":198.92646467856,"unidade_produtividade":"sc/ha","pontos_originais":25,"ano":"2026","cultura":"Milho"}},{"type":"Feature","geometry":{"type":"Point","coordinates":[-52.20203394397094,-10.313367646592456]},"properties":{"Fazenda":"FE","Campo":"FE 16","produtividade":143.22362287450002,"unidade_produtividade":"sc/ha","pontos_originais":6,"ano":"2026","cultura":"Milho"}},{"type":"Feature","geometry":{"type":"Point","coordinates":[-52.20811778475913,-10.313424277884208]},"properties":{"Fazenda":"FE","Campo":"FE 16","produtividade":97.49208258652632,"unidade_produtividade":"sc/ha","pontos_originais":19,"ano":"2026","cultura":"Milho"}},{"type":"Feature","geometry":{"type":"Point","coordinates":[-52.20827425036953,-10.313495081069556]},"properties":{"Fazenda":"FE","Campo":"FE 16","produtividade":88.421743367,"unidade_produtividade":"sc/ha","pontos_originais":1,"ano":"2026","cultura":"Milho"}},{"type":"Feature","geometry":{"type":"Point","coordinates":[-52.20227824653096,-10.313577729973254]},"properties":{"Fazenda":"FE","Campo":"FE 16","produtividade":138.432369783,"unidade_produtividade":"sc/ha","pontos_originais":3,"ano":"2026","cultura":"Milho"}},{"type":"Feature","geometry":{"type":"Point","coordinates":[-52.20767950905509,-10.313180816633619]},"properties":{"Fazenda":"FE","Campo":"FE 16","produtividade":114.45092491759999,"unidade_produtividade":"sc/ha","pontos_originais":25,"ano":"2026","cultura":"Milho"}},{"type":"Feature","geometry":{"type":"Point","coordinates":[-52.20789261377723,-10.313190785002238]},"properties":{"Fazenda":"FE","Campo":"FE 16","produtividade":88.19750342585715,"unidade_produtividade":"sc/ha","pontos_originais":21,"ano":"2026","cultura":"Milho"}},{"type":"Feature","geometry":{"type":"Point","coordinates":[-52.20745122651647,-10.313181669731105]},"properties":{"Fazenda":"FE","Campo":"FE 16","produtividade":143.40012046908,"unidade_produtividade":"sc/ha","pontos_originais":25,"ano":"2026","cultura":"Milho"}},{"type":"Feature","geometry":{"type":"Point","coordinates":[-52.20722294395796,-10.313182522667411]},"properties":{"Fazenda":"FE","Campo":"FE 16","produtividade":168.09197487648,"unidade_produtividade":"sc/ha","pontos_originais":25,"ano":"2026","cultura":"Milho"}},{"type":"Feature","geometry":{"type":"Point","coordinates":[-52.206309813524925,-10.313185932800845]},"properties":{"Fazenda":"FE","Campo":"FE 16","produtividade":195.91862510083996,"unidade_produtividade":"sc/ha","pontos_originais":25,"ano":"2026","cultura":"Milho"}},{"type":"Feature","geometry":{"type":"Point","coordinates":[-52.20608153086693,-10.313186784931254]},"properties":{"Fazenda":"FE","Campo":"FE 16","produtividade":197.27646474084003,"unidade_produtividade":"sc/ha","pontos_originais":25,"ano":"2026","cultura":"Milho"}},{"type":"Feature","geometry":{"type":"Point","coordinates":[-52.20585324818905,-10.313187636900482]},"properties":{"Fazenda":"FE","Campo":"FE 16","produtividade":195.61120200700006,"unidade_produtividade":"sc/ha","pontos_originais":25,"ano":"2026","cultura":"Milho"}},{"type":"Feature","geometry":{"type":"Point","coordinates":[-52.20562496549129,-10.313188488708528]},"properties":{"Fazenda":"FE","Campo":"FE 16","produtividade":194.33931552468,"unidade_produtividade":"sc/ha","pontos_originais":25,"ano":"2026","cultura":"Milho"}},{"type":"Feature","geometry":{"type":"Point","coordinates":[-52.20699466137956,-10.313183375442541]},"properties":{"Fazenda":"FE","Campo":"FE 16","produtividade":180.25927124248003,"unidade_produtividade":"sc/ha","pontos_originais":25,"ano":"2026","cultura":"Milho"}},{"type":"Feature","geometry":{"type":"Point","coordinates":[-52.206766378781246,-10.313184228056487]},"properties":{"Fazenda":"FE","Campo":"FE 16","produtividade":185.80948353480002,"unidade_produtividade":"sc/ha","pontos_originais":25,"ano":"2026","cultura":"Milho"}},{"type":"Feature","geometry":{"type":"Point","coordinates":[-52.20653809616302,-10.313185080509257]},"properties":{"Fazenda":"FE","Campo":"FE 16","produtividade":190.47016666756,"unidade_produtividade":"sc/ha","pontos_originais":25,"ano":"2026","cultura":"Milho"}},{"type":"Feature","geometry":{"type":"Point","coordinates":[-52.201976230053226,-10.313198313898061]},"properties":{"Fazenda":"FE","Campo":"FE 16","produtividade":149.93669882424996,"unidade_produtividade":"sc/ha","pontos_originais":24,"ano":"2026","cultura":"Milho"}},{"type":"Feature","geometry":{"type":"Point","coordinates":[-52.20178387035149,-10.313140629712379]},"properties":{"Fazenda":"FE","Campo":"FE 16","produtividade":141.28817567525002,"unidade_produtividade":"sc/ha","pontos_originais":8,"ano":"2026","cultura":"Milho"}},{"type":"Feature","geometry":{"type":"Point","coordinates":[-52.202657288613175,-10.31319954754575]},"properties":{"Fazenda":"FE","Campo":"FE 16","produtividade":181.77273937947996,"unidade_produtividade":"sc/ha","pontos_originais":25,"ano":"2026","cultura":"Milho"}},{"type":"Feature","geometry":{"type":"Point","coordinates":[-52.202429005637505,-10.313200397097276]},"properties":{"Fazenda":"FE","Campo":"FE 16","produtividade":176.46154291264003,"unidade_produtividade":"sc/ha","pontos_originais":25,"ano":"2026","cultura":"Milho"}},{"type":"Feature","geometry":{"type":"Point","coordinates":[-52.202200722642026,-10.313201246487617]},"properties":{"Fazenda":"FE","Campo":"FE 16","produtividade":161.81081015124002,"unidade_produtividade":"sc/ha","pontos_originais":25,"ano":"2026","cultura":"Milho"}},{"type":"Feature","geometry":{"type":"Point","coordinates":[-52.204940117278824,-10.313191043165592]},"properties":{"Fazenda":"FE","Campo":"FE 16","produtividade":190.9529214234,"unidade_produtividade":"sc/ha","pontos_originais":25,"ano":"2026","cultura":"Milho"}},{"type":"Feature","geometry":{"type":"Point","coordinates":[-52.204711834501566,-10.31319189432892]},"properties":{"Fazenda":"FE","Campo":"FE 16","produtividade":189.47958978212003,"unidade_produtividade":"sc/ha","pontos_originais":25,"ano":"2026","cultura":"Milho"}},{"type":"Feature","geometry":{"type":"Point","coordinates":[-52.20448355170447,-10.313192745331069]},"properties":{"Fazenda":"FE","Campo":"FE 16","produtividade":184.94291395212002,"unidade_produtividade":"sc/ha","pontos_originais":25,"ano":"2026","cultura":"Milho"}},{"type":"Feature","geometry":{"type":"Point","coordinates":[-52.204255268887536,-10.313193596172038]},"properties":{"Fazenda":"FE","Campo":"FE 16","produtividade":178.41912003532002,"unidade_produtividade":"sc/ha","pontos_originais":25,"ano":"2026","cultura":"Milho"}},{"type":"Feature","geometry":{"type":"Point","coordinates":[-52.20539668277368,-10.3131893403554]},"properties":{"Fazenda":"FE","Campo":"FE 16","produtividade":192.50909329899997,"unidade_produtividade":"sc/ha","pontos_originais":25,"ano":"2026","cultura":"Milho"}},{"type":"Feature","geometry":{"type":"Point","coordinates":[-52.20516840003618,-10.313190191841088]},"properties":{"Fazenda":"FE","Campo":"FE 16","produtividade":191.56350112484,"unidade_produtividade":"sc/ha","pontos_originais":25,"ano":"2026","cultura":"Milho"}},{"type":"Feature","geometry":{"type":"Point","coordinates":[-52.20334213742122,-10.313196997924104]},"properties":{"Fazenda":"FE","Campo":"FE 16","produtividade":189.72568390336,"unidade_produtividade":"sc/ha","pontos_originais":25,"ano":"2026","cultura":"Milho"}},{"type":"Feature","geometry":{"type":"Point","coordinates":[-52.20357042031758,-10.313196147727856]},"properties":{"Fazenda":"FE","Campo":"FE 16","produtividade":185.58577291584004,"unidade_produtividade":"sc/ha","pontos_originais":25,"ano":"2026","cultura":"Milho"}},{"type":"Feature","geometry":{"type":"Point","coordinates":[-52.20311385450505,-10.313197847959168]},"properties":{"Fazenda":"FE","Campo":"FE 16","produtividade":187.69025612992,"unidade_produtividade":"sc/ha","pontos_originais":25,"ano":"2026","cultura":"Milho"}},{"type":"Feature","geometry":{"type":"Point","coordinates":[-52.20288557156902,-10.31319869783305]},"properties":{"Fazenda":"FE","Campo":"FE 16","produtividade":183.48803295535998,"unidade_produtividade":"sc/ha","pontos_originais":25,"ano":"2026","cultura":"Milho"}},{"type":"Feature","geometry":{"type":"Point","coordinates":[-52.20402698605072,-10.313194446851824]},"properties":{"Fazenda":"FE","Campo":"FE 16","produtividade":177.98916834800002,"unidade_produtividade":"sc/ha","pontos_originais":25,"ano":"2026","cultura":"Milho"}},{"type":"Feature","geometry":{"type":"Point","coordinates":[-52.20379870319408,-10.31319529737043]},"properties":{"Fazenda":"FE","Campo":"FE 16","produtividade":181.5779611354,"unidade_produtividade":"sc/ha","pontos_originais":25,"ano":"2026","cultura":"Milho"}},{"type":"Feature","geometry":{"type":"Point","coordinates":[-52.20804510580843,-10.313269875139294]},"properties":{"Fazenda":"FE","Campo":"FE 16","produtividade":85.77900997500002,"unidade_produtividade":"sc/ha","pontos_originais":1,"ano":"2026","cultura":"Milho"}},{"type":"Feature","geometry":{"type":"Point","coordinates":[-52.20470238172964,-10.310705236829204]},"properties":{"Fazenda":"FE","Campo":"FE 16","produtividade":188.82550054448,"unidade_produtividade":"sc/ha","pontos_originais":25,"ano":"2026","cultura":"Milho"}},{"type":"Feature","geometry":{"type":"Point","coordinates":[-52.204930662716706,-10.310704385875427]},"properties":{"Fazenda":"FE","Campo":"FE 16","produtividade":192.5056686592,"unidade_produtividade":"sc/ha","pontos_originais":25,"ano":"2026","cultura":"Milho"}},{"type":"Feature","geometry":{"type":"Point","coordinates":[-52.204474100722706,-10.310706087621837]},"properties":{"Fazenda":"FE","Campo":"FE 16","produtividade":190.53729879656004,"unidade_produtividade":"sc/ha","pontos_originais":25,"ano":"2026","cultura":"Milho"}},{"type":"Feature","geometry":{"type":"Point","coordinates":[-52.20424581969594,-10.31070693825333]},"properties":{"Fazenda":"FE","Campo":"FE 16","produtividade":194.83281071431998,"unidade_produtividade":"sc/ha","pontos_originais":25,"ano":"2026","cultura":"Milho"}},{"type":"Feature","geometry":{"type":"Point","coordinates":[-52.20538722463125,-10.310702683484454]},"properties":{"Fazenda":"FE","Campo":"FE 16","produtividade":196.51848698736,"unidade_produtividade":"sc/ha","pontos_originais":25,"ano":"2026","cultura":"Milho"}},{"type":"Feature","geometry":{"type":"Point","coordinates":[-52.20561550555872,-10.310701832047258]},"properties":{"Fazenda":"FE","Campo":"FE 16","produtividade":197.86563567236,"unidade_produtividade":"sc/ha","pontos_originais":25,"ano":"2026","cultura":"Milho"}},{"type":"Feature","geometry":{"type":"Point","coordinates":[-52.20515894368391,-10.31070353476051]},"properties":{"Fazenda":"FE","Campo":"FE 16","produtividade":195.07381134652002,"unidade_produtividade":"sc/ha","pontos_originais":25,"ano":"2026","cultura":"Milho"}},{"type":"Feature","geometry":{"type":"Point","coordinates":[-52.2033326953903,-10.3107103391679]},"properties":{"Fazenda":"FE","Campo":"FE 16","produtividade":185.49983106759998,"unidade_produtividade":"sc/ha","pontos_originais":25,"ano":"2026","cultura":"Milho"}},{"type":"Feature","geometry":{"type":"Point","coordinates":[-52.20310441426429,-10.31071118899369]},"properties":{"Fazenda":"FE","Campo":"FE 16","produtividade":181.103611414,"unidade_produtividade":"sc/ha","pontos_originais":25,"ano":"2026","cultura":"Milho"}},{"type":"Feature","geometry":{"type":"Point","coordinates":[-52.20287613311844,-10.310712038658338]},"properties":{"Fazenda":"FE","Campo":"FE 16","produtividade":180.02370479620004,"unidade_produtividade":"sc/ha","pontos_originais":25,"ano":"2026","cultura":"Milho"}},{"type":"Feature","geometry":{"type":"Point","coordinates":[-52.20264785195277,-10.310712888161845]},"properties":{"Fazenda":"FE","Campo":"FE 16","produtividade":179.19403579571994,"unidade_produtividade":"sc/ha","pontos_originais":25,"ano":"2026","cultura":"Milho"}},{"type":"Feature","geometry":{"type":"Point","coordinates":[-52.20401753864931,-10.310707788723684]},"properties":{"Fazenda":"FE","Campo":"FE 16","produtividade":194.33987746248005,"unidade_produtividade":"sc/ha","pontos_originais":25,"ano":"2026","cultura":"Milho"}},{"type":"Feature","geometry":{"type":"Point","coordinates":[-52.20378925758282,-10.310708639032896]},"properties":{"Fazenda":"FE","Campo":"FE 16","produtividade":191.20798039636,"unidade_produtividade":"sc/ha","pontos_originais":25,"ano":"2026","cultura":"Milho"}},{"type":"Feature","geometry":{"type":"Point","coordinates":[-52.20356097649646,-10.310709489180967]},"properties":{"Fazenda":"FE","Campo":"FE 16","produtividade":190.12762846936,"unidade_produtividade":"sc/ha","pontos_originais":25,"ano":"2026","cultura":"Milho"}},{"type":"Feature","geometry":{"type":"Point","coordinates":[-52.207670033011084,-10.310694161861178]},"properties":{"Fazenda":"FE","Campo":"FE 16","produtividade":195.03763244796002,"unidade_produtividade":"sc/ha","pontos_originais":25,"ano":"2026","cultura":"Milho"}},{"type":"Feature","geometry":{"type":"Point","coordinates":[-52.20744175226262,-10.310695014748635]},"properties":{"Fazenda":"FE","Campo":"FE 16","produtividade":195.52170616724,"unidade_produtividade":"sc/ha","pontos_originais":25,"ano":"2026","cultura":"Milho"}},{"type":"Feature","geometry":{"type":"Point","coordinates":[-52.20721347149426,-10.310695867474953]},"properties":{"Fazenda":"FE","Campo":"FE 16","produtividade":193.53857041700002,"unidade_produtividade":"sc/ha","pontos_originais":25,"ano":"2026","cultura":"Milho"}},{"type":"Feature","geometry":{"type":"Point","coordinates":[-52.20698519070599,-10.31069672004013]},"properties":{"Fazenda":"FE","Campo":"FE 16","produtividade":189.02510367839997,"unidade_produtividade":"sc/ha","pontos_originais":25,"ano":"2026","cultura":"Milho"}},{"type":"Feature","geometry":{"type":"Point","coordinates":[-52.20835487513695,-10.310691602231966]},"properties":{"Fazenda":"FE","Campo":"FE 16","produtividade":115.03332361508002,"unidade_produtividade":"sc/ha","pontos_originais":25,"ano":"2026","cultura":"Milho"}},{"type":"Feature","geometry":{"type":"Point","coordinates":[-52.20881522676364,-10.31068611311993]},"properties":{"Fazenda":"FE","Campo":"FE 16","produtividade":100.78827657654169,"unidade_produtividade":"sc/ha","pontos_originais":24,"ano":"2026","cultura":"Milho"}},{"type":"Feature","geometry":{"type":"Point","coordinates":[-52.20812659444825,-10.31069245560284]},"properties":{"Fazenda":"FE","Campo":"FE 16","produtividade":164.72733589672,"unidade_produtividade":"sc/ha","pontos_originais":25,"ano":"2026","cultura":"Milho"}},{"type":"Feature","geometry":{"type":"Point","coordinates":[-52.207898313739605,-10.310693308812581]},"properties":{"Fazenda":"FE","Campo":"FE 16","produtividade":194.09390703824,"unidade_produtividade":"sc/ha","pontos_originais":25,"ano":"2026","cultura":"Milho"}},{"type":"Feature","geometry":{"type":"Point","coordinates":[-52.206300348221845,-10.310699276768828]},"properties":{"Fazenda":"FE","Campo":"FE 16","produtividade":193.7699226832,"unidade_produtividade":"sc/ha","pontos_originais":25,"ano":"2026","cultura":"Milho"}},{"type":"Feature","geometry":{"type":"Point","coordinates":[-52.206072067354015,-10.310700128689444]},"properties":{"Fazenda":"FE","Campo":"FE 16","produtividade":198.14697283600003,"unidade_produtividade":"sc/ha","pontos_originais":25,"ano":"2026","cultura":"Milho"}},{"type":"Feature","geometry":{"type":"Point","coordinates":[-52.205843786466296,-10.31070098044892]},"properties":{"Fazenda":"FE","Campo":"FE 16","produtividade":199.91658211799998,"unidade_produtividade":"sc/ha","pontos_originais":25,"ano":"2026","cultura":"Milho"}},{"type":"Feature","geometry":{"type":"Point","coordinates":[-52.206756909897834,-10.310697572444171]},"properties":{"Fazenda":"FE","Campo":"FE 16","produtividade":185.70102600519996,"unidade_produtividade":"sc/ha","pontos_originais":25,"ano":"2026","cultura":"Milho"}},{"type":"Feature","geometry":{"type":"Point","coordinates":[-52.2065286290698,-10.310698424687068]},"properties":{"Fazenda":"FE","Campo":"FE 16","produtividade":188.16263376772,"unidade_produtividade":"sc/ha","pontos_originais":25,"ano":"2026","cultura":"Milho"}},{"type":"Feature","geometry":{"type":"Point","coordinates":[-52.20972542167429,-10.310912537991676]},"properties":{"Fazenda":"FE","Campo":"FE 16","produtividade":171.22124885936003,"unidade_produtividade":"sc/ha","pontos_originais":25,"ano":"2026","cultura":"Milho"}},{"type":"Feature","geometry":{"type":"Point","coordinates":[-52.209885218175415,-10.310911939851646]},"properties":{"Fazenda":"FE","Campo":"FE 16","produtividade":166.41026680320002,"unidade_produtividade":"sc/ha","pontos_originais":10,"ano":"2026","cultura":"Milho"}},{"type":"Feature","geometry":{"type":"Point","coordinates":[-52.209497140942425,-10.310913392348514]},"properties":{"Fazenda":"FE","Campo":"FE 16","produtividade":173.38223686304005,"unidade_produtividade":"sc/ha","pontos_originais":25,"ano":"2026","cultura":"Milho"}},{"type":"Feature","geometry":{"type":"Point","coordinates":[-52.20926886019063,-10.31091424654421]},"properties":{"Fazenda":"FE","Campo":"FE 16","produtividade":152.83839736376,"unidade_produtividade":"sc/ha","pontos_originais":25,"ano":"2026","cultura":"Milho"}},{"type":"Feature","geometry":{"type":"Point","coordinates":[-52.19968019499617,-10.310723917043568]},"properties":{"Fazenda":"FE","Campo":"FE 16","produtividade":145.88619903240004,"unidade_produtividade":"sc/ha","pontos_originais":25,"ano":"2026","cultura":"Milho"}},{"type":"Feature","geometry":{"type":"Point","coordinates":[-52.19945191355328,-10.310724764291091]},"properties":{"Fazenda":"FE","Campo":"FE 16","produtividade":146.18126090832,"unidade_produtividade":"sc/ha","pontos_originais":25,"ano":"2026","cultura":"Milho"}},{"type":"Feature","geometry":{"type":"Point","coordinates":[-52.199223632090586,-10.310725611377475]},"properties":{"Fazenda":"FE","Campo":"FE 16","produtividade":151.26588546788,"unidade_produtividade":"sc/ha","pontos_originais":25,"ano":"2026","cultura":"Milho"}},{"type":"Feature","geometry":{"type":"Point","coordinates":[-52.1990145023019,-10.310707350335525]},"properties":{"Fazenda":"FE","Campo":"FE 16","produtividade":146.33449593347373,"unidade_produtividade":"sc/ha","pontos_originais":19,"ano":"2026","cultura":"Milho"}},{"type":"Feature","geometry":{"type":"Point","coordinates":[-52.20812745613269,-10.310918515105543]},"properties":{"Fazenda":"FE","Campo":"FE 16","produtividade":141.58014813024,"unidade_produtividade":"sc/ha","pontos_originais":25,"ano":"2026","cultura":"Milho"}},{"type":"Feature","geometry":{"type":"Point","coordinates":[-52.207899175261325,-10.310919368334382]},"properties":{"Fazenda":"FE","Campo":"FE 16","produtividade":179.12087078732003,"unidade_produtividade":"sc/ha","pontos_originais":25,"ano":"2026","cultura":"Milho"}},{"type":"Feature","geometry":{"type":"Point","coordinates":[-52.20767089437004,-10.310920221402078]},"properties":{"Fazenda":"FE","Campo":"FE 16","produtividade":186.31919575456,"unidade_produtividade":"sc/ha","pontos_originais":25,"ano":"2026","cultura":"Milho"}},{"type":"Feature","geometry":{"type":"Point","coordinates":[-52.20744261345887,-10.310921074308629]},"properties":{"Fazenda":"FE","Campo":"FE 16","produtividade":189.50979446900004,"unidade_produtividade":"sc/ha","pontos_originais":25,"ano":"2026","cultura":"Milho"}},{"type":"Feature","geometry":{"type":"Point","coordinates":[-52.2090405794189,-10.310915100578761]},"properties":{"Fazenda":"FE","Campo":"FE 16","produtividade":114.43345253964,"unidade_produtividade":"sc/ha","pontos_originais":25,"ano":"2026","cultura":"Milho"}},{"type":"Feature","geometry":{"type":"Point","coordinates":[-52.2088351267076,-10.3109158690745]},"properties":{"Fazenda":"FE","Campo":"FE 16","produtividade":83.45687358405,"unidade_produtividade":"sc/ha","pontos_originais":20,"ano":"2026","cultura":"Milho"}},{"type":"Feature","geometry":{"type":"Point","coordinates":[-52.20834326179502,-10.310911543010986]},"properties":{"Fazenda":"FE","Campo":"FE 16","produtividade":94.82218277990908,"unidade_produtividade":"sc/ha","pontos_originais":22,"ano":"2026","cultura":"Milho"}},{"type":"Feature","geometry":{"type":"Point","coordinates":[-52.20173472709185,-10.310716284564462]},"properties":{"Fazenda":"FE","Campo":"FE 16","produtividade":189.7727495516,"unidade_produtividade":"sc/ha","pontos_originais":25,"ano":"2026","cultura":"Milho"}},{"type":"Feature","geometry":{"type":"Point","coordinates":[-52.201963008336804,-10.31071543570552]},"properties":{"Fazenda":"FE","Campo":"FE 16","produtividade":187.21297726356002,"unidade_produtividade":"sc/ha","pontos_originais":25,"ano":"2026","cultura":"Milho"}},{"type":"Feature","geometry":{"type":"Point","coordinates":[-52.201506445827064,-10.310717133262262]},"properties":{"Fazenda":"FE","Campo":"FE 16","produtividade":191.89075673540003,"unidade_produtividade":"sc/ha","pontos_originais":25,"ano":"2026","cultura":"Milho"}},{"type":"Feature","geometry":{"type":"Point","coordinates":[-52.2012781645425,-10.310717981798922]},"properties":{"Fazenda":"FE","Campo":"FE 16","produtividade":191.56878828804003,"unidade_produtividade":"sc/ha","pontos_originais":25,"ano":"2026","cultura":"Milho"}},{"type":"Feature","geometry":{"type":"Point","coordinates":[-52.202419570767255,-10.31071373750421]},"properties":{"Fazenda":"FE","Campo":"FE 16","produtividade":181.83201992976004,"unidade_produtividade":"sc/ha","pontos_originais":25,"ano":"2026","cultura":"Milho"}},{"type":"Feature","geometry":{"type":"Point","coordinates":[-52.202191289561945,-10.310714586685435]},"properties":{"Fazenda":"FE","Campo":"FE 16","produtividade":185.42311489504004,"unidade_produtividade":"sc/ha","pontos_originais":25,"ano":"2026","cultura":"Milho"}},{"type":"Feature","geometry":{"type":"Point","coordinates":[-52.20036503920618,-10.310721374334141]},"properties":{"Fazenda":"FE","Campo":"FE 16","produtividade":185.11403779560004,"unidade_produtividade":"sc/ha","pontos_originais":25,"ano":"2026","cultura":"Milho"}},{"type":"Feature","geometry":{"type":"Point","coordinates":[-52.20013675782264,-10.310722222065092]},"properties":{"Fazenda":"FE","Campo":"FE 16","produtividade":175.20720231964003,"unidade_produtividade":"sc/ha","pontos_originais":25,"ano":"2026","cultura":"Milho"}},{"type":"Feature","geometry":{"type":"Point","coordinates":[-52.199908476419274,-10.310723069634903]},"properties":{"Fazenda":"FE","Campo":"FE 16","produtividade":159.94151593088,"unidade_produtividade":"sc/ha","pontos_originais":25,"ano":"2026","cultura":"Milho"}},{"type":"Feature","geometry":{"type":"Point","coordinates":[-52.20104988323811,-10.310718830174443]},"properties":{"Fazenda":"FE","Campo":"FE 16","produtividade":187.25348060924,"unidade_produtividade":"sc/ha","pontos_originais":25,"ano":"2026","cultura":"Milho"}},{"type":"Feature","geometry":{"type":"Point","coordinates":[-52.20082160191393,-10.310719678388814]},"properties":{"Fazenda":"FE","Campo":"FE 16","produtividade":185.63157473415998,"unidade_produtividade":"sc/ha","pontos_originais":25,"ano":"2026","cultura":"Milho"}},{"type":"Feature","geometry":{"type":"Point","coordinates":[-52.20059332056995,-10.310720526442049]},"properties":{"Fazenda":"FE","Campo":"FE 16","produtividade":187.88283327424,"unidade_produtividade":"sc/ha","pontos_originais":25,"ano":"2026","cultura":"Milho"}},{"type":"Feature","geometry":{"type":"Point","coordinates":[-52.2037901161755,-10.310934698897897]},"properties":{"Fazenda":"FE","Campo":"FE 16","produtividade":199.4931955606,"unidade_produtividade":"sc/ha","pontos_originais":25,"ano":"2026","cultura":"Milho"}},{"type":"Feature","geometry":{"type":"Point","coordinates":[-52.20356183492645,-10.310935549064999]},"properties":{"Fazenda":"FE","Campo":"FE 16","produtividade":195.42131509571993,"unidade_produtividade":"sc/ha","pontos_originais":25,"ano":"2026","cultura":"Milho"}},{"type":"Feature","geometry":{"type":"Point","coordinates":[-52.20333355365756,-10.310936399070954]},"properties":{"Fazenda":"FE","Campo":"FE 16","produtividade":187.92185154908003,"unidade_produtividade":"sc/ha","pontos_originais":25,"ano":"2026","cultura":"Milho"}},{"type":"Feature","geometry":{"type":"Point","coordinates":[-52.20310527236882,-10.31093724891577]},"properties":{"Fazenda":"FE","Campo":"FE 16","produtividade":185.12271496344002,"unidade_produtividade":"sc/ha","pontos_originais":25,"ano":"2026","cultura":"Milho"}},{"type":"Feature","geometry":{"type":"Point","coordinates":[-52.20447495980359,-10.310932147429714]},"properties":{"Fazenda":"FE","Campo":"FE 16","produtividade":189.05974802732007,"unidade_produtividade":"sc/ha","pontos_originais":25,"ano":"2026","cultura":"Milho"}},{"type":"Feature","geometry":{"type":"Point","coordinates":[-52.20424667861408,-10.31093299808025]},"properties":{"Fazenda":"FE","Campo":"FE 16","produtividade":194.30347449563996,"unidade_produtividade":"sc/ha","pontos_originais":25,"ano":"2026","cultura":"Milho"}},{"type":"Feature","geometry":{"type":"Point","coordinates":[-52.204018397404724,-10.310933848569645]},"properties":{"Fazenda":"FE","Campo":"FE 16","produtividade":197.50684651571999,"unidade_produtividade":"sc/ha","pontos_originais":25,"ano":"2026","cultura":"Milho"}},{"type":"Feature","geometry":{"type":"Point","coordinates":[-52.20219214701557,-10.310940646683584]},"properties":{"Fazenda":"FE","Campo":"FE 16","produtividade":183.79996780892,"unidade_produtividade":"sc/ha","pontos_originais":25,"ano":"2026","cultura":"Milho"}},{"type":"Feature","geometry":{"type":"Point","coordinates":[-52.20242042838363,-10.310939797483345]},"properties":{"Fazenda":"FE","Campo":"FE 16","produtividade":184.88146198936002,"unidade_produtividade":"sc/ha","pontos_originais":25,"ano":"2026","cultura":"Milho"}},{"type":"Feature","geometry":{"type":"Point","coordinates":[-52.201963865627725,-10.310941495722675]},"properties":{"Fazenda":"FE","Campo":"FE 16","produtividade":183.59285096580004,"unidade_produtividade":"sc/ha","pontos_originais":25,"ano":"2026","cultura":"Milho"}},{"type":"Feature","geometry":{"type":"Point","coordinates":[-52.20173558422003,-10.310942344600619]},"properties":{"Fazenda":"FE","Campo":"FE 16","produtividade":184.34539594704,"unidade_produtividade":"sc/ha","pontos_originais":25,"ano":"2026","cultura":"Milho"}},{"type":"Feature","geometry":{"type":"Point","coordinates":[-52.20287699106025,-10.310938098599438]},"properties":{"Fazenda":"FE","Campo":"FE 16","produtividade":186.70680136432003,"unidade_produtividade":"sc/ha","pontos_originais":25,"ano":"2026","cultura":"Milho"}},{"type":"Feature","geometry":{"type":"Point","coordinates":[-52.20264870973185,-10.310938948121965]},"properties":{"Fazenda":"FE","Campo":"FE 16","produtividade":186.53008500276,"unidade_produtividade":"sc/ha","pontos_originais":25,"ano":"2026","cultura":"Milho"}},{"type":"Feature","geometry":{"type":"Point","coordinates":[-52.20652948961516,-10.310924484323397]},"properties":{"Fazenda":"FE","Campo":"FE 16","produtividade":185.95307101239996,"unidade_produtividade":"sc/ha","pontos_originais":25,"ano":"2026","cultura":"Milho"}},{"type":"Feature","geometry":{"type":"Point","coordinates":[-52.20675777060594,-10.310923632061419]},"properties":{"Fazenda":"FE","Campo":"FE 16","produtividade":191.33824252628,"unidade_produtividade":"sc/ha","pontos_originais":25,"ano":"2026","cultura":"Milho"}},{"type":"Feature","geometry":{"type":"Point","coordinates":[-52.20630120860449,-10.31092533642423]},"properties":{"Fazenda":"FE","Campo":"FE 16","produtividade":185.35802411996002,"unidade_produtividade":"sc/ha","pontos_originais":25,"ano":"2026","cultura":"Milho"}},{"type":"Feature","geometry":{"type":"Point","coordinates":[-52.20607292757394,-10.310926188363922]},"properties":{"Fazenda":"FE","Campo":"FE 16","produtividade":190.78073661308005,"unidade_produtividade":"sc/ha","pontos_originais":25,"ano":"2026","cultura":"Milho"}},{"type":"Feature","geometry":{"type":"Point","coordinates":[-52.20721433252779,-10.310921927054038]},"properties":{"Fazenda":"FE","Campo":"FE 16","produtividade":193.43354530244008,"unidade_produtividade":"sc/ha","pontos_originais":25,"ano":"2026","cultura":"Milho"}},{"type":"Feature","geometry":{"type":"Point","coordinates":[-52.20698605157681,-10.310922779638299]},"properties":{"Fazenda":"FE","Campo":"FE 16","produtividade":194.65757447572,"unidade_produtividade":"sc/ha","pontos_originais":25,"ano":"2026","cultura":"Milho"}},{"type":"Feature","geometry":{"type":"Point","coordinates":[-52.20515980325296,-10.31092959451124]},"properties":{"Fazenda":"FE","Campo":"FE 16","produtividade":195.19843289323995,"unidade_produtividade":"sc/ha","pontos_originais":25,"ano":"2026","cultura":"Milho"}},{"type":"Feature","geometry":{"type":"Point","coordinates":[-52.204931522123026,-10.31093044564521]},"properties":{"Fazenda":"FE","Campo":"FE 16","produtividade":192.74880677555996,"unidade_produtividade":"sc/ha","pontos_originais":25,"ano":"2026","cultura":"Milho"}},{"type":"Feature","geometry":{"type":"Point","coordinates":[-52.20470324097324,-10.310931296618035]},"properties":{"Fazenda":"FE","Campo":"FE 16","produtividade":187.77308434795995,"unidade_produtividade":"sc/ha","pontos_originais":25,"ano":"2026","cultura":"Milho"}},{"type":"Feature","geometry":{"type":"Point","coordinates":[-52.20584464652351,-10.310927040142465]},"properties":{"Fazenda":"FE","Campo":"FE 16","produtividade":197.95934639904004,"unidade_produtividade":"sc/ha","pontos_originais":25,"ano":"2026","cultura":"Milho"}},{"type":"Feature","geometry":{"type":"Point","coordinates":[-52.20561636545321,-10.310927891759865]},"properties":{"Fazenda":"FE","Campo":"FE 16","produtividade":197.85715359236005,"unidade_produtividade":"sc/ha","pontos_originais":25,"ano":"2026","cultura":"Milho"}},{"type":"Feature","geometry":{"type":"Point","coordinates":[-52.20538808436302,-10.310928743216126]},"properties":{"Fazenda":"FE","Campo":"FE 16","produtividade":195.84717276576004,"unidade_produtividade":"sc/ha","pontos_originais":25,"ano":"2026","cultura":"Milho"}},{"type":"Feature","geometry":{"type":"Point","coordinates":[-52.20082245839122,-10.310945738500948]},"properties":{"Fazenda":"FE","Campo":"FE 16","produtividade":189.29372620411996,"unidade_produtividade":"sc/ha","pontos_originais":25,"ano":"2026","cultura":"Milho"}},{"type":"Feature","geometry":{"type":"Point","coordinates":[-52.200594176884536,-10.310946586573166]},"properties":{"Fazenda":"FE","Campo":"FE 16","produtividade":188.06821408052002,"unidade_produtividade":"sc/ha","pontos_originais":25,"ano":"2026","cultura":"Milho"}},{"type":"Feature","geometry":{"type":"Point","coordinates":[-52.20036589535803,-10.310947434484241]},"properties":{"Fazenda":"FE","Campo":"FE 16","produtividade":185.0887611972,"unidade_produtividade":"sc/ha","pontos_originais":25,"ano":"2026","cultura":"Milho"}},{"type":"Feature","geometry":{"type":"Point","coordinates":[-52.200137613811755,-10.310948282234166]},"properties":{"Fazenda":"FE","Campo":"FE 16","produtividade":175.58641773860003,"unidade_produtividade":"sc/ha","pontos_originais":25,"ano":"2026","cultura":"Milho"}},{"type":"Feature","geometry":{"type":"Point","coordinates":[-52.201507302792535,-10.310943193317417]},"properties":{"Fazenda":"FE","Campo":"FE 16","produtividade":185.655272252,"unidade_produtividade":"sc/ha","pontos_originais":25,"ano":"2026","cultura":"Milho"}},{"type":"Feature","geometry":{"type":"Point","coordinates":[-52.20127902134525,-10.310944041873071]},"properties":{"Fazenda":"FE","Campo":"FE 16","produtividade":189.2266979806,"unidade_produtividade":"sc/ha","pontos_originais":25,"ano":"2026","cultura":"Milho"}},{"type":"Feature","geometry":{"type":"Point","coordinates":[-52.20105073987813,-10.310944890267583]},"properties":{"Fazenda":"FE","Campo":"FE 16","produtividade":190.79750780576003,"unidade_produtividade":"sc/ha","pontos_originais":25,"ano":"2026","cultura":"Milho"}},{"type":"Feature","geometry":{"type":"Point","coordinates":[-52.19925481093593,-10.310921417319756]},"properties":{"Fazenda":"FE","Campo":"FE 16","produtividade":146.739542225,"unidade_produtividade":"sc/ha","pontos_originais":15,"ano":"2026","cultura":"Milho"}},{"type":"Feature","geometry":{"type":"Point","coordinates":[-52.199452769054204,-10.31095082451708]},"properties":{"Fazenda":"FE","Campo":"FE 16","produtividade":148.57764783719998,"unidade_produtividade":"sc/ha","pontos_originais":25,"ano":"2026","cultura":"Milho"}},{"type":"Feature","geometry":{"type":"Point","coordinates":[-52.19908717634547,-10.310861755712713]},"properties":{"Fazenda":"FE","Campo":"FE 16","produtividade":142.328277482,"unidade_produtividade":"sc/ha","pontos_originais":1,"ano":"2026","cultura":"Milho"}},{"type":"Feature","geometry":{"type":"Point","coordinates":[-52.19990933224568,-10.31094912982295]},"properties":{"Fazenda":"FE","Campo":"FE 16","produtividade":159.75517099484003,"unidade_produtividade":"sc/ha","pontos_originais":25,"ano":"2026","cultura":"Milho"}},{"type":"Feature","geometry":{"type":"Point","coordinates":[-52.19968105065984,-10.310949977250587]},"properties":{"Fazenda":"FE","Campo":"FE 16","produtividade":149.24740913132004,"unidade_produtividade":"sc/ha","pontos_originais":25,"ano":"2026","cultura":"Milho"}},{"type":"Feature","geometry":{"type":"Point","coordinates":[-52.20857319994783,-10.310645573389094]},"properties":{"Fazenda":"FE","Campo":"FE 16","produtividade":96.09571591485714,"unidade_produtividade":"sc/ha","pontos_originais":14,"ano":"2026","cultura":"Milho"}},{"type":"Feature","geometry":{"type":"Point","coordinates":[-52.19945105807209,-10.310498704061876]},"properties":{"Fazenda":"FE","Campo":"FE 16","produtividade":160.55142766852003,"unidade_produtividade":"sc/ha","pontos_originais":25,"ano":"2026","cultura":"Milho"}},{"type":"Feature","geometry":{"type":"Point","coordinates":[-52.19967933935227,-10.310497856833317]},"properties":{"Fazenda":"FE","Campo":"FE 16","produtividade":168.07909837220004,"unidade_produtividade":"sc/ha","pontos_originais":25,"ano":"2026","cultura":"Milho"}},{"type":"Feature","geometry":{"type":"Point","coordinates":[-52.19922277677213,-10.310499551129297]},"properties":{"Fazenda":"FE","Campo":"FE 16","produtividade":154.28531580791997,"unidade_produtividade":"sc/ha","pontos_originais":25,"ano":"2026","cultura":"Milho"}},{"type":"Feature","geometry":{"type":"Point","coordinates":[-52.19899449545241,-10.310500398035577]},"properties":{"Fazenda":"FE","Campo":"FE 16","produtividade":150.87659687208,"unidade_produtividade":"sc/ha","pontos_originais":25,"ano":"2026","cultura":"Milho"}},{"type":"Feature","geometry":{"type":"Point","coordinates":[-52.2001359018533,-10.310496161892791]},"properties":{"Fazenda":"FE","Campo":"FE 16","produtividade":175.06691366432003,"unidade_produtividade":"sc/ha","pontos_originais":25,"ano":"2026","cultura":"Milho"}},{"type":"Feature","geometry":{"type":"Point","coordinates":[-52.200364183074136,-10.31049531418082]},"properties":{"Fazenda":"FE","Campo":"FE 16","produtividade":179.05514244256,"unidade_produtividade":"sc/ha","pontos_originais":25,"ano":"2026","cultura":"Milho"}},{"type":"Feature","geometry":{"type":"Point","coordinates":[-52.19990762061266,-10.310497009443623]},"properties":{"Fazenda":"FE","Campo":"FE 16","produtividade":173.35873301936005,"unidade_produtividade":"sc/ha","pontos_originais":25,"ano":"2026","cultura":"Milho"}},{"type":"Feature","geometry":{"type":"Point","coordinates":[-52.20926799769258,-10.310688187137064]},"properties":{"Fazenda":"FE","Campo":"FE 16","produtividade":166.0114535384,"unidade_produtividade":"sc/ha","pontos_originais":25,"ano":"2026","cultura":"Milho"}},{"type":"Feature","geometry":{"type":"Point","coordinates":[-52.20903971708357,-10.310689041152498]},"properties":{"Fazenda":"FE","Campo":"FE 16","produtividade":135.37772396731998,"unidade_produtividade":"sc/ha","pontos_originais":25,"ano":"2026","cultura":"Milho"}},{"type":"Feature","geometry":{"type":"Point","coordinates":[-52.20990718329226,-10.310685795040884]},"properties":{"Fazenda":"FE","Campo":"FE 16","produtividade":170.0202553660667,"unidade_produtividade":"sc/ha","pontos_originais":15,"ano":"2026","cultura":"Milho"}},{"type":"Feature","geometry":{"type":"Point","coordinates":[-52.19877702765691,-10.31048613377739]},"properties":{"Fazenda":"FE","Campo":"FE 16","produtividade":145.35831038838094,"unidade_produtividade":"sc/ha","pontos_originais":21,"ano":"2026","cultura":"Milho"}},{"type":"Feature","geometry":{"type":"Point","coordinates":[-52.20972455885079,-10.310686478622777]},"properties":{"Fazenda":"FE","Campo":"FE 16","produtividade":177.54527918955998,"unidade_produtividade":"sc/ha","pontos_originais":25,"ano":"2026","cultura":"Milho"}},{"type":"Feature","geometry":{"type":"Point","coordinates":[-52.20949627828165,-10.310687332960493]},"properties":{"Fazenda":"FE","Campo":"FE 16","produtividade":181.45913284932,"unidade_produtividade":"sc/ha","pontos_originais":25,"ano":"2026","cultura":"Milho"}},{"type":"Feature","geometry":{"type":"Point","coordinates":[-52.19885803968358,-10.310636542276066]},"properties":{"Fazenda":"FE","Campo":"FE 16","produtividade":142.430398191,"unidade_produtividade":"sc/ha","pontos_originais":1,"ano":"2026","cultura":"Milho"}},{"type":"Feature","geometry":{"type":"Point","coordinates":[-52.20926713521447,-10.310462127726694]},"properties":{"Fazenda":"FE","Campo":"FE 16","produtividade":181.69361146884,"unidade_produtividade":"sc/ha","pontos_originais":25,"ano":"2026","cultura":"Milho"}},{"type":"Feature","geometry":{"type":"Point","coordinates":[-52.20903885476816,-10.310462981723008]},"properties":{"Fazenda":"FE","Campo":"FE 16","produtividade":166.40953593064,"unidade_produtividade":"sc/ha","pontos_originais":25,"ano":"2026","cultura":"Milho"}},{"type":"Feature","geometry":{"type":"Point","coordinates":[-52.208810574301964,-10.310463835558188]},"properties":{"Fazenda":"FE","Campo":"FE 16","produtividade":145.41226069188002,"unidade_produtividade":"sc/ha","pontos_originais":25,"ano":"2026","cultura":"Milho"}},{"type":"Feature","geometry":{"type":"Point","coordinates":[-52.20858229381579,-10.310464689232235]},"properties":{"Fazenda":"FE","Campo":"FE 16","produtividade":139.90228738708,"unidade_produtividade":"sc/ha","pontos_originais":25,"ano":"2026","cultura":"Milho"}},{"type":"Feature","geometry":{"type":"Point","coordinates":[-52.209929148396256,-10.310459650228575]},"properties":{"Fazenda":"FE","Campo":"FE 16","produtividade":171.00926825020002,"unidade_produtividade":"sc/ha","pontos_originais":20,"ano":"2026","cultura":"Milho"}},{"type":"Feature","geometry":{"type":"Point","coordinates":[-52.19861374158589,-10.31042645576009]},"properties":{"Fazenda":"FE","Campo":"FE 16","produtividade":138.762852825,"unidade_produtividade":"sc/ha","pontos_originais":3,"ano":"2026","cultura":"Milho"}},{"type":"Feature","geometry":{"type":"Point","coordinates":[-52.209723696047234,-10.310460419250655]},"properties":{"Fazenda":"FE","Campo":"FE 16","produtividade":180.25919985164,"unidade_produtividade":"sc/ha","pontos_originais":25,"ano":"2026","cultura":"Milho"}},{"type":"Feature","geometry":{"type":"Point","coordinates":[-52.209495415640816,-10.310461273569242]},"properties":{"Fazenda":"FE","Campo":"FE 16","produtividade":188.08031376764004,"unidade_produtividade":"sc/ha","pontos_originais":25,"ano":"2026","cultura":"Milho"}},{"type":"Feature","geometry":{"type":"Point","coordinates":[-52.20766917167199,-10.310468102317053]},"properties":{"Fazenda":"FE","Campo":"FE 16","produtividade":197.21355315347998,"unidade_produtividade":"sc/ha","pontos_originais":25,"ano":"2026","cultura":"Milho"}},{"type":"Feature","geometry":{"type":"Point","coordinates":[-52.2078974522378,-10.310467249287553]},"properties":{"Fazenda":"FE","Campo":"FE 16","produtividade":201.03904333116,"unidade_produtividade":"sc/ha","pontos_originais":25,"ano":"2026","cultura":"Milho"}},{"type":"Feature","geometry":{"type":"Point","coordinates":[-52.20744089108624,-10.310468955185414]},"properties":{"Fazenda":"FE","Campo":"FE 16","produtividade":193.4463030576,"unidade_produtividade":"sc/ha","pontos_originais":25,"ano":"2026","cultura":"Milho"}},{"type":"Feature","geometry":{"type":"Point","coordinates":[-52.2072126104806,-10.310469807892643]},"properties":{"Fazenda":"FE","Campo":"FE 16","produtividade":190.49105520324,"unidade_produtividade":"sc/ha","pontos_originais":25,"ano":"2026","cultura":"Milho"}},{"type":"Feature","geometry":{"type":"Point","coordinates":[-52.20835401330971,-10.310465542745142]},"properties":{"Fazenda":"FE","Campo":"FE 16","produtividade":159.99592352620002,"unidade_produtividade":"sc/ha","pontos_originais":25,"ano":"2026","cultura":"Milho"}},{"type":"Feature","geometry":{"type":"Point","coordinates":[-52.20812573278372,-10.310466396096915]},"properties":{"Fazenda":"FE","Campo":"FE 16","produtividade":188.81055229216003,"unidade_produtividade":"sc/ha","pontos_originais":25,"ano":"2026","cultura":"Milho"}},{"type":"Feature","geometry":{"type":"Point","coordinates":[-52.200592464275175,-10.310494466307707]},"properties":{"Fazenda":"FE","Campo":"FE 16","produtividade":185.57733112572,"unidade_produtividade":"sc/ha","pontos_originais":25,"ano":"2026","cultura":"Milho"}},{"type":"Feature","geometry":{"type":"Point","coordinates":[-52.20082074545644,-10.310493618273458]},"properties":{"Fazenda":"FE","Campo":"FE 16","produtividade":185.55495822604004,"unidade_produtividade":"sc/ha","pontos_originais":25,"ano":"2026","cultura":"Milho"}},{"type":"Feature","geometry":{"type":"Point","coordinates":[-52.20150558888142,-10.310491073203885]},"properties":{"Fazenda":"FE","Campo":"FE 16","produtividade":190.776398736,"unidade_produtividade":"sc/ha","pontos_originais":25,"ano":"2026","cultura":"Milho"}},{"type":"Feature","geometry":{"type":"Point","coordinates":[-52.201277307759554,-10.310491921721548]},"properties":{"Fazenda":"FE","Campo":"FE 16","produtividade":189.13329614300005,"unidade_produtividade":"sc/ha","pontos_originais":25,"ano":"2026","cultura":"Milho"}},{"type":"Feature","geometry":{"type":"Point","coordinates":[-52.201049026617895,-10.310492770078069]},"properties":{"Fazenda":"FE","Campo":"FE 16","produtividade":186.04427033656,"unidade_produtividade":"sc/ha","pontos_originais":25,"ano":"2026","cultura":"Milho"}},{"type":"Feature","geometry":{"type":"Point","coordinates":[-52.20333183714287,-10.310484279261619]},"properties":{"Fazenda":"FE","Campo":"FE 16","produtividade":181.60173993983997,"unidade_produtividade":"sc/ha","pontos_originais":25,"ano":"2026","cultura":"Milho"}},{"type":"Feature","geometry":{"type":"Point","coordinates":[-52.203560118086344,-10.310483429293715]},"properties":{"Fazenda":"FE","Campo":"FE 16","produtividade":185.27404233904,"unidade_produtividade":"sc/ha","pontos_originais":25,"ano":"2026","cultura":"Milho"}},{"type":"Feature","geometry":{"type":"Point","coordinates":[-52.20310355617958,-10.31048512906838]},"properties":{"Fazenda":"FE","Campo":"FE 16","produtividade":178.83751206128002,"unidade_produtividade":"sc/ha","pontos_originais":25,"ano":"2026","cultura":"Milho"}},{"type":"Feature","geometry":{"type":"Point","coordinates":[-52.20287527519647,-10.31048597871401]},"properties":{"Fazenda":"FE","Campo":"FE 16","produtividade":178.402917142,"unidade_produtividade":"sc/ha","pontos_originais":25,"ano":"2026","cultura":"Milho"}},{"type":"Feature","geometry":{"type":"Point","coordinates":[-52.20401667991369,-10.310481728874498]},"properties":{"Fazenda":"FE","Campo":"FE 16","produtividade":188.46712206188,"unidade_produtividade":"sc/ha","pontos_originais":25,"ano":"2026","cultura":"Milho"}},{"type":"Feature","geometry":{"type":"Point","coordinates":[-52.20424496079762,-10.310480878423185]},"properties":{"Fazenda":"FE","Campo":"FE 16","produtividade":191.977903039,"unidade_produtividade":"sc/ha","pontos_originais":25,"ano":"2026","cultura":"Milho"}},{"type":"Feature","geometry":{"type":"Point","coordinates":[-52.20378839900994,-10.310482579164676]},"properties":{"Fazenda":"FE","Campo":"FE 16","produtividade":186.43131118116005,"unidade_produtividade":"sc/ha","pontos_originais":25,"ano":"2026","cultura":"Milho"}},{"type":"Feature","geometry":{"type":"Point","coordinates":[-52.2019621510657,-10.310489375685142]},"properties":{"Fazenda":"FE","Campo":"FE 16","produtividade":191.25962424728002,"unidade_produtividade":"sc/ha","pontos_originais":25,"ano":"2026","cultura":"Milho"}},{"type":"Feature","geometry":{"type":"Point","coordinates":[-52.20173386998347,-10.310490224525081]},"properties":{"Fazenda":"FE","Campo":"FE 16","produtividade":191.51836939084,"unidade_produtividade":"sc/ha","pontos_originais":25,"ano":"2026","cultura":"Milho"}},{"type":"Feature","geometry":{"type":"Point","coordinates":[-52.2026469941935,-10.3104868281985]},"properties":{"Fazenda":"FE","Campo":"FE 16","produtividade":178.68558033748,"unidade_produtividade":"sc/ha","pontos_originais":25,"ano":"2026","cultura":"Milho"}},{"type":"Feature","geometry":{"type":"Point","coordinates":[-52.20241871317073,-10.310487677521854]},"properties":{"Fazenda":"FE","Campo":"FE 16","produtividade":182.62667702452003,"unidade_produtividade":"sc/ha","pontos_originais":25,"ano":"2026","cultura":"Milho"}},{"type":"Feature","geometry":{"type":"Point","coordinates":[-52.20219043212813,-10.310488526684066]},"properties":{"Fazenda":"FE","Campo":"FE 16","produtividade":188.33590781848005,"unidade_produtividade":"sc/ha","pontos_originais":25,"ano":"2026","cultura":"Milho"}},{"type":"Feature","geometry":{"type":"Point","coordinates":[-52.20629948785907,-10.310473217110193]},"properties":{"Fazenda":"FE","Campo":"FE 16","produtividade":201.29193937372003,"unidade_produtividade":"sc/ha","pontos_originais":25,"ano":"2026","cultura":"Milho"}},{"type":"Feature","geometry":{"type":"Point","coordinates":[-52.206071207153954,-10.31047406901174]},"properties":{"Fazenda":"FE","Campo":"FE 16","produtividade":200.25912385040002,"unidade_produtividade":"sc/ha","pontos_originais":25,"ano":"2026","cultura":"Milho"}},{"type":"Feature","geometry":{"type":"Point","coordinates":[-52.20584292642898,-10.310474920752151]},"properties":{"Fazenda":"FE","Campo":"FE 16","produtividade":197.53811782416,"unidade_produtividade":"sc/ha","pontos_originais":25,"ano":"2026","cultura":"Milho"}},{"type":"Feature","geometry":{"type":"Point","coordinates":[-52.20561464568409,-10.310475772331422]},"properties":{"Fazenda":"FE","Campo":"FE 16","produtividade":195.47456276660003,"unidade_produtividade":"sc/ha","pontos_originais":25,"ano":"2026","cultura":"Milho"}},{"type":"Feature","geometry":{"type":"Point","coordinates":[-52.20698432985506,-10.310470660438737]},"properties":{"Fazenda":"FE","Campo":"FE 16","produtividade":188.86982930824007,"unidade_produtividade":"sc/ha","pontos_originais":25,"ano":"2026","cultura":"Milho"}},{"type":"Feature","geometry":{"type":"Point","coordinates":[-52.206756049209616,-10.310471512823693]},"properties":{"Fazenda":"FE","Campo":"FE 16","produtividade":193.00783677564,"unidade_produtividade":"sc/ha","pontos_originais":25,"ano":"2026","cultura":"Milho"}},{"type":"Feature","geometry":{"type":"Point","coordinates":[-52.206527768544305,-10.310472365047513]},"properties":{"Fazenda":"FE","Campo":"FE 16","produtividade":198.59926702888004,"unidade_produtividade":"sc/ha","pontos_originais":25,"ano":"2026","cultura":"Milho"}},{"type":"Feature","geometry":{"type":"Point","coordinates":[-52.20492980333025,-10.310478326102418]},"properties":{"Fazenda":"FE","Campo":"FE 16","produtividade":197.60852757023997,"unidade_produtividade":"sc/ha","pontos_originais":25,"ano":"2026","cultura":"Milho"}},{"type":"Feature","geometry":{"type":"Point","coordinates":[-52.2047015225059,-10.310479177037145]},"properties":{"Fazenda":"FE","Campo":"FE 16","produtividade":196.84892973948004,"unidade_produtividade":"sc/ha","pontos_originais":25,"ano":"2026","cultura":"Milho"}},{"type":"Feature","geometry":{"type":"Point","coordinates":[-52.20447324166169,-10.310480027810733]},"properties":{"Fazenda":"FE","Campo":"FE 16","produtividade":194.43541112952,"unidade_produtividade":"sc/ha","pontos_originais":25,"ano":"2026","cultura":"Milho"}},{"type":"Feature","geometry":{"type":"Point","coordinates":[-52.20538636491935,-10.310476623749558]},"properties":{"Fazenda":"FE","Campo":"FE 16","produtividade":196.24796730307997,"unidade_produtividade":"sc/ha","pontos_originais":25,"ano":"2026","cultura":"Milho"}},{"type":"Feature","geometry":{"type":"Point","coordinates":[-52.20515808413473,-10.310477475006557]},"properties":{"Fazenda":"FE","Campo":"FE 16","produtividade":196.76965127192005,"unidade_produtividade":"sc/ha","pontos_originais":25,"ano":"2026","cultura":"Milho"}},{"type":"Feature","geometry":{"type":"Point","coordinates":[-52.20972283326362,-10.310234359875306]},"properties":{"Fazenda":"FE","Campo":"FE 16","produtividade":178.65222173051998,"unidade_produtividade":"sc/ha","pontos_originais":25,"ano":"2026","cultura":"Milho"}},{"type":"Feature","geometry":{"type":"Point","coordinates":[-52.209947294433796,-10.310229752001504]},"properties":{"Fazenda":"FE","Campo":"FE 16","produtividade":171.30954065608333,"unidade_produtividade":"sc/ha","pontos_originais":24,"ano":"2026","cultura":"Milho"}},{"type":"Feature","geometry":{"type":"Point","coordinates":[-52.20949455301992,-10.310235214174766]},"properties":{"Fazenda":"FE","Campo":"FE 16","produtividade":189.98682452767997,"unidade_produtividade":"sc/ha","pontos_originais":25,"ano":"2026","cultura":"Milho"}},{"type":"Feature","geometry":{"type":"Point","coordinates":[-52.209266272756274,-10.310236068313095]},"properties":{"Fazenda":"FE","Campo":"FE 16","produtividade":186.86232171479998,"unidade_produtividade":"sc/ha","pontos_originais":25,"ano":"2026","cultura":"Milho"}},{"type":"Feature","geometry":{"type":"Point","coordinates":[-52.19876535913967,-10.310275184491397]},"properties":{"Fazenda":"FE","Campo":"FE 16","produtividade":156.19832172072,"unidade_produtividade":"sc/ha","pontos_originais":25,"ano":"2026","cultura":"Milho"}},{"type":"Feature","geometry":{"type":"Point","coordinates":[-52.19899364031647,-10.310274337765213]},"properties":{"Fazenda":"FE","Campo":"FE 16","produtividade":155.70288696212,"unidade_produtividade":"sc/ha","pontos_originais":25,"ano":"2026","cultura":"Milho"}},{"type":"Feature","geometry":{"type":"Point","coordinates":[-52.19854741550941,-10.310265717111422]},"properties":{"Fazenda":"FE","Campo":"FE 16","produtividade":144.40992529813636,"unidade_produtividade":"sc/ha","pontos_originais":22,"ano":"2026","cultura":"Milho"}},{"type":"Feature","geometry":{"type":"Point","coordinates":[-52.1983633107256,-10.310204335038847]},"properties":{"Fazenda":"FE","Campo":"FE 16","produtividade":132.44543498299998,"unidade_produtividade":"sc/ha","pontos_originais":5,"ano":"2026","cultura":"Milho"}},{"type":"Feature","geometry":{"type":"Point","coordinates":[-52.208353151502386,-10.310239483255094]},"properties":{"Fazenda":"FE","Campo":"FE 16","produtividade":193.68907149664003,"unidade_produtividade":"sc/ha","pontos_originais":25,"ano":"2026","cultura":"Milho"}},{"type":"Feature","geometry":{"type":"Point","coordinates":[-52.208124871139105,-10.31024033658776]},"properties":{"Fazenda":"FE","Campo":"FE 16","produtividade":198.9479278751601,"unidade_produtividade":"sc/ha","pontos_originais":25,"ano":"2026","cultura":"Milho"}},{"type":"Feature","geometry":{"type":"Point","coordinates":[-52.207896590755894,-10.310241189759298]},"properties":{"Fazenda":"FE","Campo":"FE 16","produtividade":197.27356811051996,"unidade_produtividade":"sc/ha","pontos_originais":25,"ano":"2026","cultura":"Milho"}},{"type":"Feature","geometry":{"type":"Point","coordinates":[-52.20766831035281,-10.310242042769701]},"properties":{"Fazenda":"FE","Campo":"FE 16","produtividade":191.14468570172002,"unidade_produtividade":"sc/ha","pontos_originais":25,"ano":"2026","cultura":"Milho"}},{"type":"Feature","geometry":{"type":"Point","coordinates":[-52.20903799247267,-10.310236922290292]},"properties":{"Fazenda":"FE","Campo":"FE 16","produtividade":183.86759401908003,"unidade_produtividade":"sc/ha","pontos_originais":25,"ano":"2026","cultura":"Milho"}},{"type":"Feature","geometry":{"type":"Point","coordinates":[-52.2088097121692,-10.310237776106357]},"properties":{"Fazenda":"FE","Campo":"FE 16","produtividade":181.7751588928,"unidade_produtividade":"sc/ha","pontos_originais":25,"ano":"2026","cultura":"Milho"}},{"type":"Feature","geometry":{"type":"Point","coordinates":[-52.208581431845744,-10.31023862976129]},"properties":{"Fazenda":"FE","Campo":"FE 16","produtividade":184.72880434087998,"unidade_produtividade":"sc/ha","pontos_originais":25,"ano":"2026","cultura":"Milho"}},{"type":"Feature","geometry":{"type":"Point","coordinates":[-52.201048170017486,-10.310266709978478]},"properties":{"Fazenda":"FE","Campo":"FE 16","produtividade":186.45102706928,"unidade_produtividade":"sc/ha","pontos_originais":25,"ano":"2026","cultura":"Milho"}},{"type":"Feature","geometry":{"type":"Point","coordinates":[-52.200819889018724,-10.310267558154877]},"properties":{"Fazenda":"FE","Campo":"FE 16","produtividade":182.32376286304,"unidade_produtividade":"sc/ha","pontos_originais":25,"ano":"2026","cultura":"Milho"}},{"type":"Feature","geometry":{"type":"Point","coordinates":[-52.2005916080002,-10.31026840617014]},"properties":{"Fazenda":"FE","Campo":"FE 16","produtividade":177.04946768524,"unidade_produtividade":"sc/ha","pontos_originais":25,"ano":"2026","cultura":"Milho"}},{"type":"Feature","geometry":{"type":"Point","coordinates":[-52.20036332696188,-10.31026925402427]},"properties":{"Fazenda":"FE","Campo":"FE 16","produtividade":173.87620987652,"unidade_produtividade":"sc/ha","pontos_originais":25,"ano":"2026","cultura":"Milho"}},{"type":"Feature","geometry":{"type":"Point","coordinates":[-52.2017330128949,-10.310264164482476]},"properties":{"Fazenda":"FE","Campo":"FE 16","produtividade":187.21776327720002,"unidade_produtividade":"sc/ha","pontos_originais":25,"ano":"2026","cultura":"Milho"}},{"type":"Feature","geometry":{"type":"Point","coordinates":[-52.201504731955566,-10.310265013142278]},"properties":{"Fazenda":"FE","Campo":"FE 16","produtividade":187.62239312836002,"unidade_produtividade":"sc/ha","pontos_originais":25,"ano":"2026","cultura":"Milho"}},{"type":"Feature","geometry":{"type":"Point","coordinates":[-52.20127645099642,-10.310265861640946]},"properties":{"Fazenda":"FE","Campo":"FE 16","produtividade":188.441988952,"unidade_produtividade":"sc/ha","pontos_originais":25,"ano":"2026","cultura":"Milho"}},{"type":"Feature","geometry":{"type":"Point","coordinates":[-52.199450202610706,-10.310272643829439]},"properties":{"Fazenda":"FE","Campo":"FE 16","produtividade":176.83730471135996,"unidade_produtividade":"sc/ha","pontos_originais":25,"ano":"2026","cultura":"Milho"}},{"type":"Feature","geometry":{"type":"Point","coordinates":[-52.19967848372816,-10.310271796619848]},"properties":{"Fazenda":"FE","Campo":"FE 16","produtividade":182.57519362628003,"unidade_produtividade":"sc/ha","pontos_originais":25,"ano":"2026","cultura":"Milho"}},{"type":"Feature","geometry":{"type":"Point","coordinates":[-52.19922192147345,-10.310273490877892]},"properties":{"Fazenda":"FE","Campo":"FE 16","produtividade":163.48256096944,"unidade_produtividade":"sc/ha","pontos_originais":25,"ano":"2026","cultura":"Milho"}},{"type":"Feature","geometry":{"type":"Point","coordinates":[-52.20013504590375,-10.31027010171726]},"properties":{"Fazenda":"FE","Campo":"FE 16","produtividade":178.10421574691998,"unidade_produtividade":"sc/ha","pontos_originais":25,"ano":"2026","cultura":"Milho"}},{"type":"Feature","geometry":{"type":"Point","coordinates":[-52.199906764825855,-10.310270949249123]},"properties":{"Fazenda":"FE","Campo":"FE 16","produtividade":182.48266968396,"unidade_produtividade":"sc/ha","pontos_originais":25,"ano":"2026","cultura":"Milho"}},{"type":"Feature","geometry":{"type":"Point","coordinates":[-52.204015821197984,-10.310255669022087]},"properties":{"Fazenda":"FE","Campo":"FE 16","produtividade":186.62701255828,"unidade_produtividade":"sc/ha","pontos_originais":25,"ano":"2026","cultura":"Milho"}},{"type":"Feature","geometry":{"type":"Point","coordinates":[-52.20378754045691,-10.310256519293228]},"properties":{"Fazenda":"FE","Campo":"FE 16","produtividade":183.95474102952002,"unidade_produtividade":"sc/ha","pontos_originais":25,"ano":"2026","cultura":"Milho"}},{"type":"Feature","geometry":{"type":"Point","coordinates":[-52.20355925969604,-10.31025736940323]},"properties":{"Fazenda":"FE","Campo":"FE 16","produtividade":182.50647958936003,"unidade_produtividade":"sc/ha","pontos_originais":25,"ano":"2026","cultura":"Milho"}},{"type":"Feature","geometry":{"type":"Point","coordinates":[-52.20333097891529,-10.310258219352109]},"properties":{"Fazenda":"FE","Campo":"FE 16","produtividade":181.88060599084002,"unidade_produtividade":"sc/ha","pontos_originais":25,"ano":"2026","cultura":"Milho"}},{"type":"Feature","geometry":{"type":"Point","coordinates":[-52.20470066330203,-10.310253117241862]},"properties":{"Fazenda":"FE","Campo":"FE 16","produtividade":197.45712739012006,"unidade_produtividade":"sc/ha","pontos_originais":25,"ano":"2026","cultura":"Milho"}},{"type":"Feature","geometry":{"type":"Point","coordinates":[-52.20447238262052,-10.310253967996402]},"properties":{"Fazenda":"FE","Campo":"FE 16","produtividade":192.49929720344,"unidade_produtividade":"sc/ha","pontos_originais":25,"ano":"2026","cultura":"Milho"}},{"type":"Feature","geometry":{"type":"Point","coordinates":[-52.20424410191917,-10.31025481858981]},"properties":{"Fazenda":"FE","Campo":"FE 16","produtividade":190.19571412552003,"unidade_produtividade":"sc/ha","pontos_originais":25,"ano":"2026","cultura":"Milho"}},{"type":"Feature","geometry":{"type":"Point","coordinates":[-52.20241785559401,-10.310261617536266]},"properties":{"Fazenda":"FE","Campo":"FE 16","produtividade":189.53991009404,"unidade_produtividade":"sc/ha","pontos_originais":25,"ano":"2026","cultura":"Milho"}},{"type":"Feature","geometry":{"type":"Point","coordinates":[-52.20264613645407,-10.310260768231924]},"properties":{"Fazenda":"FE","Campo":"FE 16","produtividade":186.98206041080002,"unidade_produtividade":"sc/ha","pontos_originais":25,"ano":"2026","cultura":"Milho"}},{"type":"Feature","geometry":{"type":"Point","coordinates":[-52.20218957471411,-10.310262466679468]},"properties":{"Fazenda":"FE","Campo":"FE 16","produtividade":191.18288545584,"unidade_produtividade":"sc/ha","pontos_originais":25,"ano":"2026","cultura":"Milho"}},{"type":"Feature","geometry":{"type":"Point","coordinates":[-52.20196129381442,-10.31026331566154]},"properties":{"Fazenda":"FE","Campo":"FE 16","produtividade":190.06614257828005,"unidade_produtividade":"sc/ha","pontos_originais":25,"ano":"2026","cultura":"Milho"}},{"type":"Feature","geometry":{"type":"Point","coordinates":[-52.20310269811472,-10.31025906913985]},"properties":{"Fazenda":"FE","Campo":"FE 16","produtividade":182.25180725788007,"unidade_produtividade":"sc/ha","pontos_originais":25,"ano":"2026","cultura":"Milho"}},{"type":"Feature","geometry":{"type":"Point","coordinates":[-52.202874417294304,-10.310259918766455]},"properties":{"Fazenda":"FE","Campo":"FE 16","produtividade":183.72939054176,"unidade_produtividade":"sc/ha","pontos_originais":25,"ano":"2026","cultura":"Milho"}},{"type":"Feature","geometry":{"type":"Point","coordinates":[-52.20698346902402,-10.310244600834118]},"properties":{"Fazenda":"FE","Campo":"FE 16","produtividade":196.78986265487998,"unidade_produtividade":"sc/ha","pontos_originais":25,"ano":"2026","cultura":"Milho"}},{"type":"Feature","geometry":{"type":"Point","coordinates":[-52.206755188541294,-10.310245453199984]},"properties":{"Fazenda":"FE","Campo":"FE 16","produtividade":201.19915884848007,"unidade_produtividade":"sc/ha","pontos_originais":25,"ano":"2026","cultura":"Milho"}},{"type":"Feature","geometry":{"type":"Point","coordinates":[-52.20652690803868,-10.310246305404725]},"properties":{"Fazenda":"FE","Campo":"FE 16","produtividade":201.70088731044004,"unidade_produtividade":"sc/ha","pontos_originais":25,"ano":"2026","cultura":"Milho"}},{"type":"Feature","geometry":{"type":"Point","coordinates":[-52.20629862751617,-10.310247157448334]},"properties":{"Fazenda":"FE","Campo":"FE 16","produtividade":200.68202692924,"unidade_produtividade":"sc/ha","pontos_originais":25,"ano":"2026","cultura":"Milho"}},{"type":"Feature","geometry":{"type":"Point","coordinates":[-52.20744002992978,-10.310242895618972]},"properties":{"Fazenda":"FE","Campo":"FE 16","produtividade":191.49528187592,"unidade_produtividade":"sc/ha","pontos_originais":25,"ano":"2026","cultura":"Milho"}},{"type":"Feature","geometry":{"type":"Point","coordinates":[-52.20721174948685,-10.310243748307112]},"properties":{"Fazenda":"FE","Campo":"FE 16","produtividade":193.59401353291997,"unidade_produtividade":"sc/ha","pontos_originais":25,"ano":"2026","cultura":"Milho"}},{"type":"Feature","geometry":{"type":"Point","coordinates":[-52.20538550522731,-10.310250564011435]},"properties":{"Fazenda":"FE","Campo":"FE 16","produtividade":197.09524156744,"unidade_produtividade":"sc/ha","pontos_originais":25,"ano":"2026","cultura":"Milho"}},{"type":"Feature","geometry":{"type":"Point","coordinates":[-52.20561378582936,-10.310249712612357]},"properties":{"Fazenda":"FE","Campo":"FE 16","produtividade":196.5686768684,"unidade_produtividade":"sc/ha","pontos_originais":25,"ano":"2026","cultura":"Milho"}},{"type":"Feature","geometry":{"type":"Point","coordinates":[-52.20515722460543,-10.310251415249377]},"properties":{"Fazenda":"FE","Campo":"FE 16","produtividade":199.14641490872003,"unidade_produtividade":"sc/ha","pontos_originais":25,"ano":"2026","cultura":"Milho"}},{"type":"Feature","geometry":{"type":"Point","coordinates":[-52.20492894396365,-10.310252266326183]},"properties":{"Fazenda":"FE","Campo":"FE 16","produtividade":200.54398814563996,"unidade_produtividade":"sc/ha","pontos_originais":25,"ano":"2026","cultura":"Milho"}},{"type":"Feature","geometry":{"type":"Point","coordinates":[-52.206070346973796,-10.31024800933081]},"properties":{"Fazenda":"FE","Campo":"FE 16","produtividade":200.32124943168003,"unidade_produtividade":"sc/ha","pontos_originais":25,"ano":"2026","cultura":"Milho"}},{"type":"Feature","geometry":{"type":"Point","coordinates":[-52.205842066411506,-10.310248861052148]},"properties":{"Fazenda":"FE","Campo":"FE 16","produtividade":198.68807228595998,"unidade_produtividade":"sc/ha","pontos_originais":25,"ano":"2026","cultura":"Milho"}},{"type":"Feature","geometry":{"type":"Point","coordinates":[-52.207216915747885,-10.311600105771925]},"properties":{"Fazenda":"FE","Campo":"FE 16","produtividade":190.43291973376,"unidade_produtividade":"sc/ha","pontos_originais":25,"ano":"2026","cultura":"Milho"}},{"type":"Feature","geometry":{"type":"Point","coordinates":[-52.207445197167154,-10.31159925296925]},"properties":{"Fazenda":"FE","Campo":"FE 16","produtividade":190.0633491466,"unidade_produtividade":"sc/ha","pontos_originais":25,"ano":"2026","cultura":"Milho"}},{"type":"Feature","geometry":{"type":"Point","coordinates":[-52.206988634308715,-10.31160095841345]},"properties":{"Fazenda":"FE","Campo":"FE 16","produtividade":187.74907935472,"unidade_produtividade":"sc/ha","pontos_originais":25,"ano":"2026","cultura":"Milho"}},{"type":"Feature","geometry":{"type":"Point","coordinates":[-52.20676035284965,-10.31160181089382]},"properties":{"Fazenda":"FE","Campo":"FE 16","produtividade":183.86322009316,"unidade_produtividade":"sc/ha","pontos_originais":25,"ano":"2026","cultura":"Milho"}},{"type":"Feature","geometry":{"type":"Point","coordinates":[-52.20813004130553,-10.311596693594293]},"properties":{"Fazenda":"FE","Campo":"FE 16","produtividade":120.19563059747999,"unidade_produtividade":"sc/ha","pontos_originais":25,"ano":"2026","cultura":"Milho"}},{"type":"Feature","geometry":{"type":"Point","coordinates":[-52.20790175994599,-10.31159754688043]},"properties":{"Fazenda":"FE","Campo":"FE 16","produtividade":158.73117895524,"unidade_produtividade":"sc/ha","pontos_originais":25,"ano":"2026","cultura":"Milho"}},{"type":"Feature","geometry":{"type":"Point","coordinates":[-52.20767347856652,-10.31159840000542]},"properties":{"Fazenda":"FE","Campo":"FE 16","produtividade":185.75391884240003,"unidade_produtividade":"sc/ha","pontos_originais":25,"ano":"2026","cultura":"Milho"}},{"type":"Feature","geometry":{"type":"Point","coordinates":[-52.20584722681445,-10.311605219203745]},"properties":{"Fazenda":"FE","Campo":"FE 16","produtividade":193.12908033399998,"unidade_produtividade":"sc/ha","pontos_originais":25,"ano":"2026","cultura":"Milho"}},{"type":"Feature","geometry":{"type":"Point","coordinates":[-52.20561894525595,-10.311606070878343]},"properties":{"Fazenda":"FE","Campo":"FE 16","produtividade":190.11980728476001,"unidade_produtividade":"sc/ha","pontos_originais":25,"ano":"2026","cultura":"Milho"}},{"type":"Feature","geometry":{"type":"Point","coordinates":[-52.205390663677555,-10.31160692239178]},"properties":{"Fazenda":"FE","Campo":"FE 16","produtividade":186.94402464356,"unidade_produtividade":"sc/ha","pontos_originais":25,"ano":"2026","cultura":"Milho"}},{"type":"Feature","geometry":{"type":"Point","coordinates":[-52.205162382079315,-10.31160777374407]},"properties":{"Fazenda":"FE","Campo":"FE 16","produtividade":186.53583019828002,"unidade_produtividade":"sc/ha","pontos_originais":25,"ano":"2026","cultura":"Milho"}},{"type":"Feature","geometry":{"type":"Point","coordinates":[-52.206532071370674,-10.311602663213032]},"properties":{"Fazenda":"FE","Campo":"FE 16","produtividade":183.42695349728,"unidade_produtividade":"sc/ha","pontos_originais":25,"ano":"2026","cultura":"Milho"}},{"type":"Feature","geometry":{"type":"Point","coordinates":[-52.206303789871825,-10.311603515371091]},"properties":{"Fazenda":"FE","Campo":"FE 16","produtividade":188.74788809880002,"unidade_produtividade":"sc/ha","pontos_originais":25,"ano":"2026","cultura":"Milho"}},{"type":"Feature","geometry":{"type":"Point","coordinates":[-52.20607550835308,-10.311604367367995]},"properties":{"Fazenda":"FE","Campo":"FE 16","produtividade":192.92714745544004,"unidade_produtividade":"sc/ha","pontos_originais":25,"ano":"2026","cultura":"Milho"}},{"type":"Feature","geometry":{"type":"Point","coordinates":[-52.201053309916986,-10.31162307052766]},"properties":{"Fazenda":"FE","Campo":"FE 16","produtividade":181.11117460199995,"unidade_produtividade":"sc/ha","pontos_originais":25,"ano":"2026","cultura":"Milho"}},{"type":"Feature","geometry":{"type":"Point","coordinates":[-52.2008250279419,-10.311623918817993]},"properties":{"Fazenda":"FE","Campo":"FE 16","produtividade":176.70512775187998,"unidade_produtividade":"sc/ha","pontos_originais":25,"ano":"2026","cultura":"Milho"}},{"type":"Feature","geometry":{"type":"Point","coordinates":[-52.20059674594699,-10.311624766947164]},"properties":{"Fazenda":"FE","Campo":"FE 16","produtividade":170.15882027424001,"unidade_produtividade":"sc/ha","pontos_originais":25,"ano":"2026","cultura":"Milho"}},{"type":"Feature","geometry":{"type":"Point","coordinates":[-52.20036846393228,-10.311625614915185]},"properties":{"Fazenda":"FE","Campo":"FE 16","produtividade":159.13553101827998,"unidade_produtividade":"sc/ha","pontos_originais":25,"ano":"2026","cultura":"Milho"}},{"type":"Feature","geometry":{"type":"Point","coordinates":[-52.20173815572347,-10.31162052468973]},"properties":{"Fazenda":"FE","Campo":"FE 16","produtividade":186.60700474524,"unidade_produtividade":"sc/ha","pontos_originais":25,"ano":"2026","cultura":"Milho"}},{"type":"Feature","geometry":{"type":"Point","coordinates":[-52.20150987380778,-10.311621373463531]},"properties":{"Fazenda":"FE","Campo":"FE 16","produtividade":183.7899285604,"unidade_produtividade":"sc/ha","pontos_originais":25,"ano":"2026","cultura":"Milho"}},{"type":"Feature","geometry":{"type":"Point","coordinates":[-52.20128159187229,-10.311622222076174]},"properties":{"Fazenda":"FE","Campo":"FE 16","produtividade":181.01214843852003,"unidade_produtividade":"sc/ha","pontos_originais":25,"ano":"2026","cultura":"Milho"}},{"type":"Feature","geometry":{"type":"Point","coordinates":[-52.20927144780441,-10.311592424746284]},"properties":{"Fazenda":"FE","Campo":"FE 16","produtividade":144.72562854064,"unidade_produtividade":"sc/ha","pontos_originais":25,"ano":"2026","cultura":"Milho"}},{"type":"Feature","geometry":{"type":"Point","coordinates":[-52.20949972904442,-10.311591570493222]},"properties":{"Fazenda":"FE","Campo":"FE 16","produtividade":156.07755952040003,"unidade_produtividade":"sc/ha","pontos_originais":25,"ano":"2026","cultura":"Milho"}},{"type":"Feature","geometry":{"type":"Point","coordinates":[-52.20904316654449,-10.311593278838194]},"properties":{"Fazenda":"FE","Campo":"FE 16","produtividade":105.55345625479998,"unidade_produtividade":"sc/ha","pontos_originais":25,"ano":"2026","cultura":"Milho"}},{"type":"Feature","geometry":{"type":"Point","coordinates":[-52.20887291484235,-10.311573364567183]},"properties":{"Fazenda":"FE","Campo":"FE 16","produtividade":80.00235846854547,"unidade_produtividade":"sc/ha","pontos_originais":11,"ano":"2026","cultura":"Milho"}},{"type":"Feature","geometry":{"type":"Point","coordinates":[-52.20826701011249,-10.311596181551701]},"properties":{"Fazenda":"FE","Campo":"FE 16","produtividade":90.47311674400001,"unidade_produtividade":"sc/ha","pontos_originais":5,"ano":"2026","cultura":"Milho"}},{"type":"Feature","geometry":{"type":"Point","coordinates":[-52.200143972332,-10.311622680924128]},"properties":{"Fazenda":"FE","Campo":"FE 16","produtividade":143.99399600983332,"unidade_produtividade":"sc/ha","pontos_originais":24,"ano":"2026","cultura":"Milho"}},{"type":"Feature","geometry":{"type":"Point","coordinates":[-52.19995731170843,-10.311562552233058]},"properties":{"Fazenda":"FE","Campo":"FE 16","produtividade":137.42408524285716,"unidade_produtividade":"sc/ha","pontos_originais":7,"ano":"2026","cultura":"Milho"}},{"type":"Feature","geometry":{"type":"Point","coordinates":[-52.20972004753653,-10.311584848600694]},"properties":{"Fazenda":"FE","Campo":"FE 16","produtividade":157.2726767556957,"unidade_produtividade":"sc/ha","pontos_originais":23,"ano":"2026","cultura":"Milho"}},{"type":"Feature","geometry":{"type":"Point","coordinates":[-52.2021947194954,-10.311618826658664]},"properties":{"Fazenda":"FE","Campo":"FE 16","produtividade":186.07730450396005,"unidade_produtividade":"sc/ha","pontos_originais":25,"ano":"2026","cultura":"Milho"}},{"type":"Feature","geometry":{"type":"Point","coordinates":[-52.201966437619355,-10.311619675754773]},"properties":{"Fazenda":"FE","Campo":"FE 16","produtividade":186.65082811839994,"unidade_produtividade":"sc/ha","pontos_originais":25,"ano":"2026","cultura":"Milho"}},{"type":"Feature","geometry":{"type":"Point","coordinates":[-52.20447753716536,-10.311610326833998]},"properties":{"Fazenda":"FE","Campo":"FE 16","produtividade":195.50440343087996,"unidade_produtividade":"sc/ha","pontos_originais":25,"ano":"2026","cultura":"Milho"}},{"type":"Feature","geometry":{"type":"Point","coordinates":[-52.204249255487646,-10.31161117754166]},"properties":{"Fazenda":"FE","Campo":"FE 16","produtividade":193.99791463204002,"unidade_produtividade":"sc/ha","pontos_originais":25,"ano":"2026","cultura":"Milho"}},{"type":"Feature","geometry":{"type":"Point","coordinates":[-52.2040209737901,-10.311612028088172]},"properties":{"Fazenda":"FE","Campo":"FE 16","produtividade":193.86763129692005,"unidade_produtividade":"sc/ha","pontos_originais":25,"ano":"2026","cultura":"Milho"}},{"type":"Feature","geometry":{"type":"Point","coordinates":[-52.2037926920727,-10.311612878473527]},"properties":{"Fazenda":"FE","Campo":"FE 16","produtividade":194.16607964328003,"unidade_produtividade":"sc/ha","pontos_originais":25,"ano":"2026","cultura":"Milho"}},{"type":"Feature","geometry":{"type":"Point","coordinates":[-52.20493410046119,-10.3116086249352]},"properties":{"Fazenda":"FE","Campo":"FE 16","produtividade":191.58244160948001,"unidade_produtividade":"sc/ha","pontos_originais":25,"ano":"2026","cultura":"Milho"}},{"type":"Feature","geometry":{"type":"Point","coordinates":[-52.20470581882321,-10.311609475965174]},"properties":{"Fazenda":"FE","Campo":"FE 16","produtividade":195.5876713034,"unidade_produtividade":"sc/ha","pontos_originais":25,"ano":"2026","cultura":"Milho"}},{"type":"Feature","geometry":{"type":"Point","coordinates":[-52.20287956500467,-10.311616278403397]},"properties":{"Fazenda":"FE","Campo":"FE 16","produtividade":198.99714797172004,"unidade_produtividade":"sc/ha","pontos_originais":25,"ano":"2026","cultura":"Milho"}},{"type":"Feature","geometry":{"type":"Point","coordinates":[-52.20310784680143,-10.311615428662662]},"properties":{"Fazenda":"FE","Campo":"FE 16","produtividade":200.98458979123998,"unidade_produtividade":"sc/ha","pontos_originais":25,"ano":"2026","cultura":"Milho"}},{"type":"Feature","geometry":{"type":"Point","coordinates":[-52.20265128318808,-10.311617127982975]},"properties":{"Fazenda":"FE","Campo":"FE 16","produtividade":192.23996467584,"unidade_produtividade":"sc/ha","pontos_originais":25,"ano":"2026","cultura":"Milho"}},{"type":"Feature","geometry":{"type":"Point","coordinates":[-52.20242300135166,-10.311617977401397]},"properties":{"Fazenda":"FE","Campo":"FE 16","produtividade":187.24494763676003,"unidade_produtividade":"sc/ha","pontos_originais":25,"ano":"2026","cultura":"Milho"}},{"type":"Feature","geometry":{"type":"Point","coordinates":[-52.203564410335446,-10.311613728697727]},"properties":{"Fazenda":"FE","Campo":"FE 16","produtividade":196.40318795339996,"unidade_produtividade":"sc/ha","pontos_originais":25,"ano":"2026","cultura":"Milho"}},{"type":"Feature","geometry":{"type":"Point","coordinates":[-52.20333612857836,-10.311614578760773]},"properties":{"Fazenda":"FE","Campo":"FE 16","produtividade":199.05130958672,"unidade_produtividade":"sc/ha","pontos_originais":25,"ano":"2026","cultura":"Milho"}},{"type":"Feature","geometry":{"type":"Point","coordinates":[-52.20890671516703,-10.311729426877847]},"properties":{"Fazenda":"FE","Campo":"FE 16","produtividade":73.948469856,"unidade_produtividade":"sc/ha","pontos_originais":1,"ano":"2026","cultura":"Milho"}},{"type":"Feature","geometry":{"type":"Point","coordinates":[-52.206759492081844,-10.311375751286246]},"properties":{"Fazenda":"FE","Campo":"FE 16","produtividade":187.10122373904002,"unidade_produtividade":"sc/ha","pontos_originais":25,"ano":"2026","cultura":"Milho"}},{"type":"Feature","geometry":{"type":"Point","coordinates":[-52.20698777337818,-10.311374898824958]},"properties":{"Fazenda":"FE","Campo":"FE 16","produtividade":184.02875778012003,"unidade_produtividade":"sc/ha","pontos_originais":25,"ano":"2026","cultura":"Milho"}},{"type":"Feature","geometry":{"type":"Point","coordinates":[-52.206531210765625,-10.31137660358638]},"properties":{"Fazenda":"FE","Campo":"FE 16","produtividade":192.33214438708,"unidade_produtividade":"sc/ha","pontos_originais":25,"ano":"2026","cultura":"Milho"}},{"type":"Feature","geometry":{"type":"Point","coordinates":[-52.206302929429505,-10.311377455725365]},"properties":{"Fazenda":"FE","Campo":"FE 16","produtividade":194.89002375760003,"unidade_produtividade":"sc/ha","pontos_originais":25,"ano":"2026","cultura":"Milho"}},{"type":"Feature","geometry":{"type":"Point","coordinates":[-52.20744433591117,-10.311373193418937]},"properties":{"Fazenda":"FE","Campo":"FE 16","produtividade":190.57335329127997,"unidade_produtividade":"sc/ha","pontos_originais":25,"ano":"2026","cultura":"Milho"}},{"type":"Feature","geometry":{"type":"Point","coordinates":[-52.20767261714781,-10.311372340474197]},"properties":{"Fazenda":"FE","Campo":"FE 16","produtividade":193.17458174532004,"unidade_produtividade":"sc/ha","pontos_originais":25,"ano":"2026","cultura":"Milho"}},{"type":"Feature","geometry":{"type":"Point","coordinates":[-52.207216054654616,-10.311374046202523]},"properties":{"Fazenda":"FE","Campo":"FE 16","produtividade":186.33697419423999,"unidade_produtividade":"sc/ha","pontos_originais":25,"ano":"2026","cultura":"Milho"}},{"type":"Feature","geometry":{"type":"Point","coordinates":[-52.20538980388619,-10.31138086266979]},"properties":{"Fazenda":"FE","Campo":"FE 16","produtividade":188.56141734524005,"unidade_produtividade":"sc/ha","pontos_originais":25,"ano":"2026","cultura":"Milho"}},{"type":"Feature","geometry":{"type":"Point","coordinates":[-52.20516152245065,-10.31138171400302]},"properties":{"Fazenda":"FE","Campo":"FE 16","produtividade":193.56823649179998,"unidade_produtividade":"sc/ha","pontos_originais":25,"ano":"2026","cultura":"Milho"}},{"type":"Feature","geometry":{"type":"Point","coordinates":[-52.20493324099527,-10.311382565175094]},"properties":{"Fazenda":"FE","Campo":"FE 16","produtividade":197.61500010412,"unidade_produtividade":"sc/ha","pontos_originais":25,"ano":"2026","cultura":"Milho"}},{"type":"Feature","geometry":{"type":"Point","coordinates":[-52.20470495952003,-10.311383416186022]},"properties":{"Fazenda":"FE","Campo":"FE 16","produtividade":198.83480237420005,"unidade_produtividade":"sc/ha","pontos_originais":25,"ano":"2026","cultura":"Milho"}},{"type":"Feature","geometry":{"type":"Point","coordinates":[-52.206074648073496,-10.311378307703196]},"properties":{"Fazenda":"FE","Campo":"FE 16","produtividade":192.05479521472003,"unidade_produtividade":"sc/ha","pontos_originais":25,"ano":"2026","cultura":"Milho"}},{"type":"Feature","geometry":{"type":"Point","coordinates":[-52.205846366697614,-10.311379159519877]},"properties":{"Fazenda":"FE","Campo":"FE 16","produtividade":188.18437899347998,"unidade_produtividade":"sc/ha","pontos_originais":25,"ano":"2026","cultura":"Milho"}},{"type":"Feature","geometry":{"type":"Point","coordinates":[-52.20561808530185,-10.31138001117541]},"properties":{"Fazenda":"FE","Campo":"FE 16","produtividade":186.21975538284005,"unidade_produtividade":"sc/ha","pontos_originais":25,"ano":"2026","cultura":"Milho"}},{"type":"Feature","geometry":{"type":"Point","coordinates":[-52.20013932584935,-10.311400402562647]},"properties":{"Fazenda":"FE","Campo":"FE 16","produtividade":159.2691965828,"unidade_produtividade":"sc/ha","pontos_originais":25,"ano":"2026","cultura":"Milho"}},{"type":"Feature","geometry":{"type":"Point","coordinates":[-52.19991104395781,-10.311401250189379]},"properties":{"Fazenda":"FE","Campo":"FE 16","produtividade":146.82352471276,"unidade_produtividade":"sc/ha","pontos_originais":25,"ano":"2026","cultura":"Milho"}},{"type":"Feature","geometry":{"type":"Point","coordinates":[-52.19972824728486,-10.311356716138544]},"properties":{"Fazenda":"FE","Campo":"FE 16","produtividade":139.45185395050004,"unidade_produtividade":"sc/ha","pontos_originais":10,"ano":"2026","cultura":"Milho"}},{"type":"Feature","geometry":{"type":"Point","coordinates":[-52.20972714738111,-10.311364656719789]},"properties":{"Fazenda":"FE","Campo":"FE 16","produtividade":161.73694961228003,"unidade_produtividade":"sc/ha","pontos_originais":25,"ano":"2026","cultura":"Milho"}},{"type":"Feature","geometry":{"type":"Point","coordinates":[-52.200824171405195,-10.311397858715535]},"properties":{"Fazenda":"FE","Campo":"FE 16","produtividade":182.36680376432,"unidade_produtividade":"sc/ha","pontos_originais":25,"ano":"2026","cultura":"Milho"}},{"type":"Feature","geometry":{"type":"Point","coordinates":[-52.20059588957303,-10.311398706825724]},"properties":{"Fazenda":"FE","Campo":"FE 16","produtividade":180.050101736,"unidade_produtividade":"sc/ha","pontos_originais":25,"ano":"2026","cultura":"Milho"}},{"type":"Feature","geometry":{"type":"Point","coordinates":[-52.200367607721084,-10.311399554774765]},"properties":{"Fazenda":"FE","Campo":"FE 16","produtividade":172.0068421448,"unidade_produtividade":"sc/ha","pontos_originais":25,"ano":"2026","cultura":"Milho"}},{"type":"Feature","geometry":{"type":"Point","coordinates":[-52.20828320471874,-10.311353103599666]},"properties":{"Fazenda":"FE","Campo":"FE 16","produtividade":89.28433997875,"unidade_produtividade":"sc/ha","pontos_originais":8,"ano":"2026","cultura":"Milho"}},{"type":"Feature","geometry":{"type":"Point","coordinates":[-52.208129179561325,-10.31137063410127]},"properties":{"Fazenda":"FE","Campo":"FE 16","produtividade":121.47500180856001,"unidade_produtividade":"sc/ha","pontos_originais":25,"ano":"2026","cultura":"Milho"}},{"type":"Feature","geometry":{"type":"Point","coordinates":[-52.20884443177635,-10.311360424175842]},"properties":{"Fazenda":"FE","Campo":"FE 16","produtividade":83.17006255327777,"unidade_produtividade":"sc/ha","pontos_originais":18,"ano":"2026","cultura":"Milho"}},{"type":"Feature","geometry":{"type":"Point","coordinates":[-52.20790089836452,-10.31137148736831]},"properties":{"Fazenda":"FE","Campo":"FE 16","produtividade":171.7817277416,"unidade_produtividade":"sc/ha","pontos_originais":25,"ano":"2026","cultura":"Milho"}},{"type":"Feature","geometry":{"type":"Point","coordinates":[-52.2094988663238,-10.311365511114879]},"properties":{"Fazenda":"FE","Campo":"FE 16","produtividade":166.14800725115998,"unidade_produtividade":"sc/ha","pontos_originais":25,"ano":"2026","cultura":"Milho"}},{"type":"Feature","geometry":{"type":"Point","coordinates":[-52.20927058524656,-10.31136636534882]},"properties":{"Fazenda":"FE","Campo":"FE 16","produtividade":159.69386181376,"unidade_produtividade":"sc/ha","pontos_originais":25,"ano":"2026","cultura":"Milho"}},{"type":"Feature","geometry":{"type":"Point","coordinates":[-52.20904230414935,-10.31136721942161]},"properties":{"Fazenda":"FE","Campo":"FE 16","produtividade":119.68508501335998,"unidade_produtividade":"sc/ha","pontos_originais":25,"ano":"2026","cultura":"Milho"}},{"type":"Feature","geometry":{"type":"Point","coordinates":[-52.201052453217564,-10.31139701044419]},"properties":{"Fazenda":"FE","Campo":"FE 16","produtividade":184.36675735868008,"unidade_produtividade":"sc/ha","pontos_originais":25,"ano":"2026","cultura":"Milho"}},{"type":"Feature","geometry":{"type":"Point","coordinates":[-52.201737298535846,-10.311394464663252]},"properties":{"Fazenda":"FE","Campo":"FE 16","produtividade":183.81014135703998,"unidade_produtividade":"sc/ha","pontos_originais":25,"ano":"2026","cultura":"Milho"}},{"type":"Feature","geometry":{"type":"Point","coordinates":[-52.201509016782886,-10.311395313418052]},"properties":{"Fazenda":"FE","Campo":"FE 16","produtividade":180.96580518076004,"unidade_produtividade":"sc/ha","pontos_originais":25,"ano":"2026","cultura":"Milho"}},{"type":"Feature","geometry":{"type":"Point","coordinates":[-52.20128073501013,-10.311396162011697]},"properties":{"Fazenda":"FE","Campo":"FE 16","produtividade":182.14001061611998,"unidade_produtividade":"sc/ha","pontos_originais":25,"ano":"2026","cultura":"Milho"}},{"type":"Feature","geometry":{"type":"Point","coordinates":[-52.20379183342047,-10.311386818618212]},"properties":{"Fazenda":"FE","Campo":"FE 16","produtividade":197.95772773544002,"unidade_produtividade":"sc/ha","pontos_originais":25,"ano":"2026","cultura":"Milho"}},{"type":"Feature","geometry":{"type":"Point","coordinates":[-52.20402011497512,-10.31138596825189]},"properties":{"Fazenda":"FE","Campo":"FE 16","produtividade":194.80437666164,"unidade_produtividade":"sc/ha","pontos_originais":25,"ano":"2026","cultura":"Milho"}},{"type":"Feature","geometry":{"type":"Point","coordinates":[-52.20356355184594,-10.311387668823379]},"properties":{"Fazenda":"FE","Campo":"FE 16","produtividade":200.41424554312005,"unidade_produtividade":"sc/ha","pontos_originais":25,"ano":"2026","cultura":"Milho"}},{"type":"Feature","geometry":{"type":"Point","coordinates":[-52.203335270251586,-10.311388518867393]},"properties":{"Fazenda":"FE","Campo":"FE 16","produtividade":200.40286400544,"unidade_produtividade":"sc/ha","pontos_originais":25,"ano":"2026","cultura":"Milho"}},{"type":"Feature","geometry":{"type":"Point","coordinates":[-52.20447667802491,-10.311384267035796]},"properties":{"Fazenda":"FE","Campo":"FE 16","produtividade":196.54832482428006,"unidade_produtividade":"sc/ha","pontos_originais":25,"ano":"2026","cultura":"Milho"}},{"type":"Feature","geometry":{"type":"Point","coordinates":[-52.20424839650995,-10.31138511772442]},"properties":{"Fazenda":"FE","Campo":"FE 16","produtividade":194.04266325876003,"unidade_produtividade":"sc/ha","pontos_originais":25,"ano":"2026","cultura":"Milho"}},{"type":"Feature","geometry":{"type":"Point","coordinates":[-52.20242214367582,-10.311391917431939]},"properties":{"Fazenda":"FE","Campo":"FE 16","produtividade":187.55244424196,"unidade_produtividade":"sc/ha","pontos_originais":25,"ano":"2026","cultura":"Milho"}},{"type":"Feature","geometry":{"type":"Point","coordinates":[-52.2021938619823,-10.311392766670194]},"properties":{"Fazenda":"FE","Campo":"FE 16","produtividade":186.95650107640003,"unidade_produtividade":"sc/ha","pontos_originais":25,"ano":"2026","cultura":"Milho"}},{"type":"Feature","geometry":{"type":"Point","coordinates":[-52.20196558026899,-10.311393615747301]},"properties":{"Fazenda":"FE","Campo":"FE 16","produtividade":186.3666607674,"unidade_produtividade":"sc/ha","pontos_originais":25,"ano":"2026","cultura":"Milho"}},{"type":"Feature","geometry":{"type":"Point","coordinates":[-52.2031069886374,-10.311389368750255]},"properties":{"Fazenda":"FE","Campo":"FE 16","produtividade":198.78312176760002,"unidade_produtividade":"sc/ha","pontos_originais":25,"ano":"2026","cultura":"Milho"}},{"type":"Feature","geometry":{"type":"Point","coordinates":[-52.20287870700336,-10.31139021847197]},"properties":{"Fazenda":"FE","Campo":"FE 16","produtividade":193.54947201032002,"unidade_produtividade":"sc/ha","pontos_originais":25,"ano":"2026","cultura":"Milho"}},{"type":"Feature","geometry":{"type":"Point","coordinates":[-52.202650425349496,-10.311391068032531]},"properties":{"Fazenda":"FE","Campo":"FE 16","produtividade":188.62572776896002,"unidade_produtividade":"sc/ha","pontos_originais":25,"ano":"2026","cultura":"Milho"}},{"type":"Feature","geometry":{"type":"Point","coordinates":[-52.20447581890433,-10.311158207234369]},"properties":{"Fazenda":"FE","Campo":"FE 16","produtividade":192.60643647644,"unidade_produtividade":"sc/ha","pontos_originais":25,"ano":"2026","cultura":"Milho"}},{"type":"Feature","geometry":{"type":"Point","coordinates":[-52.204247537552085,-10.311159057903948]},"properties":{"Fazenda":"FE","Campo":"FE 16","produtividade":193.76465531152004,"unidade_produtividade":"sc/ha","pontos_originais":25,"ano":"2026","cultura":"Milho"}},{"type":"Feature","geometry":{"type":"Point","coordinates":[-52.20401925618001,-10.31115990841238]},"properties":{"Fazenda":"FE","Campo":"FE 16","produtividade":196.84418825676002,"unidade_produtividade":"sc/ha","pontos_originais":25,"ano":"2026","cultura":"Milho"}},{"type":"Feature","geometry":{"type":"Point","coordinates":[-52.20379097478806,-10.311160758759662]},"properties":{"Fazenda":"FE","Campo":"FE 16","produtividade":201.56169991184004,"unidade_produtividade":"sc/ha","pontos_originais":25,"ano":"2026","cultura":"Milho"}},{"type":"Feature","geometry":{"type":"Point","coordinates":[-52.205160662841884,-10.31115565425874]},"properties":{"Fazenda":"FE","Campo":"FE 16","produtividade":195.94895843260008,"unidade_produtividade":"sc/ha","pontos_originais":25,"ano":"2026","cultura":"Milho"}},{"type":"Feature","geometry":{"type":"Point","coordinates":[-52.20493238154921,-10.311156505411766]},"properties":{"Fazenda":"FE","Campo":"FE 16","produtividade":196.57657085752007,"unidade_produtividade":"sc/ha","pontos_originais":25,"ano":"2026","cultura":"Milho"}},{"type":"Feature","geometry":{"type":"Point","coordinates":[-52.2047041002367,-10.311157356403639]},"properties":{"Fazenda":"FE","Campo":"FE 16","produtividade":193.96324413004,"unidade_produtividade":"sc/ha","pontos_originais":25,"ano":"2026","cultura":"Milho"}},{"type":"Feature","geometry":{"type":"Point","coordinates":[-52.202877849021895,-10.31116415853732]},"properties":{"Fazenda":"FE","Campo":"FE 16","produtividade":188.35244928816002,"unidade_produtividade":"sc/ha","pontos_originais":25,"ano":"2026","cultura":"Milho"}},{"type":"Feature","geometry":{"type":"Point","coordinates":[-52.2031061304932,-10.311163308834628]},"properties":{"Fazenda":"FE","Campo":"FE 16","produtividade":189.43288320860003,"unidade_produtividade":"sc/ha","pontos_originais":25,"ano":"2026","cultura":"Milho"}},{"type":"Feature","geometry":{"type":"Point","coordinates":[-52.20264956753077,-10.311165008078861]},"properties":{"Fazenda":"FE","Campo":"FE 16","produtividade":189.36311032536003,"unidade_produtividade":"sc/ha","pontos_originais":25,"ano":"2026","cultura":"Milho"}},{"type":"Feature","geometry":{"type":"Point","coordinates":[-52.20242128601981,-10.311165857459255]},"properties":{"Fazenda":"FE","Campo":"FE 16","produtividade":188.49691395419998,"unidade_produtividade":"sc/ha","pontos_originais":25,"ano":"2026","cultura":"Milho"}},{"type":"Feature","geometry":{"type":"Point","coordinates":[-52.20356269337627,-10.311161608945802]},"properties":{"Fazenda":"FE","Campo":"FE 16","produtividade":201.17780097103997,"unidade_produtividade":"sc/ha","pontos_originais":25,"ano":"2026","cultura":"Milho"}},{"type":"Feature","geometry":{"type":"Point","coordinates":[-52.20333441194465,-10.31116245897079]},"properties":{"Fazenda":"FE","Campo":"FE 16","produtividade":195.16247735612004,"unidade_produtividade":"sc/ha","pontos_originais":25,"ano":"2026","cultura":"Milho"}},{"type":"Feature","geometry":{"type":"Point","coordinates":[-52.20721519358127,-10.311147986629893]},"properties":{"Fazenda":"FE","Campo":"FE 16","produtividade":186.95385466744,"unidade_produtividade":"sc/ha","pontos_originais":25,"ano":"2026","cultura":"Milho"}},{"type":"Feature","geometry":{"type":"Point","coordinates":[-52.207443474675074,-10.311147133865393]},"properties":{"Fazenda":"FE","Campo":"FE 16","produtividade":185.36763148923993,"unidade_produtividade":"sc/ha","pontos_originais":25,"ano":"2026","cultura":"Milho"}},{"type":"Feature","geometry":{"type":"Point","coordinates":[-52.20698691246755,-10.311148839233242]},"properties":{"Fazenda":"FE","Campo":"FE 16","produtividade":191.14733847223997,"unidade_produtividade":"sc/ha","pontos_originais":25,"ano":"2026","cultura":"Milho"}},{"type":"Feature","geometry":{"type":"Point","coordinates":[-52.20675863133396,-10.311149691675446]},"properties":{"Fazenda":"FE","Campo":"FE 16","produtividade":195.21136170368,"unidade_produtividade":"sc/ha","pontos_originais":25,"ano":"2026","cultura":"Milho"}},{"type":"Feature","geometry":{"type":"Point","coordinates":[-52.20812831783705,-10.311144574605018]},"properties":{"Fazenda":"FE","Campo":"FE 16","produtividade":126.98328647260001,"unidade_produtividade":"sc/ha","pontos_originais":25,"ano":"2026","cultura":"Milho"}},{"type":"Feature","geometry":{"type":"Point","coordinates":[-52.20790003680297,-10.31114542785296]},"properties":{"Fazenda":"FE","Campo":"FE 16","produtividade":171.47836402988,"unidade_produtividade":"sc/ha","pontos_originais":25,"ano":"2026","cultura":"Milho"}},{"type":"Feature","geometry":{"type":"Point","coordinates":[-52.20767175574896,-10.311146280939749]},"properties":{"Fazenda":"FE","Campo":"FE 16","produtividade":186.34915870216005,"unidade_produtividade":"sc/ha","pontos_originais":25,"ano":"2026","cultura":"Milho"}},{"type":"Feature","geometry":{"type":"Point","coordinates":[-52.205845506600625,-10.311153099832781]},"properties":{"Fazenda":"FE","Campo":"FE 16","produtividade":187.54379817507998,"unidade_produtividade":"sc/ha","pontos_originais":25,"ano":"2026","cultura":"Milho"}},{"type":"Feature","geometry":{"type":"Point","coordinates":[-52.205617225367575,-10.311153951469253]},"properties":{"Fazenda":"FE","Campo":"FE 16","produtividade":189.91063848512,"unidade_produtividade":"sc/ha","pontos_originais":25,"ano":"2026","cultura":"Milho"}},{"type":"Feature","geometry":{"type":"Point","coordinates":[-52.20538894411466,-10.31115480294457]},"properties":{"Fazenda":"FE","Campo":"FE 16","produtividade":192.47430687524,"unidade_produtividade":"sc/ha","pontos_originais":25,"ano":"2026","cultura":"Milho"}},{"type":"Feature","geometry":{"type":"Point","coordinates":[-52.206530350180444,-10.3111505439565]},"properties":{"Fazenda":"FE","Campo":"FE 16","produtividade":193.31876579587995,"unidade_produtividade":"sc/ha","pontos_originais":25,"ano":"2026","cultura":"Milho"}},{"type":"Feature","geometry":{"type":"Point","coordinates":[-52.20630206900706,-10.311151396076411]},"properties":{"Fazenda":"FE","Campo":"FE 16","produtividade":189.15415852560008,"unidade_produtividade":"sc/ha","pontos_originais":25,"ano":"2026","cultura":"Milho"}},{"type":"Feature","geometry":{"type":"Point","coordinates":[-52.206073787813786,-10.311152248035173]},"properties":{"Fazenda":"FE","Campo":"FE 16","produtividade":186.4731956922,"unidade_produtividade":"sc/ha","pontos_originais":25,"ano":"2026","cultura":"Milho"}},{"type":"Feature","geometry":{"type":"Point","coordinates":[-52.20904144177417,-10.311141160001803]},"properties":{"Fazenda":"FE","Campo":"FE 16","produtividade":114.82250575771997,"unidade_produtividade":"sc/ha","pontos_originais":25,"ano":"2026","cultura":"Milho"}},{"type":"Feature","geometry":{"type":"Point","coordinates":[-52.208835988916405,-10.311141928514743]},"properties":{"Fazenda":"FE","Campo":"FE 16","produtividade":80.94883915665,"unidade_produtividade":"sc/ha","pontos_originais":20,"ano":"2026","cultura":"Milho"}},{"type":"Feature","geometry":{"type":"Point","coordinates":[-52.20830765686814,-10.311137445245025]},"properties":{"Fazenda":"FE","Campo":"FE 16","produtividade":91.7963767614286,"unidade_produtividade":"sc/ha","pontos_originais":14,"ano":"2026","cultura":"Milho"}},{"type":"Feature","geometry":{"type":"Point","coordinates":[-52.20972628451775,-10.311138597357347]},"properties":{"Fazenda":"FE","Campo":"FE 16","produtividade":165.61888873919997,"unidade_produtividade":"sc/ha","pontos_originais":25,"ano":"2026","cultura":"Milho"}},{"type":"Feature","geometry":{"type":"Point","coordinates":[-52.20949800362316,-10.311139451733311]},"properties":{"Fazenda":"FE","Campo":"FE 16","produtividade":169.90124777824,"unidade_produtividade":"sc/ha","pontos_originais":25,"ano":"2026","cultura":"Milho"}},{"type":"Feature","geometry":{"type":"Point","coordinates":[-52.209269722708626,-10.311140305948127]},"properties":{"Fazenda":"FE","Campo":"FE 16","produtividade":156.5774509052,"unidade_produtividade":"sc/ha","pontos_originais":25,"ano":"2026","cultura":"Milho"}},{"type":"Feature","geometry":{"type":"Point","coordinates":[-52.201508159777816,-10.311169253369346]},"properties":{"Fazenda":"FE","Campo":"FE 16","produtividade":181.95346776487997,"unidade_produtividade":"sc/ha","pontos_originais":25,"ano":"2026","cultura":"Milho"}},{"type":"Feature","geometry":{"type":"Point","coordinates":[-52.20127987816777,-10.311170101943999]},"properties":{"Fazenda":"FE","Campo":"FE 16","produtividade":184.26752833212,"unidade_produtividade":"sc/ha","pontos_originais":25,"ano":"2026","cultura":"Milho"}},{"type":"Feature","geometry":{"type":"Point","coordinates":[-52.201051596537944,-10.311170950357502]},"properties":{"Fazenda":"FE","Campo":"FE 16","produtividade":187.89537827056,"unidade_produtividade":"sc/ha","pontos_originais":25,"ano":"2026","cultura":"Milho"}},{"type":"Feature","geometry":{"type":"Point","coordinates":[-52.20082331488831,-10.311171798609854]},"properties":{"Fazenda":"FE","Campo":"FE 16","produtividade":189.63996753707997,"unidade_produtividade":"sc/ha","pontos_originais":25,"ano":"2026","cultura":"Milho"}},{"type":"Feature","geometry":{"type":"Point","coordinates":[-52.20219300448903,-10.3111667066785]},"properties":{"Fazenda":"FE","Campo":"FE 16","produtividade":185.58892895643996,"unidade_produtividade":"sc/ha","pontos_originais":25,"ano":"2026","cultura":"Milho"}},{"type":"Feature","geometry":{"type":"Point","coordinates":[-52.201964722938435,-10.3111675557366]},"properties":{"Fazenda":"FE","Campo":"FE 16","produtividade":184.41637752668,"unidade_produtividade":"sc/ha","pontos_originais":25,"ano":"2026","cultura":"Milho"}},{"type":"Feature","geometry":{"type":"Point","coordinates":[-52.20173644136802,-10.311168404633547]},"properties":{"Fazenda":"FE","Campo":"FE 16","produtividade":182.98637376372,"unidade_produtividade":"sc/ha","pontos_originais":25,"ano":"2026","cultura":"Milho"}},{"type":"Feature","geometry":{"type":"Point","coordinates":[-52.19991018809187,-10.311175190007777]},"properties":{"Fazenda":"FE","Campo":"FE 16","produtividade":158.41594810676,"unidade_produtividade":"sc/ha","pontos_originais":25,"ano":"2026","cultura":"Milho"}},{"type":"Feature","geometry":{"type":"Point","coordinates":[-52.20013846982063,-10.31117434240002]},"properties":{"Fazenda":"FE","Campo":"FE 16","produtividade":169.36317784452004,"unidade_produtividade":"sc/ha","pontos_originais":25,"ano":"2026","cultura":"Milho"}},{"type":"Feature","geometry":{"type":"Point","coordinates":[-52.199681906343265,-10.311176037454388]},"properties":{"Fazenda":"FE","Campo":"FE 16","produtividade":148.53213299592,"unidade_produtividade":"sc/ha","pontos_originais":25,"ano":"2026","cultura":"Milho"}},{"type":"Feature","geometry":{"type":"Point","coordinates":[-52.20987080487595,-10.311122985551943]},"properties":{"Fazenda":"FE","Campo":"FE 16","produtividade":162.5732117806667,"unidade_produtividade":"sc/ha","pontos_originais":6,"ano":"2026","cultura":"Milho"}},{"type":"Feature","geometry":{"type":"Point","coordinates":[-52.199479567259075,-10.311138034736075]},"properties":{"Fazenda":"FE","Campo":"FE 16","produtividade":148.51003127035716,"unidade_produtividade":"sc/ha","pontos_originais":14,"ano":"2026","cultura":"Milho"}},{"type":"Feature","geometry":{"type":"Point","coordinates":[-52.20059503321888,-10.311172646701054]},"properties":{"Fazenda":"FE","Campo":"FE 16","produtividade":187.99433799108002,"unidade_produtividade":"sc/ha","pontos_originais":25,"ano":"2026","cultura":"Milho"}},{"type":"Feature","geometry":{"type":"Point","coordinates":[-52.20036675152966,-10.311173494631111]},"properties":{"Fazenda":"FE","Campo":"FE 16","produtividade":179.9391914716,"unidade_produtividade":"sc/ha","pontos_originais":25,"ano":"2026","cultura":"Milho"}},{"type":"Feature","geometry":{"type":"Point","coordinates":[-52.209863857115636,-10.31129632620699]},"properties":{"Fazenda":"FE","Campo":"FE 16","produtividade":161.7172079245,"unidade_produtividade":"sc/ha","pontos_originais":2,"ano":"2026","cultura":"Milho"}},{"type":"Feature","geometry":{"type":"Point","coordinates":[-52.19807709774796,-10.30937348228623]},"properties":{"Fazenda":"FE","Campo":"FE 16","produtividade":138.57124687884,"unidade_produtividade":"sc/ha","pontos_originais":25,"ano":"2026","cultura":"Milho"}},{"type":"Feature","geometry":{"type":"Point","coordinates":[-52.19830537833316,-10.30937263611923]},"properties":{"Fazenda":"FE","Campo":"FE 16","produtividade":157.22766807332002,"unidade_produtividade":"sc/ha","pontos_originais":25,"ano":"2026","cultura":"Milho"}},{"type":"Feature","geometry":{"type":"Point","coordinates":[-52.197848817143,-10.309374328292108]},"properties":{"Fazenda":"FE","Campo":"FE 16","produtividade":124.38098432860001,"unidade_produtividade":"sc/ha","pontos_originais":25,"ano":"2026","cultura":"Milho"}},{"type":"Feature","geometry":{"type":"Point","coordinates":[-52.197620536518286,-10.309375174136864]},"properties":{"Fazenda":"FE","Campo":"FE 16","produtividade":107.62631474044,"unidade_produtividade":"sc/ha","pontos_originais":25,"ano":"2026","cultura":"Milho"}},{"type":"Feature","geometry":{"type":"Point","coordinates":[-52.19876193944433,-10.309370943301872]},"properties":{"Fazenda":"FE","Campo":"FE 16","produtividade":175.81068817484004,"unidade_produtividade":"sc/ha","pontos_originais":25,"ano":"2026","cultura":"Milho"}},{"type":"Feature","geometry":{"type":"Point","coordinates":[-52.198990219970284,-10.30937009665151]},"properties":{"Fazenda":"FE","Campo":"FE 16","produtividade":177.31855955272,"unidade_produtividade":"sc/ha","pontos_originais":25,"ano":"2026","cultura":"Milho"}},{"type":"Feature","geometry":{"type":"Point","coordinates":[-52.19853365889863,-10.309371789791111]},"properties":{"Fazenda":"FE","Campo":"FE 16","produtividade":171.75564322507995,"unidade_produtividade":"sc/ha","pontos_originais":25,"ano":"2026","cultura":"Milho"}},{"type":"Feature","geometry":{"type":"Point","coordinates":[-52.209491102735704,-10.309330976564604]},"properties":{"Fazenda":"FE","Campo":"FE 16","produtividade":184.29403412527998,"unidade_produtividade":"sc/ha","pontos_originais":25,"ano":"2026","cultura":"Milho"}},{"type":"Feature","geometry":{"type":"Point","coordinates":[-52.20926282312287,-10.309331830626444]},"properties":{"Fazenda":"FE","Campo":"FE 16","produtividade":186.33752694311997,"unidade_produtividade":"sc/ha","pontos_originais":25,"ano":"2026","cultura":"Milho"}},{"type":"Feature","geometry":{"type":"Point","coordinates":[-52.20903454349011,-10.309332684527167]},"properties":{"Fazenda":"FE","Campo":"FE 16","produtividade":187.47746830948003,"unidade_produtividade":"sc/ha","pontos_originais":25,"ano":"2026","cultura":"Milho"}},{"type":"Feature","geometry":{"type":"Point","coordinates":[-52.20880626383742,-10.309333538266774]},"properties":{"Fazenda":"FE","Campo":"FE 16","produtividade":189.00703614116,"unidade_produtividade":"sc/ha","pontos_originais":25,"ano":"2026","cultura":"Milho"}},{"type":"Feature","geometry":{"type":"Point","coordinates":[-52.197445450199645,-10.309356984145131]},"properties":{"Fazenda":"FE","Campo":"FE 16","produtividade":100.94880951233334,"unidade_produtividade":"sc/ha","pontos_originais":12,"ano":"2026","cultura":"Milho"}},{"type":"Feature","geometry":{"type":"Point","coordinates":[-52.21013597095839,-10.309322911489389]},"properties":{"Fazenda":"FE","Campo":"FE 16","produtividade":175.631061753,"unidade_produtividade":"sc/ha","pontos_originais":16,"ano":"2026","cultura":"Milho"}},{"type":"Feature","geometry":{"type":"Point","coordinates":[-52.20994766190153,-10.30932926795757]},"properties":{"Fazenda":"FE","Campo":"FE 16","produtividade":176.92025238536,"unidade_produtividade":"sc/ha","pontos_originais":25,"ano":"2026","cultura":"Milho"}},{"type":"Feature","geometry":{"type":"Point","coordinates":[-52.209719382328586,-10.309330122341645]},"properties":{"Fazenda":"FE","Campo":"FE 16","produtividade":181.21957346387993,"unidade_produtividade":"sc/ha","pontos_originais":25,"ano":"2026","cultura":"Milho"}},{"type":"Feature","geometry":{"type":"Point","coordinates":[-52.201044743813824,-10.30936246954785]},"properties":{"Fazenda":"FE","Campo":"FE 16","produtividade":177.68005025184002,"unidade_produtividade":"sc/ha","pontos_originais":25,"ano":"2026","cultura":"Milho"}},{"type":"Feature","geometry":{"type":"Point","coordinates":[-52.200816463465905,-10.309363317648293]},"properties":{"Fazenda":"FE","Campo":"FE 16","produtividade":180.0050477544,"unidade_produtividade":"sc/ha","pontos_originais":25,"ano":"2026","cultura":"Milho"}},{"type":"Feature","geometry":{"type":"Point","coordinates":[-52.20058818309819,-10.309364165587617]},"properties":{"Fazenda":"FE","Campo":"FE 16","produtividade":182.27025860924002,"unidade_produtividade":"sc/ha","pontos_originais":25,"ano":"2026","cultura":"Milho"}},{"type":"Feature","geometry":{"type":"Point","coordinates":[-52.20035990271071,-10.30936501336582]},"properties":{"Fazenda":"FE","Campo":"FE 16","produtividade":190.82917635827994,"unidade_produtividade":"sc/ha","pontos_originais":25,"ano":"2026","cultura":"Milho"}},{"type":"Feature","geometry":{"type":"Point","coordinates":[-52.20172958473874,-10.309359924279795]},"properties":{"Fazenda":"FE","Campo":"FE 16","produtividade":184.10396060824002,"unidade_produtividade":"sc/ha","pontos_originais":25,"ano":"2026","cultura":"Milho"}},{"type":"Feature","geometry":{"type":"Point","coordinates":[-52.201957865007415,-10.309359075534873]},"properties":{"Fazenda":"FE","Campo":"FE 16","produtividade":182.33124193708002,"unidade_produtividade":"sc/ha","pontos_originais":25,"ano":"2026","cultura":"Milho"}},{"type":"Feature","geometry":{"type":"Point","coordinates":[-52.20150130445023,-10.309360772863604]},"properties":{"Fazenda":"FE","Campo":"FE 16","produtividade":182.85350622156002,"unidade_produtividade":"sc/ha","pontos_originais":25,"ano":"2026","cultura":"Milho"}},{"type":"Feature","geometry":{"type":"Point","coordinates":[-52.20127302414194,-10.309361621286284]},"properties":{"Fazenda":"FE","Campo":"FE 16","produtividade":178.72755532404005,"unidade_produtividade":"sc/ha","pontos_originais":25,"ano":"2026","cultura":"Milho"}},{"type":"Feature","geometry":{"type":"Point","coordinates":[-52.19967506142948,-10.309367555733711]},"properties":{"Fazenda":"FE","Campo":"FE 16","produtividade":194.00938664524,"unidade_produtividade":"sc/ha","pontos_originais":25,"ano":"2026","cultura":"Milho"}},{"type":"Feature","geometry":{"type":"Point","coordinates":[-52.19944678096285,-10.309368402867428]},"properties":{"Fazenda":"FE","Campo":"FE 16","produtividade":185.11965151887998,"unidade_produtividade":"sc/ha","pontos_originais":25,"ano":"2026","cultura":"Milho"}},{"type":"Feature","geometry":{"type":"Point","coordinates":[-52.199218500476434,-10.309369249840033]},"properties":{"Fazenda":"FE","Campo":"FE 16","produtividade":177.87931127519997,"unidade_produtividade":"sc/ha","pontos_originais":25,"ano":"2026","cultura":"Milho"}},{"type":"Feature","geometry":{"type":"Point","coordinates":[-52.20013162230342,-10.3093658609829]},"properties":{"Fazenda":"FE","Campo":"FE 16","produtividade":196.34790246279996,"unidade_produtividade":"sc/ha","pontos_originais":25,"ano":"2026","cultura":"Milho"}},{"type":"Feature","geometry":{"type":"Point","coordinates":[-52.199903341876336,-10.309366708438867]},"properties":{"Fazenda":"FE","Campo":"FE 16","produtividade":196.76844116184003,"unidade_produtividade":"sc/ha","pontos_originais":25,"ano":"2026","cultura":"Milho"}},{"type":"Feature","geometry":{"type":"Point","coordinates":[-52.20515378668685,-10.309347176188398]},"properties":{"Fazenda":"FE","Campo":"FE 16","produtividade":192.60968935412,"unidade_produtividade":"sc/ha","pontos_originais":25,"ano":"2026","cultura":"Milho"}},{"type":"Feature","geometry":{"type":"Point","coordinates":[-52.20492550669591,-10.309348027188992]},"properties":{"Fazenda":"FE","Campo":"FE 16","produtividade":192.48580009364,"unidade_produtividade":"sc/ha","pontos_originais":25,"ano":"2026","cultura":"Milho"}},{"type":"Feature","geometry":{"type":"Point","coordinates":[-52.20469722668511,-10.30934887802847]},"properties":{"Fazenda":"FE","Campo":"FE 16","produtividade":192.53028860324,"unidade_produtividade":"sc/ha","pontos_originais":25,"ano":"2026","cultura":"Milho"}},{"type":"Feature","geometry":{"type":"Point","coordinates":[-52.20446894665443,-10.309349728706822]},"properties":{"Fazenda":"FE","Campo":"FE 16","produtividade":190.02725365516005,"unidade_produtividade":"sc/ha","pontos_originais":25,"ano":"2026","cultura":"Milho"}},{"type":"Feature","geometry":{"type":"Point","coordinates":[-52.20583862654046,-10.309344622219903]},"properties":{"Fazenda":"FE","Campo":"FE 16","produtividade":193.74799438588002,"unidade_produtividade":"sc/ha","pontos_originais":25,"ano":"2026","cultura":"Milho"}},{"type":"Feature","geometry":{"type":"Point","coordinates":[-52.20561034660913,-10.309345473703853]},"properties":{"Fazenda":"FE","Campo":"FE 16","produtividade":193.88114466403997,"unidade_produtividade":"sc/ha","pontos_originais":25,"ano":"2026","cultura":"Milho"}},{"type":"Feature","geometry":{"type":"Point","coordinates":[-52.20538206665793,-10.309346325026686]},"properties":{"Fazenda":"FE","Campo":"FE 16","produtividade":193.54310762296,"unidade_produtividade":"sc/ha","pontos_originais":25,"ano":"2026","cultura":"Milho"}},{"type":"Feature","geometry":{"type":"Point","coordinates":[-52.20355582633324,-10.309353129809061]},"properties":{"Fazenda":"FE","Campo":"FE 16","produtividade":195.33930469156002,"unidade_produtividade":"sc/ha","pontos_originais":25,"ano":"2026","cultura":"Milho"}},{"type":"Feature","geometry":{"type":"Point","coordinates":[-52.20378410644331,-10.30935227977518]},"properties":{"Fazenda":"FE","Campo":"FE 16","produtividade":193.36125748248,"unidade_produtividade":"sc/ha","pontos_originais":25,"ano":"2026","cultura":"Milho"}},{"type":"Feature","geometry":{"type":"Point","coordinates":[-52.20332754620333,-10.309353979681818]},"properties":{"Fazenda":"FE","Campo":"FE 16","produtividade":192.96225125036003,"unidade_produtividade":"sc/ha","pontos_originais":25,"ano":"2026","cultura":"Milho"}},{"type":"Feature","geometry":{"type":"Point","coordinates":[-52.2030992660536,-10.30935482939346]},"properties":{"Fazenda":"FE","Campo":"FE 16","produtividade":188.42646674559998,"unidade_produtividade":"sc/ha","pontos_originais":25,"ano":"2026","cultura":"Milho"}},{"type":"Feature","geometry":{"type":"Point","coordinates":[-52.2042406666039,-10.309350579224063]},"properties":{"Fazenda":"FE","Campo":"FE 16","produtividade":188.10104891904,"unidade_produtividade":"sc/ha","pontos_originais":25,"ano":"2026","cultura":"Milho"}},{"type":"Feature","geometry":{"type":"Point","coordinates":[-52.20401238653354,-10.30935142958018]},"properties":{"Fazenda":"FE","Campo":"FE 16","produtividade":190.10048934756003,"unidade_produtividade":"sc/ha","pontos_originais":25,"ano":"2026","cultura":"Milho"}},{"type":"Feature","geometry":{"type":"Point","coordinates":[-52.20812142475982,-10.309336098518882]},"properties":{"Fazenda":"FE","Campo":"FE 16","produtividade":199.30887996219997,"unidade_produtividade":"sc/ha","pontos_originais":25,"ano":"2026","cultura":"Milho"}},{"type":"Feature","geometry":{"type":"Point","coordinates":[-52.20789314502745,-10.309336951614016]},"properties":{"Fazenda":"FE","Campo":"FE 16","produtividade":198.84762939968002,"unidade_produtividade":"sc/ha","pontos_originais":25,"ano":"2026","cultura":"Milho"}},{"type":"Feature","geometry":{"type":"Point","coordinates":[-52.207664865275156,-10.309337804548036]},"properties":{"Fazenda":"FE","Campo":"FE 16","produtividade":197.10746777892004,"unidade_produtividade":"sc/ha","pontos_originais":25,"ano":"2026","cultura":"Milho"}},{"type":"Feature","geometry":{"type":"Point","coordinates":[-52.20743658550296,-10.309338657320929]},"properties":{"Fazenda":"FE","Campo":"FE 16","produtividade":195.16823386108,"unidade_produtividade":"sc/ha","pontos_originais":25,"ano":"2026","cultura":"Milho"}},{"type":"Feature","geometry":{"type":"Point","coordinates":[-52.20857798416483,-10.309334391845264]},"properties":{"Fazenda":"FE","Campo":"FE 16","produtividade":192.3683480250401,"unidade_produtividade":"sc/ha","pontos_originais":25,"ano":"2026","cultura":"Milho"}},{"type":"Feature","geometry":{"type":"Point","coordinates":[-52.20834970447227,-10.309335245262632]},"properties":{"Fazenda":"FE","Campo":"FE 16","produtividade":197.47020393012,"unidade_produtividade":"sc/ha","pontos_originais":25,"ano":"2026","cultura":"Milho"}},{"type":"Feature","geometry":{"type":"Point","coordinates":[-52.20652346621516,-10.309342066801342]},"properties":{"Fazenda":"FE","Campo":"FE 16","produtividade":205.91713913848002,"unidade_produtividade":"sc/ha","pontos_originais":25,"ano":"2026","cultura":"Milho"}},{"type":"Feature","geometry":{"type":"Point","coordinates":[-52.20675174606695,-10.309341214672916]},"properties":{"Fazenda":"FE","Campo":"FE 16","produtividade":205.23025181800003,"unidade_produtividade":"sc/ha","pontos_originais":25,"ano":"2026","cultura":"Milho"}},{"type":"Feature","geometry":{"type":"Point","coordinates":[-52.206295186343475,-10.309342918768646]},"properties":{"Fazenda":"FE","Campo":"FE 16","produtividade":202.31419400060003,"unidade_produtividade":"sc/ha","pontos_originais":25,"ano":"2026","cultura":"Milho"}},{"type":"Feature","geometry":{"type":"Point","coordinates":[-52.206066906451916,-10.309343770574834]},"properties":{"Fazenda":"FE","Campo":"FE 16","produtividade":196.42412526104002,"unidade_produtividade":"sc/ha","pontos_originais":25,"ano":"2026","cultura":"Milho"}},{"type":"Feature","geometry":{"type":"Point","coordinates":[-52.20720830571086,-10.30933950993271]},"properties":{"Fazenda":"FE","Campo":"FE 16","produtividade":196.74242520879997,"unidade_produtividade":"sc/ha","pontos_originais":25,"ano":"2026","cultura":"Milho"}},{"type":"Feature","geometry":{"type":"Point","coordinates":[-52.20698002589886,-10.30934036238337]},"properties":{"Fazenda":"FE","Campo":"FE 16","produtividade":201.18941293856003,"unidade_produtividade":"sc/ha","pontos_originais":25,"ano":"2026","cultura":"Milho"}},{"type":"Feature","geometry":{"type":"Point","coordinates":[-52.20218614525632,-10.30935822662883]},"properties":{"Fazenda":"FE","Campo":"FE 16","produtividade":178.17742669992003,"unidade_produtividade":"sc/ha","pontos_originais":25,"ano":"2026","cultura":"Milho"}},{"type":"Feature","geometry":{"type":"Point","coordinates":[-52.202870985884005,-10.309355678943984]},"properties":{"Fazenda":"FE","Campo":"FE 16","produtividade":185.01004254692006,"unidade_produtividade":"sc/ha","pontos_originais":25,"ano":"2026","cultura":"Milho"}},{"type":"Feature","geometry":{"type":"Point","coordinates":[-52.2026427056946,-10.309356528333383]},"properties":{"Fazenda":"FE","Campo":"FE 16","produtividade":182.53779401504002,"unidade_produtividade":"sc/ha","pontos_originais":25,"ano":"2026","cultura":"Milho"}},{"type":"Feature","geometry":{"type":"Point","coordinates":[-52.202414425485365,-10.309357377561664]},"properties":{"Fazenda":"FE","Campo":"FE 16","produtividade":178.97699703952,"unidade_produtividade":"sc/ha","pontos_originais":25,"ano":"2026","cultura":"Milho"}},{"type":"Feature","geometry":{"type":"Point","coordinates":[-52.20720916662501,-10.309565569531149]},"properties":{"Fazenda":"FE","Campo":"FE 16","produtividade":195.07873024608,"unidade_produtividade":"sc/ha","pontos_originais":25,"ano":"2026","cultura":"Milho"}},{"type":"Feature","geometry":{"type":"Point","coordinates":[-52.20743744657982,-10.309564716900281]},"properties":{"Fazenda":"FE","Campo":"FE 16","produtividade":196.20768731884,"unidade_produtividade":"sc/ha","pontos_originais":25,"ano":"2026","cultura":"Milho"}},{"type":"Feature","geometry":{"type":"Point","coordinates":[-52.20698088665031,-10.309566422000893]},"properties":{"Fazenda":"FE","Campo":"FE 16","produtividade":197.91638890488,"unidade_produtividade":"sc/ha","pontos_originais":25,"ano":"2026","cultura":"Milho"}},{"type":"Feature","geometry":{"type":"Point","coordinates":[-52.20675260665571,-10.309567274309522]},"properties":{"Fazenda":"FE","Campo":"FE 16","produtividade":201.99613155108003,"unidade_produtividade":"sc/ha","pontos_originais":25,"ano":"2026","cultura":"Milho"}},{"type":"Feature","geometry":{"type":"Point","coordinates":[-52.20789400642969,-10.309563011155179]},"properties":{"Fazenda":"FE","Campo":"FE 16","produtividade":198.52254096055995,"unidade_produtividade":"sc/ha","pontos_originais":25,"ano":"2026","cultura":"Milho"}},{"type":"Feature","geometry":{"type":"Point","coordinates":[-52.208122286324766,-10.309562158040942]},"properties":{"Fazenda":"FE","Campo":"FE 16","produtividade":195.52406842652007,"unidade_produtividade":"sc/ha","pontos_originais":25,"ano":"2026","cultura":"Milho"}},{"type":"Feature","geometry":{"type":"Point","coordinates":[-52.20766572651471,-10.309563864108288]},"properties":{"Fazenda":"FE","Campo":"FE 16","produtividade":198.77779572820003,"unidade_produtividade":"sc/ha","pontos_originais":25,"ano":"2026","cultura":"Milho"}},{"type":"Feature","geometry":{"type":"Point","coordinates":[-52.20583948647842,-10.309570681932804]},"properties":{"Fazenda":"FE","Campo":"FE 16","produtividade":197.0201885894,"unidade_produtividade":"sc/ha","pontos_originais":25,"ano":"2026","cultura":"Milho"}},{"type":"Feature","geometry":{"type":"Point","coordinates":[-52.20561120638436,-10.309571533435816]},"properties":{"Fazenda":"FE","Campo":"FE 16","produtividade":195.53693644871998,"unidade_produtividade":"sc/ha","pontos_originais":25,"ano":"2026","cultura":"Milho"}},{"type":"Feature","geometry":{"type":"Point","coordinates":[-52.205382926270474,-10.30957238477771]},"properties":{"Fazenda":"FE","Campo":"FE 16","produtividade":194.12051532320004,"unidade_produtividade":"sc/ha","pontos_originais":25,"ano":"2026","cultura":"Milho"}},{"type":"Feature","geometry":{"type":"Point","coordinates":[-52.20515464613669,-10.30957323595848]},"properties":{"Fazenda":"FE","Campo":"FE 16","produtividade":192.29528268108004,"unidade_produtividade":"sc/ha","pontos_originais":25,"ano":"2026","cultura":"Milho"}},{"type":"Feature","geometry":{"type":"Point","coordinates":[-52.206524326641194,-10.309568126457027]},"properties":{"Fazenda":"FE","Campo":"FE 16","produtividade":204.65467412652004,"unidade_produtividade":"sc/ha","pontos_originais":25,"ano":"2026","cultura":"Milho"}},{"type":"Feature","geometry":{"type":"Point","coordinates":[-52.20629604660681,-10.309568978443409]},"properties":{"Fazenda":"FE","Campo":"FE 16","produtividade":203.08766568688006,"unidade_produtividade":"sc/ha","pontos_originais":25,"ano":"2026","cultura":"Milho"}},{"type":"Feature","geometry":{"type":"Point","coordinates":[-52.20606776655256,-10.309569830268664]},"properties":{"Fazenda":"FE","Campo":"FE 16","produtividade":199.31313655267996,"unidade_produtividade":"sc/ha","pontos_originais":25,"ano":"2026","cultura":"Milho"}},{"type":"Feature","geometry":{"type":"Point","coordinates":[-52.21011969140537,-10.309543383455898]},"properties":{"Fazenda":"FE","Campo":"FE 16","produtividade":178.67909572841666,"unidade_produtividade":"sc/ha","pontos_originais":12,"ano":"2026","cultura":"Milho"}},{"type":"Feature","geometry":{"type":"Point","coordinates":[-52.20994852476805,-10.309555327326693]},"properties":{"Fazenda":"FE","Campo":"FE 16","produtividade":179.94644789104,"unidade_produtividade":"sc/ha","pontos_originais":25,"ano":"2026","cultura":"Milho"}},{"type":"Feature","geometry":{"type":"Point","coordinates":[-52.209720245032415,-10.309556181729898]},"properties":{"Fazenda":"FE","Campo":"FE 16","produtividade":184.39137376851994,"unidade_produtividade":"sc/ha","pontos_originais":25,"ano":"2026","cultura":"Milho"}},{"type":"Feature","geometry":{"type":"Point","coordinates":[-52.20949196527683,-10.309557035971986]},"properties":{"Fazenda":"FE","Campo":"FE 16","produtividade":189.01965394199996,"unidade_produtividade":"sc/ha","pontos_originais":25,"ano":"2026","cultura":"Milho"}},{"type":"Feature","geometry":{"type":"Point","coordinates":[-52.20880712589049,-10.309559597731509]},"properties":{"Fazenda":"FE","Campo":"FE 16","produtividade":188.53469667272003,"unidade_produtividade":"sc/ha","pontos_originais":25,"ano":"2026","cultura":"Milho"}},{"type":"Feature","geometry":{"type":"Point","coordinates":[-52.20857884605516,-10.309560451329107]},"properties":{"Fazenda":"FE","Campo":"FE 16","produtividade":187.5471931276,"unidade_produtividade":"sc/ha","pontos_originais":25,"ano":"2026","cultura":"Milho"}},{"type":"Feature","geometry":{"type":"Point","coordinates":[-52.208350566199925,-10.309561304765587]},"properties":{"Fazenda":"FE","Campo":"FE 16","produtividade":191.22632925592004,"unidade_produtividade":"sc/ha","pontos_originais":25,"ano":"2026","cultura":"Milho"}},{"type":"Feature","geometry":{"type":"Point","coordinates":[-52.20926368550133,-10.309557890052947]},"properties":{"Fazenda":"FE","Campo":"FE 16","produtividade":190.33764759752,"unidade_produtividade":"sc/ha","pontos_originais":25,"ano":"2026","cultura":"Milho"}},{"type":"Feature","geometry":{"type":"Point","coordinates":[-52.20903540570586,-10.309558743972786]},"properties":{"Fazenda":"FE","Campo":"FE 16","produtividade":190.39103239536004,"unidade_produtividade":"sc/ha","pontos_originais":25,"ano":"2026","cultura":"Milho"}},{"type":"Feature","geometry":{"type":"Point","coordinates":[-52.20150216129685,-10.309586832938107]},"properties":{"Fazenda":"FE","Campo":"FE 16","produtividade":180.41150620064002,"unidade_produtividade":"sc/ha","pontos_originais":25,"ano":"2026","cultura":"Milho"}},{"type":"Feature","geometry":{"type":"Point","coordinates":[-52.201273880825845,-10.309587681379787]},"properties":{"Fazenda":"FE","Campo":"FE 16","produtividade":180.04647069892,"unidade_produtividade":"sc/ha","pontos_originais":25,"ano":"2026","cultura":"Milho"}},{"type":"Feature","geometry":{"type":"Point","coordinates":[-52.20104560033503,-10.30958852966034]},"properties":{"Fazenda":"FE","Campo":"FE 16","produtividade":184.28489821828003,"unidade_produtividade":"sc/ha","pontos_originais":25,"ano":"2026","cultura":"Milho"}},{"type":"Feature","geometry":{"type":"Point","coordinates":[-52.20081731982441,-10.309589377779773]},"properties":{"Fazenda":"FE","Campo":"FE 16","produtividade":183.678346798,"unidade_produtividade":"sc/ha","pontos_originais":25,"ano":"2026","cultura":"Milho"}},{"type":"Feature","geometry":{"type":"Point","coordinates":[-52.20218700259104,-10.309584286646329]},"properties":{"Fazenda":"FE","Campo":"FE 16","produtividade":180.54121346115997,"unidade_produtividade":"sc/ha","pontos_originais":25,"ano":"2026","cultura":"Milho"}},{"type":"Feature","geometry":{"type":"Point","coordinates":[-52.20195872217946,-10.309585135571378]},"properties":{"Fazenda":"FE","Campo":"FE 16","produtividade":182.84619820280005,"unidade_produtividade":"sc/ha","pontos_originais":25,"ano":"2026","cultura":"Milho"}},{"type":"Feature","geometry":{"type":"Point","coordinates":[-52.20173044174807,-10.309585984335301]},"properties":{"Fazenda":"FE","Campo":"FE 16","produtividade":181.95362468336,"unidade_produtividade":"sc/ha","pontos_originais":25,"ano":"2026","cultura":"Milho"}},{"type":"Feature","geometry":{"type":"Point","coordinates":[-52.19990419758405,-10.309592768646263]},"properties":{"Fazenda":"FE","Campo":"FE 16","produtividade":192.13736543615997,"unidade_produtividade":"sc/ha","pontos_originais":25,"ano":"2026","cultura":"Milho"}},{"type":"Feature","geometry":{"type":"Point","coordinates":[-52.20013247817382,-10.309591921171329]},"properties":{"Fazenda":"FE","Campo":"FE 16","produtividade":187.48910148219994,"unidade_produtividade":"sc/ha","pontos_originais":25,"ano":"2026","cultura":"Milho"}},{"type":"Feature","geometry":{"type":"Point","coordinates":[-52.199675916974485,-10.309593615960083]},"properties":{"Fazenda":"FE","Campo":"FE 16","produtividade":193.5786765186,"unidade_produtividade":"sc/ha","pontos_originais":25,"ano":"2026","cultura":"Milho"}},{"type":"Feature","geometry":{"type":"Point","coordinates":[-52.19944763634517,-10.309594463112768]},"properties":{"Fazenda":"FE","Campo":"FE 16","produtividade":191.67209224720008,"unidade_produtividade":"sc/ha","pontos_originais":25,"ano":"2026","cultura":"Milho"}},{"type":"Feature","geometry":{"type":"Point","coordinates":[-52.20058903929401,-10.309590225738086]},"properties":{"Fazenda":"FE","Campo":"FE 16","produtividade":176.55244112296,"unidade_produtividade":"sc/ha","pontos_originais":25,"ano":"2026","cultura":"Milho"}},{"type":"Feature","geometry":{"type":"Point","coordinates":[-52.20036075874381,-10.309591073535271]},"properties":{"Fazenda":"FE","Campo":"FE 16","produtividade":179.59071935160003,"unidade_produtividade":"sc/ha","pontos_originais":25,"ano":"2026","cultura":"Milho"}},{"type":"Feature","geometry":{"type":"Point","coordinates":[-52.204241525402956,-10.309576639070336]},"properties":{"Fazenda":"FE","Campo":"FE 16","produtividade":187.02548936723997,"unidade_produtividade":"sc/ha","pontos_originais":25,"ano":"2026","cultura":"Milho"}},{"type":"Feature","geometry":{"type":"Point","coordinates":[-52.20446980561617,-10.309575788534056]},"properties":{"Fazenda":"FE","Campo":"FE 16","produtividade":189.80733593963996,"unidade_produtividade":"sc/ha","pontos_originais":25,"ano":"2026","cultura":"Milho"}},{"type":"Feature","geometry":{"type":"Point","coordinates":[-52.20401324516988,-10.309577489445495]},"properties":{"Fazenda":"FE","Campo":"FE 16","produtividade":187.18166566524005,"unidade_produtividade":"sc/ha","pontos_originais":25,"ano":"2026","cultura":"Milho"}},{"type":"Feature","geometry":{"type":"Point","coordinates":[-52.203784964916956,-10.309578339659529]},"properties":{"Fazenda":"FE","Campo":"FE 16","produtividade":189.67754103096,"unidade_produtividade":"sc/ha","pontos_originais":25,"ano":"2026","cultura":"Milho"}},{"type":"Feature","geometry":{"type":"Point","coordinates":[-52.204926365983034,-10.30957408697813]},"properties":{"Fazenda":"FE","Campo":"FE 16","produtividade":191.16632207412005,"unidade_produtividade":"sc/ha","pontos_originais":25,"ano":"2026","cultura":"Milho"}},{"type":"Feature","geometry":{"type":"Point","coordinates":[-52.20469808580954,-10.309574937836656]},"properties":{"Fazenda":"FE","Campo":"FE 16","produtividade":190.64906787156,"unidade_produtividade":"sc/ha","pontos_originais":25,"ano":"2026","cultura":"Milho"}},{"type":"Feature","geometry":{"type":"Point","coordinates":[-52.20287184370684,-10.309581738904438]},"properties":{"Fazenda":"FE","Campo":"FE 16","produtividade":186.33174569876002,"unidade_produtividade":"sc/ha","pontos_originais":25,"ano":"2026","cultura":"Milho"}},{"type":"Feature","geometry":{"type":"Point","coordinates":[-52.20264356335472,-10.309582588312855]},"properties":{"Fazenda":"FE","Campo":"FE 16","produtividade":183.70947885895998,"unidade_produtividade":"sc/ha","pontos_originais":25,"ano":"2026","cultura":"Milho"}},{"type":"Feature","geometry":{"type":"Point","coordinates":[-52.20241528298279,-10.309583437560155]},"properties":{"Fazenda":"FE","Campo":"FE 16","produtividade":181.14063852056003,"unidade_produtividade":"sc/ha","pontos_originais":25,"ano":"2026","cultura":"Milho"}},{"type":"Feature","geometry":{"type":"Point","coordinates":[-52.20355668464416,-10.30957918971244]},"properties":{"Fazenda":"FE","Campo":"FE 16","produtividade":191.03412532311995,"unidade_produtividade":"sc/ha","pontos_originais":25,"ano":"2026","cultura":"Milho"}},{"type":"Feature","geometry":{"type":"Point","coordinates":[-52.20332840435156,-10.30958003960423]},"properties":{"Fazenda":"FE","Campo":"FE 16","produtividade":192.60290015592,"unidade_produtividade":"sc/ha","pontos_originais":25,"ano":"2026","cultura":"Milho"}},{"type":"Feature","geometry":{"type":"Point","coordinates":[-52.20310012403912,-10.309580889334898]},"properties":{"Fazenda":"FE","Campo":"FE 16","produtividade":191.39627762447998,"unidade_produtividade":"sc/ha","pontos_originais":25,"ano":"2026","cultura":"Milho"}},{"type":"Feature","geometry":{"type":"Point","coordinates":[-52.19853451363012,-10.309597850112285]},"properties":{"Fazenda":"FE","Campo":"FE 16","produtividade":159.741510605,"unidade_produtividade":"sc/ha","pontos_originais":25,"ano":"2026","cultura":"Milho"}},{"type":"Feature","geometry":{"type":"Point","coordinates":[-52.19830623290195,-10.30959869645935]},"properties":{"Fazenda":"FE","Campo":"FE 16","produtividade":155.15409992032,"unidade_produtividade":"sc/ha","pontos_originais":25,"ano":"2026","cultura":"Milho"}},{"type":"Feature","geometry":{"type":"Point","coordinates":[-52.19807795215405,-10.309599542645296]},"properties":{"Fazenda":"FE","Campo":"FE 16","produtividade":141.22503242108,"unidade_produtividade":"sc/ha","pontos_originais":25,"ano":"2026","cultura":"Milho"}},{"type":"Feature","geometry":{"type":"Point","coordinates":[-52.197849671386386,-10.309600388670114]},"properties":{"Fazenda":"FE","Campo":"FE 16","produtividade":123.19384230755999,"unidade_produtividade":"sc/ha","pontos_originais":25,"ano":"2026","cultura":"Milho"}},{"type":"Feature","geometry":{"type":"Point","coordinates":[-52.19921935569606,-10.309595310104335]},"properties":{"Fazenda":"FE","Campo":"FE 16","produtividade":190.13869970428001,"unidade_produtividade":"sc/ha","pontos_originais":25,"ano":"2026","cultura":"Milho"}},{"type":"Feature","geometry":{"type":"Point","coordinates":[-52.19899107502716,-10.309596156934772]},"properties":{"Fazenda":"FE","Campo":"FE 16","produtividade":184.56162537144,"unidade_produtividade":"sc/ha","pontos_originais":25,"ano":"2026","cultura":"Milho"}},{"type":"Feature","geometry":{"type":"Point","coordinates":[-52.19876279433853,-10.30959700360409]},"properties":{"Fazenda":"FE","Campo":"FE 16","produtividade":168.05637558672004,"unidade_produtividade":"sc/ha","pontos_originais":25,"ano":"2026","cultura":"Milho"}},{"type":"Feature","geometry":{"type":"Point","coordinates":[-52.1976478383057,-10.309552156106513]},"properties":{"Fazenda":"FE","Campo":"FE 16","produtividade":109.53822905666668,"unidade_produtividade":"sc/ha","pontos_originais":12,"ano":"2026","cultura":"Milho"}},{"type":"Feature","geometry":{"type":"Point","coordinates":[-52.20629432610002,-10.309116859090661]},"properties":{"Fazenda":"FE","Campo":"FE 16","produtividade":198.92793419892004,"unidade_produtividade":"sc/ha","pontos_originais":25,"ano":"2026","cultura":"Milho"}},{"type":"Feature","geometry":{"type":"Point","coordinates":[-52.206522605809,-10.309116007142428]},"properties":{"Fazenda":"FE","Campo":"FE 16","produtividade":203.21953022307997,"unidade_produtividade":"sc/ha","pontos_originais":25,"ano":"2026","cultura":"Milho"}},{"type":"Feature","geometry":{"type":"Point","coordinates":[-52.20606604637114,-10.309117710877777]},"properties":{"Fazenda":"FE","Campo":"FE 16","produtividade":194.17562905168003,"unidade_produtividade":"sc/ha","pontos_originais":25,"ano":"2026","cultura":"Milho"}},{"type":"Feature","geometry":{"type":"Point","coordinates":[-52.2058377666224,-10.309118562503777]},"properties":{"Fazenda":"FE","Campo":"FE 16","produtividade":192.7993712818,"unidade_produtividade":"sc/ha","pontos_originais":25,"ano":"2026","cultura":"Milho"}},{"type":"Feature","geometry":{"type":"Point","coordinates":[-52.207207444816625,-10.309113450331045]},"properties":{"Fazenda":"FE","Campo":"FE 16","produtividade":200.78464383992,"unidade_produtividade":"sc/ha","pontos_originais":25,"ano":"2026","cultura":"Milho"}},{"type":"Feature","geometry":{"type":"Point","coordinates":[-52.206979165167326,-10.309114302762621]},"properties":{"Fazenda":"FE","Campo":"FE 16","produtividade":202.38641325708002,"unidade_produtividade":"sc/ha","pontos_originais":25,"ano":"2026","cultura":"Milho"}},{"type":"Feature","geometry":{"type":"Point","coordinates":[-52.206750885498096,-10.309115155033082]},"properties":{"Fazenda":"FE","Campo":"FE 16","produtividade":204.02702353223995,"unidade_produtividade":"sc/ha","pontos_originais":25,"ano":"2026","cultura":"Milho"}},{"type":"Feature","geometry":{"type":"Point","coordinates":[-52.20492464742863,-10.309121967396631]},"properties":{"Fazenda":"FE","Campo":"FE 16","produtividade":194.77688977456003,"unidade_produtividade":"sc/ha","pontos_originais":25,"ano":"2026","cultura":"Milho"}},{"type":"Feature","geometry":{"type":"Point","coordinates":[-52.20469636758052,-10.309122818217059]},"properties":{"Fazenda":"FE","Campo":"FE 16","produtividade":191.29744513516002,"unidade_produtividade":"sc/ha","pontos_originais":25,"ano":"2026","cultura":"Milho"}},{"type":"Feature","geometry":{"type":"Point","coordinates":[-52.204468087712556,-10.309123668876365]},"properties":{"Fazenda":"FE","Campo":"FE 16","produtividade":190.08022989948,"unidade_produtividade":"sc/ha","pontos_originais":25,"ano":"2026","cultura":"Milho"}},{"type":"Feature","geometry":{"type":"Point","coordinates":[-52.20423980782473,-10.309124519374562]},"properties":{"Fazenda":"FE","Campo":"FE 16","produtividade":195.60468989007998,"unidade_produtividade":"sc/ha","pontos_originais":25,"ano":"2026","cultura":"Milho"}},{"type":"Feature","geometry":{"type":"Point","coordinates":[-52.20560948685377,-10.309119413968663]},"properties":{"Fazenda":"FE","Campo":"FE 16","produtividade":192.97959003556,"unidade_produtividade":"sc/ha","pontos_originais":25,"ano":"2026","cultura":"Milho"}},{"type":"Feature","geometry":{"type":"Point","coordinates":[-52.205381207065244,-10.309120265272435]},"properties":{"Fazenda":"FE","Campo":"FE 16","produtividade":193.14334719256004,"unidade_produtividade":"sc/ha","pontos_originais":25,"ano":"2026","cultura":"Milho"}},{"type":"Feature","geometry":{"type":"Point","coordinates":[-52.20515292725687,-10.309121116415092]},"properties":{"Fazenda":"FE","Campo":"FE 16","produtividade":195.12419843592,"unidade_produtividade":"sc/ha","pontos_originais":25,"ano":"2026","cultura":"Milho"}},{"type":"Feature","geometry":{"type":"Point","coordinates":[-52.20926196076438,-10.309105771196716]},"properties":{"Fazenda":"FE","Campo":"FE 16","produtividade":184.76196291212,"unidade_produtividade":"sc/ha","pontos_originais":25,"ano":"2026","cultura":"Milho"}},{"type":"Feature","geometry":{"type":"Point","coordinates":[-52.2094902402145,-10.309104917153997]},"properties":{"Fazenda":"FE","Campo":"FE 16","produtividade":179.97613729156,"unidade_produtividade":"sc/ha","pontos_originais":25,"ano":"2026","cultura":"Milho"}},{"type":"Feature","geometry":{"type":"Point","coordinates":[-52.209033681294294,-10.309106625078323]},"properties":{"Fazenda":"FE","Campo":"FE 16","produtividade":191.35345160256003,"unidade_produtividade":"sc/ha","pontos_originais":25,"ano":"2026","cultura":"Milho"}},{"type":"Feature","geometry":{"type":"Point","coordinates":[-52.20880540180432,-10.309107478798813]},"properties":{"Fazenda":"FE","Campo":"FE 16","produtividade":195.56100010967998,"unidade_produtividade":"sc/ha","pontos_originais":25,"ano":"2026","cultura":"Milho"}},{"type":"Feature","geometry":{"type":"Point","coordinates":[-52.209946799054926,-10.30910320858522]},"properties":{"Fazenda":"FE","Campo":"FE 16","produtividade":176.19923882967998,"unidade_produtividade":"sc/ha","pontos_originais":25,"ano":"2026","cultura":"Milho"}},{"type":"Feature","geometry":{"type":"Point","coordinates":[-52.210152250507385,-10.309102439521432]},"properties":{"Fazenda":"FE","Campo":"FE 16","produtividade":175.16852421155002,"unidade_produtividade":"sc/ha","pontos_originais":20,"ano":"2026","cultura":"Milho"}},{"type":"Feature","geometry":{"type":"Point","coordinates":[-52.209718519644674,-10.309104062950166]},"properties":{"Fazenda":"FE","Campo":"FE 16","produtividade":179.42871303728003,"unidade_produtividade":"sc/ha","pontos_originais":25,"ano":"2026","cultura":"Milho"}},{"type":"Feature","geometry":{"type":"Point","coordinates":[-52.207892283645116,-10.309110892069635]},"properties":{"Fazenda":"FE","Campo":"FE 16","produtividade":196.75837576023997,"unidade_produtividade":"sc/ha","pontos_originais":25,"ano":"2026","cultura":"Milho"}},{"type":"Feature","geometry":{"type":"Point","coordinates":[-52.2076640040555,-10.309111744984552]},"properties":{"Fazenda":"FE","Campo":"FE 16","produtividade":197.76368955284,"unidade_produtividade":"sc/ha","pontos_originais":25,"ano":"2026","cultura":"Milho"}},{"type":"Feature","geometry":{"type":"Point","coordinates":[-52.20743572444601,-10.309112597738357]},"properties":{"Fazenda":"FE","Campo":"FE 16","produtividade":199.15155434236004,"unidade_produtividade":"sc/ha","pontos_originais":25,"ano":"2026","cultura":"Milho"}},{"type":"Feature","geometry":{"type":"Point","coordinates":[-52.20857712229439,-10.30910833235819]},"properties":{"Fazenda":"FE","Campo":"FE 16","produtividade":199.25042288052006,"unidade_produtividade":"sc/ha","pontos_originais":25,"ano":"2026","cultura":"Milho"}},{"type":"Feature","geometry":{"type":"Point","coordinates":[-52.208348842764536,-10.309109185756451]},"properties":{"Fazenda":"FE","Campo":"FE 16","produtividade":200.56143225,"unidade_produtividade":"sc/ha","pontos_originais":25,"ano":"2026","cultura":"Milho"}},{"type":"Feature","geometry":{"type":"Point","coordinates":[-52.2081205632148,-10.309110038993602]},"properties":{"Fazenda":"FE","Campo":"FE 16","produtividade":198.05899670224,"unidade_produtividade":"sc/ha","pontos_originais":25,"ano":"2026","cultura":"Milho"}},{"type":"Feature","geometry":{"type":"Point","coordinates":[-52.20058732692217,-10.309138105433922]},"properties":{"Fazenda":"FE","Campo":"FE 16","produtividade":191.3453978676,"unidade_produtividade":"sc/ha","pontos_originais":25,"ano":"2026","cultura":"Milho"}},{"type":"Feature","geometry":{"type":"Point","coordinates":[-52.200359046697386,-10.309138953193145]},"properties":{"Fazenda":"FE","Campo":"FE 16","produtividade":194.71692076211994,"unidade_produtividade":"sc/ha","pontos_originais":25,"ano":"2026","cultura":"Milho"}},{"type":"Feature","geometry":{"type":"Point","coordinates":[-52.20013076645279,-10.309139800791252]},"properties":{"Fazenda":"FE","Campo":"FE 16","produtividade":196.35176958443998,"unidade_produtividade":"sc/ha","pontos_originais":25,"ano":"2026","cultura":"Milho"}},{"type":"Feature","geometry":{"type":"Point","coordinates":[-52.199902486188414,-10.309140648228235]},"properties":{"Fazenda":"FE","Campo":"FE 16","produtividade":194.93673457216,"unidade_produtividade":"sc/ha","pontos_originais":25,"ano":"2026","cultura":"Milho"}},{"type":"Feature","geometry":{"type":"Point","coordinates":[-52.20127216747781,-10.30913556118956]},"properties":{"Fazenda":"FE","Campo":"FE 16","produtividade":174.96393555840004,"unidade_produtividade":"sc/ha","pontos_originais":25,"ano":"2026","cultura":"Milho"}},{"type":"Feature","geometry":{"type":"Point","coordinates":[-52.2010438873124,-10.309136409432128]},"properties":{"Fazenda":"FE","Campo":"FE 16","produtividade":178.82060020744,"unidade_produtividade":"sc/ha","pontos_originais":25,"ano":"2026","cultura":"Milho"}},{"type":"Feature","geometry":{"type":"Point","coordinates":[-52.20081560712719,-10.309137257513582]},"properties":{"Fazenda":"FE","Campo":"FE 16","produtividade":186.40883084179998,"unidade_produtividade":"sc/ha","pontos_originais":25,"ano":"2026","cultura":"Milho"}},{"type":"Feature","geometry":{"type":"Point","coordinates":[-52.19898936493315,-10.309144036365028]},"properties":{"Fazenda":"FE","Campo":"FE 16","produtividade":176.55153636775998,"unidade_produtividade":"sc/ha","pontos_originais":25,"ano":"2026","cultura":"Milho"}},{"type":"Feature","geometry":{"type":"Point","coordinates":[-52.19921764527662,-10.309143189572506]},"properties":{"Fazenda":"FE","Campo":"FE 16","produtividade":173.26148738584,"unidade_produtividade":"sc/ha","pontos_originais":25,"ano":"2026","cultura":"Milho"}},{"type":"Feature","geometry":{"type":"Point","coordinates":[-52.198761084569895,-10.30914488299643]},"properties":{"Fazenda":"FE","Campo":"FE 16","produtividade":179.39046027016005,"unidade_produtividade":"sc/ha","pontos_originais":25,"ano":"2026","cultura":"Milho"}},{"type":"Feature","geometry":{"type":"Point","coordinates":[-52.19853280418689,-10.309145729466717]},"properties":{"Fazenda":"FE","Campo":"FE 16","produtividade":175.82625349848,"unidade_produtividade":"sc/ha","pontos_originais":25,"ano":"2026","cultura":"Milho"}},{"type":"Feature","geometry":{"type":"Point","coordinates":[-52.199674205904245,-10.309141495504111]},"properties":{"Fazenda":"FE","Campo":"FE 16","produtividade":188.26108668396003,"unidade_produtividade":"sc/ha","pontos_originais":25,"ano":"2026","cultura":"Milho"}},{"type":"Feature","geometry":{"type":"Point","coordinates":[-52.19944592560032,-10.309142342618868]},"properties":{"Fazenda":"FE","Campo":"FE 16","produtividade":178.64538658772,"unidade_produtividade":"sc/ha","pontos_originais":25,"ano":"2026","cultura":"Milho"}},{"type":"Feature","geometry":{"type":"Point","coordinates":[-52.203554968042134,-10.309127069902452]},"properties":{"Fazenda":"FE","Campo":"FE 16","produtividade":191.63909130128002,"unidade_produtividade":"sc/ha","pontos_originais":25,"ano":"2026","cultura":"Milho"}},{"type":"Feature","geometry":{"type":"Point","coordinates":[-52.20332668807493,-10.309127919756184]},"properties":{"Fazenda":"FE","Campo":"FE 16","produtividade":188.64737050291998,"unidade_produtividade":"sc/ha","pontos_originais":25,"ano":"2026","cultura":"Milho"}},{"type":"Feature","geometry":{"type":"Point","coordinates":[-52.20309840808787,-10.309128769448803]},"properties":{"Fazenda":"FE","Campo":"FE 16","produtividade":186.16830237872003,"unidade_produtividade":"sc/ha","pontos_originais":25,"ano":"2026","cultura":"Milho"}},{"type":"Feature","geometry":{"type":"Point","coordinates":[-52.20287012808101,-10.309129618980299]},"properties":{"Fazenda":"FE","Campo":"FE 16","produtividade":184.41492355679998,"unidade_produtividade":"sc/ha","pontos_originais":25,"ano":"2026","cultura":"Milho"}},{"type":"Feature","geometry":{"type":"Point","coordinates":[-52.204011527917054,-10.309125369711639]},"properties":{"Fazenda":"FE","Campo":"FE 16","produtividade":196.44718308867996,"unidade_produtividade":"sc/ha","pontos_originais":25,"ano":"2026","cultura":"Milho"}},{"type":"Feature","geometry":{"type":"Point","coordinates":[-52.203783247989506,-10.309126219887606]},"properties":{"Fazenda":"FE","Campo":"FE 16","produtividade":193.02257509647995,"unidade_produtividade":"sc/ha","pontos_originais":25,"ano":"2026","cultura":"Milho"}},{"type":"Feature","geometry":{"type":"Point","coordinates":[-52.20195700785521,-10.309133015495144]},"properties":{"Fazenda":"FE","Campo":"FE 16","produtividade":183.78678453608,"unidade_produtividade":"sc/ha","pontos_originais":25,"ano":"2026","cultura":"Milho"}},{"type":"Feature","geometry":{"type":"Point","coordinates":[-52.20218528794139,-10.309132166608109]},"properties":{"Fazenda":"FE","Campo":"FE 16","produtividade":178.32063884547995,"unidade_produtividade":"sc/ha","pontos_originais":25,"ano":"2026","cultura":"Milho"}},{"type":"Feature","geometry":{"type":"Point","coordinates":[-52.201728727749234,-10.309133864221064]},"properties":{"Fazenda":"FE","Campo":"FE 16","produtividade":183.56729657928,"unidade_produtividade":"sc/ha","pontos_originais":25,"ano":"2026","cultura":"Milho"}},{"type":"Feature","geometry":{"type":"Point","coordinates":[-52.201500447623424,-10.309134712785868]},"properties":{"Fazenda":"FE","Campo":"FE 16","produtividade":178.69199773783998,"unidade_produtividade":"sc/ha","pontos_originais":25,"ano":"2026","cultura":"Milho"}},{"type":"Feature","geometry":{"type":"Point","coordinates":[-52.2026418480543,-10.309130468350686]},"properties":{"Fazenda":"FE","Campo":"FE 16","produtividade":180.22411090036,"unidade_produtividade":"sc/ha","pontos_originais":25,"ano":"2026","cultura":"Milho"}},{"type":"Feature","geometry":{"type":"Point","coordinates":[-52.20241356800775,-10.309131317559954]},"properties":{"Fazenda":"FE","Campo":"FE 16","produtividade":176.01136782607998,"unidade_produtividade":"sc/ha","pontos_originais":25,"ano":"2026","cultura":"Milho"}},{"type":"Feature","geometry":{"type":"Point","coordinates":[-52.19761968245735,-10.30914911373669]},"properties":{"Fazenda":"FE","Campo":"FE 16","produtividade":108.55431790804,"unidade_produtividade":"sc/ha","pontos_originais":25,"ano":"2026","cultura":"Milho"}},{"type":"Feature","geometry":{"type":"Point","coordinates":[-52.197469742765556,-10.309169046090304]},"properties":{"Fazenda":"FE","Campo":"FE 16","produtividade":103.71621854114288,"unidade_produtividade":"sc/ha","pontos_originais":7,"ano":"2026","cultura":"Milho"}},{"type":"Feature","geometry":{"type":"Point","coordinates":[-52.19830452378414,-10.30914657577589]},"properties":{"Fazenda":"FE","Campo":"FE 16","produtividade":167.21661291104,"unidade_produtividade":"sc/ha","pontos_originais":25,"ano":"2026","cultura":"Milho"}},{"type":"Feature","geometry":{"type":"Point","coordinates":[-52.198076243361626,-10.30914742192394]},"properties":{"Fazenda":"FE","Campo":"FE 16","produtividade":152.28083773072004,"unidade_produtividade":"sc/ha","pontos_originais":25,"ano":"2026","cultura":"Milho"}},{"type":"Feature","geometry":{"type":"Point","coordinates":[-52.19784796291937,-10.309148267910876]},"properties":{"Fazenda":"FE","Campo":"FE 16","produtividade":128.47874644692,"unidade_produtividade":"sc/ha","pontos_originais":25,"ano":"2026","cultura":"Milho"}},{"type":"Feature","geometry":{"type":"Point","coordinates":[-52.197634087769195,-10.308933761733794]},"properties":{"Fazenda":"FE","Campo":"FE 16","produtividade":116.82294229209525,"unidade_produtividade":"sc/ha","pontos_originais":21,"ano":"2026","cultura":"Milho"}},{"type":"Feature","geometry":{"type":"Point","coordinates":[-52.19784710871548,-10.30892220752642]},"properties":{"Fazenda":"FE","Campo":"FE 16","produtividade":139.24873464100006,"unidade_produtividade":"sc/ha","pontos_originais":25,"ano":"2026","cultura":"Milho"}},{"type":"Feature","geometry":{"type":"Point","coordinates":[-52.21017421545588,-10.308876294702715]},"properties":{"Fazenda":"FE","Campo":"FE 16","produtividade":178.81951944908005,"unidade_produtividade":"sc/ha","pontos_originais":25,"ano":"2026","cultura":"Milho"}},{"type":"Feature","geometry":{"type":"Point","coordinates":[-52.209945936228266,-10.308877149209641]},"properties":{"Fazenda":"FE","Campo":"FE 16","produtividade":181.08056843000003,"unidade_produtividade":"sc/ha","pontos_originais":25,"ano":"2026","cultura":"Milho"}},{"type":"Feature","geometry":{"type":"Point","coordinates":[-52.19853194949493,-10.308919669139096]},"properties":{"Fazenda":"FE","Campo":"FE 16","produtividade":180.09033506880002,"unidade_produtividade":"sc/ha","pontos_originais":25,"ano":"2026","cultura":"Milho"}},{"type":"Feature","geometry":{"type":"Point","coordinates":[-52.198303669254855,-10.308920515429318]},"properties":{"Fazenda":"FE","Campo":"FE 16","produtividade":178.12184575019998,"unidade_produtividade":"sc/ha","pontos_originais":25,"ano":"2026","cultura":"Milho"}},{"type":"Feature","geometry":{"type":"Point","coordinates":[-52.19807538899505,-10.308921361558424]},"properties":{"Fazenda":"FE","Campo":"FE 16","produtividade":168.74966829127996,"unidade_produtividade":"sc/ha","pontos_originais":25,"ano":"2026","cultura":"Milho"}},{"type":"Feature","geometry":{"type":"Point","coordinates":[-52.20903281911843,-10.30888056562625]},"properties":{"Fazenda":"FE","Campo":"FE 16","produtividade":197.40683925832002,"unidade_produtividade":"sc/ha","pontos_originais":25,"ano":"2026","cultura":"Milho"}},{"type":"Feature","geometry":{"type":"Point","coordinates":[-52.208804539791124,-10.308881419327626]},"properties":{"Fazenda":"FE","Campo":"FE 16","produtividade":198.79875777524,"unidade_produtividade":"sc/ha","pontos_originais":25,"ano":"2026","cultura":"Milho"}},{"type":"Feature","geometry":{"type":"Point","coordinates":[-52.20857626044389,-10.30888227286789]},"properties":{"Fazenda":"FE","Campo":"FE 16","produtividade":198.38809999255997,"unidade_produtividade":"sc/ha","pontos_originais":25,"ano":"2026","cultura":"Milho"}},{"type":"Feature","geometry":{"type":"Point","coordinates":[-52.208347981076734,-10.308883126247046]},"properties":{"Fazenda":"FE","Campo":"FE 16","produtividade":198.48483740812,"unidade_produtividade":"sc/ha","pontos_originais":25,"ano":"2026","cultura":"Milho"}},{"type":"Feature","geometry":{"type":"Point","coordinates":[-52.20971765698072,-10.308878003555458]},"properties":{"Fazenda":"FE","Campo":"FE 16","produtividade":183.25549461164,"unidade_produtividade":"sc/ha","pontos_originais":25,"ano":"2026","cultura":"Milho"}},{"type":"Feature","geometry":{"type":"Point","coordinates":[-52.209489377713226,-10.308878857740167]},"properties":{"Fazenda":"FE","Campo":"FE 16","produtividade":183.85983786376005,"unidade_produtividade":"sc/ha","pontos_originais":25,"ano":"2026","cultura":"Milho"}},{"type":"Feature","geometry":{"type":"Point","coordinates":[-52.209261098425806,-10.308879711763764]},"properties":{"Fazenda":"FE","Campo":"FE 16","produtividade":191.7008712378,"unidade_produtividade":"sc/ha","pontos_originais":25,"ano":"2026","cultura":"Milho"}},{"type":"Feature","geometry":{"type":"Point","coordinates":[-52.200586470765955,-10.308912045277005]},"properties":{"Fazenda":"FE","Campo":"FE 16","produtividade":190.84460031391998,"unidade_produtividade":"sc/ha","pontos_originais":25,"ano":"2026","cultura":"Milho"}},{"type":"Feature","geometry":{"type":"Point","coordinates":[-52.200814750808256,-10.30891119737565]},"properties":{"Fazenda":"FE","Campo":"FE 16","produtividade":188.23435046095994,"unidade_produtividade":"sc/ha","pontos_originais":25,"ano":"2026","cultura":"Milho"}},{"type":"Feature","geometry":{"type":"Point","coordinates":[-52.200358190703845,-10.308912893017244]},"properties":{"Fazenda":"FE","Campo":"FE 16","produtividade":191.09570593076,"unidade_produtividade":"sc/ha","pontos_originais":25,"ano":"2026","cultura":"Milho"}},{"type":"Feature","geometry":{"type":"Point","coordinates":[-52.20012991062194,-10.308913740596372]},"properties":{"Fazenda":"FE","Campo":"FE 16","produtividade":189.3002411484,"unidade_produtividade":"sc/ha","pontos_originais":25,"ano":"2026","cultura":"Milho"}},{"type":"Feature","geometry":{"type":"Point","coordinates":[-52.2012713108335,-10.308909501089602]},"properties":{"Fazenda":"FE","Campo":"FE 16","produtividade":186.26404314987994,"unidade_produtividade":"sc/ha","pontos_originais":25,"ano":"2026","cultura":"Milho"}},{"type":"Feature","geometry":{"type":"Point","coordinates":[-52.201499590816404,-10.308908652704911]},"properties":{"Fazenda":"FE","Campo":"FE 16","produtividade":179.85750692068007,"unidade_produtividade":"sc/ha","pontos_originais":25,"ano":"2026","cultura":"Milho"}},{"type":"Feature","geometry":{"type":"Point","coordinates":[-52.20104303083079,-10.308910349313186]},"properties":{"Fazenda":"FE","Campo":"FE 16","produtividade":186.96585469011998,"unidade_produtividade":"sc/ha","pontos_originais":25,"ano":"2026","cultura":"Milho"}},{"type":"Feature","geometry":{"type":"Point","coordinates":[-52.19921679009655,-10.30891712930175]},"properties":{"Fazenda":"FE","Campo":"FE 16","produtividade":176.37567669627998,"unidade_produtividade":"sc/ha","pontos_originais":25,"ano":"2026","cultura":"Milho"}},{"type":"Feature","geometry":{"type":"Point","coordinates":[-52.19898850991578,-10.308917976075316]},"properties":{"Fazenda":"FE","Campo":"FE 16","produtividade":176.22756332216002,"unidade_produtividade":"sc/ha","pontos_originais":25,"ano":"2026","cultura":"Milho"}},{"type":"Feature","geometry":{"type":"Point","coordinates":[-52.198760229715226,-10.30891882268776]},"properties":{"Fazenda":"FE","Campo":"FE 16","produtividade":180.02426461347997,"unidade_produtividade":"sc/ha","pontos_originais":25,"ano":"2026","cultura":"Milho"}},{"type":"Feature","geometry":{"type":"Point","coordinates":[-52.19990163052028,-10.308914588014385]},"properties":{"Fazenda":"FE","Campo":"FE 16","produtividade":187.94936176187994,"unidade_produtividade":"sc/ha","pontos_originais":25,"ano":"2026","cultura":"Milho"}},{"type":"Feature","geometry":{"type":"Point","coordinates":[-52.199673350398804,-10.308915435271288]},"properties":{"Fazenda":"FE","Campo":"FE 16","produtividade":185.10956067104001,"unidade_produtividade":"sc/ha","pontos_originais":25,"ano":"2026","cultura":"Milho"}},{"type":"Feature","geometry":{"type":"Point","coordinates":[-52.19944507025756,-10.308916282367077]},"properties":{"Fazenda":"FE","Campo":"FE 16","produtividade":180.37705481904,"unidade_produtividade":"sc/ha","pontos_originais":25,"ano":"2026","cultura":"Milho"}},{"type":"Feature","geometry":{"type":"Point","coordinates":[-52.20469550849579,-10.308896758402419]},"properties":{"Fazenda":"FE","Campo":"FE 16","produtividade":194.7249377414,"unidade_produtividade":"sc/ha","pontos_originais":25,"ano":"2026","cultura":"Milho"}},{"type":"Feature","geometry":{"type":"Point","coordinates":[-52.20446722879053,-10.308897609042683]},"properties":{"Fazenda":"FE","Campo":"FE 16","produtividade":197.65201095336,"unidade_produtividade":"sc/ha","pontos_originais":25,"ano":"2026","cultura":"Milho"}},{"type":"Feature","geometry":{"type":"Point","coordinates":[-52.20423894906538,-10.308898459521835]},"properties":{"Fazenda":"FE","Campo":"FE 16","produtividade":202.46460813892,"unidade_produtividade":"sc/ha","pontos_originais":25,"ano":"2026","cultura":"Milho"}},{"type":"Feature","geometry":{"type":"Point","coordinates":[-52.2040106693204,-10.308899309839873]},"properties":{"Fazenda":"FE","Campo":"FE 16","produtividade":195.48805139432002,"unidade_produtividade":"sc/ha","pontos_originais":25,"ano":"2026","cultura":"Milho"}},{"type":"Feature","geometry":{"type":"Point","coordinates":[-52.20538034749246,-10.308894205514957]},"properties":{"Fazenda":"FE","Campo":"FE 16","produtividade":196.2211660508,"unidade_produtividade":"sc/ha","pontos_originais":25,"ano":"2026","cultura":"Milho"}},{"type":"Feature","geometry":{"type":"Point","coordinates":[-52.205152067846775,-10.308895056638557]},"properties":{"Fazenda":"FE","Campo":"FE 16","produtividade":198.03094929103997,"unidade_produtividade":"sc/ha","pontos_originais":25,"ano":"2026","cultura":"Milho"}},{"type":"Feature","geometry":{"type":"Point","coordinates":[-52.204923788181205,-10.308895907601043]},"properties":{"Fazenda":"FE","Campo":"FE 16","produtividade":197.83061175035996,"unidade_produtividade":"sc/ha","pontos_originais":25,"ano":"2026","cultura":"Milho"}},{"type":"Feature","geometry":{"type":"Point","coordinates":[-52.20309755014201,-10.308902709500913]},"properties":{"Fazenda":"FE","Campo":"FE 16","produtividade":181.33564366028003,"unidade_produtividade":"sc/ha","pontos_originais":25,"ano":"2026","cultura":"Milho"}},{"type":"Feature","geometry":{"type":"Point","coordinates":[-52.20332582996637,-10.308901859827325]},"properties":{"Fazenda":"FE","Campo":"FE 16","produtividade":188.03712301628,"unidade_produtividade":"sc/ha","pontos_originais":25,"ano":"2026","cultura":"Milho"}},{"type":"Feature","geometry":{"type":"Point","coordinates":[-52.20286927029784,-10.308903559013395]},"properties":{"Fazenda":"FE","Campo":"FE 16","produtividade":175.82645706840006,"unidade_produtividade":"sc/ha","pontos_originais":25,"ano":"2026","cultura":"Milho"}},{"type":"Feature","geometry":{"type":"Point","coordinates":[-52.20264099043383,-10.308904408364763]},"properties":{"Fazenda":"FE","Campo":"FE 16","produtividade":174.59071838368004,"unidade_produtividade":"sc/ha","pontos_originais":25,"ano":"2026","cultura":"Milho"}},{"type":"Feature","geometry":{"type":"Point","coordinates":[-52.20378238955557,-10.308900159996803]},"properties":{"Fazenda":"FE","Campo":"FE 16","produtividade":188.54217362624001,"unidade_produtividade":"sc/ha","pontos_originais":25,"ano":"2026","cultura":"Milho"}},{"type":"Feature","geometry":{"type":"Point","coordinates":[-52.20355410977089,-10.308901009992617]},"properties":{"Fazenda":"FE","Campo":"FE 16","produtividade":189.13292787936004,"unidade_produtividade":"sc/ha","pontos_originais":25,"ano":"2026","cultura":"Milho"}},{"type":"Feature","geometry":{"type":"Point","coordinates":[-52.20743486340898,-10.308886538152557]},"properties":{"Fazenda":"FE","Campo":"FE 16","produtividade":201.64829841444003,"unidade_produtividade":"sc/ha","pontos_originais":25,"ano":"2026","cultura":"Milho"}},{"type":"Feature","geometry":{"type":"Point","coordinates":[-52.20766314285578,-10.308885685417845]},"properties":{"Fazenda":"FE","Campo":"FE 16","produtividade":199.50546913035998,"unidade_produtividade":"sc/ha","pontos_originais":25,"ano":"2026","cultura":"Milho"}},{"type":"Feature","geometry":{"type":"Point","coordinates":[-52.20720658394226,-10.308887390726156]},"properties":{"Fazenda":"FE","Campo":"FE 16","produtividade":200.98491423079997,"unidade_produtividade":"sc/ha","pontos_originais":25,"ano":"2026","cultura":"Milho"}},{"type":"Feature","geometry":{"type":"Point","coordinates":[-52.20697830445565,-10.308888243138645]},"properties":{"Fazenda":"FE","Campo":"FE 16","produtividade":197.66763918575998,"unidade_produtividade":"sc/ha","pontos_originais":25,"ano":"2026","cultura":"Milho"}},{"type":"Feature","geometry":{"type":"Point","coordinates":[-52.20811970168967,-10.30888397946509]},"properties":{"Fazenda":"FE","Campo":"FE 16","produtividade":196.65559556952002,"unidade_produtividade":"sc/ha","pontos_originais":25,"ano":"2026","cultura":"Milho"}},{"type":"Feature","geometry":{"type":"Point","coordinates":[-52.207891422282685,-10.308884832522024]},"properties":{"Fazenda":"FE","Campo":"FE 16","produtividade":196.87854492179997,"unidade_produtividade":"sc/ha","pontos_originais":25,"ano":"2026","cultura":"Milho"}},{"type":"Feature","geometry":{"type":"Point","coordinates":[-52.20606518631027,-10.308891651177492]},"properties":{"Fazenda":"FE","Campo":"FE 16","produtividade":193.77154841520002,"unidade_produtividade":"sc/ha","pontos_originais":25,"ano":"2026","cultura":"Milho"}},{"type":"Feature","geometry":{"type":"Point","coordinates":[-52.205836906724215,-10.308892502784424]},"properties":{"Fazenda":"FE","Campo":"FE 16","produtividade":191.06509198352,"unidade_produtividade":"sc/ha","pontos_originais":25,"ano":"2026","cultura":"Milho"}},{"type":"Feature","geometry":{"type":"Point","coordinates":[-52.20560862711827,-10.308893354230246]},"properties":{"Fazenda":"FE","Campo":"FE 16","produtividade":192.09931623896003,"unidade_produtividade":"sc/ha","pontos_originais":25,"ano":"2026","cultura":"Milho"}},{"type":"Feature","geometry":{"type":"Point","coordinates":[-52.20675002494915,-10.308889095390022]},"properties":{"Fazenda":"FE","Campo":"FE 16","produtividade":196.38043972168006,"unidade_produtividade":"sc/ha","pontos_originais":25,"ano":"2026","cultura":"Milho"}},{"type":"Feature","geometry":{"type":"Point","coordinates":[-52.20652174542274,-10.308889947480292]},"properties":{"Fazenda":"FE","Campo":"FE 16","produtividade":195.68463844195998,"unidade_produtividade":"sc/ha","pontos_originais":25,"ano":"2026","cultura":"Milho"}},{"type":"Feature","geometry":{"type":"Point","coordinates":[-52.20629346587644,-10.308890799409449]},"properties":{"Fazenda":"FE","Campo":"FE 16","produtividade":194.73293492916,"unidade_produtividade":"sc/ha","pontos_originais":25,"ano":"2026","cultura":"Milho"}},{"type":"Feature","geometry":{"type":"Point","coordinates":[-52.201727870779514,-10.30890780415911]},"properties":{"Fazenda":"FE","Campo":"FE 16","produtividade":178.35001016799998,"unidade_produtividade":"sc/ha","pontos_originais":25,"ano":"2026","cultura":"Milho"}},{"type":"Feature","geometry":{"type":"Point","coordinates":[-52.20241271054997,-10.308905257555017]},"properties":{"Fazenda":"FE","Campo":"FE 16","produtividade":178.54434027552006,"unidade_produtividade":"sc/ha","pontos_originais":25,"ano":"2026","cultura":"Milho"}},{"type":"Feature","geometry":{"type":"Point","coordinates":[-52.202184430646305,-10.30890610658416]},"properties":{"Fazenda":"FE","Campo":"FE 16","produtividade":183.23110439060005,"unidade_produtividade":"sc/ha","pontos_originais":25,"ano":"2026","cultura":"Milho"}},{"type":"Feature","geometry":{"type":"Point","coordinates":[-52.201956150722815,-10.308906955452189]},"properties":{"Fazenda":"FE","Campo":"FE 16","produtividade":182.82458232875996,"unidade_produtividade":"sc/ha","pontos_originais":25,"ano":"2026","cultura":"Milho"}},{"type":"Feature","geometry":{"type":"Point","coordinates":[-52.20926541031802,-10.310010008896274]},"properties":{"Fazenda":"FE","Campo":"FE 16","produtividade":184.50701632672008,"unidade_produtividade":"sc/ha","pontos_originais":25,"ano":"2026","cultura":"Milho"}},{"type":"Feature","geometry":{"type":"Point","coordinates":[-52.20949369041894,-10.310009154777067]},"properties":{"Fazenda":"FE","Campo":"FE 16","produtividade":184.05810153588,"unidade_produtividade":"sc/ha","pontos_originais":25,"ano":"2026","cultura":"Milho"}},{"type":"Feature","geometry":{"type":"Point","coordinates":[-52.20903713019716,-10.310010862854352]},"properties":{"Fazenda":"FE","Campo":"FE 16","produtividade":189.01103261452005,"unidade_produtividade":"sc/ha","pontos_originais":25,"ano":"2026","cultura":"Milho"}},{"type":"Feature","geometry":{"type":"Point","coordinates":[-52.20880885005636,-10.310011716651301]},"properties":{"Fazenda":"FE","Campo":"FE 16","produtividade":193.45135272256005,"unidade_produtividade":"sc/ha","pontos_originais":25,"ano":"2026","cultura":"Milho"}},{"type":"Feature","geometry":{"type":"Point","coordinates":[-52.19814030811645,-10.309991154955322]},"properties":{"Fazenda":"FE","Campo":"FE 16","produtividade":130.95402319916667,"unidade_produtividade":"sc/ha","pontos_originais":6,"ano":"2026","cultura":"Milho"}},{"type":"Feature","geometry":{"type":"Point","coordinates":[-52.20995025056098,-10.310007446055263]},"properties":{"Fazenda":"FE","Campo":"FE 16","produtividade":174.63028021848,"unidade_produtividade":"sc/ha","pontos_originais":25,"ano":"2026","cultura":"Milho"}},{"type":"Feature","geometry":{"type":"Point","coordinates":[-52.198311732540645,-10.310047035352792]},"properties":{"Fazenda":"FE","Campo":"FE 16","produtividade":141.02517081933334,"unidade_produtividade":"sc/ha","pontos_originais":24,"ano":"2026","cultura":"Milho"}},{"type":"Feature","geometry":{"type":"Point","coordinates":[-52.20972197049994,-10.31000830049673]},"properties":{"Fazenda":"FE","Campo":"FE 16","produtividade":178.18361013624,"unidade_produtividade":"sc/ha","pontos_originais":25,"ano":"2026","cultura":"Milho"}},{"type":"Feature","geometry":{"type":"Point","coordinates":[-52.20789572929393,-10.310015130227816]},"properties":{"Fazenda":"FE","Campo":"FE 16","produtividade":189.30373788588,"unidade_produtividade":"sc/ha","pontos_originais":25,"ano":"2026","cultura":"Milho"}},{"type":"Feature","geometry":{"type":"Point","coordinates":[-52.207667449053524,-10.310015983219124]},"properties":{"Fazenda":"FE","Campo":"FE 16","produtividade":190.40514586964002,"unidade_produtividade":"sc/ha","pontos_originais":25,"ano":"2026","cultura":"Milho"}},{"type":"Feature","geometry":{"type":"Point","coordinates":[-52.207439168793215,-10.310016836049298]},"properties":{"Fazenda":"FE","Campo":"FE 16","produtividade":194.47467397099993,"unidade_produtividade":"sc/ha","pontos_originais":25,"ano":"2026","cultura":"Milho"}},{"type":"Feature","geometry":{"type":"Point","coordinates":[-52.20721088851299,-10.310017688718348]},"properties":{"Fazenda":"FE","Campo":"FE 16","produtividade":196.69307081263997,"unidade_produtividade":"sc/ha","pontos_originais":25,"ano":"2026","cultura":"Milho"}},{"type":"Feature","geometry":{"type":"Point","coordinates":[-52.208580569895624,-10.310012570287121]},"properties":{"Fazenda":"FE","Campo":"FE 16","produtividade":197.14974741352,"unidade_produtividade":"sc/ha","pontos_originais":25,"ano":"2026","cultura":"Milho"}},{"type":"Feature","geometry":{"type":"Point","coordinates":[-52.20835228971499,-10.310013423761816]},"properties":{"Fazenda":"FE","Campo":"FE 16","produtividade":197.57982633204,"unidade_produtividade":"sc/ha","pontos_originais":25,"ano":"2026","cultura":"Milho"}},{"type":"Feature","geometry":{"type":"Point","coordinates":[-52.20812400951441,-10.310014277075382]},"properties":{"Fazenda":"FE","Campo":"FE 16","produtividade":192.73938247783997,"unidade_produtividade":"sc/ha","pontos_originais":25,"ano":"2026","cultura":"Milho"}},{"type":"Feature","geometry":{"type":"Point","coordinates":[-52.20036247086939,-10.310043193864493]},"properties":{"Fazenda":"FE","Campo":"FE 16","produtividade":178.64110596467998,"unidade_produtividade":"sc/ha","pontos_originais":25,"ano":"2026","cultura":"Milho"}},{"type":"Feature","geometry":{"type":"Point","coordinates":[-52.20013418997398,-10.31004404153851]},"properties":{"Fazenda":"FE","Campo":"FE 16","produtividade":179.57647228456,"unidade_produtividade":"sc/ha","pontos_originais":25,"ano":"2026","cultura":"Milho"}},{"type":"Feature","geometry":{"type":"Point","coordinates":[-52.199905909058806,-10.310044889051396]},"properties":{"Fazenda":"FE","Campo":"FE 16","produtividade":180.0207749444,"unidade_produtividade":"sc/ha","pontos_originais":25,"ano":"2026","cultura":"Milho"}},{"type":"Feature","geometry":{"type":"Point","coordinates":[-52.19967762812381,-10.310045736403149]},"properties":{"Fazenda":"FE","Campo":"FE 16","produtividade":181.83982273652,"unidade_produtividade":"sc/ha","pontos_originais":25,"ano":"2026","cultura":"Milho"}},{"type":"Feature","geometry":{"type":"Point","coordinates":[-52.201047313436874,-10.310040649875656]},"properties":{"Fazenda":"FE","Campo":"FE 16","produtividade":179.69249441584,"unidade_produtividade":"sc/ha","pontos_originais":25,"ano":"2026","cultura":"Milho"}},{"type":"Feature","geometry":{"type":"Point","coordinates":[-52.201275594253104,-10.310039801557117]},"properties":{"Fazenda":"FE","Campo":"FE 16","produtividade":182.99447768432003,"unidade_produtividade":"sc/ha","pontos_originais":25,"ano":"2026","cultura":"Milho"}},{"type":"Feature","geometry":{"type":"Point","coordinates":[-52.20081903260085,-10.310041498033065]},"properties":{"Fazenda":"FE","Campo":"FE 16","produtividade":179.75942156124006,"unidade_produtividade":"sc/ha","pontos_originais":25,"ano":"2026","cultura":"Milho"}},{"type":"Feature","geometry":{"type":"Point","coordinates":[-52.200590751745004,-10.310042346029345]},"properties":{"Fazenda":"FE","Campo":"FE 16","produtividade":178.53869262392004,"unidade_produtividade":"sc/ha","pontos_originais":25,"ano":"2026","cultura":"Milho"}},{"type":"Feature","geometry":{"type":"Point","coordinates":[-52.19899278520027,-10.310048277491628]},"properties":{"Fazenda":"FE","Campo":"FE 16","produtividade":166.29558484056,"unidade_produtividade":"sc/ha","pontos_originais":25,"ano":"2026","cultura":"Milho"}},{"type":"Feature","geometry":{"type":"Point","coordinates":[-52.19876450418621,-10.310049124198853]},"properties":{"Fazenda":"FE","Campo":"FE 16","produtividade":157.58255264579998,"unidade_produtividade":"sc/ha","pontos_originais":25,"ano":"2026","cultura":"Milho"}},{"type":"Feature","geometry":{"type":"Point","coordinates":[-52.19853622315239,-10.310049970744954]},"properties":{"Fazenda":"FE","Campo":"FE 16","produtividade":155.59015093000002,"unidade_produtividade":"sc/ha","pontos_originais":25,"ano":"2026","cultura":"Milho"}},{"type":"Feature","geometry":{"type":"Point","coordinates":[-52.19944934716909,-10.310046583593776]},"properties":{"Fazenda":"FE","Campo":"FE 16","produtividade":187.17641172351995,"unidade_produtividade":"sc/ha","pontos_originais":25,"ano":"2026","cultura":"Milho"}},{"type":"Feature","geometry":{"type":"Point","coordinates":[-52.19922106619457,-10.310047430623264]},"properties":{"Fazenda":"FE","Campo":"FE 16","produtividade":183.30012307556,"unidade_produtividade":"sc/ha","pontos_originais":25,"ano":"2026","cultura":"Milho"}},{"type":"Feature","geometry":{"type":"Point","coordinates":[-52.20355840132557,-10.310031309509531]},"properties":{"Fazenda":"FE","Campo":"FE 16","produtividade":184.39313662748,"unidade_produtividade":"sc/ha","pontos_originais":25,"ano":"2026","cultura":"Milho"}},{"type":"Feature","geometry":{"type":"Point","coordinates":[-52.20333012070755,-10.310032159439375]},"properties":{"Fazenda":"FE","Campo":"FE 16","produtividade":184.39408096571995,"unidade_produtividade":"sc/ha","pontos_originais":25,"ano":"2026","cultura":"Milho"}},{"type":"Feature","geometry":{"type":"Point","coordinates":[-52.203101840069685,-10.31003300920809]},"properties":{"Fazenda":"FE","Campo":"FE 16","produtividade":184.49973940892,"unidade_produtividade":"sc/ha","pontos_originais":25,"ano":"2026","cultura":"Milho"}},{"type":"Feature","geometry":{"type":"Point","coordinates":[-52.20287355941199,-10.310033858815673]},"properties":{"Fazenda":"FE","Campo":"FE 16","produtividade":186.44353951315995,"unidade_produtividade":"sc/ha","pontos_originais":25,"ano":"2026","cultura":"Milho"}},{"type":"Feature","geometry":{"type":"Point","coordinates":[-52.20424324306057,-10.310028758753212]},"properties":{"Fazenda":"FE","Campo":"FE 16","produtividade":188.29761829568005,"unidade_produtividade":"sc/ha","pontos_originais":25,"ano":"2026","cultura":"Milho"}},{"type":"Feature","geometry":{"type":"Point","coordinates":[-52.20401496250208,-10.310029609166447]},"properties":{"Fazenda":"FE","Campo":"FE 16","produtividade":185.27583983316003,"unidade_produtividade":"sc/ha","pontos_originais":25,"ano":"2026","cultura":"Milho"}},{"type":"Feature","geometry":{"type":"Point","coordinates":[-52.203786681923745,-10.310030459418554]},"properties":{"Fazenda":"FE","Campo":"FE 16","produtividade":184.15253041199998,"unidade_produtividade":"sc/ha","pontos_originais":25,"ano":"2026","cultura":"Milho"}},{"type":"Feature","geometry":{"type":"Point","coordinates":[-52.20196043658294,-10.31003725563471]},"properties":{"Fazenda":"FE","Campo":"FE 16","produtividade":185.06435754619997,"unidade_produtividade":"sc/ha","pontos_originais":25,"ano":"2026","cultura":"Milho"}},{"type":"Feature","geometry":{"type":"Point","coordinates":[-52.20218871731994,-10.310036406671648]},"properties":{"Fazenda":"FE","Campo":"FE 16","produtividade":186.95041447716005,"unidade_produtividade":"sc/ha","pontos_originais":25,"ano":"2026","cultura":"Milho"}},{"type":"Feature","geometry":{"type":"Point","coordinates":[-52.20173215582615,-10.310038104436641]},"properties":{"Fazenda":"FE","Campo":"FE 16","produtividade":186.39204480548,"unidade_produtividade":"sc/ha","pontos_originais":25,"ano":"2026","cultura":"Milho"}},{"type":"Feature","geometry":{"type":"Point","coordinates":[-52.20150387504951,-10.310038953077445]},"properties":{"Fazenda":"FE","Campo":"FE 16","produtividade":187.40637151491998,"unidade_produtividade":"sc/ha","pontos_originais":25,"ano":"2026","cultura":"Milho"}},{"type":"Feature","geometry":{"type":"Point","coordinates":[-52.202645278734465,-10.31003470826213]},"properties":{"Fazenda":"FE","Campo":"FE 16","produtividade":190.12145916984002,"unidade_produtividade":"sc/ha","pontos_originais":25,"ano":"2026","cultura":"Milho"}},{"type":"Feature","geometry":{"type":"Point","coordinates":[-52.20241699803711,-10.310035557547453]},"properties":{"Fazenda":"FE","Campo":"FE 16","produtividade":190.30949557399998,"unidade_produtividade":"sc/ha","pontos_originais":25,"ano":"2026","cultura":"Milho"}},{"type":"Feature","geometry":{"type":"Point","coordinates":[-52.20652604755296,-10.31002024575872]},"properties":{"Fazenda":"FE","Campo":"FE 16","produtividade":200.96304106699998,"unidade_produtividade":"sc/ha","pontos_originais":25,"ano":"2026","cultura":"Milho"}},{"type":"Feature","geometry":{"type":"Point","coordinates":[-52.20629776719317,-10.31002109778325]},"properties":{"Fazenda":"FE","Campo":"FE 16","produtividade":201.69271129216006,"unidade_produtividade":"sc/ha","pontos_originais":25,"ano":"2026","cultura":"Milho"}},{"type":"Feature","geometry":{"type":"Point","coordinates":[-52.206069486813504,-10.310021949646652]},"properties":{"Fazenda":"FE","Campo":"FE 16","produtividade":202.73594987812,"unidade_produtividade":"sc/ha","pontos_originais":25,"ano":"2026","cultura":"Milho"}},{"type":"Feature","geometry":{"type":"Point","coordinates":[-52.205841206413936,-10.310022801348929]},"properties":{"Fazenda":"FE","Campo":"FE 16","produtividade":201.46446346724,"unidade_produtividade":"sc/ha","pontos_originais":25,"ano":"2026","cultura":"Milho"}},{"type":"Feature","geometry":{"type":"Point","coordinates":[-52.20698260821288,-10.310018541226265]},"properties":{"Fazenda":"FE","Campo":"FE 16","produtividade":197.76461692692,"unidade_produtividade":"sc/ha","pontos_originais":25,"ano":"2026","cultura":"Milho"}},{"type":"Feature","geometry":{"type":"Point","coordinates":[-52.20675432789286,-10.31001939357306]},"properties":{"Fazenda":"FE","Campo":"FE 16","produtividade":199.47530190600003,"unidade_produtividade":"sc/ha","pontos_originais":25,"ano":"2026","cultura":"Milho"}},{"type":"Feature","geometry":{"type":"Point","coordinates":[-52.204928084616924,-10.310026206546727]},"properties":{"Fazenda":"FE","Campo":"FE 16","produtividade":194.86240963932002,"unidade_produtividade":"sc/ha","pontos_originais":25,"ano":"2026","cultura":"Milho"}},{"type":"Feature","geometry":{"type":"Point","coordinates":[-52.205156365095974,-10.310025355488968]},"properties":{"Fazenda":"FE","Campo":"FE 16","produtividade":196.26463246976004,"unidade_produtividade":"sc/ha","pontos_originais":25,"ano":"2026","cultura":"Milho"}},{"type":"Feature","geometry":{"type":"Point","coordinates":[-52.204699804118,-10.310027057443351]},"properties":{"Fazenda":"FE","Campo":"FE 16","produtividade":191.59398147932004,"unidade_produtividade":"sc/ha","pontos_originais":25,"ano":"2026","cultura":"Milho"}},{"type":"Feature","geometry":{"type":"Point","coordinates":[-52.204471523599224,-10.310027908178846]},"properties":{"Fazenda":"FE","Campo":"FE 16","produtividade":189.92937681352004,"unidade_produtividade":"sc/ha","pontos_originais":25,"ano":"2026","cultura":"Milho"}},{"type":"Feature","geometry":{"type":"Point","coordinates":[-52.20561292599448,-10.31002365289007]},"properties":{"Fazenda":"FE","Campo":"FE 16","produtividade":199.76774140552004,"unidade_produtividade":"sc/ha","pontos_originais":25,"ano":"2026","cultura":"Milho"}},{"type":"Feature","geometry":{"type":"Point","coordinates":[-52.20538464555517,-10.310024504270086]},"properties":{"Fazenda":"FE","Campo":"FE 16","produtividade":198.43863057047997,"unidade_produtividade":"sc/ha","pontos_originais":25,"ano":"2026","cultura":"Milho"}},{"type":"Feature","geometry":{"type":"Point","coordinates":[-52.207894867851856,-10.309789070693109]},"properties":{"Fazenda":"FE","Campo":"FE 16","produtividade":191.83153626652,"unidade_produtividade":"sc/ha","pontos_originais":25,"ano":"2026","cultura":"Milho"}},{"type":"Feature","geometry":{"type":"Point","coordinates":[-52.20812314790964,-10.309788217559772]},"properties":{"Fazenda":"FE","Campo":"FE 16","produtividade":189.94024730588,"unidade_produtividade":"sc/ha","pontos_originais":25,"ano":"2026","cultura":"Milho"}},{"type":"Feature","geometry":{"type":"Point","coordinates":[-52.20766658777415,-10.309789923665319]},"properties":{"Fazenda":"FE","Campo":"FE 16","produtividade":195.37741043596,"unidade_produtividade":"sc/ha","pontos_originais":25,"ano":"2026","cultura":"Milho"}},{"type":"Feature","geometry":{"type":"Point","coordinates":[-52.20743830767655,-10.309790776476403]},"properties":{"Fazenda":"FE","Campo":"FE 16","produtividade":196.81511097968004,"unidade_produtividade":"sc/ha","pontos_originais":25,"ano":"2026","cultura":"Milho"}},{"type":"Feature","geometry":{"type":"Point","coordinates":[-52.208807987963446,-10.309785657193014]},"properties":{"Fazenda":"FE","Campo":"FE 16","produtividade":195.52181855480003,"unidade_produtividade":"sc/ha","pontos_originais":25,"ano":"2026","cultura":"Milho"}},{"type":"Feature","geometry":{"type":"Point","coordinates":[-52.208579707965434,-10.30978651080973]},"properties":{"Fazenda":"FE","Campo":"FE 16","produtividade":193.40553040588003,"unidade_produtividade":"sc/ha","pontos_originais":25,"ano":"2026","cultura":"Milho"}},{"type":"Feature","geometry":{"type":"Point","coordinates":[-52.20835142794749,-10.309787364265311]},"properties":{"Fazenda":"FE","Campo":"FE 16","produtividade":190.68415470232006,"unidade_produtividade":"sc/ha","pontos_originais":25,"ano":"2026","cultura":"Milho"}},{"type":"Feature","geometry":{"type":"Point","coordinates":[-52.206525187087124,-10.309794186109484]},"properties":{"Fazenda":"FE","Campo":"FE 16","produtividade":202.12178720472002,"unidade_produtividade":"sc/ha","pontos_originais":25,"ano":"2026","cultura":"Milho"}},{"type":"Feature","geometry":{"type":"Point","coordinates":[-52.20629690689004,-10.309795038114942]},"properties":{"Fazenda":"FE","Campo":"FE 16","produtividade":203.63393708512004,"unidade_produtividade":"sc/ha","pontos_originais":25,"ano":"2026","cultura":"Milho"}},{"type":"Feature","geometry":{"type":"Point","coordinates":[-52.206068626673094,-10.30979588995927]},"properties":{"Fazenda":"FE","Campo":"FE 16","produtividade":202.50733378956,"unidade_produtividade":"sc/ha","pontos_originais":25,"ano":"2026","cultura":"Milho"}},{"type":"Feature","geometry":{"type":"Point","coordinates":[-52.20584034643623,-10.30979674164248]},"properties":{"Fazenda":"FE","Campo":"FE 16","produtividade":201.46496885784003,"unidade_produtividade":"sc/ha","pontos_originais":25,"ano":"2026","cultura":"Milho"}},{"type":"Feature","geometry":{"type":"Point","coordinates":[-52.20721002755904,-10.309791629126364]},"properties":{"Fazenda":"FE","Campo":"FE 16","produtividade":196.00400854548,"unidade_produtividade":"sc/ha","pontos_originais":25,"ano":"2026","cultura":"Milho"}},{"type":"Feature","geometry":{"type":"Point","coordinates":[-52.20698174742164,-10.309792481615197]},"properties":{"Fazenda":"FE","Campo":"FE 16","produtividade":196.22837157776002,"unidade_produtividade":"sc/ha","pontos_originais":25,"ano":"2026","cultura":"Milho"}},{"type":"Feature","geometry":{"type":"Point","coordinates":[-52.20675346726433,-10.309793333942903]},"properties":{"Fazenda":"FE","Campo":"FE 16","produtividade":198.86212032652003,"unidade_produtividade":"sc/ha","pontos_originais":25,"ano":"2026","cultura":"Milho"}},{"type":"Feature","geometry":{"type":"Point","coordinates":[-52.19876364925248,-10.309823063903087]},"properties":{"Fazenda":"FE","Campo":"FE 16","produtividade":160.85042664323998,"unidade_produtividade":"sc/ha","pontos_originais":25,"ano":"2026","cultura":"Milho"}},{"type":"Feature","geometry":{"type":"Point","coordinates":[-52.19853536838137,-10.309823910430227]},"properties":{"Fazenda":"FE","Campo":"FE 16","produtividade":153.98839777016005,"unidade_produtividade":"sc/ha","pontos_originais":25,"ano":"2026","cultura":"Milho"}},{"type":"Feature","geometry":{"type":"Point","coordinates":[-52.198307087490505,-10.309824756796248]},"properties":{"Fazenda":"FE","Campo":"FE 16","produtividade":152.85273419948,"unidade_produtividade":"sc/ha","pontos_originais":25,"ano":"2026","cultura":"Milho"}},{"type":"Feature","geometry":{"type":"Point","coordinates":[-52.198078806579886,-10.309825603001137]},"properties":{"Fazenda":"FE","Campo":"FE 16","produtividade":132.24036938956,"unidade_produtividade":"sc/ha","pontos_originais":25,"ano":"2026","cultura":"Milho"}},{"type":"Feature","geometry":{"type":"Point","coordinates":[-52.19944849174723,-10.309820523354881]},"properties":{"Fazenda":"FE","Campo":"FE 16","produtividade":191.24241622747996,"unidade_produtividade":"sc/ha","pontos_originais":25,"ano":"2026","cultura":"Milho"}},{"type":"Feature","geometry":{"type":"Point","coordinates":[-52.199220210935415,-10.309821370365412]},"properties":{"Fazenda":"FE","Campo":"FE 16","produtividade":192.74630314828005,"unidade_produtividade":"sc/ha","pontos_originais":25,"ano":"2026","cultura":"Milho"}},{"type":"Feature","geometry":{"type":"Point","coordinates":[-52.19899193010384,-10.309822217214814]},"properties":{"Fazenda":"FE","Campo":"FE 16","produtividade":183.06874182892003,"unidade_produtividade":"sc/ha","pontos_originais":25,"ano":"2026","cultura":"Milho"}},{"type":"Feature","geometry":{"type":"Point","coordinates":[-52.20949282783792,-10.309783095376138]},"properties":{"Fazenda":"FE","Campo":"FE 16","produtividade":183.45551548800003,"unidade_produtividade":"sc/ha","pontos_originais":25,"ano":"2026","cultura":"Milho"}},{"type":"Feature","geometry":{"type":"Point","coordinates":[-52.2092645478997,-10.309783949476223]},"properties":{"Fazenda":"FE","Campo":"FE 16","produtividade":185.76711554520003,"unidade_produtividade":"sc/ha","pontos_originais":25,"ano":"2026","cultura":"Milho"}},{"type":"Feature","geometry":{"type":"Point","coordinates":[-52.209036267941556,-10.309784803415182]},"properties":{"Fazenda":"FE","Campo":"FE 16","produtividade":193.11036745184,"unidade_produtividade":"sc/ha","pontos_originais":25,"ano":"2026","cultura":"Milho"}},{"type":"Feature","geometry":{"type":"Point","coordinates":[-52.197896010979704,-10.309781067778001]},"properties":{"Fazenda":"FE","Campo":"FE 16","produtividade":115.16764830790002,"unidade_produtividade":"sc/ha","pontos_originais":10,"ano":"2026","cultura":"Milho"}},{"type":"Feature","geometry":{"type":"Point","coordinates":[-52.20994938765454,-10.309781386692595]},"properties":{"Fazenda":"FE","Campo":"FE 16","produtividade":178.20472768807997,"unidade_produtividade":"sc/ha","pontos_originais":25,"ano":"2026","cultura":"Milho"}},{"type":"Feature","geometry":{"type":"Point","coordinates":[-52.21009932617539,-10.309761448617481]},"properties":{"Fazenda":"FE","Campo":"FE 16","produtividade":176.5972539711429,"unidade_produtividade":"sc/ha","pontos_originais":7,"ano":"2026","cultura":"Milho"}},{"type":"Feature","geometry":{"type":"Point","coordinates":[-52.20972110775622,-10.309782241114926]},"properties":{"Fazenda":"FE","Campo":"FE 16","produtividade":182.54708047896003,"unidade_produtividade":"sc/ha","pontos_originais":25,"ano":"2026","cultura":"Milho"}},{"type":"Feature","geometry":{"type":"Point","coordinates":[-52.20218785994558,-10.3098103466606]},"properties":{"Fazenda":"FE","Campo":"FE 16","produtividade":182.73472953480004,"unidade_produtividade":"sc/ha","pontos_originais":25,"ano":"2026","cultura":"Milho"}},{"type":"Feature","geometry":{"type":"Point","coordinates":[-52.201959579371284,-10.309811195604654]},"properties":{"Fazenda":"FE","Campo":"FE 16","produtividade":183.24317863148,"unidade_produtividade":"sc/ha","pontos_originais":25,"ano":"2026","cultura":"Milho"}},{"type":"Feature","geometry":{"type":"Point","coordinates":[-52.2017312987772,-10.309812044387584]},"properties":{"Fazenda":"FE","Campo":"FE 16","produtividade":184.53693474340002,"unidade_produtividade":"sc/ha","pontos_originais":25,"ano":"2026","cultura":"Milho"}},{"type":"Feature","geometry":{"type":"Point","coordinates":[-52.20150301816327,-10.309812893009388]},"properties":{"Fazenda":"FE","Campo":"FE 16","produtividade":181.68125731932005,"unidade_produtividade":"sc/ha","pontos_originais":25,"ano":"2026","cultura":"Milho"}},{"type":"Feature","geometry":{"type":"Point","coordinates":[-52.20287270154949,-10.309807798861668]},"properties":{"Fazenda":"FE","Campo":"FE 16","produtividade":187.55998763844002,"unidade_produtividade":"sc/ha","pontos_originais":25,"ano":"2026","cultura":"Milho"}},{"type":"Feature","geometry":{"type":"Point","coordinates":[-52.202644421034684,-10.309808648289106]},"properties":{"Fazenda":"FE","Campo":"FE 16","produtividade":187.204541835,"unidade_produtividade":"sc/ha","pontos_originais":25,"ano":"2026","cultura":"Milho"}},{"type":"Feature","geometry":{"type":"Point","coordinates":[-52.202416140500034,-10.309809497555419]},"properties":{"Fazenda":"FE","Campo":"FE 16","produtividade":184.7048078297201,"unidade_produtividade":"sc/ha","pontos_originais":25,"ano":"2026","cultura":"Milho"}},{"type":"Feature","geometry":{"type":"Point","coordinates":[-52.200589895509594,-10.309816285885326]},"properties":{"Fazenda":"FE","Campo":"FE 16","produtividade":181.01255416468,"unidade_produtividade":"sc/ha","pontos_originais":25,"ano":"2026","cultura":"Milho"}},{"type":"Feature","geometry":{"type":"Point","coordinates":[-52.20081817620273,-10.309815437908036]},"properties":{"Fazenda":"FE","Campo":"FE 16","produtividade":183.16805072839998,"unidade_produtividade":"sc/ha","pontos_originais":25,"ano":"2026","cultura":"Milho"}},{"type":"Feature","geometry":{"type":"Point","coordinates":[-52.20036161479671,-10.309817133701495]},"properties":{"Fazenda":"FE","Campo":"FE 16","produtividade":179.12098600224,"unidade_produtividade":"sc/ha","pontos_originais":25,"ano":"2026","cultura":"Milho"}},{"type":"Feature","geometry":{"type":"Point","coordinates":[-52.20013333406402,-10.309817981356533]},"properties":{"Fazenda":"FE","Campo":"FE 16","produtividade":178.40611771351996,"unidade_produtividade":"sc/ha","pontos_originais":25,"ano":"2026","cultura":"Milho"}},{"type":"Feature","geometry":{"type":"Point","coordinates":[-52.201274737529566,-10.309813741470066]},"properties":{"Fazenda":"FE","Campo":"FE 16","produtividade":176.56084120952,"unidade_produtividade":"sc/ha","pontos_originais":25,"ano":"2026","cultura":"Milho"}},{"type":"Feature","geometry":{"type":"Point","coordinates":[-52.201046456876036,-10.309814589769612]},"properties":{"Fazenda":"FE","Campo":"FE 16","produtividade":179.3953593782,"unidade_produtividade":"sc/ha","pontos_originais":25,"ano":"2026","cultura":"Milho"}},{"type":"Feature","geometry":{"type":"Point","coordinates":[-52.2051555056064,-10.309799295725337]},"properties":{"Fazenda":"FE","Campo":"FE 16","produtividade":192.30119469084002,"unidade_produtividade":"sc/ha","pontos_originais":25,"ano":"2026","cultura":"Milho"}},{"type":"Feature","geometry":{"type":"Point","coordinates":[-52.20492722529004,-10.309800146764042]},"properties":{"Fazenda":"FE","Campo":"FE 16","produtividade":190.62276706199995,"unidade_produtividade":"sc/ha","pontos_originais":25,"ano":"2026","cultura":"Milho"}},{"type":"Feature","geometry":{"type":"Point","coordinates":[-52.20469894495383,-10.309800997641615]},"properties":{"Fazenda":"FE","Campo":"FE 16","produtividade":188.96949304139997,"unidade_produtividade":"sc/ha","pontos_originais":25,"ano":"2026","cultura":"Milho"}},{"type":"Feature","geometry":{"type":"Point","coordinates":[-52.20447066459776,-10.309801848358065]},"properties":{"Fazenda":"FE","Campo":"FE 16","produtividade":188.56696250504004,"unidade_produtividade":"sc/ha","pontos_originais":25,"ano":"2026","cultura":"Milho"}},{"type":"Feature","geometry":{"type":"Point","coordinates":[-52.205612066179484,-10.309797593164557]},"properties":{"Fazenda":"FE","Campo":"FE 16","produtividade":199.05825287603994,"unidade_produtividade":"sc/ha","pontos_originais":25,"ano":"2026","cultura":"Milho"}},{"type":"Feature","geometry":{"type":"Point","coordinates":[-52.20538378590289,-10.309798444525509]},"properties":{"Fazenda":"FE","Campo":"FE 16","produtividade":195.74274281047997,"unidade_produtividade":"sc/ha","pontos_originais":25,"ano":"2026","cultura":"Milho"}},{"type":"Feature","geometry":{"type":"Point","coordinates":[-52.20355754297495,-10.309805249612596]},"properties":{"Fazenda":"FE","Campo":"FE 16","produtividade":186.41937618775998,"unidade_produtividade":"sc/ha","pontos_originais":25,"ano":"2026","cultura":"Milho"}},{"type":"Feature","geometry":{"type":"Point","coordinates":[-52.203785823410435,-10.309804399540653]},"properties":{"Fazenda":"FE","Campo":"FE 16","produtividade":186.74719302928,"unidade_produtividade":"sc/ha","pontos_originais":25,"ano":"2026","cultura":"Milho"}},{"type":"Feature","geometry":{"type":"Point","coordinates":[-52.203329262519645,-10.309806099523414]},"properties":{"Fazenda":"FE","Campo":"FE 16","produtividade":187.0165895448,"unidade_produtividade":"sc/ha","pontos_originais":25,"ano":"2026","cultura":"Milho"}},{"type":"Feature","geometry":{"type":"Point","coordinates":[-52.20310098204448,-10.309806949273106]},"properties":{"Fazenda":"FE","Campo":"FE 16","produtividade":188.07154400376004,"unidade_produtividade":"sc/ha","pontos_originais":25,"ano":"2026","cultura":"Milho"}},{"type":"Feature","geometry":{"type":"Point","coordinates":[-52.20424238422184,-10.309802698913389]},"properties":{"Fazenda":"FE","Campo":"FE 16","produtividade":186.90248648411998,"unidade_produtividade":"sc/ha","pontos_originais":25,"ano":"2026","cultura":"Milho"}},{"type":"Feature","geometry":{"type":"Point","coordinates":[-52.20401410382607,-10.309803549307585]},"properties":{"Fazenda":"FE","Campo":"FE 16","produtividade":185.77778741552,"unidade_produtividade":"sc/ha","pontos_originais":25,"ano":"2026","cultura":"Milho"}},{"type":"Feature","geometry":{"type":"Point","coordinates":[-52.19990505331153,-10.309818828850446]},"properties":{"Fazenda":"FE","Campo":"FE 16","produtividade":181.52324959888003,"unidade_produtividade":"sc/ha","pontos_originais":25,"ano":"2026","cultura":"Milho"}},{"type":"Feature","geometry":{"type":"Point","coordinates":[-52.19967677253927,-10.309819676183226]},"properties":{"Fazenda":"FE","Campo":"FE 16","produtividade":186.7654210192,"unidade_produtividade":"sc/ha","pontos_originais":25,"ano":"2026","cultura":"Milho"}},{"type":"Feature","geometry":{"type":"Point","coordinates":[-52.210087045985894,-10.309961721449596]},"properties":{"Fazenda":"FE","Campo":"FE 16","produtividade":176.57483452100004,"unidade_produtividade":"sc/ha","pontos_originais":3,"ano":"2026","cultura":"Milho"}},{"type":"Feature","geometry":{"type":"Point","coordinates":[-52.20446379330096,-10.307993369675701]},"properties":{"Fazenda":"FE","Campo":"FE 16","produtividade":185.03111768836004,"unidade_produtividade":"sc/ha","pontos_originais":25,"ano":"2026","cultura":"Milho"}},{"type":"Feature","geometry":{"type":"Point","coordinates":[-52.204235514226575,-10.307994220078676]},"properties":{"Fazenda":"FE","Campo":"FE 16","produtividade":181.73130865972,"unidade_produtividade":"sc/ha","pontos_originais":25,"ano":"2026","cultura":"Milho"}},{"type":"Feature","geometry":{"type":"Point","coordinates":[-52.20400723513231,-10.307995070320562]},"properties":{"Fazenda":"FE","Campo":"FE 16","produtividade":183.7567636276,"unidade_produtividade":"sc/ha","pontos_originais":25,"ano":"2026","cultura":"Milho"}},{"type":"Feature","geometry":{"type":"Point","coordinates":[-52.203778956018226,-10.307995920401352]},"properties":{"Fazenda":"FE","Campo":"FE 16","produtividade":192.53801436444,"unidade_produtividade":"sc/ha","pontos_originais":25,"ano":"2026","cultura":"Milho"}},{"type":"Feature","geometry":{"type":"Point","coordinates":[-52.205148630405,-10.307990817500173]},"properties":{"Fazenda":"FE","Campo":"FE 16","produtividade":188.2937151252,"unidade_produtividade":"sc/ha","pontos_originais":25,"ano":"2026","cultura":"Milho"}},{"type":"Feature","geometry":{"type":"Point","coordinates":[-52.204920351390186,-10.307991668386443]},"properties":{"Fazenda":"FE","Campo":"FE 16","produtividade":186.78377482663993,"unidade_produtividade":"sc/ha","pontos_originais":25,"ano":"2026","cultura":"Milho"}},{"type":"Feature","geometry":{"type":"Point","coordinates":[-52.20469207235551,-10.30799251911162]},"properties":{"Fazenda":"FE","Campo":"FE 16","produtividade":187.13231268276004,"unidade_produtividade":"sc/ha","pontos_originais":25,"ano":"2026","cultura":"Milho"}},{"type":"Feature","geometry":{"type":"Point","coordinates":[-52.20286583936344,-10.307999319113522]},"properties":{"Fazenda":"FE","Campo":"FE 16","produtividade":189.75017096148002,"unidade_produtividade":"sc/ha","pontos_originais":25,"ano":"2026","cultura":"Milho"}},{"type":"Feature","geometry":{"type":"Point","coordinates":[-52.20309411855689,-10.307998469677125]},"properties":{"Fazenda":"FE","Campo":"FE 16","produtividade":192.73516547039995,"unidade_produtividade":"sc/ha","pontos_originais":25,"ano":"2026","cultura":"Milho"}},{"type":"Feature","geometry":{"type":"Point","coordinates":[-52.20263756015016,-10.308000168388817]},"properties":{"Fazenda":"FE","Campo":"FE 16","produtividade":192.53012815056002,"unidade_produtividade":"sc/ha","pontos_originais":25,"ano":"2026","cultura":"Milho"}},{"type":"Feature","geometry":{"type":"Point","coordinates":[-52.20240928091705,-10.308001017503019]},"properties":{"Fazenda":"FE","Campo":"FE 16","produtividade":195.95373384364007,"unidade_produtividade":"sc/ha","pontos_originais":25,"ano":"2026","cultura":"Milho"}},{"type":"Feature","geometry":{"type":"Point","coordinates":[-52.20355067688429,-10.307996770321038]},"properties":{"Fazenda":"FE","Campo":"FE 16","produtividade":198.75774479791994,"unidade_produtividade":"sc/ha","pontos_originais":25,"ano":"2026","cultura":"Milho"}},{"type":"Feature","geometry":{"type":"Point","coordinates":[-52.203322397730496,-10.307997620079634]},"properties":{"Fazenda":"FE","Campo":"FE 16","produtividade":197.81014166396,"unidade_produtividade":"sc/ha","pontos_originais":25,"ano":"2026","cultura":"Milho"}},{"type":"Feature","geometry":{"type":"Point","coordinates":[-52.2072031406439,-10.30798315227434]},"properties":{"Fazenda":"FE","Campo":"FE 16","produtividade":187.44191072328005,"unidade_produtividade":"sc/ha","pontos_originais":25,"ano":"2026","cultura":"Milho"}},{"type":"Feature","geometry":{"type":"Point","coordinates":[-52.20743141945987,-10.3079822997771]},"properties":{"Fazenda":"FE","Campo":"FE 16","produtividade":184.84002208068,"unidade_produtividade":"sc/ha","pontos_originais":25,"ano":"2026","cultura":"Milho"}},{"type":"Feature","geometry":{"type":"Point","coordinates":[-52.20697486180802,-10.307984004610487]},"properties":{"Fazenda":"FE","Campo":"FE 16","produtividade":192.20330724660002,"unidade_produtividade":"sc/ha","pontos_originais":25,"ano":"2026","cultura":"Milho"}},{"type":"Feature","geometry":{"type":"Point","coordinates":[-52.20674658295225,-10.307984856785536]},"properties":{"Fazenda":"FE","Campo":"FE 16","produtividade":191.52541022408002,"unidade_produtividade":"sc/ha","pontos_originais":25,"ano":"2026","cultura":"Milho"}},{"type":"Feature","geometry":{"type":"Point","coordinates":[-52.20811625578838,-10.30797974131879]},"properties":{"Fazenda":"FE","Campo":"FE 16","produtividade":192.71861763916004,"unidade_produtividade":"sc/ha","pontos_originais":25,"ano":"2026","cultura":"Milho"}},{"type":"Feature","geometry":{"type":"Point","coordinates":[-52.207887977032115,-10.307980594299327]},"properties":{"Fazenda":"FE","Campo":"FE 16","produtividade":189.29130315660004,"unidade_produtividade":"sc/ha","pontos_originais":25,"ano":"2026","cultura":"Milho"}},{"type":"Feature","geometry":{"type":"Point","coordinates":[-52.20765969825594,-10.307981447118761]},"properties":{"Fazenda":"FE","Campo":"FE 16","produtividade":186.53358032656004,"unidade_produtividade":"sc/ha","pontos_originais":25,"ano":"2026","cultura":"Milho"}},{"type":"Feature","geometry":{"type":"Point","coordinates":[-52.20583346733024,-10.307988263874766]},"properties":{"Fazenda":"FE","Campo":"FE 16","produtividade":193.19366501164,"unidade_produtividade":"sc/ha","pontos_originais":25,"ano":"2026","cultura":"Milho"}},{"type":"Feature","geometry":{"type":"Point","coordinates":[-52.20560518837504,-10.307989115244329]},"properties":{"Fazenda":"FE","Campo":"FE 16","produtividade":195.30667200928002,"unidade_produtividade":"sc/ha","pontos_originais":25,"ano":"2026","cultura":"Milho"}},{"type":"Feature","geometry":{"type":"Point","coordinates":[-52.205376909399945,-10.3079899664528]},"properties":{"Fazenda":"FE","Campo":"FE 16","produtividade":193.94028667368002,"unidade_produtividade":"sc/ha","pontos_originais":25,"ano":"2026","cultura":"Milho"}},{"type":"Feature","geometry":{"type":"Point","coordinates":[-52.206518304076575,-10.30798570879949]},"properties":{"Fazenda":"FE","Campo":"FE 16","produtividade":187.73288211612,"unidade_produtividade":"sc/ha","pontos_originais":25,"ano":"2026","cultura":"Milho"}},{"type":"Feature","geometry":{"type":"Point","coordinates":[-52.206290025181005,-10.307986560652346]},"properties":{"Fazenda":"FE","Campo":"FE 16","produtividade":188.47818340104,"unidade_produtividade":"sc/ha","pontos_originais":25,"ano":"2026","cultura":"Milho"}},{"type":"Feature","geometry":{"type":"Point","coordinates":[-52.20606174626557,-10.307987412344108]},"properties":{"Fazenda":"FE","Campo":"FE 16","produtividade":191.41593131067998,"unidade_produtividade":"sc/ha","pontos_originais":25,"ano":"2026","cultura":"Milho"}},{"type":"Feature","geometry":{"type":"Point","coordinates":[-52.198528530924605,-10.30801542779637]},"properties":{"Fazenda":"FE","Campo":"FE 16","produtividade":177.16073985172,"unidade_produtividade":"sc/ha","pontos_originais":25,"ano":"2026","cultura":"Milho"}},{"type":"Feature","geometry":{"type":"Point","coordinates":[-52.198300251335276,-10.308016274010795]},"properties":{"Fazenda":"FE","Campo":"FE 16","produtividade":159.80167823948,"unidade_produtividade":"sc/ha","pontos_originais":25,"ano":"2026","cultura":"Milho"}},{"type":"Feature","geometry":{"type":"Point","coordinates":[-52.198071971726215,-10.308017120064124]},"properties":{"Fazenda":"FE","Campo":"FE 16","produtividade":140.48978240096002,"unidade_produtividade":"sc/ha","pontos_originais":25,"ano":"2026","cultura":"Milho"}},{"type":"Feature","geometry":{"type":"Point","coordinates":[-52.19793517478797,-10.308062839703531]},"properties":{"Fazenda":"FE","Campo":"FE 16","produtividade":140.56428168766666,"unidade_produtividade":"sc/ha","pontos_originais":3,"ano":"2026","cultura":"Milho"}},{"type":"Feature","geometry":{"type":"Point","coordinates":[-52.199213369574,-10.308012888186497]},"properties":{"Fazenda":"FE","Campo":"FE 16","produtividade":188.73733002972,"unidade_produtividade":"sc/ha","pontos_originais":25,"ano":"2026","cultura":"Milho"}},{"type":"Feature","geometry":{"type":"Point","coordinates":[-52.19944164908427,-10.308012041327675]},"properties":{"Fazenda":"FE","Campo":"FE 16","produtividade":185.75030406264005,"unidade_produtividade":"sc/ha","pontos_originais":25,"ano":"2026","cultura":"Milho"}},{"type":"Feature","geometry":{"type":"Point","coordinates":[-52.198985090043976,-10.308013734884218]},"properties":{"Fazenda":"FE","Campo":"FE 16","produtividade":186.82127410232,"unidade_produtividade":"sc/ha","pontos_originais":25,"ano":"2026","cultura":"Milho"}},{"type":"Feature","geometry":{"type":"Point","coordinates":[-52.19875681049417,-10.308014581420842]},"properties":{"Fazenda":"FE","Campo":"FE 16","produtividade":181.86704173124,"unidade_produtividade":"sc/ha","pontos_originais":25,"ano":"2026","cultura":"Milho"}},{"type":"Feature","geometry":{"type":"Point","coordinates":[-52.20948592790754,-10.307974620052583]},"properties":{"Fazenda":"FE","Campo":"FE 16","produtividade":193.8965813428,"unidade_produtividade":"sc/ha","pontos_originais":25,"ano":"2026","cultura":"Milho"}},{"type":"Feature","geometry":{"type":"Point","coordinates":[-52.2097142065243,-10.307973765944377]},"properties":{"Fazenda":"FE","Campo":"FE 16","produtividade":192.48676705076002,"unidade_produtividade":"sc/ha","pontos_originais":25,"ano":"2026","cultura":"Milho"}},{"type":"Feature","geometry":{"type":"Point","coordinates":[-52.20925764927084,-10.307975473999694]},"properties":{"Fazenda":"FE","Campo":"FE 16","produtividade":196.84633775720002,"unidade_produtividade":"sc/ha","pontos_originais":25,"ano":"2026","cultura":"Milho"}},{"type":"Feature","geometry":{"type":"Point","coordinates":[-52.20902937061419,-10.307976327785704]},"properties":{"Fazenda":"FE","Campo":"FE 16","produtividade":198.85797612360005,"unidade_produtividade":"sc/ha","pontos_originais":25,"ano":"2026","cultura":"Milho"}},{"type":"Feature","geometry":{"type":"Point","coordinates":[-52.210364098603414,-10.307963354803839]},"properties":{"Fazenda":"FE","Campo":"FE 16","produtividade":172.89117320299997,"unidade_produtividade":"sc/ha","pontos_originais":17,"ano":"2026","cultura":"Milho"}},{"type":"Feature","geometry":{"type":"Point","coordinates":[-52.210170763697995,-10.307972057244681]},"properties":{"Fazenda":"FE","Campo":"FE 16","produtividade":177.81007488352,"unidade_produtividade":"sc/ha","pontos_originais":25,"ano":"2026","cultura":"Milho"}},{"type":"Feature","geometry":{"type":"Point","coordinates":[-52.209942485121125,-10.307972911675076]},"properties":{"Fazenda":"FE","Campo":"FE 16","produtividade":188.02597685632006,"unidade_produtividade":"sc/ha","pontos_originais":25,"ano":"2026","cultura":"Milho"}},{"type":"Feature","geometry":{"type":"Point","coordinates":[-52.20149616378645,-10.308004412348835]},"properties":{"Fazenda":"FE","Campo":"FE 16","produtividade":186.48682144688001,"unidade_produtividade":"sc/ha","pontos_originais":25,"ano":"2026","cultura":"Milho"}},{"type":"Feature","geometry":{"type":"Point","coordinates":[-52.20126788445427,-10.308005260657541]},"properties":{"Fazenda":"FE","Campo":"FE 16","produtividade":188.5418088968,"unidade_produtividade":"sc/ha","pontos_originais":25,"ano":"2026","cultura":"Milho"}},{"type":"Feature","geometry":{"type":"Point","coordinates":[-52.20103960510228,-10.308006108805158]},"properties":{"Fazenda":"FE","Campo":"FE 16","produtividade":191.64727650847996,"unidade_produtividade":"sc/ha","pontos_originais":25,"ano":"2026","cultura":"Milho"}},{"type":"Feature","geometry":{"type":"Point","coordinates":[-52.20081132573052,-10.308006956791669]},"properties":{"Fazenda":"FE","Campo":"FE 16","produtividade":190.50559702256004,"unidade_produtividade":"sc/ha","pontos_originais":25,"ano":"2026","cultura":"Milho"}},{"type":"Feature","geometry":{"type":"Point","coordinates":[-52.20218100166412,-10.30800186645612]},"properties":{"Fazenda":"FE","Campo":"FE 16","produtividade":193.47313470399996,"unidade_produtividade":"sc/ha","pontos_originais":25,"ano":"2026","cultura":"Milho"}},{"type":"Feature","geometry":{"type":"Point","coordinates":[-52.20195272239136,-10.308002715248122]},"properties":{"Fazenda":"FE","Campo":"FE 16","produtividade":190.07228289736005,"unidade_produtividade":"sc/ha","pontos_originais":25,"ano":"2026","cultura":"Milho"}},{"type":"Feature","geometry":{"type":"Point","coordinates":[-52.20172444309881,-10.308003563879028]},"properties":{"Fazenda":"FE","Campo":"FE 16","produtividade":187.69204796932004,"unidade_produtividade":"sc/ha","pontos_originais":25,"ano":"2026","cultura":"Milho"}},{"type":"Feature","geometry":{"type":"Point","coordinates":[-52.19989820804548,-10.308010347126736]},"properties":{"Fazenda":"FE","Campo":"FE 16","produtividade":177.95745809192,"unidade_produtividade":"sc/ha","pontos_originais":25,"ano":"2026","cultura":"Milho"}},{"type":"Feature","geometry":{"type":"Point","coordinates":[-52.20012648749642,-10.308009499784616]},"properties":{"Fazenda":"FE","Campo":"FE 16","produtividade":173.71719420224002,"unidade_produtividade":"sc/ha","pontos_originais":25,"ano":"2026","cultura":"Milho"}},{"type":"Feature","geometry":{"type":"Point","coordinates":[-52.19966992857478,-10.308011194307756]},"properties":{"Fazenda":"FE","Campo":"FE 16","produtividade":181.93724861424,"unidade_produtividade":"sc/ha","pontos_originais":25,"ano":"2026","cultura":"Milho"}},{"type":"Feature","geometry":{"type":"Point","coordinates":[-52.20058304633895,-10.308007804617082]},"properties":{"Fazenda":"FE","Campo":"FE 16","produtividade":181.99264366503994,"unidade_produtividade":"sc/ha","pontos_originais":25,"ano":"2026","cultura":"Milho"}},{"type":"Feature","geometry":{"type":"Point","coordinates":[-52.20035476692758,-10.308008652281398]},"properties":{"Fazenda":"FE","Campo":"FE 16","produtividade":173.33901006284003,"unidade_produtividade":"sc/ha","pontos_originais":25,"ano":"2026","cultura":"Milho"}},{"type":"Feature","geometry":{"type":"Point","coordinates":[-52.20880109193763,-10.30797718141062]},"properties":{"Fazenda":"FE","Campo":"FE 16","produtividade":200.14417258171997,"unidade_produtividade":"sc/ha","pontos_originais":25,"ano":"2026","cultura":"Milho"}},{"type":"Feature","geometry":{"type":"Point","coordinates":[-52.208572813241126,-10.307978034874443]},"properties":{"Fazenda":"FE","Campo":"FE 16","produtividade":199.88206994816,"unidade_produtividade":"sc/ha","pontos_originais":25,"ano":"2026","cultura":"Milho"}},{"type":"Feature","geometry":{"type":"Point","coordinates":[-52.20834453452472,-10.307978888177162]},"properties":{"Fazenda":"FE","Campo":"FE 16","produtividade":196.81176479912,"unidade_produtividade":"sc/ha","pontos_originais":25,"ano":"2026","cultura":"Milho"}},{"type":"Feature","geometry":{"type":"Point","coordinates":[-52.21034718579037,-10.308187025731684]},"properties":{"Fazenda":"FE","Campo":"FE 16","produtividade":174.21693318146157,"unidade_produtividade":"sc/ha","pontos_originais":13,"ano":"2026","cultura":"Milho"}},{"type":"Feature","geometry":{"type":"Point","coordinates":[-52.21017162660755,-10.308198116614028]},"properties":{"Fazenda":"FE","Campo":"FE 16","produtividade":177.83689239311997,"unidade_produtividade":"sc/ha","pontos_originais":25,"ano":"2026","cultura":"Milho"}},{"type":"Feature","geometry":{"type":"Point","coordinates":[-52.209943347868006,-10.30819897106356]},"properties":{"Fazenda":"FE","Campo":"FE 16","produtividade":187.96602975592003,"unidade_produtividade":"sc/ha","pontos_originais":25,"ano":"2026","cultura":"Milho"}},{"type":"Feature","geometry":{"type":"Point","coordinates":[-52.2097150691085,-10.308199825351988]},"properties":{"Fazenda":"FE","Campo":"FE 16","produtividade":195.55405823404,"unidade_produtividade":"sc/ha","pontos_originais":25,"ano":"2026","cultura":"Milho"}},{"type":"Feature","geometry":{"type":"Point","coordinates":[-52.20606260624693,-10.308213472057293]},"properties":{"Fazenda":"FE","Campo":"FE 16","produtividade":190.35071565544,"unidade_produtividade":"sc/ha","pontos_originais":25,"ano":"2026","cultura":"Milho"}},{"type":"Feature","geometry":{"type":"Point","coordinates":[-52.20583432714891,-10.308214323607022]},"properties":{"Fazenda":"FE","Campo":"FE 16","produtividade":194.24554047555998,"unidade_produtividade":"sc/ha","pontos_originais":25,"ano":"2026","cultura":"Milho"}},{"type":"Feature","geometry":{"type":"Point","coordinates":[-52.20560604803102,-10.308215174995649]},"properties":{"Fazenda":"FE","Campo":"FE 16","produtividade":198.8336530523601,"unidade_produtividade":"sc/ha","pontos_originais":25,"ano":"2026","cultura":"Milho"}},{"type":"Feature","geometry":{"type":"Point","coordinates":[-52.205377768893285,-10.308216026223176]},"properties":{"Fazenda":"FE","Campo":"FE 16","produtividade":200.83198586259996,"unidade_produtividade":"sc/ha","pontos_originais":25,"ano":"2026","cultura":"Milho"}},{"type":"Feature","geometry":{"type":"Point","coordinates":[-52.206747443421634,-10.308210916441496]},"properties":{"Fazenda":"FE","Campo":"FE 16","produtividade":191.23465441744,"unidade_produtividade":"sc/ha","pontos_originais":25,"ano":"2026","cultura":"Milho"}},{"type":"Feature","geometry":{"type":"Point","coordinates":[-52.20651916438329,-10.30821176847453]},"properties":{"Fazenda":"FE","Campo":"FE 16","produtividade":188.7852587296,"unidade_produtividade":"sc/ha","pontos_originais":25,"ano":"2026","cultura":"Milho"}},{"type":"Feature","geometry":{"type":"Point","coordinates":[-52.206290885325046,-10.30821262034646]},"properties":{"Fazenda":"FE","Campo":"FE 16","produtividade":187.98145159104,"unidade_produtividade":"sc/ha","pontos_originais":25,"ano":"2026","cultura":"Milho"}},{"type":"Feature","geometry":{"type":"Point","coordinates":[-52.20446465214357,-10.30821942952228]},"properties":{"Fazenda":"FE","Campo":"FE 16","produtividade":191.65447213968,"unidade_produtividade":"sc/ha","pontos_originais":25,"ano":"2026","cultura":"Milho"}},{"type":"Feature","geometry":{"type":"Point","coordinates":[-52.204692931360775,-10.308218578939156]},"properties":{"Fazenda":"FE","Campo":"FE 16","produtividade":191.27696020512002,"unidade_produtividade":"sc/ha","pontos_originais":25,"ano":"2026","cultura":"Milho"}},{"type":"Feature","geometry":{"type":"Point","coordinates":[-52.2042363729065,-10.308220279944308]},"properties":{"Fazenda":"FE","Campo":"FE 16","produtividade":189.96224558036002,"unidade_produtividade":"sc/ha","pontos_originais":25,"ano":"2026","cultura":"Milho"}},{"type":"Feature","geometry":{"type":"Point","coordinates":[-52.20400809364956,-10.308221130205228]},"properties":{"Fazenda":"FE","Campo":"FE 16","produtividade":187.07268224668002,"unidade_produtividade":"sc/ha","pontos_originais":25,"ano":"2026","cultura":"Milho"}},{"type":"Feature","geometry":{"type":"Point","coordinates":[-52.20514948973563,-10.308216877289603]},"properties":{"Fazenda":"FE","Campo":"FE 16","produtividade":197.31748195920005,"unidade_produtividade":"sc/ha","pontos_originais":25,"ano":"2026","cultura":"Milho"}},{"type":"Feature","geometry":{"type":"Point","coordinates":[-52.20492121055813,-10.308217728194931]},"properties":{"Fazenda":"FE","Campo":"FE 16","produtividade":192.17648690964,"unidade_produtividade":"sc/ha","pontos_originais":25,"ano":"2026","cultura":"Milho"}},{"type":"Feature","geometry":{"type":"Point","coordinates":[-52.20903023271034,-10.308202387250681]},"properties":{"Fazenda":"FE","Campo":"FE 16","produtividade":197.22333228488003,"unidade_produtividade":"sc/ha","pontos_originais":25,"ano":"2026","cultura":"Milho"}},{"type":"Feature","geometry":{"type":"Point","coordinates":[-52.208801953871095,-10.30820324089471]},"properties":{"Fazenda":"FE","Campo":"FE 16","produtividade":200.34470662392,"unidade_produtividade":"sc/ha","pontos_originais":25,"ano":"2026","cultura":"Milho"}},{"type":"Feature","geometry":{"type":"Point","coordinates":[-52.208573675011934,-10.308204094377643]},"properties":{"Fazenda":"FE","Campo":"FE 16","produtividade":203.22801513044004,"unidade_produtividade":"sc/ha","pontos_originais":25,"ano":"2026","cultura":"Milho"}},{"type":"Feature","geometry":{"type":"Point","coordinates":[-52.208345396132835,-10.308204947699476]},"properties":{"Fazenda":"FE","Campo":"FE 16","produtividade":203.52674338544006,"unidade_produtividade":"sc/ha","pontos_originais":25,"ano":"2026","cultura":"Milho"}},{"type":"Feature","geometry":{"type":"Point","coordinates":[-52.20948679032906,-10.308200679479315]},"properties":{"Fazenda":"FE","Campo":"FE 16","produtividade":195.67309433108002,"unidade_produtividade":"sc/ha","pontos_originais":25,"ano":"2026","cultura":"Milho"}},{"type":"Feature","geometry":{"type":"Point","coordinates":[-52.209258511529676,-10.308201533445548]},"properties":{"Fazenda":"FE","Campo":"FE 16","produtividade":195.98350523760004,"unidade_produtividade":"sc/ha","pontos_originais":25,"ano":"2026","cultura":"Milho"}},{"type":"Feature","geometry":{"type":"Point","coordinates":[-52.207432280417294,-10.308208359375804]},"properties":{"Fazenda":"FE","Campo":"FE 16","produtividade":186.70158912616,"unidade_produtividade":"sc/ha","pontos_originais":25,"ano":"2026","cultura":"Milho"}},{"type":"Feature","geometry":{"type":"Point","coordinates":[-52.207660559376045,-10.30820750669837]},"properties":{"Fazenda":"FE","Campo":"FE 16","produtividade":191.74870098008,"unidade_produtividade":"sc/ha","pontos_originais":25,"ano":"2026","cultura":"Milho"}},{"type":"Feature","geometry":{"type":"Point","coordinates":[-52.20720400143865,-10.308209211892136]},"properties":{"Fazenda":"FE","Campo":"FE 16","produtividade":185.1129174542,"unidade_produtividade":"sc/ha","pontos_originais":25,"ano":"2026","cultura":"Milho"}},{"type":"Feature","geometry":{"type":"Point","coordinates":[-52.206975722440085,-10.308210064247364]},"properties":{"Fazenda":"FE","Campo":"FE 16","produtividade":189.28357951592,"unidade_produtividade":"sc/ha","pontos_originais":25,"ano":"2026","cultura":"Milho"}},{"type":"Feature","geometry":{"type":"Point","coordinates":[-52.208117117233826,-10.308205800860206]},"properties":{"Fazenda":"FE","Campo":"FE 16","produtividade":200.11675355128003,"unidade_produtividade":"sc/ha","pontos_originais":25,"ano":"2026","cultura":"Milho"}},{"type":"Feature","geometry":{"type":"Point","coordinates":[-52.207888838314894,-10.308206653859838]},"properties":{"Fazenda":"FE","Campo":"FE 16","produtividade":196.20216407108003,"unidade_produtividade":"sc/ha","pontos_originais":25,"ano":"2026","cultura":"Milho"}},{"type":"Feature","geometry":{"type":"Point","coordinates":[-52.20012734324812,-10.30823555999239]},"properties":{"Fazenda":"FE","Campo":"FE 16","produtividade":179.40881761179998,"unidade_produtividade":"sc/ha","pontos_originais":25,"ano":"2026","cultura":"Milho"}},{"type":"Feature","geometry":{"type":"Point","coordinates":[-52.20035562284196,-10.3082347124702]},"properties":{"Fazenda":"FE","Campo":"FE 16","produtividade":178.84282820492,"unidade_produtividade":"sc/ha","pontos_originais":25,"ano":"2026","cultura":"Milho"}},{"type":"Feature","geometry":{"type":"Point","coordinates":[-52.199899063634504,-10.308236407353483]},"properties":{"Fazenda":"FE","Campo":"FE 16","produtividade":178.54170941704004,"unidade_produtividade":"sc/ha","pontos_originais":25,"ano":"2026","cultura":"Milho"}},{"type":"Feature","geometry":{"type":"Point","coordinates":[-52.19967078400112,-10.308237254553474]},"properties":{"Fazenda":"FE","Campo":"FE 16","produtividade":178.62365832612002,"unidade_produtividade":"sc/ha","pontos_originais":25,"ano":"2026","cultura":"Milho"}},{"type":"Feature","geometry":{"type":"Point","coordinates":[-52.20081218197026,-10.3082330169425]},"properties":{"Fazenda":"FE","Campo":"FE 16","produtividade":182.22595458488004,"unidade_produtividade":"sc/ha","pontos_originais":25,"ano":"2026","cultura":"Milho"}},{"type":"Feature","geometry":{"type":"Point","coordinates":[-52.20104046150472,-10.308232168937]},"properties":{"Fazenda":"FE","Campo":"FE 16","produtividade":184.35572146575998,"unidade_produtividade":"sc/ha","pontos_originais":25,"ano":"2026","cultura":"Milho"}},{"type":"Feature","geometry":{"type":"Point","coordinates":[-52.20058390241599,-10.308233864786901]},"properties":{"Fazenda":"FE","Campo":"FE 16","produtividade":179.86372499216003,"unidade_produtividade":"sc/ha","pontos_originais":25,"ano":"2026","cultura":"Milho"}},{"type":"Feature","geometry":{"type":"Point","coordinates":[-52.19875766526979,-10.308240641742408]},"properties":{"Fazenda":"FE","Campo":"FE 16","produtividade":183.81212333640005,"unidade_produtividade":"sc/ha","pontos_originais":25,"ano":"2026","cultura":"Milho"}},{"type":"Feature","geometry":{"type":"Point","coordinates":[-52.19852938553756,-10.308241488136886]},"properties":{"Fazenda":"FE","Campo":"FE 16","produtividade":181.60463515647996,"unidade_produtividade":"sc/ha","pontos_originais":25,"ano":"2026","cultura":"Milho"}},{"type":"Feature","geometry":{"type":"Point","coordinates":[-52.198301105785546,-10.308242334370261]},"properties":{"Fazenda":"FE","Campo":"FE 16","produtividade":172.22458703415998,"unidade_produtividade":"sc/ha","pontos_originais":25,"ano":"2026","cultura":"Milho"}},{"type":"Feature","geometry":{"type":"Point","coordinates":[-52.198072826013785,-10.308243180442533]},"properties":{"Fazenda":"FE","Campo":"FE 16","produtividade":153.84117289392,"unidade_produtividade":"sc/ha","pontos_originais":25,"ano":"2026","cultura":"Milho"}},{"type":"Feature","geometry":{"type":"Point","coordinates":[-52.19944250434793,-10.308238101592362]},"properties":{"Fazenda":"FE","Campo":"FE 16","produtividade":180.96378008416,"unidade_produtividade":"sc/ha","pontos_originais":25,"ano":"2026","cultura":"Milho"}},{"type":"Feature","geometry":{"type":"Point","coordinates":[-52.199214224674996,-10.308238948470148]},"properties":{"Fazenda":"FE","Campo":"FE 16","produtividade":187.57866164440003,"unidade_produtividade":"sc/ha","pontos_originais":25,"ano":"2026","cultura":"Milho"}},{"type":"Feature","geometry":{"type":"Point","coordinates":[-52.19898594498227,-10.30823979518683]},"properties":{"Fazenda":"FE","Campo":"FE 16","produtividade":188.34420187904,"unidade_produtividade":"sc/ha","pontos_originais":25,"ano":"2026","cultura":"Milho"}},{"type":"Feature","geometry":{"type":"Point","coordinates":[-52.20309497642343,-10.30822452963791]},"properties":{"Fazenda":"FE","Campo":"FE 16","produtividade":195.63305608612,"unidade_produtividade":"sc/ha","pontos_originais":25,"ano":"2026","cultura":"Milho"}},{"type":"Feature","geometry":{"type":"Point","coordinates":[-52.202866697067286,-10.308225379093326]},"properties":{"Fazenda":"FE","Campo":"FE 16","produtividade":188.22362769816,"unidade_produtividade":"sc/ha","pontos_originais":25,"ano":"2026","cultura":"Milho"}},{"type":"Feature","geometry":{"type":"Point","coordinates":[-52.20263841769134,-10.30822622838764]},"properties":{"Fazenda":"FE","Campo":"FE 16","produtividade":181.31333578988,"unidade_produtividade":"sc/ha","pontos_originais":25,"ano":"2026","cultura":"Milho"}},{"type":"Feature","geometry":{"type":"Point","coordinates":[-52.202410138295555,-10.308227077520856]},"properties":{"Fazenda":"FE","Campo":"FE 16","produtividade":183.15220549612002,"unidade_produtividade":"sc/ha","pontos_originais":25,"ano":"2026","cultura":"Milho"}},{"type":"Feature","geometry":{"type":"Point","coordinates":[-52.20377981437278,-10.308221980305053]},"properties":{"Fazenda":"FE","Campo":"FE 16","produtividade":188.28355147284,"unidade_produtividade":"sc/ha","pontos_originais":25,"ano":"2026","cultura":"Milho"}},{"type":"Feature","geometry":{"type":"Point","coordinates":[-52.20355153507617,-10.308222830243771]},"properties":{"Fazenda":"FE","Campo":"FE 16","produtividade":192.71675370208,"unidade_produtividade":"sc/ha","pontos_originais":25,"ano":"2026","cultura":"Milho"}},{"type":"Feature","geometry":{"type":"Point","coordinates":[-52.20332325575973,-10.30822368002139]},"properties":{"Fazenda":"FE","Campo":"FE 16","produtividade":196.31295205215997,"unidade_produtividade":"sc/ha","pontos_originais":25,"ano":"2026","cultura":"Milho"}},{"type":"Feature","geometry":{"type":"Point","coordinates":[-52.201725299989285,-10.308229623953887]},"properties":{"Fazenda":"FE","Campo":"FE 16","produtividade":190.39499776776003,"unidade_produtividade":"sc/ha","pontos_originais":25,"ano":"2026","cultura":"Milho"}},{"type":"Feature","geometry":{"type":"Point","coordinates":[-52.20149702051423,-10.308230472442695]},"properties":{"Fazenda":"FE","Campo":"FE 16","produtividade":190.00949642068,"unidade_produtividade":"sc/ha","pontos_originais":25,"ano":"2026","cultura":"Milho"}},{"type":"Feature","geometry":{"type":"Point","coordinates":[-52.20126874101937,-10.308231320770396]},"properties":{"Fazenda":"FE","Campo":"FE 16","produtividade":186.59529452696006,"unidade_produtividade":"sc/ha","pontos_originais":25,"ano":"2026","cultura":"Milho"}},{"type":"Feature","geometry":{"type":"Point","coordinates":[-52.202181858879946,-10.308227926492966]},"properties":{"Fazenda":"FE","Campo":"FE 16","produtividade":188.34996969344004,"unidade_produtividade":"sc/ha","pontos_originais":25,"ano":"2026","cultura":"Milho"}},{"type":"Feature","geometry":{"type":"Point","coordinates":[-52.20195357944451,-10.308228775303975]},"properties":{"Fazenda":"FE","Campo":"FE 16","produtividade":190.29404970632,"unidade_produtividade":"sc/ha","pontos_originais":25,"ano":"2026","cultura":"Milho"}},{"type":"Feature","geometry":{"type":"Point","coordinates":[-52.19789026319135,-10.308260004359267]},"properties":{"Fazenda":"FE","Campo":"FE 16","produtividade":146.3932676200714,"unidade_produtividade":"sc/ha","pontos_originais":14,"ano":"2026","cultura":"Milho"}},{"type":"Feature","geometry":{"type":"Point","coordinates":[-52.20126702790899,-10.30777920054147]},"properties":{"Fazenda":"FE","Campo":"FE 16","produtividade":190.67179772544,"unidade_produtividade":"sc/ha","pontos_originais":25,"ano":"2026","cultura":"Milho"}},{"type":"Feature","geometry":{"type":"Point","coordinates":[-52.20103874871967,-10.307780048670088]},"properties":{"Fazenda":"FE","Campo":"FE 16","produtividade":190.74048914348,"unidade_produtividade":"sc/ha","pontos_originais":25,"ano":"2026","cultura":"Milho"}},{"type":"Feature","geometry":{"type":"Point","coordinates":[-52.20081046951057,-10.307780896637615]},"properties":{"Fazenda":"FE","Campo":"FE 16","produtividade":186.33847764291997,"unidade_produtividade":"sc/ha","pontos_originais":25,"ano":"2026","cultura":"Milho"}},{"type":"Feature","geometry":{"type":"Point","coordinates":[-52.200582190281686,-10.307781744444041]},"properties":{"Fazenda":"FE","Campo":"FE 16","produtividade":178.23943070472,"unidade_produtividade":"sc/ha","pontos_originais":25,"ano":"2026","cultura":"Milho"}},{"type":"Feature","geometry":{"type":"Point","coordinates":[-52.20195186535807,-10.307776655189045]},"properties":{"Fazenda":"FE","Campo":"FE 16","produtividade":180.75421969516,"unidade_produtividade":"sc/ha","pontos_originais":25,"ano":"2026","cultura":"Milho"}},{"type":"Feature","geometry":{"type":"Point","coordinates":[-52.201723586228184,-10.307777503800946]},"properties":{"Fazenda":"FE","Campo":"FE 16","produtividade":183.52992524164,"unidade_produtividade":"sc/ha","pontos_originais":25,"ano":"2026","cultura":"Milho"}},{"type":"Feature","geometry":{"type":"Point","coordinates":[-52.201495307078496,-10.307778352251756]},"properties":{"Fazenda":"FE","Campo":"FE 16","produtividade":186.66375692884,"unidade_produtividade":"sc/ha","pontos_originais":25,"ano":"2026","cultura":"Milho"}},{"type":"Feature","geometry":{"type":"Point","coordinates":[-52.19966907316822,-10.30778513405881]},"properties":{"Fazenda":"FE","Campo":"FE 16","produtividade":187.01308220472004,"unidade_produtividade":"sc/ha","pontos_originais":25,"ano":"2026","cultura":"Milho"}},{"type":"Feature","geometry":{"type":"Point","coordinates":[-52.19989735247625,-10.307784286896762]},"properties":{"Fazenda":"FE","Campo":"FE 16","produtividade":182.04640732912,"unidade_produtividade":"sc/ha","pontos_originais":25,"ano":"2026","cultura":"Milho"}},{"type":"Feature","geometry":{"type":"Point","coordinates":[-52.199440793840395,-10.307785981059764]},"properties":{"Fazenda":"FE","Campo":"FE 16","produtividade":188.98051409068,"unidade_produtividade":"sc/ha","pontos_originais":25,"ano":"2026","cultura":"Milho"}},{"type":"Feature","geometry":{"type":"Point","coordinates":[-52.199212514492814,-10.307786827899623]},"properties":{"Fazenda":"FE","Campo":"FE 16","produtividade":187.76812515852,"unidade_produtividade":"sc/ha","pontos_originais":25,"ano":"2026","cultura":"Milho"}},{"type":"Feature","geometry":{"type":"Point","coordinates":[-52.20035391103299,-10.307782592089374]},"properties":{"Fazenda":"FE","Campo":"FE 16","produtividade":171.21725309283997,"unidade_produtividade":"sc/ha","pontos_originais":25,"ano":"2026","cultura":"Milho"}},{"type":"Feature","geometry":{"type":"Point","coordinates":[-52.20012563176451,-10.307783439573615]},"properties":{"Fazenda":"FE","Campo":"FE 16","produtividade":174.591618191,"unidade_produtividade":"sc/ha","pontos_originais":25,"ano":"2026","cultura":"Milho"}},{"type":"Feature","geometry":{"type":"Point","coordinates":[-52.204006376634915,-10.307769010432674]},"properties":{"Fazenda":"FE","Campo":"FE 16","produtividade":187.24136537163997,"unidade_produtividade":"sc/ha","pontos_originais":25,"ano":"2026","cultura":"Milho"}},{"type":"Feature","geometry":{"type":"Point","coordinates":[-52.20423465556649,-10.30776816020983]},"properties":{"Fazenda":"FE","Campo":"FE 16","produtividade":183.56795606100002,"unidade_produtividade":"sc/ha","pontos_originais":25,"ano":"2026","cultura":"Milho"}},{"type":"Feature","geometry":{"type":"Point","coordinates":[-52.2037780976835,-10.307769860494425]},"properties":{"Fazenda":"FE","Campo":"FE 16","produtividade":191.69109776112003,"unidade_produtividade":"sc/ha","pontos_originais":25,"ano":"2026","cultura":"Milho"}},{"type":"Feature","geometry":{"type":"Point","coordinates":[-52.203549818712226,-10.307770710395083]},"properties":{"Fazenda":"FE","Campo":"FE 16","produtividade":192.412256219,"unidade_produtividade":"sc/ha","pontos_originais":25,"ano":"2026","cultura":"Milho"}},{"type":"Feature","geometry":{"type":"Point","coordinates":[-52.20491949224208,-10.30776560857473]},"properties":{"Fazenda":"FE","Campo":"FE 16","produtividade":183.90373898931998,"unidade_produtividade":"sc/ha","pontos_originais":25,"ano":"2026","cultura":"Milho"}},{"type":"Feature","geometry":{"type":"Point","coordinates":[-52.204691213370076,-10.307766459280856]},"properties":{"Fazenda":"FE","Campo":"FE 16","produtividade":181.87933933355998,"unidade_produtividade":"sc/ha","pontos_originais":25,"ano":"2026","cultura":"Milho"}},{"type":"Feature","geometry":{"type":"Point","coordinates":[-52.204462934478215,-10.307767309825888]},"properties":{"Fazenda":"FE","Campo":"FE 16","produtividade":180.64864677960003,"unidade_produtividade":"sc/ha","pontos_originais":25,"ano":"2026","cultura":"Milho"}},{"type":"Feature","geometry":{"type":"Point","coordinates":[-52.202636702628794,-10.30777410838677]},"properties":{"Fazenda":"FE","Campo":"FE 16","produtividade":199.93674684952003,"unidade_produtividade":"sc/ha","pontos_originais":25,"ano":"2026","cultura":"Milho"}},{"type":"Feature","geometry":{"type":"Point","coordinates":[-52.202408423558374,-10.307774957481957]},"properties":{"Fazenda":"FE","Campo":"FE 16","produtividade":195.1419344652,"unidade_produtividade":"sc/ha","pontos_originais":25,"ano":"2026","cultura":"Milho"}},{"type":"Feature","geometry":{"type":"Point","coordinates":[-52.20218014446812,-10.307775806416048]},"properties":{"Fazenda":"FE","Campo":"FE 16","produtividade":184.91743590432,"unidade_produtividade":"sc/ha","pontos_originais":25,"ano":"2026","cultura":"Milho"}},{"type":"Feature","geometry":{"type":"Point","coordinates":[-52.20332153972113,-10.307771560134647]},"properties":{"Fazenda":"FE","Campo":"FE 16","produtividade":190.187300609,"unidade_produtividade":"sc/ha","pontos_originais":25,"ano":"2026","cultura":"Milho"}},{"type":"Feature","geometry":{"type":"Point","coordinates":[-52.20309326071018,-10.307772409713113]},"properties":{"Fazenda":"FE","Campo":"FE 16","produtividade":191.5751752942801,"unidade_produtividade":"sc/ha","pontos_originais":25,"ano":"2026","cultura":"Milho"}},{"type":"Feature","geometry":{"type":"Point","coordinates":[-52.20286498167941,-10.30777325913049]},"properties":{"Fazenda":"FE","Campo":"FE 16","produtividade":196.62133220735998,"unidade_produtividade":"sc/ha","pontos_originais":25,"ano":"2026","cultura":"Milho"}},{"type":"Feature","geometry":{"type":"Point","coordinates":[-52.19829939690478,-10.307790213648103]},"properties":{"Fazenda":"FE","Campo":"FE 16","produtividade":141.48184152988003,"unidade_produtividade":"sc/ha","pontos_originais":25,"ano":"2026","cultura":"Milho"}},{"type":"Feature","geometry":{"type":"Point","coordinates":[-52.19810826626003,-10.30780505099009]},"properties":{"Fazenda":"FE","Campo":"FE 16","produtividade":129.2467045603125,"unidade_produtividade":"sc/ha","pontos_originais":16,"ano":"2026","cultura":"Milho"}},{"type":"Feature","geometry":{"type":"Point","coordinates":[-52.198984235125415,-10.307787674578385]},"properties":{"Fazenda":"FE","Campo":"FE 16","produtividade":183.38157154192,"unidade_produtividade":"sc/ha","pontos_originais":25,"ano":"2026","cultura":"Milho"}},{"type":"Feature","geometry":{"type":"Point","coordinates":[-52.19875595573831,-10.307788521096054]},"properties":{"Fazenda":"FE","Campo":"FE 16","produtividade":175.61382404592,"unidade_produtividade":"sc/ha","pontos_originais":25,"ano":"2026","cultura":"Milho"}},{"type":"Feature","geometry":{"type":"Point","coordinates":[-52.198527676331416,-10.307789367452626]},"properties":{"Fazenda":"FE","Campo":"FE 16","produtividade":162.94105579332,"unidade_produtividade":"sc/ha","pontos_originais":25,"ano":"2026","cultura":"Milho"}},{"type":"Feature","geometry":{"type":"Point","coordinates":[-52.210380770123905,-10.307740902525055]},"properties":{"Fazenda":"FE","Campo":"FE 16","produtividade":173.0569810374762,"unidade_produtividade":"sc/ha","pontos_originais":21,"ano":"2026","cultura":"Milho"}},{"type":"Feature","geometry":{"type":"Point","coordinates":[-52.2101699008084,-10.307745997872107]},"properties":{"Fazenda":"FE","Campo":"FE 16","produtividade":175.71155103748004,"unidade_produtividade":"sc/ha","pontos_originais":25,"ano":"2026","cultura":"Milho"}},{"type":"Feature","geometry":{"type":"Point","coordinates":[-52.20994162239421,-10.307746852283374]},"properties":{"Fazenda":"FE","Campo":"FE 16","produtividade":189.82209546568,"unidade_produtividade":"sc/ha","pontos_originais":25,"ano":"2026","cultura":"Milho"}},{"type":"Feature","geometry":{"type":"Point","coordinates":[-52.20925678703193,-10.307749414550612]},"properties":{"Fazenda":"FE","Campo":"FE 16","produtividade":197.14023405395997,"unidade_produtividade":"sc/ha","pontos_originais":25,"ano":"2026","cultura":"Milho"}},{"type":"Feature","geometry":{"type":"Point","coordinates":[-52.20902850853797,-10.307750268317504]},"properties":{"Fazenda":"FE","Campo":"FE 16","produtividade":197.09606998392007,"unidade_produtividade":"sc/ha","pontos_originais":25,"ano":"2026","cultura":"Milho"}},{"type":"Feature","geometry":{"type":"Point","coordinates":[-52.20880023002408,-10.307751121923305]},"properties":{"Fazenda":"FE","Campo":"FE 16","produtividade":195.60592898059997,"unidade_produtividade":"sc/ha","pontos_originais":25,"ano":"2026","cultura":"Milho"}},{"type":"Feature","geometry":{"type":"Point","coordinates":[-52.20857195149025,-10.307751975368014]},"properties":{"Fazenda":"FE","Campo":"FE 16","produtividade":194.286778228,"unidade_produtividade":"sc/ha","pontos_originais":25,"ano":"2026","cultura":"Milho"}},{"type":"Feature","geometry":{"type":"Point","coordinates":[-52.209713343960054,-10.307747706533542]},"properties":{"Fazenda":"FE","Campo":"FE 16","produtividade":194.12913523699999,"unidade_produtividade":"sc/ha","pontos_originais":25,"ano":"2026","cultura":"Milho"}},{"type":"Feature","geometry":{"type":"Point","coordinates":[-52.209485065505966,-10.307748560622624]},"properties":{"Fazenda":"FE","Campo":"FE 16","produtividade":195.32459464432003,"unidade_produtividade":"sc/ha","pontos_originais":25,"ano":"2026","cultura":"Milho"}},{"type":"Feature","geometry":{"type":"Point","coordinates":[-52.20560432873892,-10.30776305548979]},"properties":{"Fazenda":"FE","Campo":"FE 16","produtividade":190.85611968540002,"unidade_produtividade":"sc/ha","pontos_originais":25,"ano":"2026","cultura":"Milho"}},{"type":"Feature","geometry":{"type":"Point","coordinates":[-52.20537604992651,-10.307763906679195]},"properties":{"Fazenda":"FE","Campo":"FE 16","produtividade":192.24927870652002,"unidade_produtividade":"sc/ha","pontos_originais":25,"ano":"2026","cultura":"Milho"}},{"type":"Feature","geometry":{"type":"Point","coordinates":[-52.205147771094225,-10.307764757707512]},"properties":{"Fazenda":"FE","Campo":"FE 16","produtividade":186.26557982004005,"unidade_produtividade":"sc/ha","pontos_originais":25,"ano":"2026","cultura":"Milho"}},{"type":"Feature","geometry":{"type":"Point","coordinates":[-52.207658837155776,-10.307755387535929]},"properties":{"Fazenda":"FE","Campo":"FE 16","produtividade":187.76501435568,"unidade_produtividade":"sc/ha","pontos_originais":25,"ano":"2026","cultura":"Milho"}},{"type":"Feature","geometry":{"type":"Point","coordinates":[-52.20788711576926,-10.30775453473559]},"properties":{"Fazenda":"FE","Campo":"FE 16","produtividade":190.07924032347998,"unidade_produtividade":"sc/ha","pontos_originais":25,"ano":"2026","cultura":"Milho"}},{"type":"Feature","geometry":{"type":"Point","coordinates":[-52.20743055852236,-10.307756240175172]},"properties":{"Fazenda":"FE","Campo":"FE 16","produtividade":186.56444308148,"unidade_produtividade":"sc/ha","pontos_originais":25,"ano":"2026","cultura":"Milho"}},{"type":"Feature","geometry":{"type":"Point","coordinates":[-52.20720227986905,-10.307757092653326]},"properties":{"Fazenda":"FE","Campo":"FE 16","produtividade":189.28528936188002,"unidade_produtividade":"sc/ha","pontos_originais":25,"ano":"2026","cultura":"Milho"}},{"type":"Feature","geometry":{"type":"Point","coordinates":[-52.20834367293651,-10.307752828651633]},"properties":{"Fazenda":"FE","Campo":"FE 16","produtividade":192.77747408543996,"unidade_produtividade":"sc/ha","pontos_originais":25,"ano":"2026","cultura":"Milho"}},{"type":"Feature","geometry":{"type":"Point","coordinates":[-52.20811539436284,-10.307753681774157]},"properties":{"Fazenda":"FE","Campo":"FE 16","produtividade":190.77545510459996,"unidade_produtividade":"sc/ha","pontos_originais":25,"ano":"2026","cultura":"Milho"}},{"type":"Feature","geometry":{"type":"Point","coordinates":[-52.20628916505686,-10.307760500955006]},"properties":{"Fazenda":"FE","Campo":"FE 16","produtividade":190.25082290612002,"unidade_produtividade":"sc/ha","pontos_originais":25,"ano":"2026","cultura":"Milho"}},{"type":"Feature","geometry":{"type":"Point","coordinates":[-52.2060608863041,-10.307761352627695]},"properties":{"Fazenda":"FE","Campo":"FE 16","produtividade":189.8042428078,"unidade_produtividade":"sc/ha","pontos_originais":25,"ano":"2026","cultura":"Milho"}},{"type":"Feature","geometry":{"type":"Point","coordinates":[-52.20583260753143,-10.307762204139287]},"properties":{"Fazenda":"FE","Campo":"FE 16","produtividade":187.04058252176003,"unidade_produtividade":"sc/ha","pontos_originais":25,"ano":"2026","cultura":"Milho"}},{"type":"Feature","geometry":{"type":"Point","coordinates":[-52.20697400119584,-10.307757944970385]},"properties":{"Fazenda":"FE","Campo":"FE 16","produtividade":192.62875706996,"unidade_produtividade":"sc/ha","pontos_originais":25,"ano":"2026","cultura":"Milho"}},{"type":"Feature","geometry":{"type":"Point","coordinates":[-52.206745722502745,-10.307758797126352]},"properties":{"Fazenda":"FE","Campo":"FE 16","produtividade":191.83834596308003,"unidade_produtividade":"sc/ha","pontos_originais":25,"ano":"2026","cultura":"Milho"}},{"type":"Feature","geometry":{"type":"Point","coordinates":[-52.20651744378977,-10.307759649121227]},"properties":{"Fazenda":"FE","Campo":"FE 16","produtividade":189.17995818559996,"unidade_produtividade":"sc/ha","pontos_originais":25,"ano":"2026","cultura":"Milho"}},{"type":"Feature","geometry":{"type":"Point","coordinates":[-52.20788625452631,-10.307528475168624]},"properties":{"Fazenda":"FE","Campo":"FE 16","produtividade":195.01410669224003,"unidade_produtividade":"sc/ha","pontos_originais":25,"ano":"2026","cultura":"Milho"}},{"type":"Feature","geometry":{"type":"Point","coordinates":[-52.20765797607549,-10.307529327949869]},"properties":{"Fazenda":"FE","Campo":"FE 16","produtividade":194.18861016827998,"unidade_produtividade":"sc/ha","pontos_originais":25,"ano":"2026","cultura":"Milho"}},{"type":"Feature","geometry":{"type":"Point","coordinates":[-52.207429697604745,-10.307530180570017]},"properties":{"Fazenda":"FE","Campo":"FE 16","produtividade":191.95943684399998,"unidade_produtividade":"sc/ha","pontos_originais":25,"ano":"2026","cultura":"Milho"}},{"type":"Feature","geometry":{"type":"Point","coordinates":[-52.20720141911411,-10.307531033029086]},"properties":{"Fazenda":"FE","Campo":"FE 16","produtividade":193.71277113499997,"unidade_produtividade":"sc/ha","pontos_originais":25,"ano":"2026","cultura":"Milho"}},{"type":"Feature","geometry":{"type":"Point","coordinates":[-52.20857108975928,-10.307525915858362]},"properties":{"Fazenda":"FE","Campo":"FE 16","produtividade":190.87462687712,"unidade_produtividade":"sc/ha","pontos_originais":25,"ano":"2026","cultura":"Milho"}},{"type":"Feature","geometry":{"type":"Point","coordinates":[-52.20834281136821,-10.307526769122871]},"properties":{"Fazenda":"FE","Campo":"FE 16","produtividade":191.40254729527996,"unidade_produtividade":"sc/ha","pontos_originais":25,"ano":"2026","cultura":"Milho"}},{"type":"Feature","geometry":{"type":"Point","coordinates":[-52.20811453295723,-10.307527622226294]},"properties":{"Fazenda":"FE","Campo":"FE 16","produtividade":192.58130336655998,"unidade_produtividade":"sc/ha","pontos_originais":25,"ano":"2026","cultura":"Milho"}},{"type":"Feature","geometry":{"type":"Point","coordinates":[-52.206288304952594,-10.307534441254443]},"properties":{"Fazenda":"FE","Campo":"FE 16","produtividade":189.17979066452,"unidade_produtividade":"sc/ha","pontos_originais":25,"ano":"2026","cultura":"Milho"}},{"type":"Feature","geometry":{"type":"Point","coordinates":[-52.206516583522806,-10.307533589439737]},"properties":{"Fazenda":"FE","Campo":"FE 16","produtividade":193.54233080580002,"unidade_produtividade":"sc/ha","pontos_originais":25,"ano":"2026","cultura":"Milho"}},{"type":"Feature","geometry":{"type":"Point","coordinates":[-52.2060600263625,-10.307535292908055]},"properties":{"Fazenda":"FE","Campo":"FE 16","produtividade":183.99626505215997,"unidade_produtividade":"sc/ha","pontos_originais":25,"ano":"2026","cultura":"Milho"}},{"type":"Feature","geometry":{"type":"Point","coordinates":[-52.20583174775252,-10.307536144400583]},"properties":{"Fazenda":"FE","Campo":"FE 16","produtividade":184.82065890572005,"unidade_produtividade":"sc/ha","pontos_originais":25,"ano":"2026","cultura":"Milho"}},{"type":"Feature","geometry":{"type":"Point","coordinates":[-52.206973140603566,-10.307531885327057]},"properties":{"Fazenda":"FE","Campo":"FE 16","produtividade":196.65541108428005,"unidade_produtividade":"sc/ha","pontos_originais":25,"ano":"2026","cultura":"Milho"}},{"type":"Feature","geometry":{"type":"Point","coordinates":[-52.206744862073144,-10.30753273746394]},"properties":{"Fazenda":"FE","Campo":"FE 16","produtividade":196.72251352600003,"unidade_produtividade":"sc/ha","pontos_originais":25,"ano":"2026","cultura":"Milho"}},{"type":"Feature","geometry":{"type":"Point","coordinates":[-52.19829854249403,-10.307564153282188]},"properties":{"Fazenda":"FE","Campo":"FE 16","produtividade":127.46759344908,"unidade_produtividade":"sc/ha","pontos_originais":25,"ano":"2026","cultura":"Milho"}},{"type":"Feature","geometry":{"type":"Point","coordinates":[-52.19852682175801,-10.307563307105658]},"properties":{"Fazenda":"FE","Campo":"FE 16","produtividade":145.47696553232,"unidade_produtividade":"sc/ha","pontos_originais":25,"ano":"2026","cultura":"Milho"}},{"type":"Feature","geometry":{"type":"Point","coordinates":[-52.198146498688324,-10.307602394046311]},"properties":{"Fazenda":"FE","Campo":"FE 16","produtividade":125.85229358283334,"unidade_produtividade":"sc/ha","pontos_originais":6,"ano":"2026","cultura":"Milho"}},{"type":"Feature","geometry":{"type":"Point","coordinates":[-52.21039731617036,-10.307519083943088]},"properties":{"Fazenda":"FE","Campo":"FE 16","produtividade":175.4524326824,"unidade_produtividade":"sc/ha","pontos_originais":25,"ano":"2026","cultura":"Milho"}},{"type":"Feature","geometry":{"type":"Point","coordinates":[-52.210169037938755,-10.307519938496311]},"properties":{"Fazenda":"FE","Campo":"FE 16","produtividade":176.71469624496004,"unidade_produtividade":"sc/ha","pontos_originais":25,"ano":"2026","cultura":"Milho"}},{"type":"Feature","geometry":{"type":"Point","coordinates":[-52.198983380226665,-10.307561614269325]},"properties":{"Fazenda":"FE","Campo":"FE 16","produtividade":181.16105559396,"unidade_produtividade":"sc/ha","pontos_originais":25,"ano":"2026","cultura":"Milho"}},{"type":"Feature","geometry":{"type":"Point","coordinates":[-52.199211659431356,-10.307560767609523]},"properties":{"Fazenda":"FE","Campo":"FE 16","produtividade":188.33617571084002,"unidade_produtividade":"sc/ha","pontos_originais":25,"ano":"2026","cultura":"Milho"}},{"type":"Feature","geometry":{"type":"Point","coordinates":[-52.198755101002206,-10.307562460768038]},"properties":{"Fazenda":"FE","Campo":"FE 16","produtividade":164.80352971452,"unidade_produtividade":"sc/ha","pontos_originais":25,"ano":"2026","cultura":"Milho"}},{"type":"Feature","geometry":{"type":"Point","coordinates":[-52.20925592481297,-10.3075233550983]},"properties":{"Fazenda":"FE","Campo":"FE 16","produtividade":193.79494623288002,"unidade_produtividade":"sc/ha","pontos_originais":25,"ano":"2026","cultura":"Milho"}},{"type":"Feature","geometry":{"type":"Point","coordinates":[-52.20902764648167,-10.307524208846077]},"properties":{"Fazenda":"FE","Campo":"FE 16","produtividade":190.35867255332002,"unidade_produtividade":"sc/ha","pontos_originais":25,"ano":"2026","cultura":"Milho"}},{"type":"Feature","geometry":{"type":"Point","coordinates":[-52.20879936813043,-10.307525062432763]},"properties":{"Fazenda":"FE","Campo":"FE 16","produtividade":189.74248266280003,"unidade_produtividade":"sc/ha","pontos_originais":25,"ano":"2026","cultura":"Milho"}},{"type":"Feature","geometry":{"type":"Point","coordinates":[-52.209940759687235,-10.30752079288844]},"properties":{"Fazenda":"FE","Campo":"FE 16","produtividade":188.37661049303998,"unidade_produtividade":"sc/ha","pontos_originais":25,"ano":"2026","cultura":"Milho"}},{"type":"Feature","geometry":{"type":"Point","coordinates":[-52.20971248141576,-10.307521647119481]},"properties":{"Fazenda":"FE","Campo":"FE 16","produtividade":194.08932106032,"unidade_produtividade":"sc/ha","pontos_originais":25,"ano":"2026","cultura":"Milho"}},{"type":"Feature","geometry":{"type":"Point","coordinates":[-52.20948420312432,-10.307522501189437]},"properties":{"Fazenda":"FE","Campo":"FE 16","produtividade":195.97700443012,"unidade_produtividade":"sc/ha","pontos_originais":25,"ano":"2026","cultura":"Milho"}},{"type":"Feature","geometry":{"type":"Point","coordinates":[-52.20195100834455,-10.30755059512674]},"properties":{"Fazenda":"FE","Campo":"FE 16","produtividade":179.28356909800002,"unidade_produtividade":"sc/ha","pontos_originais":25,"ano":"2026","cultura":"Milho"}},{"type":"Feature","geometry":{"type":"Point","coordinates":[-52.201722729377344,-10.307551443719642]},"properties":{"Fazenda":"FE","Campo":"FE 16","produtividade":183.40905560164003,"unidade_produtividade":"sc/ha","pontos_originais":25,"ano":"2026","cultura":"Milho"}},{"type":"Feature","geometry":{"type":"Point","coordinates":[-52.20149445039031,-10.30755229215145]},"properties":{"Fazenda":"FE","Campo":"FE 16","produtividade":183.07782613659995,"unidade_produtividade":"sc/ha","pontos_originais":25,"ano":"2026","cultura":"Milho"}},{"type":"Feature","geometry":{"type":"Point","coordinates":[-52.20126617138348,-10.307553140422169]},"properties":{"Fazenda":"FE","Campo":"FE 16","produtividade":182.12949849164,"unidade_produtividade":"sc/ha","pontos_originais":25,"ano":"2026","cultura":"Milho"}},{"type":"Feature","geometry":{"type":"Point","coordinates":[-52.20263584512729,-10.307548048381493]},"properties":{"Fazenda":"FE","Campo":"FE 16","produtividade":191.01998145471995,"unidade_produtividade":"sc/ha","pontos_originais":25,"ano":"2026","cultura":"Milho"}},{"type":"Feature","geometry":{"type":"Point","coordinates":[-52.20286412401521,-10.307547199144233]},"properties":{"Fazenda":"FE","Campo":"FE 16","produtividade":195.17585430311996,"unidade_produtividade":"sc/ha","pontos_originais":25,"ano":"2026","cultura":"Milho"}},{"type":"Feature","geometry":{"type":"Point","coordinates":[-52.20240756621953,-10.307548897457668]},"properties":{"Fazenda":"FE","Campo":"FE 16","produtividade":178.66865929472,"unidade_produtividade":"sc/ha","pontos_originais":25,"ano":"2026","cultura":"Milho"}},{"type":"Feature","geometry":{"type":"Point","coordinates":[-52.20217928729195,-10.307549746372752]},"properties":{"Fazenda":"FE","Campo":"FE 16","produtividade":174.01680671407996,"unidade_produtividade":"sc/ha","pontos_originais":25,"ano":"2026","cultura":"Milho"}},{"type":"Feature","geometry":{"type":"Point","coordinates":[-52.20058133424419,-10.307555684267776]},"properties":{"Fazenda":"FE","Campo":"FE 16","produtividade":181.89423386604003,"unidade_produtividade":"sc/ha","pontos_originais":25,"ano":"2026","cultura":"Milho"}},{"type":"Feature","geometry":{"type":"Point","coordinates":[-52.200353055158175,-10.307556531894129]},"properties":{"Fazenda":"FE","Campo":"FE 16","produtividade":178.51709371404002,"unidade_produtividade":"sc/ha","pontos_originais":25,"ano":"2026","cultura":"Milho"}},{"type":"Feature","geometry":{"type":"Point","coordinates":[-52.20012477605237,-10.307557379359391]},"properties":{"Fazenda":"FE","Campo":"FE 16","produtividade":179.48427702284005,"unidade_produtividade":"sc/ha","pontos_originais":25,"ano":"2026","cultura":"Milho"}},{"type":"Feature","geometry":{"type":"Point","coordinates":[-52.1998964969268,-10.30755822666356]},"properties":{"Fazenda":"FE","Campo":"FE 16","produtividade":183.03064527343997,"unidade_produtividade":"sc/ha","pontos_originais":25,"ano":"2026","cultura":"Milho"}},{"type":"Feature","geometry":{"type":"Point","coordinates":[-52.201037892356844,-10.307553988531797]},"properties":{"Fazenda":"FE","Campo":"FE 16","produtividade":182.79076427580003,"unidade_produtividade":"sc/ha","pontos_originais":25,"ano":"2026","cultura":"Milho"}},{"type":"Feature","geometry":{"type":"Point","coordinates":[-52.20080961331042,-10.307554836480334]},"properties":{"Fazenda":"FE","Campo":"FE 16","produtividade":183.87208245308,"unidade_produtividade":"sc/ha","pontos_originais":25,"ano":"2026","cultura":"Milho"}},{"type":"Feature","geometry":{"type":"Point","coordinates":[-52.20491863311385,-10.307539548759792]},"properties":{"Fazenda":"FE","Campo":"FE 16","produtividade":181.56530657888004,"unidade_produtividade":"sc/ha","pontos_originais":25,"ano":"2026","cultura":"Milho"}},{"type":"Feature","geometry":{"type":"Point","coordinates":[-52.204690354404505,-10.307540399446872]},"properties":{"Fazenda":"FE","Campo":"FE 16","produtividade":182.69006643572,"unidade_produtividade":"sc/ha","pontos_originais":25,"ano":"2026","cultura":"Milho"}},{"type":"Feature","geometry":{"type":"Point","coordinates":[-52.204462075675316,-10.307541249972855]},"properties":{"Fazenda":"FE","Campo":"FE 16","produtividade":186.55828650508002,"unidade_produtividade":"sc/ha","pontos_originais":25,"ano":"2026","cultura":"Milho"}},{"type":"Feature","geometry":{"type":"Point","coordinates":[-52.20423379692627,-10.307542100337752]},"properties":{"Fazenda":"FE","Campo":"FE 16","produtividade":188.78328028444,"unidade_produtividade":"sc/ha","pontos_originais":25,"ano":"2026","cultura":"Milho"}},{"type":"Feature","geometry":{"type":"Point","coordinates":[-52.20560346912267,-10.30753699573202]},"properties":{"Fazenda":"FE","Campo":"FE 16","produtividade":190.97590856704002,"unidade_produtividade":"sc/ha","pontos_originais":25,"ano":"2026","cultura":"Milho"}},{"type":"Feature","geometry":{"type":"Point","coordinates":[-52.20537519047292,-10.30753784690237]},"properties":{"Fazenda":"FE","Campo":"FE 16","produtividade":190.16586497916,"unidade_produtividade":"sc/ha","pontos_originais":25,"ano":"2026","cultura":"Milho"}},{"type":"Feature","geometry":{"type":"Point","coordinates":[-52.205146911803325,-10.307538697911625]},"properties":{"Fazenda":"FE","Campo":"FE 16","produtividade":183.22045443232003,"unidade_produtividade":"sc/ha","pontos_originais":25,"ano":"2026","cultura":"Milho"}},{"type":"Feature","geometry":{"type":"Point","coordinates":[-52.20332068173159,-10.307545500186432]},"properties":{"Fazenda":"FE","Campo":"FE 16","produtividade":188.19844157528001,"unidade_produtividade":"sc/ha","pontos_originais":25,"ano":"2026","cultura":"Milho"}},{"type":"Feature","geometry":{"type":"Point","coordinates":[-52.20354896056003,-10.3075446504659]},"properties":{"Fazenda":"FE","Campo":"FE 16","produtividade":182.19117593635997,"unidade_produtividade":"sc/ha","pontos_originais":25,"ano":"2026","cultura":"Milho"}},{"type":"Feature","geometry":{"type":"Point","coordinates":[-52.203092402883314,-10.307546349745879]},"properties":{"Fazenda":"FE","Campo":"FE 16","produtividade":192.24058528136004,"unidade_produtividade":"sc/ha","pontos_originais":25,"ano":"2026","cultura":"Milho"}},{"type":"Feature","geometry":{"type":"Point","coordinates":[-52.20400551815737,-10.307542950541558]},"properties":{"Fazenda":"FE","Campo":"FE 16","produtividade":181.43117944784,"unidade_produtividade":"sc/ha","pontos_originais":25,"ano":"2026","cultura":"Milho"}},{"type":"Feature","geometry":{"type":"Point","coordinates":[-52.20377723936862,-10.307543800584273]},"properties":{"Fazenda":"FE","Campo":"FE 16","produtividade":177.89341344004004,"unidade_produtividade":"sc/ha","pontos_originais":25,"ano":"2026","cultura":"Milho"}},{"type":"Feature","geometry":{"type":"Point","coordinates":[-52.199668217781415,-10.307559073806637]},"properties":{"Fazenda":"FE","Campo":"FE 16","produtividade":187.77195411080004,"unidade_produtividade":"sc/ha","pontos_originais":25,"ano":"2026","cultura":"Milho"}},{"type":"Feature","geometry":{"type":"Point","coordinates":[-52.19943993861626,-10.307559920788627]},"properties":{"Fazenda":"FE","Campo":"FE 16","produtividade":189.69427688164004,"unidade_produtividade":"sc/ha","pontos_originais":25,"ano":"2026","cultura":"Milho"}},{"type":"Feature","geometry":{"type":"Point","coordinates":[-52.20629260567276,-10.308664739725009]},"properties":{"Fazenda":"FE","Campo":"FE 16","produtividade":192.16356587444005,"unidade_produtividade":"sc/ha","pontos_originais":25,"ano":"2026","cultura":"Milho"}},{"type":"Feature","geometry":{"type":"Point","coordinates":[-52.206520885056364,-10.30866388781493]},"properties":{"Fazenda":"FE","Campo":"FE 16","produtividade":190.20456446916,"unidade_produtividade":"sc/ha","pontos_originais":25,"ano":"2026","cultura":"Milho"}},{"type":"Feature","geometry":{"type":"Point","coordinates":[-52.20606432626927,-10.308665591473982]},"properties":{"Fazenda":"FE","Campo":"FE 16","produtividade":193.28653247820003,"unidade_produtividade":"sc/ha","pontos_originais":25,"ano":"2026","cultura":"Milho"}},{"type":"Feature","geometry":{"type":"Point","coordinates":[-52.20583604684589,-10.308666443061849]},"properties":{"Fazenda":"FE","Campo":"FE 16","produtividade":191.31047431688006,"unidade_produtividade":"sc/ha","pontos_originais":25,"ano":"2026","cultura":"Milho"}},{"type":"Feature","geometry":{"type":"Point","coordinates":[-52.20720572308781,-10.308661331118042]},"properties":{"Fazenda":"FE","Campo":"FE 16","produtividade":193.95405096899998,"unidade_produtividade":"sc/ha","pontos_originais":25,"ano":"2026","cultura":"Milho"}},{"type":"Feature","geometry":{"type":"Point","coordinates":[-52.20697744376391,-10.308662183511444]},"properties":{"Fazenda":"FE","Campo":"FE 16","produtividade":189.76065834656,"unidade_produtividade":"sc/ha","pontos_originais":25,"ano":"2026","cultura":"Milho"}},{"type":"Feature","geometry":{"type":"Point","coordinates":[-52.20674916442009,-10.308663035743741]},"properties":{"Fazenda":"FE","Campo":"FE 16","produtividade":189.71994718992002,"unidade_produtividade":"sc/ha","pontos_originais":25,"ano":"2026","cultura":"Milho"}},{"type":"Feature","geometry":{"type":"Point","coordinates":[-52.20492292895366,-10.30866984780223]},"properties":{"Fazenda":"FE","Campo":"FE 16","produtividade":201.12692333468,"unidade_produtividade":"sc/ha","pontos_originais":25,"ano":"2026","cultura":"Milho"}},{"type":"Feature","geometry":{"type":"Point","coordinates":[-52.20469464943094,-10.308670698584557]},"properties":{"Fazenda":"FE","Campo":"FE 16","produtividade":200.27281887540005,"unidade_produtividade":"sc/ha","pontos_originais":25,"ano":"2026","cultura":"Milho"}},{"type":"Feature","geometry":{"type":"Point","coordinates":[-52.204466369888344,-10.308671549205771]},"properties":{"Fazenda":"FE","Campo":"FE 16","produtividade":198.36812964204,"unidade_produtividade":"sc/ha","pontos_originais":25,"ano":"2026","cultura":"Milho"}},{"type":"Feature","geometry":{"type":"Point","coordinates":[-52.20423809032589,-10.308672399665886]},"properties":{"Fazenda":"FE","Campo":"FE 16","produtividade":197.07716554812004,"unidade_produtividade":"sc/ha","pontos_originais":25,"ano":"2026","cultura":"Milho"}},{"type":"Feature","geometry":{"type":"Point","coordinates":[-52.20560776740265,-10.308667294488608]},"properties":{"Fazenda":"FE","Campo":"FE 16","produtividade":194.78615503327998,"unidade_produtividade":"sc/ha","pontos_originais":25,"ano":"2026","cultura":"Milho"}},{"type":"Feature","geometry":{"type":"Point","coordinates":[-52.20537948793951,-10.308668145754257]},"properties":{"Fazenda":"FE","Campo":"FE 16","produtividade":199.15609154832003,"unidade_produtividade":"sc/ha","pontos_originais":25,"ano":"2026","cultura":"Milho"}},{"type":"Feature","geometry":{"type":"Point","coordinates":[-52.20515120845652,-10.308668996858799]},"properties":{"Fazenda":"FE","Campo":"FE 16","produtividade":201.46027049236002,"unidade_produtividade":"sc/ha","pontos_originais":25,"ano":"2026","cultura":"Milho"}},{"type":"Feature","geometry":{"type":"Point","coordinates":[-52.20926023610716,-10.308653652327582]},"properties":{"Fazenda":"FE","Campo":"FE 16","produtividade":196.19374277932,"unidade_produtividade":"sc/ha","pontos_originais":25,"ano":"2026","cultura":"Milho"}},{"type":"Feature","geometry":{"type":"Point","coordinates":[-52.2094885152319,-10.30865279832311]},"properties":{"Fazenda":"FE","Campo":"FE 16","produtividade":191.64906198631996,"unidade_produtividade":"sc/ha","pontos_originais":25,"ano":"2026","cultura":"Milho"}},{"type":"Feature","geometry":{"type":"Point","coordinates":[-52.20903195696246,-10.308654506170951]},"properties":{"Fazenda":"FE","Campo":"FE 16","produtividade":198.06368234459998,"unidade_produtividade":"sc/ha","pontos_originais":25,"ano":"2026","cultura":"Milho"}},{"type":"Feature","geometry":{"type":"Point","coordinates":[-52.20880367779785,-10.308655359853214]},"properties":{"Fazenda":"FE","Campo":"FE 16","produtividade":197.40803947264,"unidade_produtividade":"sc/ha","pontos_originais":25,"ano":"2026","cultura":"Milho"}},{"type":"Feature","geometry":{"type":"Point","coordinates":[-52.209945073421565,-10.308651089830839]},"properties":{"Fazenda":"FE","Campo":"FE 16","produtividade":187.06956932332002,"unidade_produtividade":"sc/ha","pontos_originais":25,"ano":"2026","cultura":"Milho"}},{"type":"Feature","geometry":{"type":"Point","coordinates":[-52.21017335248648,-10.308650235343045]},"properties":{"Fazenda":"FE","Campo":"FE 16","produtividade":181.20411557992,"unidade_produtividade":"sc/ha","pontos_originais":25,"ano":"2026","cultura":"Milho"}},{"type":"Feature","geometry":{"type":"Point","coordinates":[-52.2097167943367,-10.30865194415753]},"properties":{"Fazenda":"FE","Campo":"FE 16","produtividade":189.20852159000003,"unidade_produtividade":"sc/ha","pontos_originais":25,"ano":"2026","cultura":"Milho"}},{"type":"Feature","geometry":{"type":"Point","coordinates":[-52.20789056094017,-10.308658772971187]},"properties":{"Fazenda":"FE","Campo":"FE 16","produtividade":199.96503458631997,"unidade_produtividade":"sc/ha","pontos_originais":25,"ano":"2026","cultura":"Milho"}},{"type":"Feature","geometry":{"type":"Point","coordinates":[-52.20766228167597,-10.308659625847916]},"properties":{"Fazenda":"FE","Campo":"FE 16","produtividade":199.55871892176003,"unidade_produtividade":"sc/ha","pontos_originais":25,"ano":"2026","cultura":"Milho"}},{"type":"Feature","geometry":{"type":"Point","coordinates":[-52.20743400239186,-10.308660478563532]},"properties":{"Fazenda":"FE","Campo":"FE 16","produtividade":198.38798901867997,"unidade_produtividade":"sc/ha","pontos_originais":25,"ano":"2026","cultura":"Milho"}},{"type":"Feature","geometry":{"type":"Point","coordinates":[-52.20857539861331,-10.308656213374366]},"properties":{"Fazenda":"FE","Campo":"FE 16","produtividade":198.02275136072,"unidade_produtividade":"sc/ha","pontos_originais":25,"ano":"2026","cultura":"Milho"}},{"type":"Feature","geometry":{"type":"Point","coordinates":[-52.208347119408856,-10.308657066734414]},"properties":{"Fazenda":"FE","Campo":"FE 16","produtividade":200.44495279324002,"unidade_produtividade":"sc/ha","pontos_originais":25,"ano":"2026","cultura":"Milho"}},{"type":"Feature","geometry":{"type":"Point","coordinates":[-52.20811884018448,-10.308657919933355]},"properties":{"Fazenda":"FE","Campo":"FE 16","produtividade":200.87894760536005,"unidade_produtividade":"sc/ha","pontos_originais":25,"ano":"2026","cultura":"Milho"}},{"type":"Feature","geometry":{"type":"Point","coordinates":[-52.20058561462952,-10.30868598511686]},"properties":{"Fazenda":"FE","Campo":"FE 16","produtividade":179.17669276948004,"unidade_produtividade":"sc/ha","pontos_originais":25,"ano":"2026","cultura":"Milho"}},{"type":"Feature","geometry":{"type":"Point","coordinates":[-52.20035733473008,-10.30868683283812]},"properties":{"Fazenda":"FE","Campo":"FE 16","produtividade":177.49429269984,"unidade_produtividade":"sc/ha","pontos_originais":25,"ano":"2026","cultura":"Milho"}},{"type":"Feature","geometry":{"type":"Point","coordinates":[-52.200129054810894,-10.30868768039827]},"properties":{"Fazenda":"FE","Campo":"FE 16","produtividade":177.55380297312004,"unidade_produtividade":"sc/ha","pontos_originais":25,"ano":"2026","cultura":"Milho"}},{"type":"Feature","geometry":{"type":"Point","coordinates":[-52.19990077487188,-10.308688527797312]},"properties":{"Fazenda":"FE","Campo":"FE 16","produtividade":184.13080285724004,"unidade_produtividade":"sc/ha","pontos_originais":25,"ano":"2026","cultura":"Milho"}},{"type":"Feature","geometry":{"type":"Point","coordinates":[-52.20127045420898,-10.308683440986425]},"properties":{"Fazenda":"FE","Campo":"FE 16","produtividade":194.50800713171998,"unidade_produtividade":"sc/ha","pontos_originais":25,"ano":"2026","cultura":"Milho"}},{"type":"Feature","geometry":{"type":"Point","coordinates":[-52.20104217436896,-10.308684289191014]},"properties":{"Fazenda":"FE","Campo":"FE 16","produtividade":188.61633669271998,"unidade_produtividade":"sc/ha","pontos_originais":25,"ano":"2026","cultura":"Milho"}},{"type":"Feature","geometry":{"type":"Point","coordinates":[-52.20081389450912,-10.308685137234491]},"properties":{"Fazenda":"FE","Campo":"FE 16","produtividade":179.74878291239997,"unidade_produtividade":"sc/ha","pontos_originais":25,"ano":"2026","cultura":"Milho"}},{"type":"Feature","geometry":{"type":"Point","coordinates":[-52.198987654918184,-10.308691915782376]},"properties":{"Fazenda":"FE","Campo":"FE 16","produtividade":179.19076241968,"unidade_produtividade":"sc/ha","pontos_originais":25,"ano":"2026","cultura":"Milho"}},{"type":"Feature","geometry":{"type":"Point","coordinates":[-52.19921593493626,-10.308691069027773]},"properties":{"Fazenda":"FE","Campo":"FE 16","produtividade":177.97001793188002,"unidade_produtividade":"sc/ha","pontos_originais":25,"ano":"2026","cultura":"Milho"}},{"type":"Feature","geometry":{"type":"Point","coordinates":[-52.198759374880325,-10.308692762375868]},"properties":{"Fazenda":"FE","Campo":"FE 16","produtividade":180.91242321028,"unidade_produtividade":"sc/ha","pontos_originais":25,"ano":"2026","cultura":"Milho"}},{"type":"Feature","geometry":{"type":"Point","coordinates":[-52.19853109482271,-10.30869360880825]},"properties":{"Fazenda":"FE","Campo":"FE 16","produtividade":180.38416209524,"unidade_produtividade":"sc/ha","pontos_originais":25,"ano":"2026","cultura":"Milho"}},{"type":"Feature","geometry":{"type":"Point","coordinates":[-52.19967249491312,-10.308689375035245]},"properties":{"Fazenda":"FE","Campo":"FE 16","produtividade":184.79024570104,"unidade_produtividade":"sc/ha","pontos_originais":25,"ano":"2026","cultura":"Milho"}},{"type":"Feature","geometry":{"type":"Point","coordinates":[-52.199444214934594,-10.308690222112064]},"properties":{"Fazenda":"FE","Campo":"FE 16","produtividade":180.14292537848,"unidade_produtividade":"sc/ha","pontos_originais":25,"ano":"2026","cultura":"Milho"}},{"type":"Feature","geometry":{"type":"Point","coordinates":[-52.20355325151948,-10.308674950079562]},"properties":{"Fazenda":"FE","Campo":"FE 16","produtividade":189.41931682848,"unidade_produtividade":"sc/ha","pontos_originais":25,"ano":"2026","cultura":"Milho"}},{"type":"Feature","geometry":{"type":"Point","coordinates":[-52.20332497187765,-10.308675799895239]},"properties":{"Fazenda":"FE","Campo":"FE 16","produtividade":186.13582166704,"unidade_produtividade":"sc/ha","pontos_originais":25,"ano":"2026","cultura":"Milho"}},{"type":"Feature","geometry":{"type":"Point","coordinates":[-52.203096692215986,-10.308676649549806]},"properties":{"Fazenda":"FE","Campo":"FE 16","produtividade":177.69199514100004,"unidade_produtividade":"sc/ha","pontos_originais":25,"ano":"2026","cultura":"Milho"}},{"type":"Feature","geometry":{"type":"Point","coordinates":[-52.20286841253449,-10.308677499043263]},"properties":{"Fazenda":"FE","Campo":"FE 16","produtividade":173.88558186807998,"unidade_produtividade":"sc/ha","pontos_originais":25,"ano":"2026","cultura":"Milho"}},{"type":"Feature","geometry":{"type":"Point","coordinates":[-52.2040098107436,-10.308673249964887]},"properties":{"Fazenda":"FE","Campo":"FE 16","produtividade":192.60500371176005,"unidade_produtividade":"sc/ha","pontos_originais":25,"ano":"2026","cultura":"Milho"}},{"type":"Feature","geometry":{"type":"Point","coordinates":[-52.203781531141466,-10.308674100102778]},"properties":{"Fazenda":"FE","Campo":"FE 16","produtividade":188.5004198806,"unidade_produtividade":"sc/ha","pontos_originais":25,"ano":"2026","cultura":"Milho"}},{"type":"Feature","geometry":{"type":"Point","coordinates":[-52.201955293610226,-10.308680895406011]},"properties":{"Fazenda":"FE","Campo":"FE 16","produtividade":177.88376366036002,"unidade_produtividade":"sc/ha","pontos_originais":25,"ano":"2026","cultura":"Milho"}},{"type":"Feature","geometry":{"type":"Point","coordinates":[-52.20218357337103,-10.308680046556985]},"properties":{"Fazenda":"FE","Campo":"FE 16","produtividade":183.76625507512,"unidade_produtividade":"sc/ha","pontos_originais":25,"ano":"2026","cultura":"Milho"}},{"type":"Feature","geometry":{"type":"Point","coordinates":[-52.201727013829625,-10.308681744093926]},"properties":{"Fazenda":"FE","Campo":"FE 16","produtividade":178.38623147695998,"unidade_produtividade":"sc/ha","pontos_originais":25,"ano":"2026","cultura":"Milho"}},{"type":"Feature","geometry":{"type":"Point","coordinates":[-52.20149873402922,-10.30868259262073]},"properties":{"Fazenda":"FE","Campo":"FE 16","produtividade":188.87338400660002,"unidade_produtividade":"sc/ha","pontos_originais":25,"ano":"2026","cultura":"Milho"}},{"type":"Feature","geometry":{"type":"Point","coordinates":[-52.20264013283317,-10.308678348375613]},"properties":{"Fazenda":"FE","Campo":"FE 16","produtividade":178.55273894839996,"unidade_produtividade":"sc/ha","pontos_originais":25,"ano":"2026","cultura":"Milho"}},{"type":"Feature","geometry":{"type":"Point","coordinates":[-52.20241185311201,-10.308679197546853]},"properties":{"Fazenda":"FE","Campo":"FE 16","produtividade":184.57701045088004,"unidade_produtividade":"sc/ha","pontos_originais":25,"ano":"2026","cultura":"Milho"}},{"type":"Feature","geometry":{"type":"Point","coordinates":[-52.197676159706845,-10.308717328601194]},"properties":{"Fazenda":"FE","Campo":"FE 16","produtividade":128.16881201481817,"unidade_produtividade":"sc/ha","pontos_originais":11,"ano":"2026","cultura":"Milho"}},{"type":"Feature","geometry":{"type":"Point","coordinates":[-52.19830281474533,-10.308694455079523]},"properties":{"Fazenda":"FE","Campo":"FE 16","produtividade":178.21715393528004,"unidade_produtividade":"sc/ha","pontos_originais":25,"ano":"2026","cultura":"Milho"}},{"type":"Feature","geometry":{"type":"Point","coordinates":[-52.19807453464821,-10.308695301189687]},"properties":{"Fazenda":"FE","Campo":"FE 16","produtividade":168.53910984420003,"unidade_produtividade":"sc/ha","pontos_originais":25,"ano":"2026","cultura":"Milho"}},{"type":"Feature","geometry":{"type":"Point","coordinates":[-52.19784625453134,-10.308696147138738]},"properties":{"Fazenda":"FE","Campo":"FE 16","produtividade":143.92132307988,"unidade_produtividade":"sc/ha","pontos_originais":25,"ano":"2026","cultura":"Milho"}},{"type":"Feature","geometry":{"type":"Point","coordinates":[-52.20241099569385,-10.308453137535466]},"properties":{"Fazenda":"FE","Campo":"FE 16","produtividade":180.75604546288002,"unidade_produtividade":"sc/ha","pontos_originais":25,"ano":"2026","cultura":"Milho"}},{"type":"Feature","geometry":{"type":"Point","coordinates":[-52.20263927525234,-10.30845228838324]},"properties":{"Fazenda":"FE","Campo":"FE 16","produtividade":182.11724824760003,"unidade_produtividade":"sc/ha","pontos_originais":25,"ano":"2026","cultura":"Milho"}},{"type":"Feature","geometry":{"type":"Point","coordinates":[-52.20218271611557,-10.308453986526589]},"properties":{"Fazenda":"FE","Campo":"FE 16","produtividade":181.13706685803993,"unidade_produtividade":"sc/ha","pontos_originais":25,"ano":"2026","cultura":"Milho"}},{"type":"Feature","geometry":{"type":"Point","coordinates":[-52.20195443651746,-10.308454835356608]},"properties":{"Fazenda":"FE","Campo":"FE 16","produtividade":182.20557143980005,"unidade_produtividade":"sc/ha","pontos_originais":25,"ano":"2026","cultura":"Milho"}},{"type":"Feature","geometry":{"type":"Point","coordinates":[-52.20309583430978,-10.30845058959547]},"properties":{"Fazenda":"FE","Campo":"FE 16","produtividade":185.71775832167998,"unidade_produtividade":"sc/ha","pontos_originais":25,"ano":"2026","cultura":"Milho"}},{"type":"Feature","geometry":{"type":"Point","coordinates":[-52.203324113808776,-10.308449739959924]},"properties":{"Fazenda":"FE","Campo":"FE 16","produtividade":188.44172883488005,"unidade_produtividade":"sc/ha","pontos_originais":25,"ano":"2026","cultura":"Milho"}},{"type":"Feature","geometry":{"type":"Point","coordinates":[-52.20286755479096,-10.308451439069906]},"properties":{"Fazenda":"FE","Campo":"FE 16","produtividade":184.37849373004,"unidade_produtividade":"sc/ha","pontos_originais":25,"ano":"2026","cultura":"Milho"}},{"type":"Feature","geometry":{"type":"Point","coordinates":[-52.20104131792695,-10.30845822906562]},"properties":{"Fazenda":"FE","Campo":"FE 16","produtividade":185.78459852575998,"unidade_produtividade":"sc/ha","pontos_originais":25,"ano":"2026","cultura":"Milho"}},{"type":"Feature","geometry":{"type":"Point","coordinates":[-52.200813038229796,-10.308459077090108]},"properties":{"Fazenda":"FE","Campo":"FE 16","produtividade":175.53946306424,"unidade_produtividade":"sc/ha","pontos_originais":25,"ano":"2026","cultura":"Milho"}},{"type":"Feature","geometry":{"type":"Point","coordinates":[-52.20058475851285,-10.308459924953493]},"properties":{"Fazenda":"FE","Campo":"FE 16","produtividade":173.4067988462,"unidade_produtividade":"sc/ha","pontos_originais":25,"ano":"2026","cultura":"Milho"}},{"type":"Feature","geometry":{"type":"Point","coordinates":[-52.200356478776136,-10.30846077265577]},"properties":{"Fazenda":"FE","Campo":"FE 16","produtividade":175.06210149759997,"unidade_produtividade":"sc/ha","pontos_originais":25,"ano":"2026","cultura":"Milho"}},{"type":"Feature","geometry":{"type":"Point","coordinates":[-52.20172615689955,-10.308455684025516]},"properties":{"Fazenda":"FE","Campo":"FE 16","produtividade":188.24757402368,"unidade_produtividade":"sc/ha","pontos_originais":25,"ano":"2026","cultura":"Milho"}},{"type":"Feature","geometry":{"type":"Point","coordinates":[-52.201497877261815,-10.308456532533324]},"properties":{"Fazenda":"FE","Campo":"FE 16","produtividade":192.92183838019994,"unidade_produtividade":"sc/ha","pontos_originais":25,"ano":"2026","cultura":"Milho"}},{"type":"Feature","geometry":{"type":"Point","coordinates":[-52.20126959760428,-10.308457380880027]},"properties":{"Fazenda":"FE","Campo":"FE 16","produtividade":192.72032324408,"unidade_produtividade":"sc/ha","pontos_originais":25,"ano":"2026","cultura":"Milho"}},{"type":"Feature","geometry":{"type":"Point","coordinates":[-52.205378628406464,-10.308442085990329]},"properties":{"Fazenda":"FE","Campo":"FE 16","produtividade":202.09075551504,"unidade_produtividade":"sc/ha","pontos_originais":25,"ano":"2026","cultura":"Milho"}},{"type":"Feature","geometry":{"type":"Point","coordinates":[-52.20515034908616,-10.308442937075815]},"properties":{"Fazenda":"FE","Campo":"FE 16","produtividade":201.89102514991998,"unidade_produtividade":"sc/ha","pontos_originais":25,"ano":"2026","cultura":"Milho"}},{"type":"Feature","geometry":{"type":"Point","coordinates":[-52.20492206974598,-10.308443788000195]},"properties":{"Fazenda":"FE","Campo":"FE 16","produtividade":199.36705430787998,"unidade_produtividade":"sc/ha","pontos_originais":25,"ano":"2026","cultura":"Milho"}},{"type":"Feature","geometry":{"type":"Point","coordinates":[-52.204693790385925,-10.308444638763469]},"properties":{"Fazenda":"FE","Campo":"FE 16","produtividade":197.31371379516,"unidade_produtividade":"sc/ha","pontos_originais":25,"ano":"2026","cultura":"Milho"}},{"type":"Feature","geometry":{"type":"Point","coordinates":[-52.20606346624815,-10.308439531767249]},"properties":{"Fazenda":"FE","Campo":"FE 16","produtividade":192.32555169039998,"unidade_produtividade":"sc/ha","pontos_originais":25,"ano":"2026","cultura":"Milho"}},{"type":"Feature","geometry":{"type":"Point","coordinates":[-52.206291745488954,-10.308438680037348]},"properties":{"Fazenda":"FE","Campo":"FE 16","produtividade":190.13127929796,"unidade_produtividade":"sc/ha","pontos_originais":25,"ano":"2026","cultura":"Milho"}},{"type":"Feature","geometry":{"type":"Point","coordinates":[-52.20583518698747,-10.308440383336047]},"properties":{"Fazenda":"FE","Campo":"FE 16","produtividade":193.57534235432001,"unidade_produtividade":"sc/ha","pontos_originais":25,"ano":"2026","cultura":"Milho"}},{"type":"Feature","geometry":{"type":"Point","coordinates":[-52.205606907706894,-10.308441234743741]},"properties":{"Fazenda":"FE","Campo":"FE 16","produtividade":198.07432664816002,"unidade_produtividade":"sc/ha","pontos_originais":25,"ano":"2026","cultura":"Milho"}},{"type":"Feature","geometry":{"type":"Point","coordinates":[-52.20400895218667,-10.30844719008667]},"properties":{"Fazenda":"FE","Campo":"FE 16","produtividade":192.12994927088,"unidade_produtividade":"sc/ha","pontos_originais":25,"ano":"2026","cultura":"Milho"}},{"type":"Feature","geometry":{"type":"Point","coordinates":[-52.203780672747214,-10.308448040205528]},"properties":{"Fazenda":"FE","Campo":"FE 16","produtividade":188.99929482948,"unidade_produtividade":"sc/ha","pontos_originais":25,"ano":"2026","cultura":"Milho"}},{"type":"Feature","geometry":{"type":"Point","coordinates":[-52.2035523932879,-10.308448890163278]},"properties":{"Fazenda":"FE","Campo":"FE 16","produtividade":188.84427350803998,"unidade_produtividade":"sc/ha","pontos_originais":25,"ano":"2026","cultura":"Milho"}},{"type":"Feature","geometry":{"type":"Point","coordinates":[-52.204465511006035,-10.308445489365642]},"properties":{"Fazenda":"FE","Campo":"FE 16","produtividade":194.5015727672,"unidade_produtividade":"sc/ha","pontos_originais":25,"ano":"2026","cultura":"Milho"}},{"type":"Feature","geometry":{"type":"Point","coordinates":[-52.204237231606264,-10.308446339806707]},"properties":{"Fazenda":"FE","Campo":"FE 16","produtividade":193.74748899527995,"unidade_produtividade":"sc/ha","pontos_originais":25,"ano":"2026","cultura":"Milho"}},{"type":"Feature","geometry":{"type":"Point","coordinates":[-52.19944335963137,-10.308464161853824]},"properties":{"Fazenda":"FE","Campo":"FE 16","produtividade":179.67701886088003,"unidade_produtividade":"sc/ha","pontos_originais":25,"ano":"2026","cultura":"Milho"}},{"type":"Feature","geometry":{"type":"Point","coordinates":[-52.19967163944723,-10.30846331479597]},"properties":{"Fazenda":"FE","Campo":"FE 16","produtividade":181.64438430388,"unidade_produtividade":"sc/ha","pontos_originais":25,"ano":"2026","cultura":"Milho"}},{"type":"Feature","geometry":{"type":"Point","coordinates":[-52.199215079795756,-10.308465008750572]},"properties":{"Fazenda":"FE","Campo":"FE 16","produtividade":182.44571962295998,"unidade_produtividade":"sc/ha","pontos_originais":25,"ano":"2026","cultura":"Milho"}},{"type":"Feature","geometry":{"type":"Point","coordinates":[-52.19898679994035,-10.308465855486215]},"properties":{"Fazenda":"FE","Campo":"FE 16","produtividade":184.57502352364,"unidade_produtividade":"sc/ha","pontos_originais":25,"ano":"2026","cultura":"Milho"}},{"type":"Feature","geometry":{"type":"Point","coordinates":[-52.20012819901961,-10.308461620196942]},"properties":{"Fazenda":"FE","Campo":"FE 16","produtividade":179.85867037931996,"unidade_produtividade":"sc/ha","pontos_originais":25,"ano":"2026","cultura":"Milho"}},{"type":"Feature","geometry":{"type":"Point","coordinates":[-52.19989991924331,-10.30846246757701]},"properties":{"Fazenda":"FE","Campo":"FE 16","produtividade":183.3584804928,"unidade_produtividade":"sc/ha","pontos_originais":25,"ano":"2026","cultura":"Milho"}},{"type":"Feature","geometry":{"type":"Point","coordinates":[-52.19807368032112,-10.308469240817722]},"properties":{"Fazenda":"FE","Campo":"FE 16","produtividade":162.69550169784006,"unidade_produtividade":"sc/ha","pontos_originais":25,"ano":"2026","cultura":"Milho"}},{"type":"Feature","geometry":{"type":"Point","coordinates":[-52.197849219267844,-10.30847384032395]},"properties":{"Fazenda":"FE","Campo":"FE 16","produtividade":141.83457035816664,"unidade_produtividade":"sc/ha","pontos_originais":24,"ano":"2026","cultura":"Milho"}},{"type":"Feature","geometry":{"type":"Point","coordinates":[-52.197708774009286,-10.308561018396434]},"properties":{"Fazenda":"FE","Campo":"FE 16","produtividade":129.58950097599998,"unidade_produtividade":"sc/ha","pontos_originais":1,"ano":"2026","cultura":"Milho"}},{"type":"Feature","geometry":{"type":"Point","coordinates":[-52.21031023361076,-10.308627116644534]},"properties":{"Fazenda":"FE","Campo":"FE 16","produtividade":178.98040100425,"unidade_produtividade":"sc/ha","pontos_originais":4,"ano":"2026","cultura":"Milho"}},{"type":"Feature","geometry":{"type":"Point","coordinates":[-52.198758520065184,-10.30846670206075]},"properties":{"Fazenda":"FE","Campo":"FE 16","produtividade":181.78062347284,"unidade_produtividade":"sc/ha","pontos_originais":25,"ano":"2026","cultura":"Milho"}},{"type":"Feature","geometry":{"type":"Point","coordinates":[-52.19853024017026,-10.30846754847418]},"properties":{"Fazenda":"FE","Campo":"FE 16","produtividade":179.95068893104,"unidade_produtividade":"sc/ha","pontos_originais":25,"ano":"2026","cultura":"Milho"}},{"type":"Feature","geometry":{"type":"Point","coordinates":[-52.19830196025557,-10.308468394726505]},"properties":{"Fazenda":"FE","Campo":"FE 16","produtividade":175.9802619182,"unidade_produtividade":"sc/ha","pontos_originais":25,"ano":"2026","cultura":"Milho"}},{"type":"Feature","geometry":{"type":"Point","coordinates":[-52.2099442106348,-10.308425030448813]},"properties":{"Fazenda":"FE","Campo":"FE 16","produtividade":188.12839373128006,"unidade_produtividade":"sc/ha","pontos_originais":25,"ano":"2026","cultura":"Milho"}},{"type":"Feature","geometry":{"type":"Point","coordinates":[-52.20971593171264,-10.308425884756367]},"properties":{"Fazenda":"FE","Campo":"FE 16","produtividade":195.59722141864,"unidade_produtividade":"sc/ha","pontos_originais":25,"ano":"2026","cultura":"Milho"}},{"type":"Feature","geometry":{"type":"Point","coordinates":[-52.20948765277051,-10.308426738902826]},"properties":{"Fazenda":"FE","Campo":"FE 16","produtividade":196.5142466542,"unidade_produtividade":"sc/ha","pontos_originais":25,"ano":"2026","cultura":"Milho"}},{"type":"Feature","geometry":{"type":"Point","coordinates":[-52.20925937380846,-10.30842759288818]},"properties":{"Fazenda":"FE","Campo":"FE 16","produtividade":196.19907942132,"unidade_produtividade":"sc/ha","pontos_originais":25,"ano":"2026","cultura":"Milho"}},{"type":"Feature","geometry":{"type":"Point","coordinates":[-52.210329709966715,-10.308413540175941]},"properties":{"Fazenda":"FE","Campo":"FE 16","produtividade":174.4623980217778,"unidade_produtividade":"sc/ha","pontos_originais":9,"ano":"2026","cultura":"Milho"}},{"type":"Feature","geometry":{"type":"Point","coordinates":[-52.21017248953705,-10.308424175980146]},"properties":{"Fazenda":"FE","Campo":"FE 16","produtividade":178.88944642343998,"unidade_produtividade":"sc/ha","pontos_originais":25,"ano":"2026","cultura":"Milho"}},{"type":"Feature","geometry":{"type":"Point","coordinates":[-52.20834625776089,-10.308431007218555]},"properties":{"Fazenda":"FE","Campo":"FE 16","produtividade":204.30320712544,"unidade_produtividade":"sc/ha","pontos_originais":25,"ano":"2026","cultura":"Milho"}},{"type":"Feature","geometry":{"type":"Point","coordinates":[-52.20857453680267,-10.308430153877618]},"properties":{"Fazenda":"FE","Campo":"FE 16","produtividade":200.9203903414,"unidade_produtividade":"sc/ha","pontos_originais":25,"ano":"2026","cultura":"Milho"}},{"type":"Feature","geometry":{"type":"Point","coordinates":[-52.20811797869919,-10.308431860398393]},"properties":{"Fazenda":"FE","Campo":"FE 16","produtividade":204.62838462640005,"unidade_produtividade":"sc/ha","pontos_originais":25,"ano":"2026","cultura":"Milho"}},{"type":"Feature","geometry":{"type":"Point","coordinates":[-52.207889699617574,-10.308432713417124]},"properties":{"Fazenda":"FE","Campo":"FE 16","produtividade":200.43205225640003,"unidade_produtividade":"sc/ha","pontos_originais":25,"ano":"2026","cultura":"Milho"}},{"type":"Feature","geometry":{"type":"Point","coordinates":[-52.20903109482644,-10.308428446712428]},"properties":{"Fazenda":"FE","Campo":"FE 16","produtividade":196.64446566688002,"unidade_produtividade":"sc/ha","pontos_originais":25,"ano":"2026","cultura":"Milho"}},{"type":"Feature","geometry":{"type":"Point","coordinates":[-52.20880281582452,-10.308429300375574]},"properties":{"Fazenda":"FE","Campo":"FE 16","produtividade":197.60103294572008,"unidade_produtividade":"sc/ha","pontos_originais":25,"ano":"2026","cultura":"Milho"}},{"type":"Feature","geometry":{"type":"Point","coordinates":[-52.206976583092036,-10.308436123881018]},"properties":{"Fazenda":"FE","Campo":"FE 16","produtividade":186.67993932380003,"unidade_produtividade":"sc/ha","pontos_originais":25,"ano":"2026","cultura":"Milho"}},{"type":"Feature","geometry":{"type":"Point","coordinates":[-52.2067483039109,-10.308436976094232]},"properties":{"Fazenda":"FE","Campo":"FE 16","produtividade":188.78994437195996,"unidade_produtividade":"sc/ha","pontos_originais":25,"ano":"2026","cultura":"Milho"}},{"type":"Feature","geometry":{"type":"Point","coordinates":[-52.20652002470988,-10.30843782814634]},"properties":{"Fazenda":"FE","Campo":"FE 16","produtividade":188.49768865084,"unidade_produtividade":"sc/ha","pontos_originais":25,"ano":"2026","cultura":"Milho"}},{"type":"Feature","geometry":{"type":"Point","coordinates":[-52.20766142051604,-10.308433566274754]},"properties":{"Fazenda":"FE","Campo":"FE 16","produtividade":197.02385143428,"unidade_produtividade":"sc/ha","pontos_originais":25,"ano":"2026","cultura":"Milho"}},{"type":"Feature","geometry":{"type":"Point","coordinates":[-52.20743314139464,-10.308434418971276]},"properties":{"Fazenda":"FE","Campo":"FE 16","produtividade":191.50983217732002,"unidade_produtividade":"sc/ha","pontos_originais":25,"ano":"2026","cultura":"Milho"}},{"type":"Feature","geometry":{"type":"Point","coordinates":[-52.207204862253285,-10.308435271506701]},"properties":{"Fazenda":"FE","Campo":"FE 16","produtividade":185.75261967048002,"unidade_produtividade":"sc/ha","pontos_originais":25,"ano":"2026","cultura":"Milho"}},{"type":"Feature","geometry":{"type":"Point","coordinates":[-52.209252476136434,-10.306619117256817]},"properties":{"Fazenda":"FE","Campo":"FE 16","produtividade":174.8535695608,"unidade_produtividade":"sc/ha","pontos_originais":25,"ano":"2026","cultura":"Milho"}},{"type":"Feature","geometry":{"type":"Point","coordinates":[-52.20948075379716,-10.306618263424438]},"properties":{"Fazenda":"FE","Campo":"FE 16","produtividade":179.6139531824,"unidade_produtividade":"sc/ha","pontos_originais":25,"ano":"2026","cultura":"Milho"}},{"type":"Feature","geometry":{"type":"Point","coordinates":[-52.20902419845578,-10.306619970928123]},"properties":{"Fazenda":"FE","Campo":"FE 16","produtividade":172.29551984184002,"unidade_produtividade":"sc/ha","pontos_originais":25,"ano":"2026","cultura":"Milho"}},{"type":"Feature","geometry":{"type":"Point","coordinates":[-52.20879592075521,-10.306620824438351]},"properties":{"Fazenda":"FE","Campo":"FE 16","produtividade":166.72640735476006,"unidade_produtividade":"sc/ha","pontos_originais":25,"ano":"2026","cultura":"Milho"}},{"type":"Feature","geometry":{"type":"Point","coordinates":[-52.209937309058816,-10.306616555276461]},"properties":{"Fazenda":"FE","Campo":"FE 16","produtividade":183.67526214824002,"unidade_produtividade":"sc/ha","pontos_originais":25,"ano":"2026","cultura":"Milho"}},{"type":"Feature","geometry":{"type":"Point","coordinates":[-52.2101655866597,-10.306615700960863]},"properties":{"Fazenda":"FE","Campo":"FE 16","produtividade":183.39597270008,"unidade_produtividade":"sc/ha","pontos_originais":25,"ano":"2026","cultura":"Milho"}},{"type":"Feature","geometry":{"type":"Point","coordinates":[-52.20970903143794,-10.306617409430988]},"properties":{"Fazenda":"FE","Campo":"FE 16","produtividade":185.58424402091998,"unidade_produtividade":"sc/ha","pontos_originais":25,"ano":"2026","cultura":"Milho"}},{"type":"Feature","geometry":{"type":"Point","coordinates":[-52.20788280975363,-10.30662423686852]},"properties":{"Fazenda":"FE","Campo":"FE 16","produtividade":192.04023006968,"unidade_produtividade":"sc/ha","pontos_originais":25,"ano":"2026","cultura":"Milho"}},{"type":"Feature","geometry":{"type":"Point","coordinates":[-52.20765453195344,-10.306625089573375]},"properties":{"Fazenda":"FE","Campo":"FE 16","produtividade":193.70190559051997,"unidade_produtividade":"sc/ha","pontos_originais":25,"ano":"2026","cultura":"Milho"}},{"type":"Feature","geometry":{"type":"Point","coordinates":[-52.20742625413337,-10.306625942117158]},"properties":{"Fazenda":"FE","Campo":"FE 16","produtividade":188.62013878508003,"unidade_produtividade":"sc/ha","pontos_originais":25,"ano":"2026","cultura":"Milho"}},{"type":"Feature","geometry":{"type":"Point","coordinates":[-52.207197976293365,-10.306626794499861]},"properties":{"Fazenda":"FE","Campo":"FE 16","produtividade":182.97158313672,"unidade_produtividade":"sc/ha","pontos_originais":25,"ano":"2026","cultura":"Milho"}},{"type":"Feature","geometry":{"type":"Point","coordinates":[-52.208567643034684,-10.306621677787508]},"properties":{"Fazenda":"FE","Campo":"FE 16","produtividade":167.10013416111997,"unidade_produtividade":"sc/ha","pontos_originais":25,"ano":"2026","cultura":"Milho"}},{"type":"Feature","geometry":{"type":"Point","coordinates":[-52.20833936529425,-10.306622530975583]},"properties":{"Fazenda":"FE","Campo":"FE 16","produtividade":171.49996435343996,"unidade_produtividade":"sc/ha","pontos_originais":25,"ano":"2026","cultura":"Milho"}},{"type":"Feature","geometry":{"type":"Point","coordinates":[-52.20811108753391,-10.30662338400259]},"properties":{"Fazenda":"FE","Campo":"FE 16","produtividade":184.32888487148,"unidade_produtividade":"sc/ha","pontos_originais":25,"ano":"2026","cultura":"Milho"}},{"type":"Feature","geometry":{"type":"Point","coordinates":[-52.20012135340167,-10.30665313847025]},"properties":{"Fazenda":"FE","Campo":"FE 16","produtividade":186.6900542042,"unidade_produtividade":"sc/ha","pontos_originais":25,"ano":"2026","cultura":"Milho"}},{"type":"Feature","geometry":{"type":"Point","coordinates":[-52.200349631856824,-10.306652291080892]},"properties":{"Fazenda":"FE","Campo":"FE 16","produtividade":189.0640328914,"unidade_produtividade":"sc/ha","pontos_originais":25,"ano":"2026","cultura":"Milho"}},{"type":"Feature","geometry":{"type":"Point","coordinates":[-52.199893074926734,-10.306653985698523]},"properties":{"Fazenda":"FE","Campo":"FE 16","produtividade":183.83600251212002,"unidade_produtividade":"sc/ha","pontos_originais":25,"ano":"2026","cultura":"Milho"}},{"type":"Feature","geometry":{"type":"Point","coordinates":[-52.19966479643202,-10.306654832765721]},"properties":{"Fazenda":"FE","Campo":"FE 16","produtividade":181.13293961928,"unidade_produtividade":"sc/ha","pontos_originais":25,"ano":"2026","cultura":"Milho"}},{"type":"Feature","geometry":{"type":"Point","coordinates":[-52.20080618870777,-10.30665059581896]},"properties":{"Fazenda":"FE","Campo":"FE 16","produtividade":177.58881699935998,"unidade_produtividade":"sc/ha","pontos_originais":25,"ano":"2026","cultura":"Milho"}},{"type":"Feature","geometry":{"type":"Point","coordinates":[-52.20103446710355,-10.30664974794638]},"properties":{"Fazenda":"FE","Campo":"FE 16","produtividade":173.54793783003998,"unidade_produtividade":"sc/ha","pontos_originais":25,"ano":"2026","cultura":"Milho"}},{"type":"Feature","geometry":{"type":"Point","coordinates":[-52.2005779102922,-10.306651443530468]},"properties":{"Fazenda":"FE","Campo":"FE 16","produtividade":185.92633196204,"unidade_produtividade":"sc/ha","pontos_originais":25,"ano":"2026","cultura":"Milho"}},{"type":"Feature","geometry":{"type":"Point","coordinates":[-52.19876209739991,-10.306668456424468]},"properties":{"Fazenda":"FE","Campo":"FE 16","produtividade":131.3690678665,"unidade_produtividade":"sc/ha","pontos_originais":22,"ano":"2026","cultura":"Milho"}},{"type":"Feature","geometry":{"type":"Point","coordinates":[-52.21059569149298,-10.306609331671178]},"properties":{"Fazenda":"FE","Campo":"FE 16","produtividade":187.3217972904737,"unidade_produtividade":"sc/ha","pontos_originais":19,"ano":"2026","cultura":"Milho"}},{"type":"Feature","geometry":{"type":"Point","coordinates":[-52.21039386424063,-10.306614846484187]},"properties":{"Fazenda":"FE","Campo":"FE 16","produtividade":188.96496643804,"unidade_produtividade":"sc/ha","pontos_originais":25,"ano":"2026","cultura":"Milho"}},{"type":"Feature","geometry":{"type":"Point","coordinates":[-52.19943651791752,-10.306655679671842]},"properties":{"Fazenda":"FE","Campo":"FE 16","produtividade":176.93666733068,"unidade_produtividade":"sc/ha","pontos_originais":25,"ano":"2026","cultura":"Milho"}},{"type":"Feature","geometry":{"type":"Point","coordinates":[-52.19920823938325,-10.306656526416884]},"properties":{"Fazenda":"FE","Campo":"FE 16","produtividade":164.92275241732,"unidade_produtividade":"sc/ha","pontos_originais":25,"ano":"2026","cultura":"Milho"}},{"type":"Feature","geometry":{"type":"Point","coordinates":[-52.19897996082923,-10.306657373000851]},"properties":{"Fazenda":"FE","Campo":"FE 16","produtividade":143.85784672736003,"unidade_produtividade":"sc/ha","pontos_originais":25,"ano":"2026","cultura":"Milho"}},{"type":"Feature","geometry":{"type":"Point","coordinates":[-52.20354552814958,-10.306640410716923]},"properties":{"Fazenda":"FE","Campo":"FE 16","produtividade":176.56812166152002,"unidade_produtividade":"sc/ha","pontos_originais":25,"ano":"2026","cultura":"Milho"}},{"type":"Feature","geometry":{"type":"Point","coordinates":[-52.2033172499718,-10.306641260361348]},"properties":{"Fazenda":"FE","Campo":"FE 16","produtividade":178.49326543080002,"unidade_produtividade":"sc/ha","pontos_originais":25,"ano":"2026","cultura":"Milho"}},{"type":"Feature","geometry":{"type":"Point","coordinates":[-52.20308897177418,-10.306642109844693]},"properties":{"Fazenda":"FE","Campo":"FE 16","produtividade":174.8593373752,"unidade_produtividade":"sc/ha","pontos_originais":25,"ano":"2026","cultura":"Milho"}},{"type":"Feature","geometry":{"type":"Point","coordinates":[-52.20286069355672,-10.306642959166963]},"properties":{"Fazenda":"FE","Campo":"FE 16","produtividade":168.88408169252006,"unidade_produtividade":"sc/ha","pontos_originais":25,"ano":"2026","cultura":"Milho"}},{"type":"Feature","geometry":{"type":"Point","coordinates":[-52.20423036256389,-10.306637860817197]},"properties":{"Fazenda":"FE","Campo":"FE 16","produtividade":185.74681722092,"unidade_produtividade":"sc/ha","pontos_originais":25,"ano":"2026","cultura":"Milho"}},{"type":"Feature","geometry":{"type":"Point","coordinates":[-52.20400208444563,-10.306638710944851]},"properties":{"Fazenda":"FE","Campo":"FE 16","produtividade":180.85179895715999,"unidade_produtividade":"sc/ha","pontos_originais":25,"ano":"2026","cultura":"Milho"}},{"type":"Feature","geometry":{"type":"Point","coordinates":[-52.20377380630754,-10.306639560911425]},"properties":{"Fazenda":"FE","Campo":"FE 16","produtividade":176.03428075152,"unidade_produtividade":"sc/ha","pontos_originais":25,"ano":"2026","cultura":"Milho"}},{"type":"Feature","geometry":{"type":"Point","coordinates":[-52.20194758048864,-10.306646354845281]},"properties":{"Fazenda":"FE","Campo":"FE 16","produtividade":181.21315323616,"unidade_produtividade":"sc/ha","pontos_originais":25,"ano":"2026","cultura":"Milho"}},{"type":"Feature","geometry":{"type":"Point","coordinates":[-52.202175858785395,-10.306645506167317]},"properties":{"Fazenda":"FE","Campo":"FE 16","produtividade":179.7415059946,"unidade_produtividade":"sc/ha","pontos_originais":25,"ano":"2026","cultura":"Milho"}},{"type":"Feature","geometry":{"type":"Point","coordinates":[-52.201719302172066,-10.306647203362171]},"properties":{"Fazenda":"FE","Campo":"FE 16","produtividade":183.65767455536,"unidade_produtividade":"sc/ha","pontos_originais":25,"ano":"2026","cultura":"Milho"}},{"type":"Feature","geometry":{"type":"Point","coordinates":[-52.20149102383571,-10.306648051717984]},"properties":{"Fazenda":"FE","Campo":"FE 16","produtividade":184.83966159227998,"unidade_produtividade":"sc/ha","pontos_originais":25,"ano":"2026","cultura":"Milho"}},{"type":"Feature","geometry":{"type":"Point","coordinates":[-52.20263241531945,-10.306643808328158]},"properties":{"Fazenda":"FE","Campo":"FE 16","produtividade":169.76626607763998,"unidade_produtividade":"sc/ha","pontos_originais":25,"ano":"2026","cultura":"Milho"}},{"type":"Feature","geometry":{"type":"Point","coordinates":[-52.202404137062324,-10.306644657328278]},"properties":{"Fazenda":"FE","Campo":"FE 16","produtividade":175.92124360555997,"unidade_produtividade":"sc/ha","pontos_originais":25,"ano":"2026","cultura":"Milho"}},{"type":"Feature","geometry":{"type":"Point","coordinates":[-52.20628486473443,-10.306630202419937]},"properties":{"Fazenda":"FE","Campo":"FE 16","produtividade":184.56380597284,"unidade_produtividade":"sc/ha","pontos_originais":25,"ano":"2026","cultura":"Milho"}},{"type":"Feature","geometry":{"type":"Point","coordinates":[-52.206513142654,-10.306629350681533]},"properties":{"Fazenda":"FE","Campo":"FE 16","produtividade":186.72541246152,"unidade_produtividade":"sc/ha","pontos_originais":25,"ano":"2026","cultura":"Milho"}},{"type":"Feature","geometry":{"type":"Point","coordinates":[-52.206056586794986,-10.306631053997268]},"properties":{"Fazenda":"FE","Campo":"FE 16","produtividade":190.06731169164,"unidade_produtividade":"sc/ha","pontos_originais":25,"ano":"2026","cultura":"Milho"}},{"type":"Feature","geometry":{"type":"Point","coordinates":[-52.205828308835635,-10.306631905413523]},"properties":{"Fazenda":"FE","Campo":"FE 16","produtividade":193.52600704284006,"unidade_produtividade":"sc/ha","pontos_originais":25,"ano":"2026","cultura":"Milho"}},{"type":"Feature","geometry":{"type":"Point","coordinates":[-52.206969698433475,-10.306627646721497]},"properties":{"Fazenda":"FE","Campo":"FE 16","produtividade":186.73382315067997,"unidade_produtividade":"sc/ha","pontos_originais":25,"ano":"2026","cultura":"Milho"}},{"type":"Feature","geometry":{"type":"Point","coordinates":[-52.20674142055368,-10.306628498782052]},"properties":{"Fazenda":"FE","Campo":"FE 16","produtividade":190.01805978728004,"unidade_produtividade":"sc/ha","pontos_originais":25,"ano":"2026","cultura":"Milho"}},{"type":"Feature","geometry":{"type":"Point","coordinates":[-52.20491519679953,-10.306635309467792]},"properties":{"Fazenda":"FE","Campo":"FE 16","produtividade":190.78282249792005,"unidade_produtividade":"sc/ha","pontos_originais":25,"ano":"2026","cultura":"Milho"}},{"type":"Feature","geometry":{"type":"Point","coordinates":[-52.20468691874085,-10.306636160078671]},"properties":{"Fazenda":"FE","Campo":"FE 16","produtividade":193.06612209519997,"unidade_produtividade":"sc/ha","pontos_originais":25,"ano":"2026","cultura":"Milho"}},{"type":"Feature","geometry":{"type":"Point","coordinates":[-52.204458640662295,-10.306637010528473]},"properties":{"Fazenda":"FE","Campo":"FE 16","produtividade":189.66781632624,"unidade_produtividade":"sc/ha","pontos_originais":25,"ano":"2026","cultura":"Milho"}},{"type":"Feature","geometry":{"type":"Point","coordinates":[-52.20560003085641,-10.306632756668705]},"properties":{"Fazenda":"FE","Campo":"FE 16","produtividade":188.35272495575998,"unidade_produtividade":"sc/ha","pontos_originais":25,"ano":"2026","cultura":"Milho"}},{"type":"Feature","geometry":{"type":"Point","coordinates":[-52.20537175285734,-10.306633607762809]},"properties":{"Fazenda":"FE","Campo":"FE 16","produtividade":186.53097208696002,"unidade_produtividade":"sc/ha","pontos_originais":25,"ano":"2026","cultura":"Milho"}},{"type":"Feature","geometry":{"type":"Point","coordinates":[-52.205143474838366,-10.30663445869584]},"properties":{"Fazenda":"FE","Campo":"FE 16","produtividade":187.92570665444,"unidade_produtividade":"sc/ha","pontos_originais":25,"ano":"2026","cultura":"Milho"}},{"type":"Feature","geometry":{"type":"Point","coordinates":[-52.201262745479525,-10.306648899912721]},"properties":{"Fazenda":"FE","Campo":"FE 16","produtividade":179.18807006612,"unidade_produtividade":"sc/ha","pontos_originais":25,"ano":"2026","cultura":"Milho"}},{"type":"Feature","geometry":{"type":"Point","coordinates":[-52.20993817168597,-10.306842614684296]},"properties":{"Fazenda":"FE","Campo":"FE 16","produtividade":183.22956913412003,"unidade_produtividade":"sc/ha","pontos_originais":25,"ano":"2026","cultura":"Milho"}},{"type":"Feature","geometry":{"type":"Point","coordinates":[-52.210166449449545,-10.306841760349561]},"properties":{"Fazenda":"FE","Campo":"FE 16","produtividade":183.17481589403997,"unidade_produtividade":"sc/ha","pontos_originais":25,"ano":"2026","cultura":"Milho"}},{"type":"Feature","geometry":{"type":"Point","coordinates":[-52.20970989390247,-10.30684346885795]},"properties":{"Fazenda":"FE","Campo":"FE 16","produtividade":186.7461278214,"unidade_produtividade":"sc/ha","pontos_originais":25,"ano":"2026","cultura":"Milho"}},{"type":"Feature","geometry":{"type":"Point","coordinates":[-52.209481616099055,-10.306844322870527]},"properties":{"Fazenda":"FE","Campo":"FE 16","produtividade":182.53596188576,"unidade_produtividade":"sc/ha","pontos_originais":25,"ano":"2026","cultura":"Milho"}},{"type":"Feature","geometry":{"type":"Point","coordinates":[-52.19861505692307,-10.306749151348027]},"properties":{"Fazenda":"FE","Campo":"FE 16","produtividade":124.23036379300001,"unidade_produtividade":"sc/ha","pontos_originais":1,"ano":"2026","cultura":"Milho"}},{"type":"Feature","geometry":{"type":"Point","coordinates":[-52.21057406360317,-10.306833775517045]},"properties":{"Fazenda":"FE","Campo":"FE 16","produtividade":183.8720045492143,"unidade_produtividade":"sc/ha","pontos_originais":14,"ano":"2026","cultura":"Milho"}},{"type":"Feature","geometry":{"type":"Point","coordinates":[-52.21039472719313,-10.30684090585375]},"properties":{"Fazenda":"FE","Campo":"FE 16","produtividade":185.94950147040007,"unidade_produtividade":"sc/ha","pontos_originais":25,"ano":"2026","cultura":"Milho"}},{"type":"Feature","geometry":{"type":"Point","coordinates":[-52.20856850468596,-10.306847737310058]},"properties":{"Fazenda":"FE","Campo":"FE 16","produtividade":169.62570246156002,"unidade_produtividade":"sc/ha","pontos_originais":25,"ano":"2026","cultura":"Milho"}},{"type":"Feature","geometry":{"type":"Point","coordinates":[-52.208340226782866,-10.306848590517244]},"properties":{"Fazenda":"FE","Campo":"FE 16","produtividade":161.16448060311998,"unidade_produtividade":"sc/ha","pontos_originais":25,"ano":"2026","cultura":"Milho"}},{"type":"Feature","geometry":{"type":"Point","coordinates":[-52.208111948859845,-10.306849443563353]},"properties":{"Fazenda":"FE","Campo":"FE 16","produtividade":166.9626764,"unidade_produtividade":"sc/ha","pontos_originais":25,"ano":"2026","cultura":"Milho"}},{"type":"Feature","geometry":{"type":"Point","coordinates":[-52.20788367091694,-10.306850296448385]},"properties":{"Fazenda":"FE","Campo":"FE 16","produtividade":182.16506243940003,"unidade_produtividade":"sc/ha","pontos_originais":25,"ano":"2026","cultura":"Milho"}},{"type":"Feature","geometry":{"type":"Point","coordinates":[-52.209253338275666,-10.306845176722025]},"properties":{"Fazenda":"FE","Campo":"FE 16","produtividade":179.00435104067998,"unidade_produtividade":"sc/ha","pontos_originais":25,"ano":"2026","cultura":"Milho"}},{"type":"Feature","geometry":{"type":"Point","coordinates":[-52.20902506043237,-10.306846030412448]},"properties":{"Fazenda":"FE","Campo":"FE 16","produtividade":183.72932551248,"unidade_produtividade":"sc/ha","pontos_originais":25,"ano":"2026","cultura":"Milho"}},{"type":"Feature","geometry":{"type":"Point","coordinates":[-52.20879678256912,-10.306846883941795]},"properties":{"Fazenda":"FE","Campo":"FE 16","produtividade":181.45538235627998,"unidade_produtividade":"sc/ha","pontos_originais":25,"ano":"2026","cultura":"Milho"}},{"type":"Feature","geometry":{"type":"Point","coordinates":[-52.20423122112471,-10.306863920702174]},"properties":{"Fazenda":"FE","Campo":"FE 16","produtividade":189.16216419544003,"unidade_produtividade":"sc/ha","pontos_originais":25,"ano":"2026","cultura":"Milho"}},{"type":"Feature","geometry":{"type":"Point","coordinates":[-52.2040029428438,-10.306864770848863]},"properties":{"Fazenda":"FE","Campo":"FE 16","produtividade":188.33131335847997,"unidade_produtividade":"sc/ha","pontos_originais":25,"ano":"2026","cultura":"Milho"}},{"type":"Feature","geometry":{"type":"Point","coordinates":[-52.20377466454304,-10.306865620834474]},"properties":{"Fazenda":"FE","Campo":"FE 16","produtividade":184.83011571808,"unidade_produtividade":"sc/ha","pontos_originais":25,"ano":"2026","cultura":"Milho"}},{"type":"Feature","geometry":{"type":"Point","coordinates":[-52.203546386222435,-10.306866470659001]},"properties":{"Fazenda":"FE","Campo":"FE 16","produtividade":181.37090508051998,"unidade_produtividade":"sc/ha","pontos_originais":25,"ano":"2026","cultura":"Milho"}},{"type":"Feature","geometry":{"type":"Point","coordinates":[-52.20491605584832,-10.30686136929563]},"properties":{"Fazenda":"FE","Campo":"FE 16","produtividade":191.37111482732004,"unidade_produtividade":"sc/ha","pontos_originais":25,"ano":"2026","cultura":"Milho"}},{"type":"Feature","geometry":{"type":"Point","coordinates":[-52.20468777762698,-10.306862219925558]},"properties":{"Fazenda":"FE","Campo":"FE 16","produtividade":188.91364702667997,"unidade_produtividade":"sc/ha","pontos_originais":25,"ano":"2026","cultura":"Milho"}},{"type":"Feature","geometry":{"type":"Point","coordinates":[-52.20445949938576,-10.306863070394405]},"properties":{"Fazenda":"FE","Campo":"FE 16","produtividade":188.04675159075998,"unidade_produtividade":"sc/ha","pontos_originais":25,"ano":"2026","cultura":"Milho"}},{"type":"Feature","geometry":{"type":"Point","coordinates":[-52.20263327274168,-10.306869868346327]},"properties":{"Fazenda":"FE","Campo":"FE 16","produtividade":176.30439188227996,"unidade_produtividade":"sc/ha","pontos_originais":25,"ano":"2026","cultura":"Milho"}},{"type":"Feature","geometry":{"type":"Point","coordinates":[-52.202861551141595,-10.306869019166118]},"properties":{"Fazenda":"FE","Campo":"FE 16","produtividade":172.76842831648003,"unidade_produtividade":"sc/ha","pontos_originais":25,"ano":"2026","cultura":"Milho"}},{"type":"Feature","geometry":{"type":"Point","coordinates":[-52.2024049943219,-10.306870717365461]},"properties":{"Fazenda":"FE","Campo":"FE 16","produtividade":180.92075473336,"unidade_produtividade":"sc/ha","pontos_originais":25,"ano":"2026","cultura":"Milho"}},{"type":"Feature","geometry":{"type":"Point","coordinates":[-52.202176715882295,-10.306871566223514]},"properties":{"Fazenda":"FE","Campo":"FE 16","produtividade":181.4301114126,"unidade_produtividade":"sc/ha","pontos_originais":25,"ano":"2026","cultura":"Milho"}},{"type":"Feature","geometry":{"type":"Point","coordinates":[-52.203318107882,-10.306867320322459]},"properties":{"Fazenda":"FE","Campo":"FE 16","produtividade":176.40020333743996,"unidade_produtividade":"sc/ha","pontos_originais":25,"ano":"2026","cultura":"Milho"}},{"type":"Feature","geometry":{"type":"Point","coordinates":[-52.20308982952172,-10.306868169824824]},"properties":{"Fazenda":"FE","Campo":"FE 16","produtividade":173.75345933527998,"unidade_produtividade":"sc/ha","pontos_originais":25,"ano":"2026","cultura":"Milho"}},{"type":"Feature","geometry":{"type":"Point","coordinates":[-52.20697055894616,-10.306853706377721]},"properties":{"Fazenda":"FE","Campo":"FE 16","produtividade":191.48365718528004,"unidade_produtividade":"sc/ha","pontos_originais":25,"ano":"2026","cultura":"Milho"}},{"type":"Feature","geometry":{"type":"Point","coordinates":[-52.2071988369687,-10.306852854137007]},"properties":{"Fazenda":"FE","Campo":"FE 16","produtividade":192.23224244884,"unidade_produtividade":"sc/ha","pontos_originais":25,"ano":"2026","cultura":"Milho"}},{"type":"Feature","geometry":{"type":"Point","coordinates":[-52.20674228090371,-10.306854558457362]},"properties":{"Fazenda":"FE","Campo":"FE 16","produtividade":191.28774446299997,"unidade_produtividade":"sc/ha","pontos_originais":25,"ano":"2026","cultura":"Milho"}},{"type":"Feature","geometry":{"type":"Point","coordinates":[-52.206514002841374,-10.30685541037592]},"properties":{"Fazenda":"FE","Campo":"FE 16","produtividade":185.7805278342,"unidade_produtividade":"sc/ha","pontos_originais":25,"ano":"2026","cultura":"Milho"}},{"type":"Feature","geometry":{"type":"Point","coordinates":[-52.207655392954095,-10.306851149172337]},"properties":{"Fazenda":"FE","Campo":"FE 16","produtividade":196.09514071983997,"unidade_produtividade":"sc/ha","pontos_originais":25,"ano":"2026","cultura":"Milho"}},{"type":"Feature","geometry":{"type":"Point","coordinates":[-52.20742711497135,-10.306852001735212]},"properties":{"Fazenda":"FE","Campo":"FE 16","produtividade":196.4443083704,"unidade_produtividade":"sc/ha","pontos_originais":25,"ano":"2026","cultura":"Milho"}},{"type":"Feature","geometry":{"type":"Point","coordinates":[-52.20560089039315,-10.306858816439371]},"properties":{"Fazenda":"FE","Campo":"FE 16","produtividade":190.21279067308006,"unidade_produtividade":"sc/ha","pontos_originais":25,"ano":"2026","cultura":"Milho"}},{"type":"Feature","geometry":{"type":"Point","coordinates":[-52.20537261223142,-10.306859667552537]},"properties":{"Fazenda":"FE","Campo":"FE 16","produtividade":193.45360754216003,"unidade_produtividade":"sc/ha","pontos_originais":25,"ano":"2026","cultura":"Milho"}},{"type":"Feature","geometry":{"type":"Point","coordinates":[-52.20514433404981,-10.306860518504623]},"properties":{"Fazenda":"FE","Campo":"FE 16","produtividade":195.24032871372,"unidade_produtividade":"sc/ha","pontos_originais":25,"ano":"2026","cultura":"Milho"}},{"type":"Feature","geometry":{"type":"Point","coordinates":[-52.206285724759134,-10.306856262133401]},"properties":{"Fazenda":"FE","Campo":"FE 16","produtividade":184.3476147178,"unidade_produtividade":"sc/ha","pontos_originais":25,"ano":"2026","cultura":"Milho"}},{"type":"Feature","geometry":{"type":"Point","coordinates":[-52.206057446657034,-10.306857113729805]},"properties":{"Fazenda":"FE","Campo":"FE 16","produtividade":190.01186221416006,"unidade_produtividade":"sc/ha","pontos_originais":25,"ano":"2026","cultura":"Milho"}},{"type":"Feature","geometry":{"type":"Point","coordinates":[-52.20582916853504,-10.306857965165127]},"properties":{"Fazenda":"FE","Campo":"FE 16","produtividade":192.03743310380003,"unidade_produtividade":"sc/ha","pontos_originais":25,"ano":"2026","cultura":"Milho"}},{"type":"Feature","geometry":{"type":"Point","coordinates":[-52.19898081564892,-10.306883433322804]},"properties":{"Fazenda":"FE","Campo":"FE 16","produtividade":161.08936895736002,"unidade_produtividade":"sc/ha","pontos_originais":25,"ano":"2026","cultura":"Milho"}},{"type":"Feature","geometry":{"type":"Point","coordinates":[-52.199209094365635,-10.306882586719883]},"properties":{"Fazenda":"FE","Campo":"FE 16","produtividade":171.04258939464006,"unidade_produtividade":"sc/ha","pontos_originais":25,"ano":"2026","cultura":"Milho"}},{"type":"Feature","geometry":{"type":"Point","coordinates":[-52.19875253691248,-10.306884279764652]},"properties":{"Fazenda":"FE","Campo":"FE 16","produtividade":137.72088018947997,"unidade_produtividade":"sc/ha","pontos_originais":25,"ano":"2026","cultura":"Milho"}},{"type":"Feature","geometry":{"type":"Point","coordinates":[-52.19855387048258,-10.306903633273407]},"properties":{"Fazenda":"FE","Campo":"FE 16","produtividade":117.78525946288237,"unidade_produtividade":"sc/ha","pontos_originais":17,"ano":"2026","cultura":"Milho"}},{"type":"Feature","geometry":{"type":"Point","coordinates":[-52.20126360192581,-10.306874960044922]},"properties":{"Fazenda":"FE","Campo":"FE 16","produtividade":181.6659415102,"unidade_produtividade":"sc/ha","pontos_originais":25,"ano":"2026","cultura":"Milho"}},{"type":"Feature","geometry":{"type":"Point","coordinates":[-52.20103532338716,-10.30687580809757]},"properties":{"Fazenda":"FE","Campo":"FE 16","produtividade":180.40756486080002,"unidade_produtividade":"sc/ha","pontos_originais":25,"ano":"2026","cultura":"Milho"}},{"type":"Feature","geometry":{"type":"Point","coordinates":[-52.20080704482873,-10.306876655989143]},"properties":{"Fazenda":"FE","Campo":"FE 16","produtividade":181.4658598456,"unidade_produtividade":"sc/ha","pontos_originais":25,"ano":"2026","cultura":"Milho"}},{"type":"Feature","geometry":{"type":"Point","coordinates":[-52.20057876625051,-10.306877503719631]},"properties":{"Fazenda":"FE","Campo":"FE 16","produtividade":183.59431483144,"unidade_produtividade":"sc/ha","pontos_originais":25,"ano":"2026","cultura":"Milho"}},{"type":"Feature","geometry":{"type":"Point","coordinates":[-52.2019484374229,-10.306872414920484]},"properties":{"Fazenda":"FE","Campo":"FE 16","produtividade":182.01275679724,"unidade_produtividade":"sc/ha","pontos_originais":25,"ano":"2026","cultura":"Milho"}},{"type":"Feature","geometry":{"type":"Point","coordinates":[-52.20172015894368,-10.306873263456374]},"properties":{"Fazenda":"FE","Campo":"FE 16","produtividade":182.913846325,"unidade_produtividade":"sc/ha","pontos_originais":25,"ano":"2026","cultura":"Milho"}},{"type":"Feature","geometry":{"type":"Point","coordinates":[-52.20149188044466,-10.306874111831187]},"properties":{"Fazenda":"FE","Campo":"FE 16","produtividade":182.95013690428001,"unidade_produtividade":"sc/ha","pontos_originais":25,"ano":"2026","cultura":"Milho"}},{"type":"Feature","geometry":{"type":"Point","coordinates":[-52.1996656517397,-10.306880893030785]},"properties":{"Fazenda":"FE","Campo":"FE 16","produtividade":180.45858103780003,"unidade_produtividade":"sc/ha","pontos_originais":25,"ano":"2026","cultura":"Milho"}},{"type":"Feature","geometry":{"type":"Point","coordinates":[-52.19989393039708,-10.30688004594462]},"properties":{"Fazenda":"FE","Campo":"FE 16","produtividade":187.2671395854,"unidade_produtividade":"sc/ha","pontos_originais":25,"ano":"2026","cultura":"Milho"}},{"type":"Feature","geometry":{"type":"Point","coordinates":[-52.19943737306256,-10.306881739955875]},"properties":{"Fazenda":"FE","Campo":"FE 16","produtividade":174.06464352476,"unidade_produtividade":"sc/ha","pontos_originais":25,"ano":"2026","cultura":"Milho"}},{"type":"Feature","geometry":{"type":"Point","coordinates":[-52.20035048765249,-10.306878351289042]},"properties":{"Fazenda":"FE","Campo":"FE 16","produtividade":184.55209787508,"unidade_produtividade":"sc/ha","pontos_originais":25,"ano":"2026","cultura":"Milho"}},{"type":"Feature","geometry":{"type":"Point","coordinates":[-52.20012220903468,-10.30687919869737]},"properties":{"Fazenda":"FE","Campo":"FE 16","produtividade":187.07807543587998,"unidade_produtividade":"sc/ha","pontos_originais":25,"ano":"2026","cultura":"Milho"}},{"type":"Feature","geometry":{"type":"Point","coordinates":[-52.208110226227866,-10.306397324438603]},"properties":{"Fazenda":"FE","Campo":"FE 16","produtividade":188.60098766211996,"unidade_produtividade":"sc/ha","pontos_originais":25,"ano":"2026","cultura":"Milho"}},{"type":"Feature","geometry":{"type":"Point","coordinates":[-52.207881948610236,-10.306398177285434]},"properties":{"Fazenda":"FE","Campo":"FE 16","produtividade":186.61279588536001,"unidade_produtividade":"sc/ha","pontos_originais":25,"ano":"2026","cultura":"Milho"}},{"type":"Feature","geometry":{"type":"Point","coordinates":[-52.20765367097271,-10.306399029971193]},"properties":{"Fazenda":"FE","Campo":"FE 16","produtividade":182.78941703876,"unidade_produtividade":"sc/ha","pontos_originais":25,"ano":"2026","cultura":"Milho"}},{"type":"Feature","geometry":{"type":"Point","coordinates":[-52.20742539331526,-10.30639988249588]},"properties":{"Fazenda":"FE","Campo":"FE 16","produtividade":175.83437084904006,"unidade_produtividade":"sc/ha","pontos_originais":25,"ano":"2026","cultura":"Milho"}},{"type":"Feature","geometry":{"type":"Point","coordinates":[-52.208795058961215,-10.306394764931685]},"properties":{"Fazenda":"FE","Campo":"FE 16","produtividade":169.68843239104,"unidade_produtividade":"sc/ha","pontos_originais":25,"ano":"2026","cultura":"Milho"}},{"type":"Feature","geometry":{"type":"Point","coordinates":[-52.20856678140336,-10.306395618261732]},"properties":{"Fazenda":"FE","Campo":"FE 16","produtividade":178.34553657764002,"unidade_produtividade":"sc/ha","pontos_originais":25,"ano":"2026","cultura":"Milho"}},{"type":"Feature","geometry":{"type":"Point","coordinates":[-52.20833850382556,-10.3063964714307]},"properties":{"Fazenda":"FE","Campo":"FE 16","produtividade":182.98996026988004,"unidade_produtividade":"sc/ha","pontos_originais":25,"ano":"2026","cultura":"Milho"}},{"type":"Feature","geometry":{"type":"Point","coordinates":[-52.20651228248652,-10.306403290983917]},"properties":{"Fazenda":"FE","Campo":"FE 16","produtividade":191.59535840364006,"unidade_produtividade":"sc/ha","pontos_originais":25,"ano":"2026","cultura":"Milho"}},{"type":"Feature","geometry":{"type":"Point","coordinates":[-52.20674056022355,-10.306402439103516]},"properties":{"Fazenda":"FE","Campo":"FE 16","produtividade":187.01053121915996,"unidade_produtividade":"sc/ha","pontos_originais":25,"ano":"2026","cultura":"Milho"}},{"type":"Feature","geometry":{"type":"Point","coordinates":[-52.20628400472959,-10.306404142703252]},"properties":{"Fazenda":"FE","Campo":"FE 16","produtividade":196.04911341956003,"unidade_produtividade":"sc/ha","pontos_originais":25,"ano":"2026","cultura":"Milho"}},{"type":"Feature","geometry":{"type":"Point","coordinates":[-52.20605572695279,-10.30640499426151]},"properties":{"Fazenda":"FE","Campo":"FE 16","produtividade":199.34270861776002,"unidade_produtividade":"sc/ha","pontos_originais":25,"ano":"2026","cultura":"Milho"}},{"type":"Feature","geometry":{"type":"Point","coordinates":[-52.20719711563792,-10.306400734859496]},"properties":{"Fazenda":"FE","Campo":"FE 16","produtividade":173.18478181588,"unidade_produtividade":"sc/ha","pontos_originais":25,"ano":"2026","cultura":"Milho"}},{"type":"Feature","geometry":{"type":"Point","coordinates":[-52.20696883794068,-10.306401587062044]},"properties":{"Fazenda":"FE","Campo":"FE 16","produtividade":179.05322831984003,"unidade_produtividade":"sc/ha","pontos_originais":25,"ano":"2026","cultura":"Milho"}},{"type":"Feature","geometry":{"type":"Point","coordinates":[-52.19897910602927,-10.30643131267567]},"properties":{"Fazenda":"FE","Campo":"FE 16","produtividade":124.25745626336001,"unidade_produtividade":"sc/ha","pontos_originais":25,"ano":"2026","cultura":"Milho"}},{"type":"Feature","geometry":{"type":"Point","coordinates":[-52.19920738442066,-10.306430466110664]},"properties":{"Fazenda":"FE","Campo":"FE 16","produtividade":146.02827811344005,"unidade_produtividade":"sc/ha","pontos_originais":25,"ano":"2026","cultura":"Milho"}},{"type":"Feature","geometry":{"type":"Point","coordinates":[-52.198816220955955,-10.306477129339461]},"properties":{"Fazenda":"FE","Campo":"FE 16","produtividade":122.12945102971428,"unidade_produtividade":"sc/ha","pontos_originais":7,"ano":"2026","cultura":"Milho"}},{"type":"Feature","geometry":{"type":"Point","coordinates":[-52.210613316106446,-10.306382065021648]},"properties":{"Fazenda":"FE","Campo":"FE 16","produtividade":191.4981638162609,"unidade_produtividade":"sc/ha","pontos_originais":23,"ano":"2026","cultura":"Milho"}},{"type":"Feature","geometry":{"type":"Point","coordinates":[-52.21039300130808,-10.306388787111398]},"properties":{"Fazenda":"FE","Campo":"FE 16","produtividade":191.67340767643992,"unidade_produtividade":"sc/ha","pontos_originais":25,"ano":"2026","cultura":"Milho"}},{"type":"Feature","geometry":{"type":"Point","coordinates":[-52.199892219476176,-10.306427925449205]},"properties":{"Fazenda":"FE","Campo":"FE 16","produtividade":187.41570392344,"unidade_produtividade":"sc/ha","pontos_originais":25,"ano":"2026","cultura":"Milho"}},{"type":"Feature","geometry":{"type":"Point","coordinates":[-52.1996639411441,-10.30642877249743]},"properties":{"Fazenda":"FE","Campo":"FE 16","produtividade":185.32452131764,"unidade_produtividade":"sc/ha","pontos_originais":25,"ano":"2026","cultura":"Milho"}},{"type":"Feature","geometry":{"type":"Point","coordinates":[-52.199435662792276,-10.306429619384582]},"properties":{"Fazenda":"FE","Campo":"FE 16","produtividade":171.77298837184,"unidade_produtividade":"sc/ha","pontos_originais":25,"ano":"2026","cultura":"Milho"}},{"type":"Feature","geometry":{"type":"Point","coordinates":[-52.20947989151521,-10.306392203975127]},"properties":{"Fazenda":"FE","Campo":"FE 16","produtividade":180.26642941116003,"unidade_produtividade":"sc/ha","pontos_originais":25,"ano":"2026","cultura":"Milho"}},{"type":"Feature","geometry":{"type":"Point","coordinates":[-52.209708168993345,-10.306391350000801]},"properties":{"Fazenda":"FE","Campo":"FE 16","produtividade":184.87511739352001,"unidade_produtividade":"sc/ha","pontos_originais":25,"ano":"2026","cultura":"Milho"}},{"type":"Feature","geometry":{"type":"Point","coordinates":[-52.20925161401715,-10.306393057788387]},"properties":{"Fazenda":"FE","Campo":"FE 16","produtividade":171.14555548428,"unidade_produtividade":"sc/ha","pontos_originais":25,"ano":"2026","cultura":"Milho"}},{"type":"Feature","geometry":{"type":"Point","coordinates":[-52.20902333649913,-10.306393911440571]},"properties":{"Fazenda":"FE","Campo":"FE 16","produtividade":165.18643342460004,"unidade_produtividade":"sc/ha","pontos_originais":25,"ano":"2026","cultura":"Milho"}},{"type":"Feature","geometry":{"type":"Point","coordinates":[-52.210164723889775,-10.30638964156894]},"properties":{"Fazenda":"FE","Campo":"FE 16","produtividade":184.57673619695998,"unidade_produtividade":"sc/ha","pontos_originais":25,"ano":"2026","cultura":"Milho"}},{"type":"Feature","geometry":{"type":"Point","coordinates":[-52.209936446451536,-10.306390495865402]},"properties":{"Fazenda":"FE","Campo":"FE 16","produtividade":183.78711109616,"unidade_produtividade":"sc/ha","pontos_originais":25,"ano":"2026","cultura":"Milho"}},{"type":"Feature","geometry":{"type":"Point","coordinates":[-52.2021750017083,-10.306419446107897]},"properties":{"Fazenda":"FE","Campo":"FE 16","produtividade":180.23453608352003,"unidade_produtividade":"sc/ha","pontos_originais":25,"ano":"2026","cultura":"Milho"}},{"type":"Feature","geometry":{"type":"Point","coordinates":[-52.202403279822576,-10.306418597287868]},"properties":{"Fazenda":"FE","Campo":"FE 16","produtividade":175.9868390644,"unidade_produtividade":"sc/ha","pontos_originais":25,"ano":"2026","cultura":"Milho"}},{"type":"Feature","geometry":{"type":"Point","coordinates":[-52.2019467235742,-10.306420294766859]},"properties":{"Fazenda":"FE","Campo":"FE 16","produtividade":179.20877058236,"unidade_produtividade":"sc/ha","pontos_originais":25,"ano":"2026","cultura":"Milho"}},{"type":"Feature","geometry":{"type":"Point","coordinates":[-52.20171844542028,-10.306421143264748]},"properties":{"Fazenda":"FE","Campo":"FE 16","produtividade":179.4945749748,"unidade_produtividade":"sc/ha","pontos_originais":25,"ano":"2026","cultura":"Milho"}},{"type":"Feature","geometry":{"type":"Point","coordinates":[-52.20285983599169,-10.306416899164585]},"properties":{"Fazenda":"FE","Campo":"FE 16","produtividade":168.14260935988,"unidade_produtividade":"sc/ha","pontos_originais":25,"ano":"2026","cultura":"Milho"}},{"type":"Feature","geometry":{"type":"Point","coordinates":[-52.20308811404649,-10.306416049861333]},"properties":{"Fazenda":"FE","Campo":"FE 16","produtividade":174.1980390764,"unidade_produtividade":"sc/ha","pontos_originais":25,"ano":"2026","cultura":"Milho"}},{"type":"Feature","geometry":{"type":"Point","coordinates":[-52.20263155791704,-10.306417748306762]},"properties":{"Fazenda":"FE","Campo":"FE 16","produtividade":170.53776355980006,"unidade_produtividade":"sc/ha","pontos_originais":25,"ano":"2026","cultura":"Milho"}},{"type":"Feature","geometry":{"type":"Point","coordinates":[-52.200805332606606,-10.30642453564556]},"properties":{"Fazenda":"FE","Campo":"FE 16","produtividade":181.13189632344,"unidade_produtividade":"sc/ha","pontos_originais":25,"ano":"2026","cultura":"Milho"}},{"type":"Feature","geometry":{"type":"Point","coordinates":[-52.20057705435366,-10.30642538333808]},"properties":{"Fazenda":"FE","Campo":"FE 16","produtividade":183.33161491807994,"unidade_produtividade":"sc/ha","pontos_originais":25,"ano":"2026","cultura":"Milho"}},{"type":"Feature","geometry":{"type":"Point","coordinates":[-52.20034877608096,-10.306426230869526]},"properties":{"Fazenda":"FE","Campo":"FE 16","produtividade":182.89050364084008,"unidade_produtividade":"sc/ha","pontos_originais":25,"ano":"2026","cultura":"Milho"}},{"type":"Feature","geometry":{"type":"Point","coordinates":[-52.200120497788454,-10.3064270782399]},"properties":{"Fazenda":"FE","Campo":"FE 16","produtividade":185.60943509167998,"unidade_produtividade":"sc/ha","pontos_originais":25,"ano":"2026","cultura":"Milho"}},{"type":"Feature","geometry":{"type":"Point","coordinates":[-52.201490167246575,-10.306421991601558]},"properties":{"Fazenda":"FE","Campo":"FE 16","produtividade":182.43165845484,"unidade_produtividade":"sc/ha","pontos_originais":25,"ano":"2026","cultura":"Milho"}},{"type":"Feature","geometry":{"type":"Point","coordinates":[-52.20126188905305,-10.3064228397773]},"properties":{"Fazenda":"FE","Campo":"FE 16","produtividade":178.25458959536004,"unidade_produtividade":"sc/ha","pontos_originais":25,"ano":"2026","cultura":"Milho"}},{"type":"Feature","geometry":{"type":"Point","coordinates":[-52.20103361083972,-10.306423687791966]},"properties":{"Fazenda":"FE","Campo":"FE 16","produtividade":175.79733879460002,"unidade_produtividade":"sc/ha","pontos_originais":25,"ano":"2026","cultura":"Milho"}},{"type":"Feature","geometry":{"type":"Point","coordinates":[-52.20514261564681,-10.306408398883834]},"properties":{"Fazenda":"FE","Campo":"FE 16","produtividade":191.08204978195994,"unidade_produtividade":"sc/ha","pontos_originais":25,"ano":"2026","cultura":"Milho"}},{"type":"Feature","geometry":{"type":"Point","coordinates":[-52.20491433777063,-10.306409249636731]},"properties":{"Fazenda":"FE","Campo":"FE 16","produtividade":194.46854001347998,"unidade_produtividade":"sc/ha","pontos_originais":25,"ano":"2026","cultura":"Milho"}},{"type":"Feature","geometry":{"type":"Point","coordinates":[-52.20468605987457,-10.30641010022856]},"properties":{"Fazenda":"FE","Campo":"FE 16","produtividade":190.76742540220002,"unidade_produtividade":"sc/ha","pontos_originais":25,"ano":"2026","cultura":"Milho"}},{"type":"Feature","geometry":{"type":"Point","coordinates":[-52.20445778195867,-10.306410950659314]},"properties":{"Fazenda":"FE","Campo":"FE 16","produtividade":182.55338973279999,"unidade_produtividade":"sc/ha","pontos_originais":25,"ano":"2026","cultura":"Milho"}},{"type":"Feature","geometry":{"type":"Point","coordinates":[-52.20582744915611,-10.306405845658697]},"properties":{"Fazenda":"FE","Campo":"FE 16","produtividade":194.58712161239998,"unidade_produtividade":"sc/ha","pontos_originais":25,"ano":"2026","cultura":"Milho"}},{"type":"Feature","geometry":{"type":"Point","coordinates":[-52.205599171339536,-10.306406696894813]},"properties":{"Fazenda":"FE","Campo":"FE 16","produtividade":187.30923120056005,"unidade_produtividade":"sc/ha","pontos_originais":25,"ano":"2026","cultura":"Milho"}},{"type":"Feature","geometry":{"type":"Point","coordinates":[-52.2053708935031,-10.306407547969856]},"properties":{"Fazenda":"FE","Campo":"FE 16","produtividade":185.34799052616,"unidade_produtividade":"sc/ha","pontos_originais":25,"ano":"2026","cultura":"Milho"}},{"type":"Feature","geometry":{"type":"Point","coordinates":[-52.20377294809187,-10.306413500985151]},"properties":{"Fazenda":"FE","Campo":"FE 16","produtividade":176.05550432936002,"unidade_produtividade":"sc/ha","pontos_originais":25,"ano":"2026","cultura":"Milho"}},{"type":"Feature","geometry":{"type":"Point","coordinates":[-52.20354467009658,-10.306414350771618]},"properties":{"Fazenda":"FE","Campo":"FE 16","produtividade":181.71957864992004,"unidade_produtividade":"sc/ha","pontos_originais":25,"ano":"2026","cultura":"Milho"}},{"type":"Feature","geometry":{"type":"Point","coordinates":[-52.20331639208144,-10.306415200397014]},"properties":{"Fazenda":"FE","Campo":"FE 16","produtividade":181.97273410276003,"unidade_produtividade":"sc/ha","pontos_originais":25,"ano":"2026","cultura":"Milho"}},{"type":"Feature","geometry":{"type":"Point","coordinates":[-52.204229504022926,-10.306411800928997]},"properties":{"Fazenda":"FE","Campo":"FE 16","produtividade":172.39001869512,"unidade_produtividade":"sc/ha","pontos_originais":25,"ano":"2026","cultura":"Milho"}},{"type":"Feature","geometry":{"type":"Point","coordinates":[-52.20400122606734,-10.306412651037613]},"properties":{"Fazenda":"FE","Campo":"FE 16","produtividade":170.90805158956002,"unidade_produtividade":"sc/ha","pontos_originais":25,"ano":"2026","cultura":"Milho"}},{"type":"Feature","geometry":{"type":"Point","coordinates":[-52.1990153998849,-10.306219243568401]},"properties":{"Fazenda":"FE","Campo":"FE 16","produtividade":122.4232179936875,"unidade_produtividade":"sc/ha","pontos_originais":16,"ano":"2026","cultura":"Milho"}},{"type":"Feature","geometry":{"type":"Point","coordinates":[-52.19920652947781,-10.30620440580122]},"properties":{"Fazenda":"FE","Campo":"FE 16","produtividade":126.69531278820003,"unidade_produtividade":"sc/ha","pontos_originais":25,"ano":"2026","cultura":"Milho"}},{"type":"Feature","geometry":{"type":"Point","coordinates":[-52.20673969991331,-10.306176379421753]},"properties":{"Fazenda":"FE","Campo":"FE 16","produtividade":191.99497746604004,"unidade_produtividade":"sc/ha","pontos_originais":25,"ano":"2026","cultura":"Milho"}},{"type":"Feature","geometry":{"type":"Point","coordinates":[-52.20696797746779,-10.306175527399365]},"properties":{"Fazenda":"FE","Campo":"FE 16","produtividade":181.71035014688002,"unidade_produtividade":"sc/ha","pontos_originais":25,"ano":"2026","cultura":"Milho"}},{"type":"Feature","geometry":{"type":"Point","coordinates":[-52.20651142233893,-10.30617723128308]},"properties":{"Fazenda":"FE","Campo":"FE 16","produtividade":198.63405698683997,"unidade_produtividade":"sc/ha","pontos_originais":25,"ano":"2026","cultura":"Milho"}},{"type":"Feature","geometry":{"type":"Point","coordinates":[-52.20628314474466,-10.306178082983338]},"properties":{"Fazenda":"FE","Campo":"FE 16","produtividade":198.55815155975998,"unidade_produtividade":"sc/ha","pontos_originais":25,"ano":"2026","cultura":"Milho"}},{"type":"Feature","geometry":{"type":"Point","coordinates":[-52.207424532517074,-10.306173822871376]},"properties":{"Fazenda":"FE","Campo":"FE 16","produtividade":167.51963380536,"unidade_produtividade":"sc/ha","pontos_originais":25,"ano":"2026","cultura":"Milho"}},{"type":"Feature","geometry":{"type":"Point","coordinates":[-52.20765281001188,-10.306172970365783]},"properties":{"Fazenda":"FE","Campo":"FE 16","produtividade":170.72674571588,"unidade_produtividade":"sc/ha","pontos_originais":25,"ano":"2026","cultura":"Milho"}},{"type":"Feature","geometry":{"type":"Point","coordinates":[-52.207196255002394,-10.306174675215905]},"properties":{"Fazenda":"FE","Campo":"FE 16","produtividade":171.22798857875998,"unidade_produtividade":"sc/ha","pontos_originais":25,"ano":"2026","cultura":"Milho"}},{"type":"Feature","geometry":{"type":"Point","coordinates":[-52.205370034168745,-10.306181488173682]},"properties":{"Fazenda":"FE","Campo":"FE 16","produtividade":186.86920138852003,"unidade_produtividade":"sc/ha","pontos_originais":25,"ano":"2026","cultura":"Milho"}},{"type":"Feature","geometry":{"type":"Point","coordinates":[-52.20514175647509,-10.3061823390686]},"properties":{"Fazenda":"FE","Campo":"FE 16","produtividade":189.26369469304007,"unidade_produtividade":"sc/ha","pontos_originais":25,"ano":"2026","cultura":"Milho"}},{"type":"Feature","geometry":{"type":"Point","coordinates":[-52.204913478761554,-10.306183189802443]},"properties":{"Fazenda":"FE","Campo":"FE 16","produtividade":184.9881354548,"unidade_produtividade":"sc/ha","pontos_originais":25,"ano":"2026","cultura":"Milho"}},{"type":"Feature","geometry":{"type":"Point","coordinates":[-52.20468520102816,-10.306184040375223]},"properties":{"Fazenda":"FE","Campo":"FE 16","produtividade":175.50530360756,"unidade_produtividade":"sc/ha","pontos_originais":25,"ano":"2026","cultura":"Milho"}},{"type":"Feature","geometry":{"type":"Point","coordinates":[-52.2060548671305,-10.306178934522528]},"properties":{"Fazenda":"FE","Campo":"FE 16","produtividade":193.88824911288,"unidade_produtividade":"sc/ha","pontos_originais":25,"ano":"2026","cultura":"Milho"}},{"type":"Feature","geometry":{"type":"Point","coordinates":[-52.20582658949647,-10.30617978590065]},"properties":{"Fazenda":"FE","Campo":"FE 16","produtividade":189.49085257068003,"unidade_produtividade":"sc/ha","pontos_originais":25,"ano":"2026","cultura":"Milho"}},{"type":"Feature","geometry":{"type":"Point","coordinates":[-52.20559831184254,-10.3061806371177]},"properties":{"Fazenda":"FE","Campo":"FE 16","produtividade":187.54923165416002,"unidade_produtividade":"sc/ha","pontos_originais":25,"ano":"2026","cultura":"Milho"}},{"type":"Feature","geometry":{"type":"Point","coordinates":[-52.209707306568696,-10.306165290567392]},"properties":{"Fazenda":"FE","Campo":"FE 16","produtividade":185.47128109316,"unidade_produtividade":"sc/ha","pontos_originais":25,"ano":"2026","cultura":"Milho"}},{"type":"Feature","geometry":{"type":"Point","coordinates":[-52.20947902925321,-10.306166144522592]},"properties":{"Fazenda":"FE","Campo":"FE 16","produtividade":182.65773062624,"unidade_produtividade":"sc/ha","pontos_originais":25,"ano":"2026","cultura":"Milho"}},{"type":"Feature","geometry":{"type":"Point","coordinates":[-52.209250751917786,-10.306166998316726]},"properties":{"Fazenda":"FE","Campo":"FE 16","produtividade":176.14373987340002,"unidade_produtividade":"sc/ha","pontos_originais":25,"ano":"2026","cultura":"Milho"}},{"type":"Feature","geometry":{"type":"Point","coordinates":[-52.209022474562424,-10.306167851949795]},"properties":{"Fazenda":"FE","Campo":"FE 16","produtividade":179.3336699172,"unidade_produtividade":"sc/ha","pontos_originais":25,"ano":"2026","cultura":"Milho"}},{"type":"Feature","geometry":{"type":"Point","coordinates":[-52.21039213839549,-10.306162727735384]},"properties":{"Fazenda":"FE","Campo":"FE 16","produtividade":193.46825962852,"unidade_produtividade":"sc/ha","pontos_originais":25,"ano":"2026","cultura":"Milho"}},{"type":"Feature","geometry":{"type":"Point","coordinates":[-52.21062041563119,-10.306161873135913]},"properties":{"Fazenda":"FE","Campo":"FE 16","produtividade":193.88976387100004,"unidade_produtividade":"sc/ha","pontos_originais":25,"ano":"2026","cultura":"Milho"}},{"type":"Feature","geometry":{"type":"Point","coordinates":[-52.210163861139826,-10.306163582173788]},"properties":{"Fazenda":"FE","Campo":"FE 16","produtividade":187.53871458179998,"unidade_produtividade":"sc/ha","pontos_originais":25,"ano":"2026","cultura":"Milho"}},{"type":"Feature","geometry":{"type":"Point","coordinates":[-52.209935583864244,-10.306164436451121]},"properties":{"Fazenda":"FE","Campo":"FE 16","produtividade":185.348238627,"unidade_produtividade":"sc/ha","pontos_originais":25,"ano":"2026","cultura":"Milho"}},{"type":"Feature","geometry":{"type":"Point","coordinates":[-52.208337642376776,-10.30617041188259]},"properties":{"Fazenda":"FE","Campo":"FE 16","produtividade":174.88605380668,"unidade_produtividade":"sc/ha","pontos_originais":25,"ano":"2026","cultura":"Milho"}},{"type":"Feature","geometry":{"type":"Point","coordinates":[-52.20810936494174,-10.306171264871388]},"properties":{"Fazenda":"FE","Campo":"FE 16","produtividade":173.27760404468,"unidade_produtividade":"sc/ha","pontos_originais":25,"ano":"2026","cultura":"Milho"}},{"type":"Feature","geometry":{"type":"Point","coordinates":[-52.207881087486776,-10.30617211769912]},"properties":{"Fazenda":"FE","Campo":"FE 16","produtividade":173.02323777491998,"unidade_produtividade":"sc/ha","pontos_originais":25,"ano":"2026","cultura":"Milho"}},{"type":"Feature","geometry":{"type":"Point","coordinates":[-52.208794197187146,-10.306168705421793]},"properties":{"Fazenda":"FE","Campo":"FE 16","produtividade":189.5472640574,"unidade_produtividade":"sc/ha","pontos_originais":25,"ano":"2026","cultura":"Milho"}},{"type":"Feature","geometry":{"type":"Point","coordinates":[-52.20856591979193,-10.306169558732726]},"properties":{"Fazenda":"FE","Campo":"FE 16","produtividade":186.08643899727997,"unidade_produtividade":"sc/ha","pontos_originais":25,"ano":"2026","cultura":"Milho"}},{"type":"Feature","geometry":{"type":"Point","coordinates":[-52.2010327545957,-10.306197627634326]},"properties":{"Fazenda":"FE","Campo":"FE 16","produtividade":178.60944872160002,"unidade_produtividade":"sc/ha","pontos_originais":25,"ano":"2026","cultura":"Milho"}},{"type":"Feature","geometry":{"type":"Point","coordinates":[-52.2008044765252,-10.306198475468932]},"properties":{"Fazenda":"FE","Campo":"FE 16","produtividade":177.30651499912005,"unidade_produtividade":"sc/ha","pontos_originais":25,"ano":"2026","cultura":"Milho"}},{"type":"Feature","geometry":{"type":"Point","coordinates":[-52.200576198434945,-10.306199323142467]},"properties":{"Fazenda":"FE","Campo":"FE 16","produtividade":178.62258817036002,"unidade_produtividade":"sc/ha","pontos_originais":25,"ano":"2026","cultura":"Milho"}},{"type":"Feature","geometry":{"type":"Point","coordinates":[-52.20034792032487,-10.306200170654936]},"properties":{"Fazenda":"FE","Campo":"FE 16","produtividade":181.89325630632,"unidade_produtividade":"sc/ha","pontos_originais":25,"ano":"2026","cultura":"Milho"}},{"type":"Feature","geometry":{"type":"Point","coordinates":[-52.20171758868833,-10.306195083164091]},"properties":{"Fazenda":"FE","Campo":"FE 16","produtividade":172.74635794432004,"unidade_produtividade":"sc/ha","pontos_originais":25,"ano":"2026","cultura":"Milho"}},{"type":"Feature","geometry":{"type":"Point","coordinates":[-52.20148931067725,-10.30619593148191]},"properties":{"Fazenda":"FE","Campo":"FE 16","produtividade":179.0794761164001,"unidade_produtividade":"sc/ha","pontos_originais":25,"ano":"2026","cultura":"Milho"}},{"type":"Feature","geometry":{"type":"Point","coordinates":[-52.20126103264638,-10.306196779638649]},"properties":{"Fazenda":"FE","Campo":"FE 16","produtividade":180.72347568936001,"unidade_produtividade":"sc/ha","pontos_originais":25,"ano":"2026","cultura":"Milho"}},{"type":"Feature","geometry":{"type":"Point","coordinates":[-52.19943480768679,-10.306203559094104]},"properties":{"Fazenda":"FE","Campo":"FE 16","produtividade":157.75086467975999,"unidade_produtividade":"sc/ha","pontos_originais":25,"ano":"2026","cultura":"Milho"}},{"type":"Feature","geometry":{"type":"Point","coordinates":[-52.199663085875976,-10.306202712225916]},"properties":{"Fazenda":"FE","Campo":"FE 16","produtividade":176.75168235480004,"unidade_produtividade":"sc/ha","pontos_originais":25,"ano":"2026","cultura":"Milho"}},{"type":"Feature","geometry":{"type":"Point","coordinates":[-52.200119642195034,-10.306201018006332]},"properties":{"Fazenda":"FE","Campo":"FE 16","produtividade":185.90281822260005,"unidade_produtividade":"sc/ha","pontos_originais":25,"ano":"2026","cultura":"Milho"}},{"type":"Feature","geometry":{"type":"Point","coordinates":[-52.1998913640454,-10.30620186519666]},"properties":{"Fazenda":"FE","Campo":"FE 16","produtividade":184.63046522588,"unidade_produtividade":"sc/ha","pontos_originais":25,"ano":"2026","cultura":"Milho"}},{"type":"Feature","geometry":{"type":"Point","coordinates":[-52.203772089896056,-10.306187441055652]},"properties":{"Fazenda":"FE","Campo":"FE 16","produtividade":176.72697052156002,"unidade_produtividade":"sc/ha","pontos_originais":25,"ano":"2026","cultura":"Milho"}},{"type":"Feature","geometry":{"type":"Point","coordinates":[-52.204000367708865,-10.306186591127151]},"properties":{"Fazenda":"FE","Campo":"FE 16","produtividade":173.96036341956003,"unidade_produtividade":"sc/ha","pontos_originais":25,"ano":"2026","cultura":"Milho"}},{"type":"Feature","geometry":{"type":"Point","coordinates":[-52.20354381206343,-10.306188290823089]},"properties":{"Fazenda":"FE","Campo":"FE 16","produtividade":178.34520082864,"unidade_produtividade":"sc/ha","pontos_originais":25,"ano":"2026","cultura":"Milho"}},{"type":"Feature","geometry":{"type":"Point","coordinates":[-52.203315534210915,-10.306189140429458]},"properties":{"Fazenda":"FE","Campo":"FE 16","produtividade":177.94162063488,"unidade_produtividade":"sc/ha","pontos_originais":25,"ano":"2026","cultura":"Milho"}},{"type":"Feature","geometry":{"type":"Point","coordinates":[-52.20445692327492,-10.306184890786932]},"properties":{"Fazenda":"FE","Campo":"FE 16","produtividade":173.40173999232,"unidade_produtividade":"sc/ha","pontos_originais":25,"ano":"2026","cultura":"Milho"}},{"type":"Feature","geometry":{"type":"Point","coordinates":[-52.20422864550181,-10.306185741037575]},"properties":{"Fazenda":"FE","Campo":"FE 16","produtividade":172.31943577324003,"unidade_produtividade":"sc/ha","pontos_originais":25,"ano":"2026","cultura":"Milho"}},{"type":"Feature","geometry":{"type":"Point","coordinates":[-52.20240242260265,-10.306192537244236]},"properties":{"Fazenda":"FE","Campo":"FE 16","produtividade":179.08061130144,"unidade_produtividade":"sc/ha","pontos_originais":25,"ano":"2026","cultura":"Milho"}},{"type":"Feature","geometry":{"type":"Point","coordinates":[-52.202174144651025,-10.306193386045257]},"properties":{"Fazenda":"FE","Campo":"FE 16","produtividade":180.60687253560005,"unidade_produtividade":"sc/ha","pontos_originais":25,"ano":"2026","cultura":"Milho"}},{"type":"Feature","geometry":{"type":"Point","coordinates":[-52.20194586667957,-10.306194234685206]},"properties":{"Fazenda":"FE","Campo":"FE 16","produtividade":174.64275523764002,"unidade_produtividade":"sc/ha","pontos_originais":25,"ano":"2026","cultura":"Milho"}},{"type":"Feature","geometry":{"type":"Point","coordinates":[-52.20308725633859,-10.306189989874754]},"properties":{"Fazenda":"FE","Campo":"FE 16","produtividade":178.30661867408003,"unidade_produtividade":"sc/ha","pontos_originais":25,"ano":"2026","cultura":"Milho"}},{"type":"Feature","geometry":{"type":"Point","coordinates":[-52.20285897844646,-10.306190839158983]},"properties":{"Fazenda":"FE","Campo":"FE 16","produtividade":177.99405119872,"unidade_produtividade":"sc/ha","pontos_originais":25,"ano":"2026","cultura":"Milho"}},{"type":"Feature","geometry":{"type":"Point","coordinates":[-52.20263070053446,-10.306191688282148]},"properties":{"Fazenda":"FE","Campo":"FE 16","produtividade":177.91038042739999,"unidade_produtividade":"sc/ha","pontos_originais":25,"ano":"2026","cultura":"Milho"}},{"type":"Feature","geometry":{"type":"Point","coordinates":[-52.20514605253229,-10.307312638112517]},"properties":{"Fazenda":"FE","Campo":"FE 16","produtividade":185.86505812296,"unidade_produtividade":"sc/ha","pontos_originais":25,"ano":"2026","cultura":"Milho"}},{"type":"Feature","geometry":{"type":"Point","coordinates":[-52.20491777400548,-10.307313488941627]},"properties":{"Fazenda":"FE","Campo":"FE 16","produtividade":190.05067409172005,"unidade_produtividade":"sc/ha","pontos_originais":25,"ano":"2026","cultura":"Milho"}},{"type":"Feature","geometry":{"type":"Point","coordinates":[-52.20468949545881,-10.307314339609656]},"properties":{"Fazenda":"FE","Campo":"FE 16","produtividade":192.06429231695998,"unidade_produtividade":"sc/ha","pontos_originais":25,"ano":"2026","cultura":"Milho"}},{"type":"Feature","geometry":{"type":"Point","coordinates":[-52.204461216892284,-10.307315190116597]},"properties":{"Fazenda":"FE","Campo":"FE 16","produtividade":190.75477437988,"unidade_produtividade":"sc/ha","pontos_originais":25,"ano":"2026","cultura":"Milho"}},{"type":"Feature","geometry":{"type":"Point","coordinates":[-52.20583088799347,-10.307310084658656]},"properties":{"Fazenda":"FE","Campo":"FE 16","produtividade":190.55188231944,"unidade_produtividade":"sc/ha","pontos_originais":25,"ano":"2026","cultura":"Milho"}},{"type":"Feature","geometry":{"type":"Point","coordinates":[-52.20605916644079,-10.307309233185201]},"properties":{"Fazenda":"FE","Campo":"FE 16","produtividade":188.23185602260003,"unidade_produtividade":"sc/ha","pontos_originais":25,"ano":"2026","cultura":"Milho"}},{"type":"Feature","geometry":{"type":"Point","coordinates":[-52.20560260952629,-10.30731093597103]},"properties":{"Fazenda":"FE","Campo":"FE 16","produtividade":191.33136709360002,"unidade_produtividade":"sc/ha","pontos_originais":25,"ano":"2026","cultura":"Milho"}},{"type":"Feature","geometry":{"type":"Point","coordinates":[-52.20537433103921,-10.307311787122314]},"properties":{"Fazenda":"FE","Campo":"FE 16","produtividade":186.10426267471996,"unidade_produtividade":"sc/ha","pontos_originais":25,"ano":"2026","cultura":"Milho"}},{"type":"Feature","geometry":{"type":"Point","coordinates":[-52.203776381073595,-10.307317740670898]},"properties":{"Fazenda":"FE","Campo":"FE 16","produtividade":171.00567679616003,"unidade_produtividade":"sc/ha","pontos_originais":25,"ano":"2026","cultura":"Milho"}},{"type":"Feature","geometry":{"type":"Point","coordinates":[-52.203548102427646,-10.307318590533491]},"properties":{"Fazenda":"FE","Campo":"FE 16","produtividade":182.66878560384,"unidade_produtividade":"sc/ha","pontos_originais":25,"ano":"2026","cultura":"Milho"}},{"type":"Feature","geometry":{"type":"Point","coordinates":[-52.20331982376189,-10.307319440235]},"properties":{"Fazenda":"FE","Campo":"FE 16","produtividade":189.16265262188,"unidade_produtividade":"sc/ha","pontos_originais":25,"ano":"2026","cultura":"Milho"}},{"type":"Feature","geometry":{"type":"Point","coordinates":[-52.20309154507628,-10.30732028977542]},"properties":{"Fazenda":"FE","Campo":"FE 16","produtividade":189.69096038836008,"unidade_produtividade":"sc/ha","pontos_originais":25,"ano":"2026","cultura":"Milho"}},{"type":"Feature","geometry":{"type":"Point","coordinates":[-52.20423293830589,-10.307316040462451]},"properties":{"Fazenda":"FE","Campo":"FE 16","produtividade":184.82770963472,"unidade_produtividade":"sc/ha","pontos_originais":25,"ano":"2026","cultura":"Milho"}},{"type":"Feature","geometry":{"type":"Point","coordinates":[-52.20400465969968,-10.307316890647218]},"properties":{"Fazenda":"FE","Campo":"FE 16","produtividade":171.41365212104003,"unidade_produtividade":"sc/ha","pontos_originais":25,"ano":"2026","cultura":"Milho"}},{"type":"Feature","geometry":{"type":"Point","coordinates":[-52.20811367157152,-10.307301562675205]},"properties":{"Fazenda":"FE","Campo":"FE 16","produtividade":189.90635503472004,"unidade_produtividade":"sc/ha","pontos_originais":25,"ano":"2026","cultura":"Milho"}},{"type":"Feature","geometry":{"type":"Point","coordinates":[-52.20788539330328,-10.307302415598437]},"properties":{"Fazenda":"FE","Campo":"FE 16","produtividade":193.64552803212,"unidade_produtividade":"sc/ha","pontos_originais":25,"ano":"2026","cultura":"Milho"}},{"type":"Feature","geometry":{"type":"Point","coordinates":[-52.20765711501511,-10.307303268360581]},"properties":{"Fazenda":"FE","Campo":"FE 16","produtividade":195.51205497388003,"unidade_produtividade":"sc/ha","pontos_originais":25,"ano":"2026","cultura":"Milho"}},{"type":"Feature","geometry":{"type":"Point","coordinates":[-52.20742883670705,-10.307304120961641]},"properties":{"Fazenda":"FE","Campo":"FE 16","produtividade":196.39833903100003,"unidade_produtividade":"sc/ha","pontos_originais":25,"ano":"2026","cultura":"Milho"}},{"type":"Feature","geometry":{"type":"Point","coordinates":[-52.208798506256734,-10.307299002939]},"properties":{"Fazenda":"FE","Campo":"FE 16","produtividade":186.91490849027997,"unidade_produtividade":"sc/ha","pontos_originais":25,"ano":"2026","cultura":"Milho"}},{"type":"Feature","geometry":{"type":"Point","coordinates":[-52.208570228048266,-10.30729985634549]},"properties":{"Fazenda":"FE","Campo":"FE 16","produtividade":189.39943271244,"unidade_produtividade":"sc/ha","pontos_originais":25,"ano":"2026","cultura":"Milho"}},{"type":"Feature","geometry":{"type":"Point","coordinates":[-52.20834194981986,-10.30730070959089]},"properties":{"Fazenda":"FE","Campo":"FE 16","produtividade":189.38112484959998,"unidade_produtividade":"sc/ha","pontos_originais":25,"ano":"2026","cultura":"Milho"}},{"type":"Feature","geometry":{"type":"Point","coordinates":[-52.206515723275764,-10.307307529755024]},"properties":{"Fazenda":"FE","Campo":"FE 16","produtividade":194.12000215736006,"unidade_produtividade":"sc/ha","pontos_originais":25,"ano":"2026","cultura":"Milho"}},{"type":"Feature","geometry":{"type":"Point","coordinates":[-52.206744001663445,-10.307306677798309]},"properties":{"Fazenda":"FE","Campo":"FE 16","produtividade":201.15892904988,"unidade_produtividade":"sc/ha","pontos_originais":25,"ano":"2026","cultura":"Milho"}},{"type":"Feature","geometry":{"type":"Point","coordinates":[-52.20628744486824,-10.307308381550657]},"properties":{"Fazenda":"FE","Campo":"FE 16","produtividade":189.56576983544,"unidade_produtividade":"sc/ha","pontos_originais":25,"ano":"2026","cultura":"Milho"}},{"type":"Feature","geometry":{"type":"Point","coordinates":[-52.20720055837909,-10.307304973401617]},"properties":{"Fazenda":"FE","Campo":"FE 16","produtividade":200.16829632408,"unidade_produtividade":"sc/ha","pontos_originais":25,"ano":"2026","cultura":"Milho"}},{"type":"Feature","geometry":{"type":"Point","coordinates":[-52.2069722800312,-10.307305825680505]},"properties":{"Fazenda":"FE","Campo":"FE 16","produtividade":202.93993047215997,"unidade_produtividade":"sc/ha","pontos_originais":25,"ano":"2026","cultura":"Milho"}},{"type":"Feature","geometry":{"type":"Point","coordinates":[-52.19921080438968,-10.307334707316198]},"properties":{"Fazenda":"FE","Campo":"FE 16","produtividade":185.31635378144006,"unidade_produtividade":"sc/ha","pontos_originais":25,"ano":"2026","cultura":"Milho"}},{"type":"Feature","geometry":{"type":"Point","coordinates":[-52.199439083411924,-10.307333860514266]},"properties":{"Fazenda":"FE","Campo":"FE 16","produtividade":191.40400338568,"unidade_produtividade":"sc/ha","pontos_originais":25,"ano":"2026","cultura":"Milho"}},{"type":"Feature","geometry":{"type":"Point","coordinates":[-52.19898252534765,-10.307335553957044]},"properties":{"Fazenda":"FE","Campo":"FE 16","produtividade":173.45694985104004,"unidade_produtividade":"sc/ha","pontos_originais":25,"ano":"2026","cultura":"Milho"}},{"type":"Feature","geometry":{"type":"Point","coordinates":[-52.19875424628587,-10.307336400436798]},"properties":{"Fazenda":"FE","Campo":"FE 16","produtividade":156.2760613976,"unidade_produtividade":"sc/ha","pontos_originais":25,"ano":"2026","cultura":"Milho"}},{"type":"Feature","geometry":{"type":"Point","coordinates":[-52.20012392036003,-10.307331319141943]},"properties":{"Fazenda":"FE","Campo":"FE 16","produtividade":181.89503330207998,"unidade_produtividade":"sc/ha","pontos_originais":25,"ano":"2026","cultura":"Milho"}},{"type":"Feature","geometry":{"type":"Point","coordinates":[-52.199895641397106,-10.307332166427138]},"properties":{"Fazenda":"FE","Campo":"FE 16","produtividade":183.27187138760002,"unidade_produtividade":"sc/ha","pontos_originais":25,"ano":"2026","cultura":"Milho"}},{"type":"Feature","geometry":{"type":"Point","coordinates":[-52.1996673624144,-10.307333013551247]},"properties":{"Fazenda":"FE","Campo":"FE 16","produtividade":188.67662731735996,"unidade_produtividade":"sc/ha","pontos_originais":25,"ano":"2026","cultura":"Milho"}},{"type":"Feature","geometry":{"type":"Point","coordinates":[-52.21016817508907,-10.307293879117287]},"properties":{"Fazenda":"FE","Campo":"FE 16","produtividade":180.25690050112004,"unidade_produtividade":"sc/ha","pontos_originais":25,"ano":"2026","cultura":"Milho"}},{"type":"Feature","geometry":{"type":"Point","coordinates":[-52.2099398970002,-10.307294733490284]},"properties":{"Fazenda":"FE","Campo":"FE 16","produtividade":186.41551896188,"unidade_produtividade":"sc/ha","pontos_originais":25,"ano":"2026","cultura":"Milho"}},{"type":"Feature","geometry":{"type":"Point","coordinates":[-52.2097116188914,-10.3072955877022]},"properties":{"Fazenda":"FE","Campo":"FE 16","produtividade":188.81767511884,"unidade_produtividade":"sc/ha","pontos_originais":25,"ano":"2026","cultura":"Milho"}},{"type":"Feature","geometry":{"type":"Point","coordinates":[-52.20948334076264,-10.307296441753026]},"properties":{"Fazenda":"FE","Campo":"FE 16","produtividade":188.24838194179995,"unidade_produtividade":"sc/ha","pontos_originais":25,"ano":"2026","cultura":"Milho"}},{"type":"Feature","geometry":{"type":"Point","coordinates":[-52.198525967204326,-10.307337246755466]},"properties":{"Fazenda":"FE","Campo":"FE 16","produtividade":129.45508969528,"unidade_produtividade":"sc/ha","pontos_originais":25,"ano":"2026","cultura":"Milho"}},{"type":"Feature","geometry":{"type":"Point","coordinates":[-52.198321762448316,-10.30734990176785]},"properties":{"Fazenda":"FE","Campo":"FE 16","produtividade":126.08257197926315,"unidade_produtividade":"sc/ha","pontos_originais":19,"ano":"2026","cultura":"Milho"}},{"type":"Feature","geometry":{"type":"Point","coordinates":[-52.21053341999057,-10.307292511791875]},"properties":{"Fazenda":"FE","Campo":"FE 16","produtividade":177.62497610639997,"unidade_produtividade":"sc/ha","pontos_originais":5,"ano":"2026","cultura":"Milho"}},{"type":"Feature","geometry":{"type":"Point","coordinates":[-52.21039645315799,-10.307293024583203]},"properties":{"Fazenda":"FE","Campo":"FE 16","produtividade":177.86234499468003,"unidade_produtividade":"sc/ha","pontos_originais":25,"ano":"2026","cultura":"Milho"}},{"type":"Feature","geometry":{"type":"Point","coordinates":[-52.20217843013558,-10.307323686326232]},"properties":{"Fazenda":"FE","Campo":"FE 16","produtividade":182.85710333032003,"unidade_produtividade":"sc/ha","pontos_originais":25,"ano":"2026","cultura":"Milho"}},{"type":"Feature","geometry":{"type":"Point","coordinates":[-52.20240670890049,-10.307322837430158]},"properties":{"Fazenda":"FE","Campo":"FE 16","produtividade":174.24183700332,"unidade_produtividade":"sc/ha","pontos_originais":25,"ano":"2026","cultura":"Milho"}},{"type":"Feature","geometry":{"type":"Point","coordinates":[-52.20195015135086,-10.30732453506121]},"properties":{"Fazenda":"FE","Campo":"FE 16","produtividade":188.06494141132,"unidade_produtividade":"sc/ha","pontos_originais":25,"ano":"2026","cultura":"Milho"}},{"type":"Feature","geometry":{"type":"Point","coordinates":[-52.2017218725463,-10.307325383635112]},"properties":{"Fazenda":"FE","Campo":"FE 16","produtividade":181.19451457220003,"unidade_produtividade":"sc/ha","pontos_originais":25,"ano":"2026","cultura":"Milho"}},{"type":"Feature","geometry":{"type":"Point","coordinates":[-52.20286326637084,-10.307321139154752]},"properties":{"Fazenda":"FE","Campo":"FE 16","produtividade":181.1384656944,"unidade_produtividade":"sc/ha","pontos_originais":25,"ano":"2026","cultura":"Milho"}},{"type":"Feature","geometry":{"type":"Point","coordinates":[-52.20263498764558,-10.307321988373001]},"properties":{"Fazenda":"FE","Campo":"FE 16","produtividade":173.11948959140003,"unidade_produtividade":"sc/ha","pontos_originais":25,"ano":"2026","cultura":"Milho"}},{"type":"Feature","geometry":{"type":"Point","coordinates":[-52.20080875713007,-10.307328776319823]},"properties":{"Fazenda":"FE","Campo":"FE 16","produtividade":187.31415363432004,"unidade_produtividade":"sc/ha","pontos_originais":25,"ano":"2026","cultura":"Milho"}},{"type":"Feature","geometry":{"type":"Point","coordinates":[-52.20058047822651,-10.307329624088286]},"properties":{"Fazenda":"FE","Campo":"FE 16","produtividade":186.42071564956,"unidade_produtividade":"sc/ha","pontos_originais":25,"ano":"2026","cultura":"Milho"}},{"type":"Feature","geometry":{"type":"Point","coordinates":[-52.20035219930316,-10.307330471695657]},"properties":{"Fazenda":"FE","Campo":"FE 16","produtividade":184.03387388803995,"unidade_produtividade":"sc/ha","pontos_originais":25,"ano":"2026","cultura":"Milho"}},{"type":"Feature","geometry":{"type":"Point","coordinates":[-52.20149359372195,-10.307326232047922]},"properties":{"Fazenda":"FE","Campo":"FE 16","produtividade":177.15344950396,"unidade_produtividade":"sc/ha","pontos_originais":25,"ano":"2026","cultura":"Milho"}},{"type":"Feature","geometry":{"type":"Point","coordinates":[-52.201265314877794,-10.307327080299645]},"properties":{"Fazenda":"FE","Campo":"FE 16","produtividade":179.97756157416003,"unidade_produtividade":"sc/ha","pontos_originais":25,"ano":"2026","cultura":"Milho"}},{"type":"Feature","geometry":{"type":"Point","coordinates":[-52.20103703601382,-10.307327928390277]},"properties":{"Fazenda":"FE","Campo":"FE 16","produtividade":184.44117418072,"unidade_produtividade":"sc/ha","pontos_originais":25,"ano":"2026","cultura":"Milho"}},{"type":"Feature","geometry":{"type":"Point","coordinates":[-52.20925506261393,-10.30729729564277]},"properties":{"Fazenda":"FE","Campo":"FE 16","produtividade":185.58858825955997,"unidade_produtividade":"sc/ha","pontos_originais":25,"ano":"2026","cultura":"Milho"}},{"type":"Feature","geometry":{"type":"Point","coordinates":[-52.20902678444529,-10.307298149371427]},"properties":{"Fazenda":"FE","Campo":"FE 16","produtividade":184.40799157692004,"unidade_produtividade":"sc/ha","pontos_originais":25,"ano":"2026","cultura":"Milho"}},{"type":"Feature","geometry":{"type":"Point","coordinates":[-52.21053393785335,-10.307428147401435]},"properties":{"Fazenda":"FE","Campo":"FE 16","produtividade":177.56847485100002,"unidade_produtividade":"sc/ha","pontos_originais":1,"ano":"2026","cultura":"Milho"}},{"type":"Feature","geometry":{"type":"Point","coordinates":[-52.20286240874631,-10.307095079162048]},"properties":{"Fazenda":"FE","Campo":"FE 16","produtividade":173.06831720276,"unidade_produtividade":"sc/ha","pontos_originais":25,"ano":"2026","cultura":"Milho"}},{"type":"Feature","geometry":{"type":"Point","coordinates":[-52.20263413018372,-10.307095928361278]},"properties":{"Fazenda":"FE","Campo":"FE 16","produtividade":173.7282944176,"unidade_produtividade":"sc/ha","pontos_originais":25,"ano":"2026","cultura":"Milho"}},{"type":"Feature","geometry":{"type":"Point","coordinates":[-52.20240585160128,-10.307096777399419]},"properties":{"Fazenda":"FE","Campo":"FE 16","produtividade":183.1386355818,"unidade_produtividade":"sc/ha","pontos_originais":25,"ano":"2026","cultura":"Milho"}},{"type":"Feature","geometry":{"type":"Point","coordinates":[-52.202177572999034,-10.307097626276484]},"properties":{"Fazenda":"FE","Campo":"FE 16","produtividade":187.78713703400004,"unidade_produtividade":"sc/ha","pontos_originais":25,"ano":"2026","cultura":"Milho"}},{"type":"Feature","geometry":{"type":"Point","coordinates":[-52.203547244315125,-10.307092530597858]},"properties":{"Fazenda":"FE","Campo":"FE 16","produtividade":186.78117577596,"unidade_produtividade":"sc/ha","pontos_originais":25,"ano":"2026","cultura":"Milho"}},{"type":"Feature","geometry":{"type":"Point","coordinates":[-52.20331896581203,-10.307093380280337]},"properties":{"Fazenda":"FE","Campo":"FE 16","produtividade":184.0985879174,"unidade_produtividade":"sc/ha","pontos_originais":25,"ano":"2026","cultura":"Milho"}},{"type":"Feature","geometry":{"type":"Point","coordinates":[-52.20309068728908,-10.307094229801734]},"properties":{"Fazenda":"FE","Campo":"FE 16","produtividade":179.61288726768,"unidade_produtividade":"sc/ha","pontos_originais":25,"ano":"2026","cultura":"Milho"}},{"type":"Feature","geometry":{"type":"Point","coordinates":[-52.201264458391904,-10.307101020173894]},"properties":{"Fazenda":"FE","Campo":"FE 16","produtividade":182.31812722772,"unidade_produtividade":"sc/ha","pontos_originais":25,"ano":"2026","cultura":"Milho"}},{"type":"Feature","geometry":{"type":"Point","coordinates":[-52.20149273707339,-10.307100171941165]},"properties":{"Fazenda":"FE","Campo":"FE 16","produtividade":178.76568298047997,"unidade_produtividade":"sc/ha","pontos_originais":25,"ano":"2026","cultura":"Milho"}},{"type":"Feature","geometry":{"type":"Point","coordinates":[-52.20103617969061,-10.307101868245535]},"properties":{"Fazenda":"FE","Campo":"FE 16","produtividade":186.69120847392006,"unidade_produtividade":"sc/ha","pontos_originais":25,"ano":"2026","cultura":"Milho"}},{"type":"Feature","geometry":{"type":"Point","coordinates":[-52.2008079009695,-10.307102716156093]},"properties":{"Fazenda":"FE","Campo":"FE 16","produtividade":188.898466224,"unidade_produtividade":"sc/ha","pontos_originais":25,"ano":"2026","cultura":"Milho"}},{"type":"Feature","geometry":{"type":"Point","coordinates":[-52.201949294376966,-10.307098474992465]},"properties":{"Fazenda":"FE","Campo":"FE 16","produtividade":184.69971434068003,"unidade_produtividade":"sc/ha","pontos_originais":25,"ano":"2026","cultura":"Milho"}},{"type":"Feature","geometry":{"type":"Point","coordinates":[-52.20172101573508,-10.307099323547357]},"properties":{"Fazenda":"FE","Campo":"FE 16","produtividade":179.19979583487998,"unidade_produtividade":"sc/ha","pontos_originais":25,"ano":"2026","cultura":"Milho"}},{"type":"Feature","geometry":{"type":"Point","coordinates":[-52.20560174994979,-10.307084876206812]},"properties":{"Fazenda":"FE","Campo":"FE 16","produtividade":190.85240665487999,"unidade_produtividade":"sc/ha","pontos_originais":25,"ano":"2026","cultura":"Milho"}},{"type":"Feature","geometry":{"type":"Point","coordinates":[-52.20583002825431,-10.307084024913506]},"properties":{"Fazenda":"FE","Campo":"FE 16","produtividade":193.65901312563997,"unidade_produtividade":"sc/ha","pontos_originais":25,"ano":"2026","cultura":"Milho"}},{"type":"Feature","geometry":{"type":"Point","coordinates":[-52.20537347162538,-10.307085727339038]},"properties":{"Fazenda":"FE","Campo":"FE 16","produtividade":190.96566080071997,"unidade_produtividade":"sc/ha","pontos_originais":25,"ano":"2026","cultura":"Milho"}},{"type":"Feature","geometry":{"type":"Point","coordinates":[-52.20514519328111,-10.307086578310182]},"properties":{"Fazenda":"FE","Campo":"FE 16","produtividade":196.30862619136002,"unidade_produtividade":"sc/ha","pontos_originais":25,"ano":"2026","cultura":"Milho"}},{"type":"Feature","geometry":{"type":"Point","coordinates":[-52.20651486304863,-10.307081470067082]},"properties":{"Fazenda":"FE","Campo":"FE 16","produtividade":188.58171213532,"unidade_produtividade":"sc/ha","pontos_originais":25,"ano":"2026","cultura":"Milho"}},{"type":"Feature","geometry":{"type":"Point","coordinates":[-52.20628658480375,-10.307082321843641]},"properties":{"Fazenda":"FE","Campo":"FE 16","produtividade":188.7774234082,"unidade_produtividade":"sc/ha","pontos_originais":25,"ano":"2026","cultura":"Milho"}},{"type":"Feature","geometry":{"type":"Point","coordinates":[-52.20605830653898,-10.307083173459114]},"properties":{"Fazenda":"FE","Campo":"FE 16","produtividade":193.89057249596001,"unidade_produtividade":"sc/ha","pontos_originais":25,"ano":"2026","cultura":"Milho"}},{"type":"Feature","geometry":{"type":"Point","coordinates":[-52.20423207970538,-10.307089980583923]},"properties":{"Fazenda":"FE","Campo":"FE 16","produtividade":183.89537424476003,"unidade_produtividade":"sc/ha","pontos_originais":25,"ano":"2026","cultura":"Milho"}},{"type":"Feature","geometry":{"type":"Point","coordinates":[-52.204003801261806,-10.307090830749654]},"properties":{"Fazenda":"FE","Campo":"FE 16","produtividade":179.72635417236003,"unidade_produtividade":"sc/ha","pontos_originais":25,"ano":"2026","cultura":"Milho"}},{"type":"Feature","geometry":{"type":"Point","coordinates":[-52.20377552279839,-10.307091680754297]},"properties":{"Fazenda":"FE","Campo":"FE 16","produtividade":181.30925025468002,"unidade_produtividade":"sc/ha","pontos_originais":25,"ano":"2026","cultura":"Milho"}},{"type":"Feature","geometry":{"type":"Point","coordinates":[-52.20491691491698,-10.30708742912024]},"properties":{"Fazenda":"FE","Campo":"FE 16","produtividade":197.77888307863998,"unidade_produtividade":"sc/ha","pontos_originais":25,"ano":"2026","cultura":"Milho"}},{"type":"Feature","geometry":{"type":"Point","coordinates":[-52.204688636532964,-10.307088279769221]},"properties":{"Fazenda":"FE","Campo":"FE 16","produtividade":192.03797383640008,"unidade_produtividade":"sc/ha","pontos_originais":25,"ano":"2026","cultura":"Milho"}},{"type":"Feature","geometry":{"type":"Point","coordinates":[-52.2044603581291,-10.307089130257113]},"properties":{"Fazenda":"FE","Campo":"FE 16","produtividade":186.30952971756,"unidade_produtividade":"sc/ha","pontos_originais":25,"ano":"2026","cultura":"Milho"}},{"type":"Feature","geometry":{"type":"Point","coordinates":[-52.19989478588721,-10.307106106187488]},"properties":{"Fazenda":"FE","Campo":"FE 16","produtividade":188.67335323448003,"unidade_produtividade":"sc/ha","pontos_originais":25,"ano":"2026","cultura":"Milho"}},{"type":"Feature","geometry":{"type":"Point","coordinates":[-52.19966650706716,-10.30710695329263]},"properties":{"Fazenda":"FE","Campo":"FE 16","produtividade":189.25824000875997,"unidade_produtividade":"sc/ha","pontos_originais":25,"ano":"2026","cultura":"Milho"}},{"type":"Feature","geometry":{"type":"Point","coordinates":[-52.199438228227336,-10.30710780023668]},"properties":{"Fazenda":"FE","Campo":"FE 16","produtividade":181.9206937146,"unidade_produtividade":"sc/ha","pontos_originais":25,"ano":"2026","cultura":"Milho"}},{"type":"Feature","geometry":{"type":"Point","coordinates":[-52.19920994936777,-10.30710864701965]},"properties":{"Fazenda":"FE","Campo":"FE 16","produtividade":175.07106352196,"unidade_produtividade":"sc/ha","pontos_originais":25,"ano":"2026","cultura":"Milho"}},{"type":"Feature","geometry":{"type":"Point","coordinates":[-52.200579622228595,-10.307103563905569]},"properties":{"Fazenda":"FE","Campo":"FE 16","produtividade":187.08657448004007,"unidade_produtividade":"sc/ha","pontos_originais":25,"ano":"2026","cultura":"Milho"}},{"type":"Feature","geometry":{"type":"Point","coordinates":[-52.20035134346793,-10.30710441149396]},"properties":{"Fazenda":"FE","Campo":"FE 16","produtividade":183.32172198543998,"unidade_produtividade":"sc/ha","pontos_originais":25,"ano":"2026","cultura":"Milho"}},{"type":"Feature","geometry":{"type":"Point","coordinates":[-52.20012306468747,-10.307105258921267]},"properties":{"Fazenda":"FE","Campo":"FE 16","produtividade":184.06737527668002,"unidade_produtividade":"sc/ha","pontos_originais":25,"ano":"2026","cultura":"Milho"}},{"type":"Feature","geometry":{"type":"Point","coordinates":[-52.19837306911531,-10.30714942724622]},"properties":{"Fazenda":"FE","Campo":"FE 16","produtividade":125.83231651733335,"unidade_produtividade":"sc/ha","pontos_originais":6,"ano":"2026","cultura":"Milho"}},{"type":"Feature","geometry":{"type":"Point","coordinates":[-52.1985251126704,-10.307111186402054]},"properties":{"Fazenda":"FE","Campo":"FE 16","produtividade":122.20423874080001,"unidade_produtividade":"sc/ha","pontos_originais":25,"ano":"2026","cultura":"Milho"}},{"type":"Feature","geometry":{"type":"Point","coordinates":[-52.19898167048842,-10.307109493641537]},"properties":{"Fazenda":"FE","Campo":"FE 16","produtividade":166.73191505204,"unidade_produtividade":"sc/ha","pontos_originais":25,"ano":"2026","cultura":"Milho"}},{"type":"Feature","geometry":{"type":"Point","coordinates":[-52.19875339158929,-10.307110340102335]},"properties":{"Fazenda":"FE","Campo":"FE 16","produtividade":146.1482387572,"unidade_produtividade":"sc/ha","pontos_originais":25,"ano":"2026","cultura":"Milho"}},{"type":"Feature","geometry":{"type":"Point","coordinates":[-52.206971419478734,-10.307079766030725]},"properties":{"Fazenda":"FE","Campo":"FE 16","produtividade":197.4997512558,"unidade_produtividade":"sc/ha","pontos_originais":25,"ano":"2026","cultura":"Milho"}},{"type":"Feature","geometry":{"type":"Point","coordinates":[-52.20674314127363,-10.307080618129445]},"properties":{"Fazenda":"FE","Campo":"FE 16","produtividade":194.35533393276,"unidade_produtividade":"sc/ha","pontos_originais":25,"ano":"2026","cultura":"Milho"}},{"type":"Feature","geometry":{"type":"Point","coordinates":[-52.207656253974655,-10.30707720876807]},"properties":{"Fazenda":"FE","Campo":"FE 16","produtividade":193.19334905416,"unidade_produtividade":"sc/ha","pontos_originais":25,"ano":"2026","cultura":"Milho"}},{"type":"Feature","geometry":{"type":"Point","coordinates":[-52.20742797582924,-10.307078061350037]},"properties":{"Fazenda":"FE","Campo":"FE 16","produtividade":198.27686387492002,"unidade_produtividade":"sc/ha","pontos_originais":25,"ano":"2026","cultura":"Milho"}},{"type":"Feature","geometry":{"type":"Point","coordinates":[-52.207199697663945,-10.307078913770926]},"properties":{"Fazenda":"FE","Campo":"FE 16","produtividade":199.78236521828,"unidade_produtividade":"sc/ha","pontos_originais":25,"ano":"2026","cultura":"Milho"}},{"type":"Feature","geometry":{"type":"Point","coordinates":[-52.20993903433312,-10.307068674088905]},"properties":{"Fazenda":"FE","Campo":"FE 16","produtividade":184.07080345068,"unidade_produtividade":"sc/ha","pontos_originais":25,"ano":"2026","cultura":"Milho"}},{"type":"Feature","geometry":{"type":"Point","coordinates":[-52.20971075638695,-10.307069528281685]},"properties":{"Fazenda":"FE","Campo":"FE 16","produtividade":185.17489106488003,"unidade_produtividade":"sc/ha","pontos_originais":25,"ano":"2026","cultura":"Milho"}},{"type":"Feature","geometry":{"type":"Point","coordinates":[-52.20948247842085,-10.30707038231339]},"properties":{"Fazenda":"FE","Campo":"FE 16","produtividade":182.76616695064,"unidade_produtividade":"sc/ha","pontos_originais":25,"ano":"2026","cultura":"Milho"}},{"type":"Feature","geometry":{"type":"Point","coordinates":[-52.20925420043483,-10.30707123618401]},"properties":{"Fazenda":"FE","Campo":"FE 16","produtividade":181.43332541408,"unidade_produtividade":"sc/ha","pontos_originais":25,"ano":"2026","cultura":"Milho"}},{"type":"Feature","geometry":{"type":"Point","coordinates":[-52.21055538468879,-10.30706636696942]},"properties":{"Fazenda":"FE","Campo":"FE 16","produtividade":179.47454843050002,"unidade_produtividade":"sc/ha","pontos_originais":10,"ano":"2026","cultura":"Milho"}},{"type":"Feature","geometry":{"type":"Point","coordinates":[-52.21039559016558,-10.30706696522009]},"properties":{"Fazenda":"FE","Campo":"FE 16","produtividade":181.81202908088,"unidade_produtividade":"sc/ha","pontos_originais":25,"ano":"2026","cultura":"Milho"}},{"type":"Feature","geometry":{"type":"Point","coordinates":[-52.21016731225933,-10.307067819735037]},"properties":{"Fazenda":"FE","Campo":"FE 16","produtividade":182.72228915079995,"unidade_produtividade":"sc/ha","pontos_originais":25,"ano":"2026","cultura":"Milho"}},{"type":"Feature","geometry":{"type":"Point","coordinates":[-52.2083410882914,-10.307074650055679]},"properties":{"Fazenda":"FE","Campo":"FE 16","produtividade":175.63791598048002,"unidade_produtividade":"sc/ha","pontos_originais":25,"ano":"2026","cultura":"Milho"}},{"type":"Feature","geometry":{"type":"Point","coordinates":[-52.20856936635714,-10.307073796829384]},"properties":{"Fazenda":"FE","Campo":"FE 16","produtividade":185.43121316092,"unidade_produtividade":"sc/ha","pontos_originais":25,"ano":"2026","cultura":"Milho"}},{"type":"Feature","geometry":{"type":"Point","coordinates":[-52.20811281020573,-10.307075503120888]},"properties":{"Fazenda":"FE","Campo":"FE 16","produtividade":174.91638148372004,"unidade_produtividade":"sc/ha","pontos_originais":25,"ano":"2026","cultura":"Milho"}},{"type":"Feature","geometry":{"type":"Point","coordinates":[-52.207884532100145,-10.307076356025023]},"properties":{"Fazenda":"FE","Campo":"FE 16","produtividade":183.97854528020002,"unidade_produtividade":"sc/ha","pontos_originais":25,"ano":"2026","cultura":"Milho"}},{"type":"Feature","geometry":{"type":"Point","coordinates":[-52.20902592242887,-10.30707208989355]},"properties":{"Fazenda":"FE","Campo":"FE 16","produtividade":184.34358078192002,"unidade_produtividade":"sc/ha","pontos_originais":25,"ano":"2026","cultura":"Milho"}},{"type":"Feature","geometry":{"type":"Point","coordinates":[-52.208797644402964,-10.307072943442009]},"properties":{"Fazenda":"FE","Campo":"FE 16","produtividade":187.52684673819996,"unidade_produtividade":"sc/ha","pontos_originais":25,"ano":"2026","cultura":"Milho"}},{"type":"Feature","geometry":{"type":"Point","coordinates":[-52.20034449749843,-10.305295929764327]},"properties":{"Fazenda":"FE","Campo":"FE 16","produtividade":145.38798568576,"unidade_produtividade":"sc/ha","pontos_originais":25,"ano":"2026","cultura":"Milho"}},{"type":"Feature","geometry":{"type":"Point","coordinates":[-52.20011622001913,-10.305296777039812]},"properties":{"Fazenda":"FE","Campo":"FE 16","produtividade":126.45540846484,"unidade_produtividade":"sc/ha","pontos_originais":25,"ano":"2026","cultura":"Milho"}},{"type":"Feature","geometry":{"type":"Point","coordinates":[-52.19989886989786,-10.305312654504226]},"properties":{"Fazenda":"FE","Campo":"FE 16","produtividade":124.09145626938094,"unidade_produtividade":"sc/ha","pontos_originais":21,"ano":"2026","cultura":"Milho"}},{"type":"Feature","geometry":{"type":"Point","coordinates":[-52.210822412439654,-10.305256866470266]},"properties":{"Fazenda":"FE","Campo":"FE 16","produtividade":188.1580955015,"unidade_produtividade":"sc/ha","pontos_originais":20,"ano":"2026","cultura":"Milho"}},{"type":"Feature","geometry":{"type":"Point","coordinates":[-52.20102932981756,-10.305293386971533]},"properties":{"Fazenda":"FE","Campo":"FE 16","produtividade":181.45868471276,"unidade_produtividade":"sc/ha","pontos_originais":25,"ano":"2026","cultura":"Milho"}},{"type":"Feature","geometry":{"type":"Point","coordinates":[-52.201257607217684,-10.305292539051825]},"properties":{"Fazenda":"FE","Campo":"FE 16","produtividade":184.72229081028001,"unidade_produtividade":"sc/ha","pontos_originais":25,"ano":"2026","cultura":"Milho"}},{"type":"Feature","geometry":{"type":"Point","coordinates":[-52.20080105239764,-10.305294234730185]},"properties":{"Fazenda":"FE","Campo":"FE 16","produtividade":175.74298209176,"unidade_produtividade":"sc/ha","pontos_originais":25,"ano":"2026","cultura":"Milho"}},{"type":"Feature","geometry":{"type":"Point","coordinates":[-52.20057277495792,-10.305295082327781]},"properties":{"Fazenda":"FE","Campo":"FE 16","produtividade":166.02702310307998,"unidade_produtividade":"sc/ha","pontos_originais":25,"ano":"2026","cultura":"Milho"}},{"type":"Feature","geometry":{"type":"Point","coordinates":[-52.20993213371448,-10.305260198761742]},"properties":{"Fazenda":"FE","Campo":"FE 16","produtividade":186.58828267416007,"unidade_produtividade":"sc/ha","pontos_originais":25,"ano":"2026","cultura":"Milho"}},{"type":"Feature","geometry":{"type":"Point","coordinates":[-52.20970385706948,-10.305261052801491]},"properties":{"Fazenda":"FE","Campo":"FE 16","produtividade":183.59333656488002,"unidade_produtividade":"sc/ha","pontos_originais":25,"ano":"2026","cultura":"Milho"}},{"type":"Feature","geometry":{"type":"Point","coordinates":[-52.20947558040454,-10.305261906680194]},"properties":{"Fazenda":"FE","Campo":"FE 16","produtividade":182.58555519383998,"unidade_produtividade":"sc/ha","pontos_originais":25,"ano":"2026","cultura":"Milho"}},{"type":"Feature","geometry":{"type":"Point","coordinates":[-52.20924730371968,-10.305262760397845]},"properties":{"Fazenda":"FE","Campo":"FE 16","produtividade":181.93681814868,"unidade_produtividade":"sc/ha","pontos_originais":25,"ano":"2026","cultura":"Milho"}},{"type":"Feature","geometry":{"type":"Point","coordinates":[-52.21061696352978,-10.305257635676167]},"properties":{"Fazenda":"FE","Campo":"FE 16","produtividade":191.67703164512,"unidade_produtividade":"sc/ha","pontos_originais":25,"ano":"2026","cultura":"Milho"}},{"type":"Feature","geometry":{"type":"Point","coordinates":[-52.21038868694463,-10.305258490199076]},"properties":{"Fazenda":"FE","Campo":"FE 16","produtividade":188.4308244142,"unidade_produtividade":"sc/ha","pontos_originais":25,"ano":"2026","cultura":"Milho"}},{"type":"Feature","geometry":{"type":"Point","coordinates":[-52.21016041033953,-10.30525934456094]},"properties":{"Fazenda":"FE","Campo":"FE 16","produtividade":187.15029751972,"unidade_produtividade":"sc/ha","pontos_originais":25,"ano":"2026","cultura":"Milho"}},{"type":"Feature","geometry":{"type":"Point","coordinates":[-52.20331210292719,-10.305284900526983]},"properties":{"Fazenda":"FE","Campo":"FE 16","produtividade":187.48116508268006,"unidade_produtividade":"sc/ha","pontos_originais":25,"ano":"2026","cultura":"Milho"}},{"type":"Feature","geometry":{"type":"Point","coordinates":[-52.20308382570544,-10.305285749896186]},"properties":{"Fazenda":"FE","Campo":"FE 16","produtividade":185.154405428,"unidade_produtividade":"sc/ha","pontos_originais":25,"ano":"2026","cultura":"Milho"}},{"type":"Feature","geometry":{"type":"Point","coordinates":[-52.20285554846384,-10.30528659910433]},"properties":{"Fazenda":"FE","Campo":"FE 16","produtividade":183.88698334711998,"unidade_produtividade":"sc/ha","pontos_originais":25,"ano":"2026","cultura":"Milho"}},{"type":"Feature","geometry":{"type":"Point","coordinates":[-52.20262727120243,-10.305287448151425]},"properties":{"Fazenda":"FE","Campo":"FE 16","produtividade":182.13853756156,"unidade_produtividade":"sc/ha","pontos_originais":25,"ano":"2026","cultura":"Milho"}},{"type":"Feature","geometry":{"type":"Point","coordinates":[-52.20399693447347,-10.305282351453053]},"properties":{"Fazenda":"FE","Campo":"FE 16","produtividade":179.96945411936002,"unidade_produtividade":"sc/ha","pontos_originais":25,"ano":"2026","cultura":"Milho"}},{"type":"Feature","geometry":{"type":"Point","coordinates":[-52.20376865731123,-10.305283201305418]},"properties":{"Fazenda":"FE","Campo":"FE 16","produtividade":185.62672651860004,"unidade_produtividade":"sc/ha","pontos_originais":25,"ano":"2026","cultura":"Milho"}},{"type":"Feature","geometry":{"type":"Point","coordinates":[-52.20354038012914,-10.305284050996727]},"properties":{"Fazenda":"FE","Campo":"FE 16","produtividade":187.10295691072002,"unidade_produtividade":"sc/ha","pontos_originais":25,"ano":"2026","cultura":"Milho"}},{"type":"Feature","geometry":{"type":"Point","coordinates":[-52.2017141619585,-10.305290842729244]},"properties":{"Fazenda":"FE","Campo":"FE 16","produtividade":182.19371066460008,"unidade_produtividade":"sc/ha","pontos_originais":25,"ano":"2026","cultura":"Milho"}},{"type":"Feature","geometry":{"type":"Point","coordinates":[-52.20194243929921,-10.305289994326372]},"properties":{"Fazenda":"FE","Campo":"FE 16","produtividade":177.32679070452,"unidade_produtividade":"sc/ha","pontos_originais":25,"ano":"2026","cultura":"Milho"}},{"type":"Feature","geometry":{"type":"Point","coordinates":[-52.201485884597986,-10.30529169097106]},"properties":{"Fazenda":"FE","Campo":"FE 16","produtividade":183.5392654254,"unidade_produtividade":"sc/ha","pontos_originais":25,"ano":"2026","cultura":"Milho"}},{"type":"Feature","geometry":{"type":"Point","coordinates":[-52.20239899392116,-10.305288297037462]},"properties":{"Fazenda":"FE","Campo":"FE 16","produtividade":176.22411111559998,"unidade_produtividade":"sc/ha","pontos_originais":25,"ano":"2026","cultura":"Milho"}},{"type":"Feature","geometry":{"type":"Point","coordinates":[-52.20217071662011,-10.30528914576244]},"properties":{"Fazenda":"FE","Campo":"FE 16","produtividade":173.17008237124003,"unidade_produtividade":"sc/ha","pontos_originais":25,"ano":"2026","cultura":"Milho"}},{"type":"Feature","geometry":{"type":"Point","coordinates":[-52.20559487405326,-10.30527639797699]},"properties":{"Fazenda":"FE","Campo":"FE 16","produtividade":181.76870261624,"unidade_produtividade":"sc/ha","pontos_originais":25,"ano":"2026","cultura":"Milho"}},{"type":"Feature","geometry":{"type":"Point","coordinates":[-52.20536659703002,-10.30527724895673]},"properties":{"Fazenda":"FE","Campo":"FE 16","produtividade":183.38562597616001,"unidade_produtividade":"sc/ha","pontos_originais":25,"ano":"2026","cultura":"Milho"}},{"type":"Feature","geometry":{"type":"Point","coordinates":[-52.20513831998693,-10.30527809977542]},"properties":{"Fazenda":"FE","Campo":"FE 16","produtividade":183.397784331,"unidade_produtividade":"sc/ha","pontos_originais":25,"ano":"2026","cultura":"Milho"}},{"type":"Feature","geometry":{"type":"Point","coordinates":[-52.20491004292395,-10.305278950433053]},"properties":{"Fazenda":"FE","Campo":"FE 16","produtividade":178.51190974948,"unidade_produtividade":"sc/ha","pontos_originais":25,"ano":"2026","cultura":"Milho"}},{"type":"Feature","geometry":{"type":"Point","coordinates":[-52.206279705003716,-10.30527384407144]},"properties":{"Fazenda":"FE","Campo":"FE 16","produtividade":187.50371610604,"unidade_produtividade":"sc/ha","pontos_originais":25,"ano":"2026","cultura":"Milho"}},{"type":"Feature","geometry":{"type":"Point","coordinates":[-52.20605142804011,-10.30527469553434]},"properties":{"Fazenda":"FE","Campo":"FE 16","produtividade":185.95306253032,"unidade_produtividade":"sc/ha","pontos_originais":25,"ano":"2026","cultura":"Milho"}},{"type":"Feature","geometry":{"type":"Point","coordinates":[-52.20582315105663,-10.305275546836192]},"properties":{"Fazenda":"FE","Campo":"FE 16","produtividade":182.25822465824,"unidade_produtividade":"sc/ha","pontos_originais":25,"ano":"2026","cultura":"Milho"}},{"type":"Feature","geometry":{"type":"Point","coordinates":[-52.204225211615864,-10.305281501439636]},"properties":{"Fazenda":"FE","Campo":"FE 16","produtividade":173.82232039492,"unidade_produtividade":"sc/ha","pontos_originais":25,"ano":"2026","cultura":"Milho"}},{"type":"Feature","geometry":{"type":"Point","coordinates":[-52.20468176584113,-10.305279800929634]},"properties":{"Fazenda":"FE","Campo":"FE 16","produtividade":174.90736927372,"unidade_produtividade":"sc/ha","pontos_originais":25,"ano":"2026","cultura":"Milho"}},{"type":"Feature","geometry":{"type":"Point","coordinates":[-52.20445348873844,-10.305280651265164]},"properties":{"Fazenda":"FE","Campo":"FE 16","produtividade":173.7704185474,"unidade_produtividade":"sc/ha","pontos_originais":25,"ano":"2026","cultura":"Milho"}},{"type":"Feature","geometry":{"type":"Point","coordinates":[-52.20833419678088,-10.305266173657904]},"properties":{"Fazenda":"FE","Campo":"FE 16","produtividade":172.25379154244004,"unidade_produtividade":"sc/ha","pontos_originais":25,"ano":"2026","cultura":"Milho"}},{"type":"Feature","geometry":{"type":"Point","coordinates":[-52.20856247354546,-10.305265320584468]},"properties":{"Fazenda":"FE","Campo":"FE 16","produtividade":174.81066295911998,"unidade_produtividade":"sc/ha","pontos_originais":25,"ano":"2026","cultura":"Milho"}},{"type":"Feature","geometry":{"type":"Point","coordinates":[-52.208105919996385,-10.305267026570286]},"properties":{"Fazenda":"FE","Campo":"FE 16","produtividade":171.36645712108003,"unidade_produtividade":"sc/ha","pontos_originais":25,"ano":"2026","cultura":"Milho"}},{"type":"Feature","geometry":{"type":"Point","coordinates":[-52.20787764319195,-10.305267879321615]},"properties":{"Fazenda":"FE","Campo":"FE 16","produtividade":168.89713490680003,"unidade_produtividade":"sc/ha","pontos_originais":25,"ano":"2026","cultura":"Milho"}},{"type":"Feature","geometry":{"type":"Point","coordinates":[-52.209019027014875,-10.305263613954434]},"properties":{"Fazenda":"FE","Campo":"FE 16","produtividade":181.55742814024,"unidade_produtividade":"sc/ha","pontos_originais":25,"ano":"2026","cultura":"Milho"}},{"type":"Feature","geometry":{"type":"Point","coordinates":[-52.20879075029013,-10.305264467349978]},"properties":{"Fazenda":"FE","Campo":"FE 16","produtividade":179.78045287860002,"unidade_produtividade":"sc/ha","pontos_originais":25,"ano":"2026","cultura":"Milho"}},{"type":"Feature","geometry":{"type":"Point","coordinates":[-52.20696453577521,-10.305271288716403]},"properties":{"Fazenda":"FE","Campo":"FE 16","produtividade":188.09067674887999,"unidade_produtividade":"sc/ha","pontos_originais":25,"ano":"2026","cultura":"Milho"}},{"type":"Feature","geometry":{"type":"Point","coordinates":[-52.20673625887127,-10.30527214066247]},"properties":{"Fazenda":"FE","Campo":"FE 16","produtividade":192.40658594852005,"unidade_produtividade":"sc/ha","pontos_originais":25,"ano":"2026","cultura":"Milho"}},{"type":"Feature","geometry":{"type":"Point","coordinates":[-52.206507981947425,-10.305272992447481]},"properties":{"Fazenda":"FE","Campo":"FE 16","produtividade":189.63798202352,"unidade_produtividade":"sc/ha","pontos_originais":25,"ano":"2026","cultura":"Milho"}},{"type":"Feature","geometry":{"type":"Point","coordinates":[-52.207649366367626,-10.305268731911895]},"properties":{"Fazenda":"FE","Campo":"FE 16","produtividade":170.46677279124,"unidade_produtividade":"sc/ha","pontos_originais":25,"ano":"2026","cultura":"Milho"}},{"type":"Feature","geometry":{"type":"Point","coordinates":[-52.20742108952339,-10.30526958434112]},"properties":{"Fazenda":"FE","Campo":"FE 16","produtividade":176.14758437616,"unidade_produtividade":"sc/ha","pontos_originais":25,"ano":"2026","cultura":"Milho"}},{"type":"Feature","geometry":{"type":"Point","coordinates":[-52.207192812659244,-10.30527043660929]},"properties":{"Fazenda":"FE","Campo":"FE 16","produtividade":178.23492035868003,"unidade_produtividade":"sc/ha","pontos_originais":25,"ano":"2026","cultura":"Milho"}},{"type":"Feature","geometry":{"type":"Point","coordinates":[-52.19973604258785,-10.305373542240035]},"properties":{"Fazenda":"FE","Campo":"FE 16","produtividade":130.8849560956667,"unidade_produtividade":"sc/ha","pontos_originais":3,"ano":"2026","cultura":"Milho"}},{"type":"Feature","geometry":{"type":"Point","coordinates":[-52.20353952219517,-10.305057991032077]},"properties":{"Fazenda":"FE","Campo":"FE 16","produtividade":185.78519227136002,"unidade_produtividade":"sc/ha","pontos_originais":25,"ano":"2026","cultura":"Milho"}},{"type":"Feature","geometry":{"type":"Point","coordinates":[-52.20331124515588,-10.305058840543303]},"properties":{"Fazenda":"FE","Campo":"FE 16","produtividade":188.86305000579992,"unidade_produtividade":"sc/ha","pontos_originais":25,"ano":"2026","cultura":"Milho"}},{"type":"Feature","geometry":{"type":"Point","coordinates":[-52.20308296809672,-10.305059689893483]},"properties":{"Fazenda":"FE","Campo":"FE 16","produtividade":188.32943811196,"unidade_produtividade":"sc/ha","pontos_originais":25,"ano":"2026","cultura":"Milho"}},{"type":"Feature","geometry":{"type":"Point","coordinates":[-52.20285469101778,-10.305060539082609]},"properties":{"Fazenda":"FE","Campo":"FE 16","produtividade":183.13557708512002,"unidade_produtividade":"sc/ha","pontos_originais":25,"ano":"2026","cultura":"Milho"}},{"type":"Feature","geometry":{"type":"Point","coordinates":[-52.20422435319402,-10.305055441532089]},"properties":{"Fazenda":"FE","Campo":"FE 16","produtividade":177.02630877948005,"unidade_produtividade":"sc/ha","pontos_originais":25,"ano":"2026","cultura":"Milho"}},{"type":"Feature","geometry":{"type":"Point","coordinates":[-52.20445263015393,-10.305054591376658]},"properties":{"Fazenda":"FE","Campo":"FE 16","produtividade":177.93338170784003,"unidade_produtividade":"sc/ha","pontos_originais":25,"ano":"2026","cultura":"Milho"}},{"type":"Feature","geometry":{"type":"Point","coordinates":[-52.20399607621425,-10.30505629152647]},"properties":{"Fazenda":"FE","Campo":"FE 16","produtividade":180.78881173792,"unidade_produtividade":"sc/ha","pontos_originais":25,"ano":"2026","cultura":"Milho"}},{"type":"Feature","geometry":{"type":"Point","coordinates":[-52.20376779921464,-10.305057141359798]},"properties":{"Fazenda":"FE","Campo":"FE 16","produtividade":184.47922761895995,"unidade_produtividade":"sc/ha","pontos_originais":25,"ano":"2026","cultura":"Milho"}},{"type":"Feature","geometry":{"type":"Point","coordinates":[-52.20216985966191,-10.305063085683678]},"properties":{"Fazenda":"FE","Campo":"FE 16","produtividade":177.87277795308003,"unidade_produtividade":"sc/ha","pontos_originais":25,"ano":"2026","cultura":"Milho"}},{"type":"Feature","geometry":{"type":"Point","coordinates":[-52.20194158250366,-10.3050639342286]},"properties":{"Fazenda":"FE","Campo":"FE 16","produtividade":183.85872247024,"unidade_produtividade":"sc/ha","pontos_originais":25,"ano":"2026","cultura":"Milho"}},{"type":"Feature","geometry":{"type":"Point","coordinates":[-52.20171330532558,-10.30506478261247]},"properties":{"Fazenda":"FE","Campo":"FE 16","produtividade":185.00904660936,"unidade_produtividade":"sc/ha","pontos_originais":25,"ano":"2026","cultura":"Milho"}},{"type":"Feature","geometry":{"type":"Point","coordinates":[-52.2014850281277,-10.30506563083529]},"properties":{"Fazenda":"FE","Campo":"FE 16","produtividade":182.71721616012002,"unidade_produtividade":"sc/ha","pontos_originais":25,"ano":"2026","cultura":"Milho"}},{"type":"Feature","geometry":{"type":"Point","coordinates":[-52.20262641391896,-10.305061388110682]},"properties":{"Fazenda":"FE","Campo":"FE 16","produtividade":177.07390809191998,"unidade_produtividade":"sc/ha","pontos_originais":25,"ano":"2026","cultura":"Milho"}},{"type":"Feature","geometry":{"type":"Point","coordinates":[-52.20239813680035,-10.305062236977706]},"properties":{"Fazenda":"FE","Campo":"FE 16","produtividade":174.79152385244,"unidade_produtividade":"sc/ha","pontos_originais":25,"ano":"2026","cultura":"Milho"}},{"type":"Feature","geometry":{"type":"Point","coordinates":[-52.20650712189928,-10.30504693273052]},"properties":{"Fazenda":"FE","Campo":"FE 16","produtividade":182.47136165764005,"unidade_produtividade":"sc/ha","pontos_originais":25,"ano":"2026","cultura":"Milho"}},{"type":"Feature","geometry":{"type":"Point","coordinates":[-52.20627884511819,-10.305047784335402]},"properties":{"Fazenda":"FE","Campo":"FE 16","produtividade":175.85147001548,"unidade_produtividade":"sc/ha","pontos_originais":25,"ano":"2026","cultura":"Milho"}},{"type":"Feature","geometry":{"type":"Point","coordinates":[-52.206050568317224,-10.305048635779235]},"properties":{"Fazenda":"FE","Campo":"FE 16","produtividade":177.35422669911998,"unidade_produtividade":"sc/ha","pontos_originais":25,"ano":"2026","cultura":"Milho"}},{"type":"Feature","geometry":{"type":"Point","coordinates":[-52.20582229149636,-10.305049487062018]},"properties":{"Fazenda":"FE","Campo":"FE 16","produtividade":179.91723560752004,"unidade_produtividade":"sc/ha","pontos_originais":25,"ano":"2026","cultura":"Milho"}},{"type":"Feature","geometry":{"type":"Point","coordinates":[-52.2071919521232,-10.305044376949573]},"properties":{"Fazenda":"FE","Campo":"FE 16","produtividade":178.04059025116004,"unidade_produtividade":"sc/ha","pontos_originais":25,"ano":"2026","cultura":"Milho"}},{"type":"Feature","geometry":{"type":"Point","coordinates":[-52.206963675401795,-10.305045229037605]},"properties":{"Fazenda":"FE","Campo":"FE 16","produtividade":189.4758202044,"unidade_produtividade":"sc/ha","pontos_originais":25,"ano":"2026","cultura":"Milho"}},{"type":"Feature","geometry":{"type":"Point","coordinates":[-52.206735398660484,-10.305046080964589]},"properties":{"Fazenda":"FE","Campo":"FE 16","produtividade":192.77940163812002,"unidade_produtividade":"sc/ha","pontos_originais":25,"ano":"2026","cultura":"Milho"}},{"type":"Feature","geometry":{"type":"Point","coordinates":[-52.204909184014184,-10.305052890582648]},"properties":{"Fazenda":"FE","Campo":"FE 16","produtividade":182.10231413208004,"unidade_produtividade":"sc/ha","pontos_originais":25,"ano":"2026","cultura":"Milho"}},{"type":"Feature","geometry":{"type":"Point","coordinates":[-52.20513746091455,-10.305052039944064]},"properties":{"Fazenda":"FE","Campo":"FE 16","produtividade":186.3363408656,"unidade_produtividade":"sc/ha","pontos_originais":25,"ano":"2026","cultura":"Milho"}},{"type":"Feature","geometry":{"type":"Point","coordinates":[-52.20468090709399,-10.305053741060178]},"properties":{"Fazenda":"FE","Campo":"FE 16","produtividade":178.84503566624005,"unidade_produtividade":"sc/ha","pontos_originais":25,"ano":"2026","cultura":"Milho"}},{"type":"Feature","geometry":{"type":"Point","coordinates":[-52.205594014655624,-10.30505033818375]},"properties":{"Fazenda":"FE","Campo":"FE 16","produtividade":184.29018184728,"unidade_produtividade":"sc/ha","pontos_originais":25,"ano":"2026","cultura":"Milho"}},{"type":"Feature","geometry":{"type":"Point","coordinates":[-52.20536573779503,-10.305051189144436]},"properties":{"Fazenda":"FE","Campo":"FE 16","produtividade":187.80240265748,"unidade_produtividade":"sc/ha","pontos_originais":25,"ano":"2026","cultura":"Milho"}},{"type":"Feature","geometry":{"type":"Point","coordinates":[-52.20856161203366,-10.305039261039342]},"properties":{"Fazenda":"FE","Campo":"FE 16","produtividade":190.04549083400002,"unidade_produtividade":"sc/ha","pontos_originais":25,"ano":"2026","cultura":"Milho"}},{"type":"Feature","geometry":{"type":"Point","coordinates":[-52.208333335431696,-10.30504011409367]},"properties":{"Fazenda":"FE","Campo":"FE 16","produtividade":191.04073357028003,"unidade_produtividade":"sc/ha","pontos_originais":25,"ano":"2026","cultura":"Milho"}},{"type":"Feature","geometry":{"type":"Point","coordinates":[-52.20810505880982,-10.305040966986951]},"properties":{"Fazenda":"FE","Campo":"FE 16","produtividade":186.45207248564003,"unidade_produtividade":"sc/ha","pontos_originais":25,"ano":"2026","cultura":"Milho"}},{"type":"Feature","geometry":{"type":"Point","coordinates":[-52.20787678216805,-10.30504181971918]},"properties":{"Fazenda":"FE","Campo":"FE 16","produtividade":180.01855758732003,"unidade_produtividade":"sc/ha","pontos_originais":25,"ano":"2026","cultura":"Milho"}},{"type":"Feature","geometry":{"type":"Point","coordinates":[-52.20924644171999,-10.305036700910058]},"properties":{"Fazenda":"FE","Campo":"FE 16","produtividade":179.73313135428,"unidade_produtividade":"sc/ha","pontos_originais":25,"ano":"2026","cultura":"Milho"}},{"type":"Feature","geometry":{"type":"Point","coordinates":[-52.2090181651778,-10.305037554447534]},"properties":{"Fazenda":"FE","Campo":"FE 16","produtividade":179.52302669848004,"unidade_produtividade":"sc/ha","pontos_originais":25,"ano":"2026","cultura":"Milho"}},{"type":"Feature","geometry":{"type":"Point","coordinates":[-52.20878988861569,-10.305038407823965]},"properties":{"Fazenda":"FE","Campo":"FE 16","produtividade":185.64710188843998,"unidade_produtividade":"sc/ha","pontos_originais":25,"ano":"2026","cultura":"Milho"}},{"type":"Feature","geometry":{"type":"Point","coordinates":[-52.20764850550631,-10.305042672290362]},"properties":{"Fazenda":"FE","Campo":"FE 16","produtividade":172.96195898795997,"unidade_produtividade":"sc/ha","pontos_originais":25,"ano":"2026","cultura":"Milho"}},{"type":"Feature","geometry":{"type":"Point","coordinates":[-52.20742022882471,-10.305043524700492]},"properties":{"Fazenda":"FE","Campo":"FE 16","produtividade":173.12078876332,"unidade_produtividade":"sc/ha","pontos_originais":25,"ano":"2026","cultura":"Milho"}},{"type":"Feature","geometry":{"type":"Point","coordinates":[-52.200571919138156,-10.30506902211605]},"properties":{"Fazenda":"FE","Campo":"FE 16","produtividade":143.82567702528004,"unidade_produtividade":"sc/ha","pontos_originais":25,"ano":"2026","cultura":"Milho"}},{"type":"Feature","geometry":{"type":"Point","coordinates":[-52.20080019641522,-10.305068174537439]},"properties":{"Fazenda":"FE","Campo":"FE 16","produtividade":163.13486001187997,"unidade_produtividade":"sc/ha","pontos_originais":25,"ano":"2026","cultura":"Milho"}},{"type":"Feature","geometry":{"type":"Point","coordinates":[-52.20034364184128,-10.305069869533616]},"properties":{"Fazenda":"FE","Campo":"FE 16","produtividade":127.21128054196001,"unidade_produtividade":"sc/ha","pontos_originais":25,"ano":"2026","cultura":"Milho"}},{"type":"Feature","geometry":{"type":"Point","coordinates":[-52.2001383098835,-10.305101715357015]},"properties":{"Fazenda":"FE","Campo":"FE 16","produtividade":124.5294620345625,"unidade_produtividade":"sc/ha","pontos_originais":16,"ano":"2026","cultura":"Milho"}},{"type":"Feature","geometry":{"type":"Point","coordinates":[-52.210840557963785,-10.305026968228582]},"properties":{"Fazenda":"FE","Campo":"FE 16","produtividade":182.76202519220837,"unidade_produtividade":"sc/ha","pontos_originais":24,"ano":"2026","cultura":"Milho"}},{"type":"Feature","geometry":{"type":"Point","coordinates":[-52.20125675091001,-10.305066478897055]},"properties":{"Fazenda":"FE","Campo":"FE 16","produtividade":182.58429419127998,"unidade_produtividade":"sc/ha","pontos_originais":25,"ano":"2026","cultura":"Milho"}},{"type":"Feature","geometry":{"type":"Point","coordinates":[-52.201028473672515,-10.305067326797776]},"properties":{"Fazenda":"FE","Campo":"FE 16","produtividade":177.24727827291997,"unidade_produtividade":"sc/ha","pontos_originais":25,"ano":"2026","cultura":"Milho"}},{"type":"Feature","geometry":{"type":"Point","coordinates":[-52.209931271226914,-10.305034139331333]},"properties":{"Fazenda":"FE","Campo":"FE 16","produtividade":186.44141757948,"unidade_produtividade":"sc/ha","pontos_originais":25,"ano":"2026","cultura":"Milho"}},{"type":"Feature","geometry":{"type":"Point","coordinates":[-52.21015954768933,-10.305033285149657]},"properties":{"Fazenda":"FE","Campo":"FE 16","produtividade":185.54204213872003,"unidade_produtividade":"sc/ha","pontos_originais":25,"ano":"2026","cultura":"Milho"}},{"type":"Feature","geometry":{"type":"Point","coordinates":[-52.20970299474454,-10.305034993351958]},"properties":{"Fazenda":"FE","Campo":"FE 16","produtividade":185.82216636492,"unidade_produtividade":"sc/ha","pontos_originais":25,"ano":"2026","cultura":"Milho"}},{"type":"Feature","geometry":{"type":"Point","coordinates":[-52.20947471824223,-10.305035847211531]},"properties":{"Fazenda":"FE","Campo":"FE 16","produtividade":184.15112167988002,"unidade_produtividade":"sc/ha","pontos_originais":25,"ano":"2026","cultura":"Milho"}},{"type":"Feature","geometry":{"type":"Point","coordinates":[-52.210616100554326,-10.305031576303168]},"properties":{"Fazenda":"FE","Campo":"FE 16","produtividade":187.6929470698,"unidade_produtividade":"sc/ha","pontos_originais":25,"ano":"2026","cultura":"Milho"}},{"type":"Feature","geometry":{"type":"Point","coordinates":[-52.2103878241318,-10.30503243080694]},"properties":{"Fazenda":"FE","Campo":"FE 16","produtividade":185.68072343987998,"unidade_produtividade":"sc/ha","pontos_originais":25,"ano":"2026","cultura":"Milho"}},{"type":"Feature","geometry":{"type":"Point","coordinates":[-52.19997874028153,-10.305161649178114]},"properties":{"Fazenda":"FE","Campo":"FE 16","produtividade":129.942549885,"unidade_produtividade":"sc/ha","pontos_originais":1,"ano":"2026","cultura":"Milho"}},{"type":"Feature","geometry":{"type":"Point","coordinates":[-52.20741936814598,-10.304817465056642]},"properties":{"Fazenda":"FE","Campo":"FE 16","produtividade":170.46395391332004,"unidade_produtividade":"sc/ha","pontos_originais":25,"ano":"2026","cultura":"Milho"}},{"type":"Feature","geometry":{"type":"Point","coordinates":[-52.20764764466494,-10.304816612665602]},"properties":{"Fazenda":"FE","Campo":"FE 16","produtividade":177.95618507308006,"unidade_produtividade":"sc/ha","pontos_originais":25,"ano":"2026","cultura":"Milho"}},{"type":"Feature","geometry":{"type":"Point","coordinates":[-52.207191091607065,-10.304818317286639]},"properties":{"Fazenda":"FE","Campo":"FE 16","produtividade":170.37598555480002,"unidade_produtividade":"sc/ha","pontos_originais":25,"ano":"2026","cultura":"Milho"}},{"type":"Feature","geometry":{"type":"Point","coordinates":[-52.20696281504827,-10.30481916935558]},"properties":{"Fazenda":"FE","Campo":"FE 16","produtividade":174.26633466404004,"unidade_produtividade":"sc/ha","pontos_originais":25,"ano":"2026","cultura":"Milho"}},{"type":"Feature","geometry":{"type":"Point","coordinates":[-52.208332474102455,-10.304814054526213]},"properties":{"Fazenda":"FE","Campo":"FE 16","produtividade":191.29849055152002,"unidade_produtividade":"sc/ha","pontos_originais":25,"ano":"2026","cultura":"Milho"}},{"type":"Feature","geometry":{"type":"Point","coordinates":[-52.20810419764318,-10.30481490740039]},"properties":{"Fazenda":"FE","Campo":"FE 16","produtividade":186.91242324083998,"unidade_produtividade":"sc/ha","pontos_originais":25,"ano":"2026","cultura":"Milho"}},{"type":"Feature","geometry":{"type":"Point","coordinates":[-52.207875921164025,-10.30481576011352]},"properties":{"Fazenda":"FE","Campo":"FE 16","produtividade":185.40413977524,"unidade_produtividade":"sc/ha","pontos_originais":25,"ano":"2026","cultura":"Milho"}},{"type":"Feature","geometry":{"type":"Point","coordinates":[-52.2060497086142,-10.304822576020904]},"properties":{"Fazenda":"FE","Campo":"FE 16","produtividade":173.05254760236,"unidade_produtividade":"sc/ha","pontos_originais":25,"ano":"2026","cultura":"Milho"}},{"type":"Feature","geometry":{"type":"Point","coordinates":[-52.20582143195599,-10.30482342728462]},"properties":{"Fazenda":"FE","Campo":"FE 16","produtividade":174.24697997116004,"unidade_produtividade":"sc/ha","pontos_originais":25,"ano":"2026","cultura":"Milho"}},{"type":"Feature","geometry":{"type":"Point","coordinates":[-52.20559315527787,-10.304824278387288]},"properties":{"Fazenda":"FE","Campo":"FE 16","produtividade":178.34656997771998,"unidade_produtividade":"sc/ha","pontos_originais":25,"ano":"2026","cultura":"Milho"}},{"type":"Feature","geometry":{"type":"Point","coordinates":[-52.20536487857989,-10.304825129328911]},"properties":{"Fazenda":"FE","Campo":"FE 16","produtividade":181.40996859312006,"unidade_produtividade":"sc/ha","pontos_originais":25,"ano":"2026","cultura":"Milho"}},{"type":"Feature","geometry":{"type":"Point","coordinates":[-52.20673453846959,-10.304820021263481]},"properties":{"Fazenda":"FE","Campo":"FE 16","produtividade":174.49498821512,"unidade_produtividade":"sc/ha","pontos_originais":25,"ano":"2026","cultura":"Milho"}},{"type":"Feature","geometry":{"type":"Point","coordinates":[-52.20650626187103,-10.304820873010335]},"properties":{"Fazenda":"FE","Campo":"FE 16","produtividade":165.05015184524004,"unidade_produtividade":"sc/ha","pontos_originais":25,"ano":"2026","cultura":"Milho"}},{"type":"Feature","geometry":{"type":"Point","coordinates":[-52.206277985252555,-10.304821724596144]},"properties":{"Fazenda":"FE","Campo":"FE 16","produtividade":167.38568621168005,"unidade_produtividade":"sc/ha","pontos_originais":25,"ano":"2026","cultura":"Milho"}},{"type":"Feature","geometry":{"type":"Point","coordinates":[-52.21038696133891,-10.304806371411573]},"properties":{"Fazenda":"FE","Campo":"FE 16","produtividade":177.71103104904003,"unidade_produtividade":"sc/ha","pontos_originais":25,"ano":"2026","cultura":"Milho"}},{"type":"Feature","geometry":{"type":"Point","coordinates":[-52.21061523759882,-10.304805516926942]},"properties":{"Fazenda":"FE","Campo":"FE 16","produtividade":177.81168718556003,"unidade_produtividade":"sc/ha","pontos_originais":25,"ano":"2026","cultura":"Milho"}},{"type":"Feature","geometry":{"type":"Point","coordinates":[-52.21015868505907,-10.30480722573516]},"properties":{"Fazenda":"FE","Campo":"FE 16","produtividade":184.43827684355998,"unidade_produtividade":"sc/ha","pontos_originais":25,"ano":"2026","cultura":"Milho"}},{"type":"Feature","geometry":{"type":"Point","coordinates":[-52.20993040875928,-10.304808079897702]},"properties":{"Fazenda":"FE","Campo":"FE 16","produtividade":187.32181931412,"unidade_produtividade":"sc/ha","pontos_originais":25,"ano":"2026","cultura":"Milho"}},{"type":"Feature","geometry":{"type":"Point","coordinates":[-52.20057106333816,-10.3048429619011]},"properties":{"Fazenda":"FE","Campo":"FE 16","produtividade":122.07753837764002,"unidade_produtividade":"sc/ha","pontos_originais":25,"ano":"2026","cultura":"Milho"}},{"type":"Feature","geometry":{"type":"Point","coordinates":[-52.21098030693266,-10.304758937553581]},"properties":{"Fazenda":"FE","Campo":"FE 16","produtividade":177.23574759200002,"unidade_produtividade":"sc/ha","pontos_originais":3,"ano":"2026","cultura":"Milho"}},{"type":"Feature","geometry":{"type":"Point","coordinates":[-52.21084351383876,-10.304804662281267]},"properties":{"Fazenda":"FE","Campo":"FE 16","produtividade":179.03302259160003,"unidade_produtividade":"sc/ha","pontos_originais":25,"ano":"2026","cultura":"Milho"}},{"type":"Feature","geometry":{"type":"Point","coordinates":[-52.200369603923356,-10.304892690163335]},"properties":{"Fazenda":"FE","Campo":"FE 16","produtividade":119.63620567258334,"unidade_produtividade":"sc/ha","pontos_originais":12,"ano":"2026","cultura":"Milho"}},{"type":"Feature","geometry":{"type":"Point","coordinates":[-52.20901730336068,-10.304811494937407]},"properties":{"Fazenda":"FE","Campo":"FE 16","produtividade":186.78214980148005,"unidade_produtividade":"sc/ha","pontos_originais":25,"ano":"2026","cultura":"Milho"}},{"type":"Feature","geometry":{"type":"Point","coordinates":[-52.208789026961185,-10.304812348294723]},"properties":{"Fazenda":"FE","Campo":"FE 16","produtividade":193.84603097336003,"unidade_produtividade":"sc/ha","pontos_originais":25,"ano":"2026","cultura":"Milho"}},{"type":"Feature","geometry":{"type":"Point","coordinates":[-52.20856075054177,-10.30481320149099]},"properties":{"Fazenda":"FE","Campo":"FE 16","produtividade":196.02855992604,"unidade_produtividade":"sc/ha","pontos_originais":25,"ano":"2026","cultura":"Milho"}},{"type":"Feature","geometry":{"type":"Point","coordinates":[-52.209702132439546,-10.304808933899194]},"properties":{"Fazenda":"FE","Campo":"FE 16","produtividade":185.04198111232,"unidade_produtividade":"sc/ha","pontos_originais":25,"ano":"2026","cultura":"Milho"}},{"type":"Feature","geometry":{"type":"Point","coordinates":[-52.209473856099855,-10.304809787739647]},"properties":{"Fazenda":"FE","Campo":"FE 16","produtividade":182.57754528296002,"unidade_produtividade":"sc/ha","pontos_originais":25,"ano":"2026","cultura":"Milho"}},{"type":"Feature","geometry":{"type":"Point","coordinates":[-52.20924557974023,-10.30481064141905]},"properties":{"Fazenda":"FE","Campo":"FE 16","produtividade":182.08906088208002,"unidade_produtividade":"sc/ha","pontos_originais":25,"ano":"2026","cultura":"Milho"}},{"type":"Feature","geometry":{"type":"Point","coordinates":[-52.20171244871247,-10.304838722492475]},"properties":{"Fazenda":"FE","Campo":"FE 16","produtividade":180.93743898472,"unidade_produtividade":"sc/ha","pontos_originais":25,"ano":"2026","cultura":"Milho"}},{"type":"Feature","geometry":{"type":"Point","coordinates":[-52.20148417167722,-10.304839570696297]},"properties":{"Fazenda":"FE","Campo":"FE 16","produtividade":179.57824786663997,"unidade_produtividade":"sc/ha","pontos_originais":25,"ano":"2026","cultura":"Milho"}},{"type":"Feature","geometry":{"type":"Point","coordinates":[-52.20125589462214,-10.304840418739069]},"properties":{"Fazenda":"FE","Campo":"FE 16","produtividade":175.00599536576001,"unidade_produtividade":"sc/ha","pontos_originais":25,"ano":"2026","cultura":"Milho"}},{"type":"Feature","geometry":{"type":"Point","coordinates":[-52.20102761754729,-10.304841266620793]},"properties":{"Fazenda":"FE","Campo":"FE 16","produtividade":157.95737505416002,"unidade_produtividade":"sc/ha","pontos_originais":25,"ano":"2026","cultura":"Milho"}},{"type":"Feature","geometry":{"type":"Point","coordinates":[-52.20239727969934,-10.304836176914728]},"properties":{"Fazenda":"FE","Campo":"FE 16","produtividade":179.98908660036,"unidade_produtividade":"sc/ha","pontos_originais":25,"ano":"2026","cultura":"Milho"}},{"type":"Feature","geometry":{"type":"Point","coordinates":[-52.20216900272354,-10.304837025601692]},"properties":{"Fazenda":"FE","Campo":"FE 16","produtividade":184.44121305692005,"unidade_produtividade":"sc/ha","pontos_originais":25,"ano":"2026","cultura":"Milho"}},{"type":"Feature","geometry":{"type":"Point","coordinates":[-52.20194072572791,-10.304837874127607]},"properties":{"Fazenda":"FE","Campo":"FE 16","produtividade":182.93667230912,"unidade_produtividade":"sc/ha","pontos_originais":25,"ano":"2026","cultura":"Milho"}},{"type":"Feature","geometry":{"type":"Point","coordinates":[-52.20079934045263,-10.304842114341469]},"properties":{"Fazenda":"FE","Campo":"FE 16","produtividade":136.12784943524002,"unidade_produtividade":"sc/ha","pontos_originais":25,"ano":"2026","cultura":"Milho"}},{"type":"Feature","geometry":{"type":"Point","coordinates":[-52.20468004836675,-10.304827681187493]},"properties":{"Fazenda":"FE","Campo":"FE 16","produtividade":182.15606153884,"unidade_produtividade":"sc/ha","pontos_originais":25,"ano":"2026","cultura":"Milho"}},{"type":"Feature","geometry":{"type":"Point","coordinates":[-52.20445177158929,-10.304828531484931]},"properties":{"Fazenda":"FE","Campo":"FE 16","produtividade":180.06231875856002,"unidade_produtividade":"sc/ha","pontos_originais":25,"ano":"2026","cultura":"Milho"}},{"type":"Feature","geometry":{"type":"Point","coordinates":[-52.20422349479201,-10.304829381621321]},"properties":{"Fazenda":"FE","Campo":"FE 16","produtividade":177.78280146212003,"unidade_produtividade":"sc/ha","pontos_originais":25,"ano":"2026","cultura":"Milho"}},{"type":"Feature","geometry":{"type":"Point","coordinates":[-52.203995217974864,-10.304830231596661]},"properties":{"Fazenda":"FE","Campo":"FE 16","produtividade":180.87630368628,"unidade_produtividade":"sc/ha","pontos_originais":25,"ano":"2026","cultura":"Milho"}},{"type":"Feature","geometry":{"type":"Point","coordinates":[-52.205136601862044,-10.304825980109486]},"properties":{"Fazenda":"FE","Campo":"FE 16","produtividade":183.48671823296,"unidade_produtividade":"sc/ha","pontos_originais":25,"ano":"2026","cultura":"Milho"}},{"type":"Feature","geometry":{"type":"Point","coordinates":[-52.20490832512431,-10.304826830729017]},"properties":{"Fazenda":"FE","Campo":"FE 16","produtividade":183.29004989872,"unidade_produtividade":"sc/ha","pontos_originais":25,"ano":"2026","cultura":"Milho"}},{"type":"Feature","geometry":{"type":"Point","coordinates":[-52.203082110507864,-10.304833629887552]},"properties":{"Fazenda":"FE","Campo":"FE 16","produtividade":181.99427929279997,"unidade_produtividade":"sc/ha","pontos_originais":25,"ano":"2026","cultura":"Milho"}},{"type":"Feature","geometry":{"type":"Point","coordinates":[-52.20331038740437,-10.304832780556403]},"properties":{"Fazenda":"FE","Campo":"FE 16","produtividade":187.68481628928004,"unidade_produtividade":"sc/ha","pontos_originais":25,"ano":"2026","cultura":"Milho"}},{"type":"Feature","geometry":{"type":"Point","coordinates":[-52.20285383359152,-10.30483447905766]},"properties":{"Fazenda":"FE","Campo":"FE 16","produtividade":177.35296711024003,"unidade_produtividade":"sc/ha","pontos_originais":25,"ano":"2026","cultura":"Milho"}},{"type":"Feature","geometry":{"type":"Point","coordinates":[-52.202625556655356,-10.304835328066718]},"properties":{"Fazenda":"FE","Campo":"FE 16","produtividade":176.31247459768002,"unidade_produtividade":"sc/ha","pontos_originais":25,"ano":"2026","cultura":"Milho"}},{"type":"Feature","geometry":{"type":"Point","coordinates":[-52.203766941137886,-10.304831081410954]},"properties":{"Fazenda":"FE","Campo":"FE 16","produtividade":185.03756831020004,"unidade_produtividade":"sc/ha","pontos_originais":25,"ano":"2026","cultura":"Milho"}},{"type":"Feature","geometry":{"type":"Point","coordinates":[-52.203538664281034,-10.3048319310642]},"properties":{"Fazenda":"FE","Campo":"FE 16","produtividade":187.60885007396,"unidade_produtividade":"sc/ha","pontos_originais":25,"ano":"2026","cultura":"Milho"}},{"type":"Feature","geometry":{"type":"Point","coordinates":[-52.20171159211915,-10.304612662369255]},"properties":{"Fazenda":"FE","Campo":"FE 16","produtividade":171.55085047187995,"unidade_produtividade":"sc/ha","pontos_originais":25,"ano":"2026","cultura":"Milho"}},{"type":"Feature","geometry":{"type":"Point","coordinates":[-52.20193986897198,-10.30461181402339]},"properties":{"Fazenda":"FE","Campo":"FE 16","produtividade":171.05789036011996,"unidade_produtividade":"sc/ha","pontos_originais":25,"ano":"2026","cultura":"Milho"}},{"type":"Feature","geometry":{"type":"Point","coordinates":[-52.20148331524652,-10.304613510554079]},"properties":{"Fazenda":"FE","Campo":"FE 16","produtividade":165.79974930368,"unidade_produtividade":"sc/ha","pontos_originais":25,"ano":"2026","cultura":"Milho"}},{"type":"Feature","geometry":{"type":"Point","coordinates":[-52.201255038354084,-10.304614358577856]},"properties":{"Fazenda":"FE","Campo":"FE 16","produtividade":149.8660298446,"unidade_produtividade":"sc/ha","pontos_originais":25,"ano":"2026","cultura":"Milho"}},{"type":"Feature","geometry":{"type":"Point","coordinates":[-52.20239642261819,-10.304610116848526]},"properties":{"Fazenda":"FE","Campo":"FE 16","produtividade":179.60247480764,"unidade_produtividade":"sc/ha","pontos_originais":25,"ano":"2026","cultura":"Milho"}},{"type":"Feature","geometry":{"type":"Point","coordinates":[-52.202624699411544,-10.304609268019528]},"properties":{"Fazenda":"FE","Campo":"FE 16","produtividade":182.89946637204,"unidade_produtividade":"sc/ha","pontos_originais":25,"ano":"2026","cultura":"Milho"}},{"type":"Feature","geometry":{"type":"Point","coordinates":[-52.20216814580499,-10.304610965516483]},"properties":{"Fazenda":"FE","Campo":"FE 16","produtividade":174.06365394876005,"unidade_produtividade":"sc/ha","pontos_originais":25,"ano":"2026","cultura":"Milho"}},{"type":"Feature","geometry":{"type":"Point","coordinates":[-52.210614374663265,-10.304579457547497]},"properties":{"Fazenda":"FE","Campo":"FE 16","produtividade":174.91244297123998,"unidade_produtividade":"sc/ha","pontos_originais":25,"ano":"2026","cultura":"Milho"}},{"type":"Feature","geometry":{"type":"Point","coordinates":[-52.2108426507406,-10.304578602920962]},"properties":{"Fazenda":"FE","Campo":"FE 16","produtividade":176.65110467752,"unidade_produtividade":"sc/ha","pontos_originais":25,"ano":"2026","cultura":"Milho"}},{"type":"Feature","geometry":{"type":"Point","coordinates":[-52.210386098566005,-10.304580312012986]},"properties":{"Fazenda":"FE","Campo":"FE 16","produtividade":177.19512620403998,"unidade_produtividade":"sc/ha","pontos_originais":25,"ano":"2026","cultura":"Milho"}},{"type":"Feature","geometry":{"type":"Point","coordinates":[-52.210157822448764,-10.304581166317435]},"properties":{"Fazenda":"FE","Campo":"FE 16","produtividade":184.22757349428,"unidade_produtividade":"sc/ha","pontos_originais":25,"ano":"2026","cultura":"Milho"}},{"type":"Feature","geometry":{"type":"Point","coordinates":[-52.20102676144185,-10.304615206440587]},"properties":{"Fazenda":"FE","Campo":"FE 16","produtividade":130.14652270379997,"unidade_produtividade":"sc/ha","pontos_originais":25,"ano":"2026","cultura":"Milho"}},{"type":"Feature","geometry":{"type":"Point","coordinates":[-52.20079848450983,-10.304616054142276]},"properties":{"Fazenda":"FE","Campo":"FE 16","produtividade":123.91593944896002,"unidade_produtividade":"sc/ha","pontos_originais":25,"ano":"2026","cultura":"Milho"}},{"type":"Feature","geometry":{"type":"Point","coordinates":[-52.20061603410763,-10.304661944234473]},"properties":{"Fazenda":"FE","Campo":"FE 16","produtividade":120.6035553833,"unidade_produtividade":"sc/ha","pontos_originais":10,"ano":"2026","cultura":"Milho"}},{"type":"Feature","geometry":{"type":"Point","coordinates":[-52.21099667234079,-10.304561071511714]},"properties":{"Fazenda":"FE","Campo":"FE 16","produtividade":173.65253486462495,"unidade_produtividade":"sc/ha","pontos_originais":8,"ano":"2026","cultura":"Milho"}},{"type":"Feature","geometry":{"type":"Point","coordinates":[-52.20467918965933,-10.304601621311592]},"properties":{"Fazenda":"FE","Campo":"FE 16","produtividade":175.81392903624004,"unidade_produtividade":"sc/ha","pontos_originais":25,"ano":"2026","cultura":"Milho"}},{"type":"Feature","geometry":{"type":"Point","coordinates":[-52.20445091304452,-10.30460247158998]},"properties":{"Fazenda":"FE","Campo":"FE 16","produtividade":174.18991607112002,"unidade_produtividade":"sc/ha","pontos_originais":25,"ano":"2026","cultura":"Milho"}},{"type":"Feature","geometry":{"type":"Point","coordinates":[-52.20422263640983,-10.304603321707328]},"properties":{"Fazenda":"FE","Campo":"FE 16","produtividade":178.17939171511998,"unidade_produtividade":"sc/ha","pontos_originais":25,"ano":"2026","cultura":"Milho"}},{"type":"Feature","geometry":{"type":"Point","coordinates":[-52.20399435975533,-10.30460417166363]},"properties":{"Fazenda":"FE","Campo":"FE 16","produtividade":182.98651371804002,"unidade_produtividade":"sc/ha","pontos_originais":25,"ano":"2026","cultura":"Milho"}},{"type":"Feature","geometry":{"type":"Point","coordinates":[-52.20536401938462,-10.304599069510164]},"properties":{"Fazenda":"FE","Campo":"FE 16","produtividade":176.7556866034,"unidade_produtividade":"sc/ha","pontos_originais":25,"ano":"2026","cultura":"Milho"}},{"type":"Feature","geometry":{"type":"Point","coordinates":[-52.205592295919985,-10.3045982185876]},"properties":{"Fazenda":"FE","Campo":"FE 16","produtividade":169.71070703996,"unidade_produtividade":"sc/ha","pontos_originais":25,"ano":"2026","cultura":"Milho"}},{"type":"Feature","geometry":{"type":"Point","coordinates":[-52.205135742829405,-10.304599920271682]},"properties":{"Fazenda":"FE","Campo":"FE 16","produtividade":178.69791186812,"unidade_produtividade":"sc/ha","pontos_originais":25,"ano":"2026","cultura":"Milho"}},{"type":"Feature","geometry":{"type":"Point","coordinates":[-52.204907466254284,-10.304600770872154]},"properties":{"Fazenda":"FE","Campo":"FE 16","produtividade":178.91519094992006,"unidade_produtividade":"sc/ha","pontos_originais":25,"ano":"2026","cultura":"Milho"}},{"type":"Feature","geometry":{"type":"Point","coordinates":[-52.203309529672694,-10.304606720566277]},"properties":{"Fazenda":"FE","Campo":"FE 16","produtividade":176.61405777944,"unidade_produtividade":"sc/ha","pontos_originais":25,"ano":"2026","cultura":"Milho"}},{"type":"Feature","geometry":{"type":"Point","coordinates":[-52.203081252938816,-10.304607569878407]},"properties":{"Fazenda":"FE","Campo":"FE 16","produtividade":175.59205902864,"unidade_produtividade":"sc/ha","pontos_originais":25,"ano":"2026","cultura":"Milho"}},{"type":"Feature","geometry":{"type":"Point","coordinates":[-52.20285297618509,-10.304608419029488]},"properties":{"Fazenda":"FE","Campo":"FE 16","produtividade":181.02655949244,"unidade_produtividade":"sc/ha","pontos_originais":25,"ano":"2026","cultura":"Milho"}},{"type":"Feature","geometry":{"type":"Point","coordinates":[-52.203766083080964,-10.30460502145889]},"properties":{"Fazenda":"FE","Campo":"FE 16","produtividade":185.66679869188,"unidade_produtividade":"sc/ha","pontos_originais":25,"ano":"2026","cultura":"Milho"}},{"type":"Feature","geometry":{"type":"Point","coordinates":[-52.20353780638675,-10.304605871093104]},"properties":{"Fazenda":"FE","Campo":"FE 16","produtividade":183.09091964076003,"unidade_produtividade":"sc/ha","pontos_originais":25,"ano":"2026","cultura":"Milho"}},{"type":"Feature","geometry":{"type":"Point","coordinates":[-52.20627712540679,-10.30459566485366]},"properties":{"Fazenda":"FE","Campo":"FE 16","produtividade":162.7391165532,"unidade_produtividade":"sc/ha","pontos_originais":25,"ano":"2026","cultura":"Milho"}},{"type":"Feature","geometry":{"type":"Point","coordinates":[-52.20650540186266,-10.304594813286926]},"properties":{"Fazenda":"FE","Campo":"FE 16","produtividade":153.40625282824004,"unidade_produtividade":"sc/ha","pontos_originais":25,"ano":"2026","cultura":"Milho"}},{"type":"Feature","geometry":{"type":"Point","coordinates":[-52.20604884893107,-10.30459651625935]},"properties":{"Fazenda":"FE","Campo":"FE 16","produtividade":162.15476273628002,"unidade_produtividade":"sc/ha","pontos_originais":25,"ano":"2026","cultura":"Milho"}},{"type":"Feature","geometry":{"type":"Point","coordinates":[-52.20582057243547,-10.304597367503998]},"properties":{"Fazenda":"FE","Campo":"FE 16","produtividade":159.42160825096002,"unidade_produtividade":"sc/ha","pontos_originais":25,"ano":"2026","cultura":"Milho"}},{"type":"Feature","geometry":{"type":"Point","coordinates":[-52.206961954714664,-10.304593109670334]},"properties":{"Fazenda":"FE","Campo":"FE 16","produtividade":151.80411019955997,"unidade_produtividade":"sc/ha","pontos_originais":25,"ano":"2026","cultura":"Milho"}},{"type":"Feature","geometry":{"type":"Point","coordinates":[-52.20719023111083,-10.304592257620468]},"properties":{"Fazenda":"FE","Campo":"FE 16","produtividade":161.48940222800005,"unidade_produtividade":"sc/ha","pontos_originais":25,"ano":"2026","cultura":"Milho"}},{"type":"Feature","geometry":{"type":"Point","coordinates":[-52.2067336782986,-10.30459396155915]},"properties":{"Fazenda":"FE","Campo":"FE 16","produtividade":148.36492009816,"unidade_produtividade":"sc/ha","pontos_originais":25,"ano":"2026","cultura":"Milho"}},{"type":"Feature","geometry":{"type":"Point","coordinates":[-52.20924471778039,-10.304584581924816]},"properties":{"Fazenda":"FE","Campo":"FE 16","produtividade":189.4756470286,"unidade_produtividade":"sc/ha","pontos_originais":25,"ano":"2026","cultura":"Milho"}},{"type":"Feature","geometry":{"type":"Point","coordinates":[-52.20901644156346,-10.304585435424057]},"properties":{"Fazenda":"FE","Campo":"FE 16","produtividade":193.72885315868004,"unidade_produtividade":"sc/ha","pontos_originais":25,"ano":"2026","cultura":"Milho"}},{"type":"Feature","geometry":{"type":"Point","coordinates":[-52.2087881653266,-10.304586288762257]},"properties":{"Fazenda":"FE","Campo":"FE 16","produtividade":192.65605452392,"unidade_produtividade":"sc/ha","pontos_originais":25,"ano":"2026","cultura":"Milho"}},{"type":"Feature","geometry":{"type":"Point","coordinates":[-52.20855988906981,-10.304587141939415]},"properties":{"Fazenda":"FE","Campo":"FE 16","produtividade":188.96715269416,"unidade_produtividade":"sc/ha","pontos_originais":25,"ano":"2026","cultura":"Milho"}},{"type":"Feature","geometry":{"type":"Point","coordinates":[-52.209929546311585,-10.304582020460844]},"properties":{"Fazenda":"FE","Campo":"FE 16","produtividade":181.51321600507998,"unidade_produtividade":"sc/ha","pontos_originais":25,"ano":"2026","cultura":"Milho"}},{"type":"Feature","geometry":{"type":"Point","coordinates":[-52.20970127015446,-10.304582874443211]},"properties":{"Fazenda":"FE","Campo":"FE 16","produtividade":177.69981844612002,"unidade_produtividade":"sc/ha","pontos_originais":25,"ano":"2026","cultura":"Milho"}},{"type":"Feature","geometry":{"type":"Point","coordinates":[-52.20947299397741,-10.304583728264536]},"properties":{"Fazenda":"FE","Campo":"FE 16","produtividade":182.01204712988002,"unidade_produtividade":"sc/ha","pontos_originais":25,"ano":"2026","cultura":"Milho"}},{"type":"Feature","geometry":{"type":"Point","coordinates":[-52.207875060179916,-10.304589700504634]},"properties":{"Fazenda":"FE","Campo":"FE 16","produtividade":188.30144371376002,"unidade_produtividade":"sc/ha","pontos_originais":25,"ano":"2026","cultura":"Milho"}},{"type":"Feature","geometry":{"type":"Point","coordinates":[-52.207646783843465,-10.304590553037624]},"properties":{"Fazenda":"FE","Campo":"FE 16","produtividade":180.92834619496,"unidade_produtividade":"sc/ha","pontos_originais":25,"ano":"2026","cultura":"Milho"}},{"type":"Feature","geometry":{"type":"Point","coordinates":[-52.20741850748711,-10.304591405409568]},"properties":{"Fazenda":"FE","Campo":"FE 16","produtividade":172.17471169692,"unidade_produtividade":"sc/ha","pontos_originais":25,"ano":"2026","cultura":"Milho"}},{"type":"Feature","geometry":{"type":"Point","coordinates":[-52.20833161279309,-10.30458799495553]},"properties":{"Fazenda":"FE","Campo":"FE 16","produtividade":187.5412132612,"unidade_produtividade":"sc/ha","pontos_originais":25,"ano":"2026","cultura":"Milho"}},{"type":"Feature","geometry":{"type":"Point","coordinates":[-52.208103336496464,-10.304588847810601]},"properties":{"Fazenda":"FE","Campo":"FE 16","produtividade":188.90030259431998,"unidade_produtividade":"sc/ha","pontos_originais":25,"ano":"2026","cultura":"Milho"}},{"type":"Feature","geometry":{"type":"Point","coordinates":[-52.206510562211214,-10.30595117157902]},"properties":{"Fazenda":"FE","Campo":"FE 16","produtividade":192.84044787471998,"unidade_produtividade":"sc/ha","pontos_originais":25,"ano":"2026","cultura":"Milho"}},{"type":"Feature","geometry":{"type":"Point","coordinates":[-52.206738839622965,-10.305950319736773]},"properties":{"Fazenda":"FE","Campo":"FE 16","produtividade":197.04744575348002,"unidade_produtividade":"sc/ha","pontos_originais":25,"ano":"2026","cultura":"Milho"}},{"type":"Feature","geometry":{"type":"Point","coordinates":[-52.20628228477959,-10.305952023260202]},"properties":{"Fazenda":"FE","Campo":"FE 16","produtividade":183.68706566940003,"unidade_produtividade":"sc/ha","pontos_originais":25,"ano":"2026","cultura":"Milho"}},{"type":"Feature","geometry":{"type":"Point","coordinates":[-52.20605400732808,-10.305952874780317]},"properties":{"Fazenda":"FE","Campo":"FE 16","produtividade":178.74587025528,"unidade_produtividade":"sc/ha","pontos_originais":25,"ano":"2026","cultura":"Milho"}},{"type":"Feature","geometry":{"type":"Point","coordinates":[-52.207423671738795,-10.305947763243648]},"properties":{"Fazenda":"FE","Campo":"FE 16","produtividade":167.51082233792005,"unidade_produtividade":"sc/ha","pontos_originais":25,"ano":"2026","cultura":"Milho"}},{"type":"Feature","geometry":{"type":"Point","coordinates":[-52.20719539438674,-10.305948615569086]},"properties":{"Fazenda":"FE","Campo":"FE 16","produtividade":178.780652438,"unidade_produtividade":"sc/ha","pontos_originais":25,"ano":"2026","cultura":"Milho"}},{"type":"Feature","geometry":{"type":"Point","coordinates":[-52.2069671170148,-10.30594946773346]},"properties":{"Fazenda":"FE","Campo":"FE 16","produtividade":191.51458496947998,"unidade_produtividade":"sc/ha","pontos_originais":25,"ano":"2026","cultura":"Milho"}},{"type":"Feature","geometry":{"type":"Point","coordinates":[-52.20514089732325,-10.305956279250138]},"properties":{"Fazenda":"FE","Campo":"FE 16","produtividade":181.30344427092004,"unidade_produtividade":"sc/ha","pontos_originais":25,"ano":"2026","cultura":"Milho"}},{"type":"Feature","geometry":{"type":"Point","coordinates":[-52.20491261977235,-10.305957129964934]},"properties":{"Fazenda":"FE","Campo":"FE 16","produtividade":168.77221436675998,"unidade_produtividade":"sc/ha","pontos_originais":25,"ano":"2026","cultura":"Milho"}},{"type":"Feature","geometry":{"type":"Point","coordinates":[-52.20468434220162,-10.305957980518663]},"properties":{"Fazenda":"FE","Campo":"FE 16","produtividade":159.49659690656003,"unidade_produtividade":"sc/ha","pontos_originais":25,"ano":"2026","cultura":"Milho"}},{"type":"Feature","geometry":{"type":"Point","coordinates":[-52.20445606461102,-10.305958830911324]},"properties":{"Fazenda":"FE","Campo":"FE 16","produtividade":167.85981610584,"unidade_produtividade":"sc/ha","pontos_originais":25,"ano":"2026","cultura":"Milho"}},{"type":"Feature","geometry":{"type":"Point","coordinates":[-52.205825729856684,-10.305953726139371]},"properties":{"Fazenda":"FE","Campo":"FE 16","produtividade":183.74038614480003,"unidade_produtividade":"sc/ha","pontos_originais":25,"ano":"2026","cultura":"Milho"}},{"type":"Feature","geometry":{"type":"Point","coordinates":[-52.2055974523654,-10.305954577337358]},"properties":{"Fazenda":"FE","Campo":"FE 16","produtividade":187.78301120892,"unidade_produtividade":"sc/ha","pontos_originais":25,"ano":"2026","cultura":"Milho"}},{"type":"Feature","geometry":{"type":"Point","coordinates":[-52.20536917485425,-10.305955428374283]},"properties":{"Fazenda":"FE","Campo":"FE 16","produtividade":185.34794246103996,"unidade_produtividade":"sc/ha","pontos_originais":25,"ano":"2026","cultura":"Milho"}},{"type":"Feature","geometry":{"type":"Point","coordinates":[-52.20947816701115,-10.30594008506683]},"properties":{"Fazenda":"FE","Campo":"FE 16","produtividade":188.22217726248005,"unidade_produtividade":"sc/ha","pontos_originais":25,"ano":"2026","cultura":"Milho"}},{"type":"Feature","geometry":{"type":"Point","coordinates":[-52.209706444163984,-10.305939231130754]},"properties":{"Fazenda":"FE","Campo":"FE 16","produtividade":184.86000374064,"unidade_produtividade":"sc/ha","pontos_originais":25,"ano":"2026","cultura":"Milho"}},{"type":"Feature","geometry":{"type":"Point","coordinates":[-52.209249889838354,-10.305940938841843]},"properties":{"Fazenda":"FE","Campo":"FE 16","produtividade":192.55826603728002,"unidade_produtividade":"sc/ha","pontos_originais":25,"ano":"2026","cultura":"Milho"}},{"type":"Feature","geometry":{"type":"Point","coordinates":[-52.20902161264565,-10.30594179245579]},"properties":{"Fazenda":"FE","Campo":"FE 16","produtividade":195.17372318051994,"unidade_produtividade":"sc/ha","pontos_originais":25,"ano":"2026","cultura":"Milho"}},{"type":"Feature","geometry":{"type":"Point","coordinates":[-52.21016299840982,-10.305937522775409]},"properties":{"Fazenda":"FE","Campo":"FE 16","produtividade":190.67502303636,"unidade_produtividade":"sc/ha","pontos_originais":25,"ano":"2026","cultura":"Milho"}},{"type":"Feature","geometry":{"type":"Point","coordinates":[-52.21039127550284,-10.305936668356145]},"properties":{"Fazenda":"FE","Campo":"FE 16","produtividade":194.161084405,"unidade_produtividade":"sc/ha","pontos_originais":25,"ano":"2026","cultura":"Milho"}},{"type":"Feature","geometry":{"type":"Point","coordinates":[-52.20993472129689,-10.305938377033614]},"properties":{"Fazenda":"FE","Campo":"FE 16","produtividade":187.22801175036005,"unidade_produtividade":"sc/ha","pontos_originais":25,"ano":"2026","cultura":"Milho"}},{"type":"Feature","geometry":{"type":"Point","coordinates":[-52.20810850367553,-10.30594520530095]},"properties":{"Fazenda":"FE","Campo":"FE 16","produtividade":160.84005730043998,"unidade_produtividade":"sc/ha","pontos_originais":25,"ano":"2026","cultura":"Milho"}},{"type":"Feature","geometry":{"type":"Point","coordinates":[-52.207880226383196,-10.30594605810958]},"properties":{"Fazenda":"FE","Campo":"FE 16","produtividade":163.6152694726,"unidade_produtividade":"sc/ha","pontos_originais":25,"ano":"2026","cultura":"Milho"}},{"type":"Feature","geometry":{"type":"Point","coordinates":[-52.20765194907094,-10.305946910757148]},"properties":{"Fazenda":"FE","Campo":"FE 16","produtividade":165.0227858278,"unidade_produtividade":"sc/ha","pontos_originais":25,"ano":"2026","cultura":"Milho"}},{"type":"Feature","geometry":{"type":"Point","coordinates":[-52.20879333543301,-10.305942645908676]},"properties":{"Fazenda":"FE","Campo":"FE 16","produtividade":195.55835794176,"unidade_produtividade":"sc/ha","pontos_originais":25,"ano":"2026","cultura":"Milho"}},{"type":"Feature","geometry":{"type":"Point","coordinates":[-52.20856505820043,-10.305943499200499]},"properties":{"Fazenda":"FE","Campo":"FE 16","produtividade":185.69983144559995,"unidade_produtividade":"sc/ha","pontos_originais":25,"ano":"2026","cultura":"Milho"}},{"type":"Feature","geometry":{"type":"Point","coordinates":[-52.20833678094794,-10.305944352331256]},"properties":{"Fazenda":"FE","Campo":"FE 16","produtividade":167.07619773136,"unidade_produtividade":"sc/ha","pontos_originais":25,"ano":"2026","cultura":"Milho"}},{"type":"Feature","geometry":{"type":"Point","coordinates":[-52.200803620463624,-10.305972415289082]},"properties":{"Fazenda":"FE","Campo":"FE 16","produtividade":175.70767331323998,"unidade_produtividade":"sc/ha","pontos_originais":25,"ano":"2026","cultura":"Milho"}},{"type":"Feature","geometry":{"type":"Point","coordinates":[-52.20057534253599,-10.305973262943633]},"properties":{"Fazenda":"FE","Campo":"FE 16","produtividade":179.62284805695998,"unidade_produtividade":"sc/ha","pontos_originais":25,"ano":"2026","cultura":"Milho"}},{"type":"Feature","geometry":{"type":"Point","coordinates":[-52.200347064588584,-10.305974110437118]},"properties":{"Fazenda":"FE","Campo":"FE 16","produtividade":182.37586898732,"unidade_produtividade":"sc/ha","pontos_originais":25,"ano":"2026","cultura":"Milho"}},{"type":"Feature","geometry":{"type":"Point","coordinates":[-52.20011878662137,-10.305974957769537]},"properties":{"Fazenda":"FE","Campo":"FE 16","produtividade":177.94251902852,"unidade_produtividade":"sc/ha","pontos_originais":25,"ano":"2026","cultura":"Milho"}},{"type":"Feature","geometry":{"type":"Point","coordinates":[-52.20148845412774,-10.305969871359032]},"properties":{"Fazenda":"FE","Campo":"FE 16","produtividade":177.90545657996,"unidade_produtividade":"sc/ha","pontos_originais":25,"ano":"2026","cultura":"Milho"}},{"type":"Feature","geometry":{"type":"Point","coordinates":[-52.2012601762595,-10.30597071949678]},"properties":{"Fazenda":"FE","Campo":"FE 16","produtividade":176.89413252683997,"unidade_produtividade":"sc/ha","pontos_originais":25,"ano":"2026","cultura":"Milho"}},{"type":"Feature","geometry":{"type":"Point","coordinates":[-52.20103189837147,-10.305971567473467]},"properties":{"Fazenda":"FE","Campo":"FE 16","produtividade":174.88471858592,"unidade_produtividade":"sc/ha","pontos_originais":25,"ano":"2026","cultura":"Milho"}},{"type":"Feature","geometry":{"type":"Point","coordinates":[-52.19921608968736,-10.305988582475942]},"properties":{"Fazenda":"FE","Campo":"FE 16","produtividade":122.32472797236365,"unidade_produtividade":"sc/ha","pontos_originais":22,"ano":"2026","cultura":"Milho"}},{"type":"Feature","geometry":{"type":"Point","coordinates":[-52.199433952601076,-10.305977498800399]},"properties":{"Fazenda":"FE","Campo":"FE 16","produtividade":137.07972612384003,"unidade_produtividade":"sc/ha","pontos_originais":25,"ano":"2026","cultura":"Milho"}},{"type":"Feature","geometry":{"type":"Point","coordinates":[-52.21076407050103,-10.305920201841184]},"properties":{"Fazenda":"FE","Campo":"FE 16","produtividade":192.58830355650002,"unidade_produtividade":"sc/ha","pontos_originais":6,"ano":"2026","cultura":"Milho"}},{"type":"Feature","geometry":{"type":"Point","coordinates":[-52.2106195525759,-10.305935813775818]},"properties":{"Fazenda":"FE","Campo":"FE 16","produtividade":194.45581830716,"unidade_produtividade":"sc/ha","pontos_originais":25,"ano":"2026","cultura":"Milho"}},{"type":"Feature","geometry":{"type":"Point","coordinates":[-52.19989050863439,-10.305975804940893]},"properties":{"Fazenda":"FE","Campo":"FE 16","produtividade":169.33382277932003,"unidade_produtividade":"sc/ha","pontos_originais":25,"ano":"2026","cultura":"Milho"}},{"type":"Feature","geometry":{"type":"Point","coordinates":[-52.19966223062762,-10.305976651951177]},"properties":{"Fazenda":"FE","Campo":"FE 16","produtividade":158.53190803612,"unidade_produtividade":"sc/ha","pontos_originais":25,"ano":"2026","cultura":"Milho"}},{"type":"Feature","geometry":{"type":"Point","coordinates":[-52.20377123172008,-10.305961381122929]},"properties":{"Fazenda":"FE","Campo":"FE 16","produtividade":170.05232210512,"unidade_produtividade":"sc/ha","pontos_originais":25,"ano":"2026","cultura":"Milho"}},{"type":"Feature","geometry":{"type":"Point","coordinates":[-52.20354295405008,-10.305962230871335]},"properties":{"Fazenda":"FE","Campo":"FE 16","produtividade":170.54751653812,"unidade_produtividade":"sc/ha","pontos_originais":25,"ano":"2026","cultura":"Milho"}},{"type":"Feature","geometry":{"type":"Point","coordinates":[-52.203314676360236,-10.305963080458675]},"properties":{"Fazenda":"FE","Campo":"FE 16","produtividade":175.90854663864,"unidade_produtividade":"sc/ha","pontos_originais":25,"ano":"2026","cultura":"Milho"}},{"type":"Feature","geometry":{"type":"Point","coordinates":[-52.20308639865057,-10.305963929884946]},"properties":{"Fazenda":"FE","Campo":"FE 16","produtividade":182.51057360663998,"unidade_produtividade":"sc/ha","pontos_originais":25,"ano":"2026","cultura":"Milho"}},{"type":"Feature","geometry":{"type":"Point","coordinates":[-52.20422778700056,-10.305959681142927]},"properties":{"Fazenda":"FE","Campo":"FE 16","produtividade":176.25515623523998,"unidade_produtividade":"sc/ha","pontos_originais":25,"ano":"2026","cultura":"Milho"}},{"type":"Feature","geometry":{"type":"Point","coordinates":[-52.20399950937024,-10.305960531213463]},"properties":{"Fazenda":"FE","Campo":"FE 16","produtividade":173.90080366748,"unidade_produtividade":"sc/ha","pontos_originais":25,"ano":"2026","cultura":"Milho"}},{"type":"Feature","geometry":{"type":"Point","coordinates":[-52.202173287613576,-10.30596732597939]},"properties":{"Fazenda":"FE","Campo":"FE 16","produtividade":175.50146829372002,"unidade_produtividade":"sc/ha","pontos_originais":25,"ano":"2026","cultura":"Milho"}},{"type":"Feature","geometry":{"type":"Point","coordinates":[-52.20240156540256,-10.305966477197378]},"properties":{"Fazenda":"FE","Campo":"FE 16","produtividade":176.64994051203996,"unidade_produtividade":"sc/ha","pontos_originais":25,"ano":"2026","cultura":"Milho"}},{"type":"Feature","geometry":{"type":"Point","coordinates":[-52.201945009804774,-10.305968174600334]},"properties":{"Fazenda":"FE","Campo":"FE 16","produtividade":173.22588032084005,"unidade_produtividade":"sc/ha","pontos_originais":25,"ano":"2026","cultura":"Milho"}},{"type":"Feature","geometry":{"type":"Point","coordinates":[-52.20171673197615,-10.305969023060216]},"properties":{"Fazenda":"FE","Campo":"FE 16","produtividade":174.35572235728,"unidade_produtividade":"sc/ha","pontos_originais":25,"ano":"2026","cultura":"Milho"}},{"type":"Feature","geometry":{"type":"Point","coordinates":[-52.20285812092106,-10.305964779150155]},"properties":{"Fazenda":"FE","Campo":"FE 16","produtividade":183.29592020491998,"unidade_produtividade":"sc/ha","pontos_originais":25,"ano":"2026","cultura":"Milho"}},{"type":"Feature","geometry":{"type":"Point","coordinates":[-52.20262984317171,-10.305965628254299]},"properties":{"Fazenda":"FE","Campo":"FE 16","produtividade":179.55764772168,"unidade_produtividade":"sc/ha","pontos_originais":25,"ano":"2026","cultura":"Milho"}},{"type":"Feature","geometry":{"type":"Point","coordinates":[-52.199068964163146,-10.306046671528241]},"properties":{"Fazenda":"FE","Campo":"FE 16","produtividade":124.34165575100002,"unidade_produtividade":"sc/ha","pontos_originais":2,"ano":"2026","cultura":"Milho"}},{"type":"Feature","geometry":{"type":"Point","coordinates":[-52.21075712301516,-10.306093542501234]},"properties":{"Fazenda":"FE","Campo":"FE 16","produtividade":191.528176089,"unidade_produtividade":"sc/ha","pontos_originais":2,"ano":"2026","cultura":"Milho"}},{"type":"Feature","geometry":{"type":"Point","coordinates":[-52.2069662565817,-10.305723408064335]},"properties":{"Fazenda":"FE","Campo":"FE 16","produtividade":191.46527369056,"unidade_produtividade":"sc/ha","pontos_originais":25,"ano":"2026","cultura":"Milho"}},{"type":"Feature","geometry":{"type":"Point","coordinates":[-52.20673797935249,-10.305724260048562]},"properties":{"Fazenda":"FE","Campo":"FE 16","produtividade":190.92068951940004,"unidade_produtividade":"sc/ha","pontos_originais":25,"ano":"2026","cultura":"Milho"}},{"type":"Feature","geometry":{"type":"Point","coordinates":[-52.20650970210341,-10.305725111871732]},"properties":{"Fazenda":"FE","Campo":"FE 16","produtividade":186.04864567616002,"unidade_produtividade":"sc/ha","pontos_originais":25,"ano":"2026","cultura":"Milho"}},{"type":"Feature","geometry":{"type":"Point","coordinates":[-52.206281424834415,-10.305725963533837]},"properties":{"Fazenda":"FE","Campo":"FE 16","produtividade":181.87573162219996,"unidade_produtividade":"sc/ha","pontos_originais":25,"ano":"2026","cultura":"Milho"}},{"type":"Feature","geometry":{"type":"Point","coordinates":[-52.207651088149944,-10.305720851145288]},"properties":{"Fazenda":"FE","Campo":"FE 16","produtividade":172.20649829172,"unidade_produtividade":"sc/ha","pontos_originais":25,"ano":"2026","cultura":"Milho"}},{"type":"Feature","geometry":{"type":"Point","coordinates":[-52.20742281098043,-10.305721703612697]},"properties":{"Fazenda":"FE","Campo":"FE 16","produtividade":179.98295900440004,"unidade_produtividade":"sc/ha","pontos_originais":25,"ano":"2026","cultura":"Milho"}},{"type":"Feature","geometry":{"type":"Point","coordinates":[-52.207194533791025,-10.305722555919047]},"properties":{"Fazenda":"FE","Campo":"FE 16","produtividade":185.82251200968,"unidade_produtividade":"sc/ha","pontos_originais":25,"ano":"2026","cultura":"Milho"}},{"type":"Feature","geometry":{"type":"Point","coordinates":[-52.20536831555965,-10.305729368571651]},"properties":{"Fazenda":"FE","Campo":"FE 16","produtividade":178.44100521540003,"unidade_produtividade":"sc/ha","pontos_originais":25,"ano":"2026","cultura":"Milho"}},{"type":"Feature","geometry":{"type":"Point","coordinates":[-52.20559659290816,-10.305728517553792]},"properties":{"Fazenda":"FE","Campo":"FE 16","produtividade":186.37628227348,"unidade_produtividade":"sc/ha","pontos_originais":25,"ano":"2026","cultura":"Milho"}},{"type":"Feature","geometry":{"type":"Point","coordinates":[-52.205140038191296,-10.305730219428456]},"properties":{"Fazenda":"FE","Campo":"FE 16","produtividade":170.37176147896,"unidade_produtividade":"sc/ha","pontos_originais":25,"ano":"2026","cultura":"Milho"}},{"type":"Feature","geometry":{"type":"Point","coordinates":[-52.204911760803014,-10.305731070124198]},"properties":{"Fazenda":"FE","Campo":"FE 16","produtividade":163.42635375947998,"unidade_produtividade":"sc/ha","pontos_originais":25,"ano":"2026","cultura":"Milho"}},{"type":"Feature","geometry":{"type":"Point","coordinates":[-52.20605314754553,-10.305726815034882]},"properties":{"Fazenda":"FE","Campo":"FE 16","produtividade":181.36100225212002,"unidade_produtividade":"sc/ha","pontos_originais":25,"ano":"2026","cultura":"Milho"}},{"type":"Feature","geometry":{"type":"Point","coordinates":[-52.20582487023678,-10.30572766637487]},"properties":{"Fazenda":"FE","Campo":"FE 16","produtividade":186.18215573587997,"unidade_produtividade":"sc/ha","pontos_originais":25,"ano":"2026","cultura":"Milho"}},{"type":"Feature","geometry":{"type":"Point","coordinates":[-52.20970558177922,-10.30571317169089]},"properties":{"Fazenda":"FE","Campo":"FE 16","produtividade":188.94027651684,"unidade_produtividade":"sc/ha","pontos_originais":25,"ano":"2026","cultura":"Milho"}},{"type":"Feature","geometry":{"type":"Point","coordinates":[-52.209933858749466,-10.305712317612882]},"properties":{"Fazenda":"FE","Campo":"FE 16","produtividade":188.28662976104,"unidade_produtividade":"sc/ha","pontos_originais":25,"ano":"2026","cultura":"Milho"}},{"type":"Feature","geometry":{"type":"Point","coordinates":[-52.209477304789,-10.305714025607843]},"properties":{"Fazenda":"FE","Campo":"FE 16","produtividade":192.97722000104005,"unidade_produtividade":"sc/ha","pontos_originais":25,"ano":"2026","cultura":"Milho"}},{"type":"Feature","geometry":{"type":"Point","coordinates":[-52.20924902777885,-10.305714879363734]},"properties":{"Fazenda":"FE","Campo":"FE 16","produtividade":193.98111304524002,"unidade_produtividade":"sc/ha","pontos_originais":25,"ano":"2026","cultura":"Milho"}},{"type":"Feature","geometry":{"type":"Point","coordinates":[-52.21061868954057,-10.305709754412492]},"properties":{"Fazenda":"FE","Campo":"FE 16","produtividade":194.11544657356,"unidade_produtividade":"sc/ha","pontos_originais":25,"ano":"2026","cultura":"Milho"}},{"type":"Feature","geometry":{"type":"Point","coordinates":[-52.21039041263016,-10.305710608973682]},"properties":{"Fazenda":"FE","Campo":"FE 16","produtividade":192.23241138359998,"unidade_produtividade":"sc/ha","pontos_originais":25,"ano":"2026","cultura":"Milho"}},{"type":"Feature","geometry":{"type":"Point","coordinates":[-52.21016213569979,-10.305711463373811]},"properties":{"Fazenda":"FE","Campo":"FE 16","produtividade":188.59564960644,"unidade_produtividade":"sc/ha","pontos_originais":25,"ano":"2026","cultura":"Milho"}},{"type":"Feature","geometry":{"type":"Point","coordinates":[-52.20833591953899,-10.305718292776698]},"properties":{"Fazenda":"FE","Campo":"FE 16","produtividade":162.93247051467998,"unidade_produtividade":"sc/ha","pontos_originais":25,"ano":"2026","cultura":"Milho"}},{"type":"Feature","geometry":{"type":"Point","coordinates":[-52.20810764242923,-10.30571914572729]},"properties":{"Fazenda":"FE","Campo":"FE 16","produtividade":160.14431963631995,"unidade_produtividade":"sc/ha","pontos_originais":25,"ano":"2026","cultura":"Milho"}},{"type":"Feature","geometry":{"type":"Point","coordinates":[-52.20787936529953,-10.305719998516818]},"properties":{"Fazenda":"FE","Campo":"FE 16","produtividade":159.17061926271998,"unidade_produtividade":"sc/ha","pontos_originais":25,"ano":"2026","cultura":"Milho"}},{"type":"Feature","geometry":{"type":"Point","coordinates":[-52.20902075074877,-10.305715732958562]},"properties":{"Fazenda":"FE","Campo":"FE 16","produtividade":191.3390023792801,"unidade_produtividade":"sc/ha","pontos_originais":25,"ano":"2026","cultura":"Milho"}},{"type":"Feature","geometry":{"type":"Point","coordinates":[-52.20879247369879,-10.305716586392336]},"properties":{"Fazenda":"FE","Campo":"FE 16","produtividade":189.05932675068004,"unidade_produtividade":"sc/ha","pontos_originais":25,"ano":"2026","cultura":"Milho"}},{"type":"Feature","geometry":{"type":"Point","coordinates":[-52.208564196628856,-10.305717439665045]},"properties":{"Fazenda":"FE","Campo":"FE 16","produtividade":178.82352511135997,"unidade_produtividade":"sc/ha","pontos_originais":25,"ano":"2026","cultura":"Milho"}},{"type":"Feature","geometry":{"type":"Point","coordinates":[-52.201031042167024,-10.305745507309377]},"properties":{"Fazenda":"FE","Campo":"FE 16","produtividade":177.23671101492,"unidade_produtividade":"sc/ha","pontos_originais":25,"ano":"2026","cultura":"Milho"}},{"type":"Feature","geometry":{"type":"Point","coordinates":[-52.20080276442183,-10.305746355106004]},"properties":{"Fazenda":"FE","Campo":"FE 16","produtividade":178.33577087620003,"unidade_produtividade":"sc/ha","pontos_originais":25,"ano":"2026","cultura":"Milho"}},{"type":"Feature","geometry":{"type":"Point","coordinates":[-52.20057448665686,-10.305747202741575]},"properties":{"Fazenda":"FE","Campo":"FE 16","produtividade":175.41859907896003,"unidade_produtividade":"sc/ha","pontos_originais":25,"ano":"2026","cultura":"Milho"}},{"type":"Feature","geometry":{"type":"Point","coordinates":[-52.20034620887207,-10.305748050216078]},"properties":{"Fazenda":"FE","Campo":"FE 16","produtividade":173.54106381104003,"unidade_produtividade":"sc/ha","pontos_originais":25,"ano":"2026","cultura":"Milho"}},{"type":"Feature","geometry":{"type":"Point","coordinates":[-52.201715875283796,-10.305742962953119]},"properties":{"Fazenda":"FE","Campo":"FE 16","produtividade":175.94600703811997,"unidade_produtividade":"sc/ha","pontos_originais":25,"ano":"2026","cultura":"Milho"}},{"type":"Feature","geometry":{"type":"Point","coordinates":[-52.20194415294977,-10.305742114512237]},"properties":{"Fazenda":"FE","Campo":"FE 16","produtividade":175.04774274983995,"unidade_produtividade":"sc/ha","pontos_originais":25,"ano":"2026","cultura":"Milho"}},{"type":"Feature","geometry":{"type":"Point","coordinates":[-52.20148759759802,-10.305743811232931]},"properties":{"Fazenda":"FE","Campo":"FE 16","produtividade":173.07660914279998,"unidade_produtividade":"sc/ha","pontos_originais":25,"ano":"2026","cultura":"Milho"}},{"type":"Feature","geometry":{"type":"Point","coordinates":[-52.20125931989241,-10.305744659351687]},"properties":{"Fazenda":"FE","Campo":"FE 16","produtividade":172.90545985308003,"unidade_produtividade":"sc/ha","pontos_originais":25,"ano":"2026","cultura":"Milho"}},{"type":"Feature","geometry":{"type":"Point","coordinates":[-52.19966137539904,-10.305750591673215]},"properties":{"Fazenda":"FE","Campo":"FE 16","produtividade":132.18980417647998,"unidade_produtividade":"sc/ha","pontos_originais":25,"ano":"2026","cultura":"Milho"}},{"type":"Feature","geometry":{"type":"Point","coordinates":[-52.199436916416225,-10.305755192063016]},"properties":{"Fazenda":"FE","Campo":"FE 16","produtividade":117.45217830745837,"unidade_produtividade":"sc/ha","pontos_originais":24,"ano":"2026","cultura":"Milho"}},{"type":"Feature","geometry":{"type":"Point","coordinates":[-52.2107846777113,-10.305700912477535]},"properties":{"Fazenda":"FE","Campo":"FE 16","produtividade":192.02768385245454,"unidade_produtividade":"sc/ha","pontos_originais":11,"ano":"2026","cultura":"Milho"}},{"type":"Feature","geometry":{"type":"Point","coordinates":[-52.19926592173775,-10.305812342164787]},"properties":{"Fazenda":"FE","Campo":"FE 16","produtividade":123.38809030383334,"unidade_produtividade":"sc/ha","pontos_originais":6,"ano":"2026","cultura":"Milho"}},{"type":"Feature","geometry":{"type":"Point","coordinates":[-52.20011793106752,-10.305748897529522]},"properties":{"Fazenda":"FE","Campo":"FE 16","produtividade":166.42918466895998,"unidade_produtividade":"sc/ha","pontos_originais":25,"ano":"2026","cultura":"Milho"}},{"type":"Feature","geometry":{"type":"Point","coordinates":[-52.19988965324317,-10.3057497446819]},"properties":{"Fazenda":"FE","Campo":"FE 16","produtividade":151.07372677284005,"unidade_produtividade":"sc/ha","pontos_originais":25,"ano":"2026","cultura":"Milho"}},{"type":"Feature","geometry":{"type":"Point","coordinates":[-52.203998651051464,-10.305734471296546]},"properties":{"Fazenda":"FE","Campo":"FE 16","produtividade":168.54109394408002,"unidade_produtividade":"sc/ha","pontos_originais":25,"ano":"2026","cultura":"Milho"}},{"type":"Feature","geometry":{"type":"Point","coordinates":[-52.203770373563955,-10.305735321186983]},"properties":{"Fazenda":"FE","Campo":"FE 16","produtividade":168.27984234588,"unidade_produtividade":"sc/ha","pontos_originais":25,"ano":"2026","cultura":"Milho"}},{"type":"Feature","geometry":{"type":"Point","coordinates":[-52.20354209605659,-10.305736170916356]},"properties":{"Fazenda":"FE","Campo":"FE 16","produtividade":171.14500202856,"unidade_produtividade":"sc/ha","pontos_originais":25,"ano":"2026","cultura":"Milho"}},{"type":"Feature","geometry":{"type":"Point","coordinates":[-52.203313818529395,-10.305737020484669]},"properties":{"Fazenda":"FE","Campo":"FE 16","produtividade":177.57383693924004,"unidade_produtividade":"sc/ha","pontos_originais":25,"ano":"2026","cultura":"Milho"}},{"type":"Feature","geometry":{"type":"Point","coordinates":[-52.20468348339494,-10.305731920658877]},"properties":{"Fazenda":"FE","Campo":"FE 16","produtividade":162.61685867944004,"unidade_produtividade":"sc/ha","pontos_originais":25,"ano":"2026","cultura":"Milho"}},{"type":"Feature","geometry":{"type":"Point","coordinates":[-52.204455205966944,-10.305732771032497]},"properties":{"Fazenda":"FE","Campo":"FE 16","produtividade":169.25118258072,"unidade_produtividade":"sc/ha","pontos_originais":25,"ano":"2026","cultura":"Milho"}},{"type":"Feature","geometry":{"type":"Point","coordinates":[-52.20422692851915,-10.305733621245054]},"properties":{"Fazenda":"FE","Campo":"FE 16","produtividade":170.810041862,"unidade_produtividade":"sc/ha","pontos_originais":25,"ano":"2026","cultura":"Milho"}},{"type":"Feature","geometry":{"type":"Point","coordinates":[-52.20240070822228,-10.305740417147295]},"properties":{"Fazenda":"FE","Campo":"FE 16","produtividade":169.73555246596004,"unidade_produtividade":"sc/ha","pontos_originais":25,"ano":"2026","cultura":"Milho"}},{"type":"Feature","geometry":{"type":"Point","coordinates":[-52.202628985828795,-10.30573956822323]},"properties":{"Fazenda":"FE","Campo":"FE 16","produtividade":175.30594504028,"unidade_produtividade":"sc/ha","pontos_originais":25,"ano":"2026","cultura":"Milho"}},{"type":"Feature","geometry":{"type":"Point","coordinates":[-52.20217243059592,-10.305741265910296]},"properties":{"Fazenda":"FE","Campo":"FE 16","produtividade":171.76879186276005,"unidade_produtividade":"sc/ha","pontos_originais":25,"ano":"2026","cultura":"Milho"}},{"type":"Feature","geometry":{"type":"Point","coordinates":[-52.20308554098235,-10.305737869891919]},"properties":{"Fazenda":"FE","Campo":"FE 16","produtividade":185.64868238268002,"unidade_produtividade":"sc/ha","pontos_originais":25,"ano":"2026","cultura":"Milho"}},{"type":"Feature","geometry":{"type":"Point","coordinates":[-52.20285726341552,-10.305738719138105]},"properties":{"Fazenda":"FE","Campo":"FE 16","produtividade":183.93457629800002,"unidade_produtividade":"sc/ha","pontos_originais":25,"ano":"2026","cultura":"Milho"}},{"type":"Feature","geometry":{"type":"Point","coordinates":[-52.20765022724882,-10.305494791530203]},"properties":{"Fazenda":"FE","Campo":"FE 16","produtividade":173.76614994064005,"unidade_produtividade":"sc/ha","pontos_originais":25,"ano":"2026","cultura":"Milho"}},{"type":"Feature","geometry":{"type":"Point","coordinates":[-52.20742195024196,-10.30549564397852]},"properties":{"Fazenda":"FE","Campo":"FE 16","produtividade":185.36583116776,"unidade_produtividade":"sc/ha","pontos_originais":25,"ano":"2026","cultura":"Milho"}},{"type":"Feature","geometry":{"type":"Point","coordinates":[-52.20719367321518,-10.30549649626578]},"properties":{"Fazenda":"FE","Campo":"FE 16","produtividade":184.52458695544001,"unidade_produtividade":"sc/ha","pontos_originais":25,"ano":"2026","cultura":"Milho"}},{"type":"Feature","geometry":{"type":"Point","coordinates":[-52.206965396168506,-10.305497348391985]},"properties":{"Fazenda":"FE","Campo":"FE 16","produtividade":186.62775474028,"unidade_produtividade":"sc/ha","pontos_originais":25,"ano":"2026","cultura":"Milho"}},{"type":"Feature","geometry":{"type":"Point","coordinates":[-52.20833505814998,-10.305492233218915]},"properties":{"Fazenda":"FE","Campo":"FE 16","produtividade":159.5246662298,"unidade_produtividade":"sc/ha","pontos_originais":25,"ano":"2026","cultura":"Milho"}},{"type":"Feature","geometry":{"type":"Point","coordinates":[-52.20856333507719,-10.305491380126366]},"properties":{"Fazenda":"FE","Campo":"FE 16","produtividade":170.17395159811997,"unidade_produtividade":"sc/ha","pontos_originais":25,"ano":"2026","cultura":"Milho"}},{"type":"Feature","geometry":{"type":"Point","coordinates":[-52.20810678120285,-10.305493086150397]},"properties":{"Fazenda":"FE","Campo":"FE 16","produtividade":155.0264919746,"unidade_produtividade":"sc/ha","pontos_originais":25,"ano":"2026","cultura":"Milho"}},{"type":"Feature","geometry":{"type":"Point","coordinates":[-52.20787850423581,-10.305493938920831]},"properties":{"Fazenda":"FE","Campo":"FE 16","produtividade":157.05026324960002,"unidade_produtividade":"sc/ha","pontos_originais":25,"ano":"2026","cultura":"Milho"}},{"type":"Feature","geometry":{"type":"Point","coordinates":[-52.206280564909115,-10.30549990380425]},"properties":{"Fazenda":"FE","Campo":"FE 16","produtividade":191.6372627062,"unidade_produtividade":"sc/ha","pontos_originais":25,"ano":"2026","cultura":"Milho"}},{"type":"Feature","geometry":{"type":"Point","coordinates":[-52.20605228778289,-10.305500755286227]},"properties":{"Fazenda":"FE","Campo":"FE 16","produtividade":191.4504272232,"unidade_produtividade":"sc/ha","pontos_originais":25,"ano":"2026","cultura":"Milho"}},{"type":"Feature","geometry":{"type":"Point","coordinates":[-52.20582401063676,-10.305501606607143]},"properties":{"Fazenda":"FE","Campo":"FE 16","produtividade":189.33331348515995,"unidade_produtividade":"sc/ha","pontos_originais":25,"ano":"2026","cultura":"Milho"}},{"type":"Feature","geometry":{"type":"Point","coordinates":[-52.205595733470766,-10.305502457767002]},"properties":{"Fazenda":"FE","Campo":"FE 16","produtividade":182.48682731684,"unidade_produtividade":"sc/ha","pontos_originais":25,"ano":"2026","cultura":"Milho"}},{"type":"Feature","geometry":{"type":"Point","coordinates":[-52.20673711910194,-10.30549820035713]},"properties":{"Fazenda":"FE","Campo":"FE 16","produtividade":188.55090310024002,"unidade_produtividade":"sc/ha","pontos_originais":25,"ano":"2026","cultura":"Milho"}},{"type":"Feature","geometry":{"type":"Point","coordinates":[-52.206508842015474,-10.305499052161217]},"properties":{"Fazenda":"FE","Campo":"FE 16","produtividade":189.48619096088004,"unidade_produtividade":"sc/ha","pontos_originais":25,"ano":"2026","cultura":"Milho"}},{"type":"Feature","geometry":{"type":"Point","coordinates":[-52.210617826525194,-10.305483695045941]},"properties":{"Fazenda":"FE","Campo":"FE 16","produtividade":191.33196013236008,"unidade_produtividade":"sc/ha","pontos_originais":25,"ano":"2026","cultura":"Milho"}},{"type":"Feature","geometry":{"type":"Point","coordinates":[-52.21038954977742,-10.305484549587993]},"properties":{"Fazenda":"FE","Campo":"FE 16","produtividade":188.79177155336,"unidade_produtividade":"sc/ha","pontos_originais":25,"ano":"2026","cultura":"Milho"}},{"type":"Feature","geometry":{"type":"Point","coordinates":[-52.21016127300969,-10.305485403968989]},"properties":{"Fazenda":"FE","Campo":"FE 16","produtividade":187.14308845856,"unidade_produtividade":"sc/ha","pontos_originais":25,"ano":"2026","cultura":"Milho"}},{"type":"Feature","geometry":{"type":"Point","coordinates":[-52.20993299622201,-10.305486258188923]},"properties":{"Fazenda":"FE","Campo":"FE 16","produtividade":188.93953504168002,"unidade_produtividade":"sc/ha","pontos_originais":25,"ano":"2026","cultura":"Milho"}},{"type":"Feature","geometry":{"type":"Point","coordinates":[-52.19988879787173,-10.305523684419684]},"properties":{"Fazenda":"FE","Campo":"FE 16","produtividade":131.73008180203996,"unidade_produtividade":"sc/ha","pontos_originais":25,"ano":"2026","cultura":"Milho"}},{"type":"Feature","geometry":{"type":"Point","coordinates":[-52.20011707553343,-10.305522837286276]},"properties":{"Fazenda":"FE","Campo":"FE 16","produtividade":146.27333105936003,"unidade_produtividade":"sc/ha","pontos_originais":25,"ano":"2026","cultura":"Milho"}},{"type":"Feature","geometry":{"type":"Point","coordinates":[-52.19967093531925,-10.305534768365073]},"properties":{"Fazenda":"FE","Campo":"FE 16","produtividade":130.28103066095457,"unidade_produtividade":"sc/ha","pontos_originais":22,"ano":"2026","cultura":"Milho"}},{"type":"Feature","geometry":{"type":"Point","coordinates":[-52.19948961119286,-10.305604287623844]},"properties":{"Fazenda":"FE","Campo":"FE 16","produtividade":119.71324092450001,"unidade_produtividade":"sc/ha","pontos_originais":4,"ano":"2026","cultura":"Milho"}},{"type":"Feature","geometry":{"type":"Point","coordinates":[-52.21080044790959,-10.305483011300636]},"properties":{"Fazenda":"FE","Campo":"FE 16","produtividade":188.85296104286667,"unidade_produtividade":"sc/ha","pontos_originais":15,"ano":"2026","cultura":"Milho"}},{"type":"Feature","geometry":{"type":"Point","coordinates":[-52.20901988887187,-10.305489673458112]},"properties":{"Fazenda":"FE","Campo":"FE 16","produtividade":185.8191990506,"unidade_produtividade":"sc/ha","pontos_originais":25,"ano":"2026","cultura":"Milho"}},{"type":"Feature","geometry":{"type":"Point","coordinates":[-52.20924816573931,-10.305488819882399]},"properties":{"Fazenda":"FE","Campo":"FE 16","produtividade":187.28674449963998,"unidade_produtividade":"sc/ha","pontos_originais":25,"ano":"2026","cultura":"Milho"}},{"type":"Feature","geometry":{"type":"Point","coordinates":[-52.208791611984495,-10.30549052687277]},"properties":{"Fazenda":"FE","Campo":"FE 16","produtividade":182.31536631068,"unidade_produtividade":"sc/ha","pontos_originais":25,"ano":"2026","cultura":"Milho"}},{"type":"Feature","geometry":{"type":"Point","coordinates":[-52.20970471941438,-10.305487112247807]},"properties":{"Fazenda":"FE","Campo":"FE 16","produtividade":188.60001999816004,"unidade_produtividade":"sc/ha","pontos_originais":25,"ano":"2026","cultura":"Milho"}},{"type":"Feature","geometry":{"type":"Point","coordinates":[-52.209476442586805,-10.30548796614563]},"properties":{"Fazenda":"FE","Campo":"FE 16","produtividade":187.38594737312,"unidade_produtividade":"sc/ha","pontos_originais":25,"ano":"2026","cultura":"Milho"}},{"type":"Feature","geometry":{"type":"Point","coordinates":[-52.20171501861126,-10.305516902842793]},"properties":{"Fazenda":"FE","Campo":"FE 16","produtividade":174.3752615354,"unidade_produtividade":"sc/ha","pontos_originais":25,"ano":"2026","cultura":"Milho"}},{"type":"Feature","geometry":{"type":"Point","coordinates":[-52.20194329611458,-10.305516054420917]},"properties":{"Fazenda":"FE","Campo":"FE 16","produtividade":174.73610618275998,"unidade_produtividade":"sc/ha","pontos_originais":25,"ano":"2026","cultura":"Milho"}},{"type":"Feature","geometry":{"type":"Point","coordinates":[-52.201486741088104,-10.30551775110361]},"properties":{"Fazenda":"FE","Campo":"FE 16","produtividade":175.13347254608001,"unidade_produtividade":"sc/ha","pontos_originais":25,"ano":"2026","cultura":"Milho"}},{"type":"Feature","geometry":{"type":"Point","coordinates":[-52.20125846354515,-10.305518599203369]},"properties":{"Fazenda":"FE","Campo":"FE 16","produtividade":180.85487724536,"unidade_produtividade":"sc/ha","pontos_originais":25,"ano":"2026","cultura":"Milho"}},{"type":"Feature","geometry":{"type":"Point","coordinates":[-52.20262812850569,-10.305513508188938]},"properties":{"Fazenda":"FE","Campo":"FE 16","produtividade":177.21331531776002,"unidade_produtividade":"sc/ha","pontos_originais":25,"ano":"2026","cultura":"Milho"}},{"type":"Feature","geometry":{"type":"Point","coordinates":[-52.20239985106182,-10.305514357093994]},"properties":{"Fazenda":"FE","Campo":"FE 16","produtividade":172.89881272972005,"unidade_produtividade":"sc/ha","pontos_originais":25,"ano":"2026","cultura":"Milho"}},{"type":"Feature","geometry":{"type":"Point","coordinates":[-52.20217157359811,-10.305515205837981]},"properties":{"Fazenda":"FE","Campo":"FE 16","produtividade":173.51644740120003,"unidade_produtividade":"sc/ha","pontos_originais":25,"ano":"2026","cultura":"Milho"}},{"type":"Feature","geometry":{"type":"Point","coordinates":[-52.20034535317535,-10.305521989991814]},"properties":{"Fazenda":"FE","Campo":"FE 16","produtividade":162.89015341756001,"unidade_produtividade":"sc/ha","pontos_originais":25,"ano":"2026","cultura":"Milho"}},{"type":"Feature","geometry":{"type":"Point","coordinates":[-52.2010301859824,-10.305519447142068]},"properties":{"Fazenda":"FE","Campo":"FE 16","produtividade":182.95148908919998,"unidade_produtividade":"sc/ha","pontos_originais":25,"ano":"2026","cultura":"Milho"}},{"type":"Feature","geometry":{"type":"Point","coordinates":[-52.20080190839985,-10.305520294919706]},"properties":{"Fazenda":"FE","Campo":"FE 16","produtividade":177.66243791956003,"unidade_produtividade":"sc/ha","pontos_originais":25,"ano":"2026","cultura":"Milho"}},{"type":"Feature","geometry":{"type":"Point","coordinates":[-52.2005736307975,-10.305521142536291]},"properties":{"Fazenda":"FE","Campo":"FE 16","produtividade":171.66230500308,"unidade_produtividade":"sc/ha","pontos_originais":25,"ano":"2026","cultura":"Milho"}},{"type":"Feature","geometry":{"type":"Point","coordinates":[-52.2046826246081,-10.30550586079587]},"properties":{"Fazenda":"FE","Campo":"FE 16","produtividade":171.25515597416,"unidade_produtividade":"sc/ha","pontos_originais":25,"ano":"2026","cultura":"Milho"}},{"type":"Feature","geometry":{"type":"Point","coordinates":[-52.204910901853545,-10.305505010280239]},"properties":{"Fazenda":"FE","Campo":"FE 16","produtividade":172.96611096612003,"unidade_produtividade":"sc/ha","pontos_originais":25,"ano":"2026","cultura":"Milho"}},{"type":"Feature","geometry":{"type":"Point","coordinates":[-52.20445434734277,-10.305506711150443]},"properties":{"Fazenda":"FE","Campo":"FE 16","produtividade":170.09485408159998,"unidade_produtividade":"sc/ha","pontos_originais":25,"ano":"2026","cultura":"Milho"}},{"type":"Feature","geometry":{"type":"Point","coordinates":[-52.204226070057565,-10.305507561343958]},"properties":{"Fazenda":"FE","Campo":"FE 16","produtividade":171.06424343804,"unidade_produtividade":"sc/ha","pontos_originais":25,"ano":"2026","cultura":"Milho"}},{"type":"Feature","geometry":{"type":"Point","coordinates":[-52.2053674562849,-10.305503308765804]},"properties":{"Fazenda":"FE","Campo":"FE 16","produtividade":173.84237203204,"unidade_produtividade":"sc/ha","pontos_originais":25,"ano":"2026","cultura":"Milho"}},{"type":"Feature","geometry":{"type":"Point","coordinates":[-52.20513917907917,-10.305504159603549]},"properties":{"Fazenda":"FE","Campo":"FE 16","produtividade":171.36316041931997,"unidade_produtividade":"sc/ha","pontos_originais":25,"ano":"2026","cultura":"Milho"}},{"type":"Feature","geometry":{"type":"Point","coordinates":[-52.203312960718385,-10.305510960507439]},"properties":{"Fazenda":"FE","Campo":"FE 16","produtividade":185.11557163840004,"unidade_produtividade":"sc/ha","pontos_originais":25,"ano":"2026","cultura":"Milho"}},{"type":"Feature","geometry":{"type":"Point","coordinates":[-52.203084683333984,-10.305511809895663]},"properties":{"Fazenda":"FE","Campo":"FE 16","produtividade":185.09404411936,"unidade_produtividade":"sc/ha","pontos_originais":25,"ano":"2026","cultura":"Milho"}},{"type":"Feature","geometry":{"type":"Point","coordinates":[-52.20285640592977,-10.305512659122828]},"properties":{"Fazenda":"FE","Campo":"FE 16","produtividade":182.60651087932004,"unidade_produtividade":"sc/ha","pontos_originais":25,"ano":"2026","cultura":"Milho"}},{"type":"Feature","geometry":{"type":"Point","coordinates":[-52.20399779275256,-10.305508411376417]},"properties":{"Fazenda":"FE","Campo":"FE 16","produtividade":172.3437857044,"unidade_produtividade":"sc/ha","pontos_originais":25,"ano":"2026","cultura":"Milho"}},{"type":"Feature","geometry":{"type":"Point","coordinates":[-52.203769515427666,-10.305509261247812]},"properties":{"Fazenda":"FE","Campo":"FE 16","produtividade":175.42851745784,"unidade_produtividade":"sc/ha","pontos_originais":25,"ano":"2026","cultura":"Milho"}},{"type":"Feature","geometry":{"type":"Point","coordinates":[-52.20354123808296,-10.305510110958155]},"properties":{"Fazenda":"FE","Campo":"FE 16","produtividade":180.56766341396,"unidade_produtividade":"sc/ha","pontos_originais":25,"ano":"2026","cultura":"Milho"}},{"type":"Feature","geometry":{"type":"Point","coordinates":[-52.20331122616427,-10.303484261368846]},"properties":{"Fazenda":"FE","Campo":"FE 16","produtividade":137.26485910586956,"unidade_produtividade":"sc/ha","pontos_originais":23,"ano":"2026","cultura":"Milho"}},{"type":"Feature","geometry":{"type":"Point","coordinates":[-52.203097936012234,-10.303534735142508]},"properties":{"Fazenda":"FE","Campo":"FE 16","produtividade":137.95446080090912,"unidade_produtividade":"sc/ha","pontos_originais":11,"ano":"2026","cultura":"Milho"}},{"type":"Feature","geometry":{"type":"Point","coordinates":[-52.210599723616646,-10.303501367591496]},"properties":{"Fazenda":"FE","Campo":"FE 16","produtividade":136.74508153415383,"unidade_produtividade":"sc/ha","pontos_originais":13,"ano":"2026","cultura":"Milho"}},{"type":"Feature","geometry":{"type":"Point","coordinates":[-52.21078156876891,-10.303527640506855]},"properties":{"Fazenda":"FE","Campo":"FE 16","produtividade":131.57950297000002,"unidade_produtividade":"sc/ha","pontos_originais":4,"ano":"2026","cultura":"Milho"}},{"type":"Feature","geometry":{"type":"Point","coordinates":[-52.2103756063668,-10.303462368783752]},"properties":{"Fazenda":"FE","Campo":"FE 16","produtividade":143.22306141863638,"unidade_produtividade":"sc/ha","pontos_originais":22,"ano":"2026","cultura":"Milho"}},{"type":"Feature","geometry":{"type":"Point","coordinates":[-52.20399006895534,-10.303473871950109]},"properties":{"Fazenda":"FE","Campo":"FE 16","produtividade":148.91329858644,"unidade_produtividade":"sc/ha","pontos_originais":25,"ano":"2026","cultura":"Milho"}},{"type":"Feature","geometry":{"type":"Point","coordinates":[-52.20376179309406,-10.303474721650197]},"properties":{"Fazenda":"FE","Campo":"FE 16","produtividade":148.64960485603999,"unidade_produtividade":"sc/ha","pontos_originais":25,"ano":"2026","cultura":"Milho"}},{"type":"Feature","geometry":{"type":"Point","coordinates":[-52.2035335172129,-10.303475571189253]},"properties":{"Fazenda":"FE","Campo":"FE 16","produtividade":142.05803912004,"unidade_produtividade":"sc/ha","pontos_originais":25,"ano":"2026","cultura":"Milho"}},{"type":"Feature","geometry":{"type":"Point","coordinates":[-52.209468683664234,-10.303453430840616]},"properties":{"Fazenda":"FE","Campo":"FE 16","produtividade":159.48587909164,"unidade_produtividade":"sc/ha","pontos_originais":25,"ano":"2026","cultura":"Milho"}},{"type":"Feature","geometry":{"type":"Point","coordinates":[-52.209240408280266,-10.30345428440529]},"properties":{"Fazenda":"FE","Campo":"FE 16","produtividade":167.77079808992,"unidade_produtividade":"sc/ha","pontos_originais":25,"ano":"2026","cultura":"Milho"}},{"type":"Feature","geometry":{"type":"Point","coordinates":[-52.20901213287637,-10.303455137808943]},"properties":{"Fazenda":"FE","Campo":"FE 16","produtividade":172.04549639704,"unidade_produtividade":"sc/ha","pontos_originais":25,"ano":"2026","cultura":"Milho"}},{"type":"Feature","geometry":{"type":"Point","coordinates":[-52.208783857452566,-10.30345599105157]},"properties":{"Fazenda":"FE","Campo":"FE 16","produtividade":174.97310539371995,"unidade_produtividade":"sc/ha","pontos_originais":25,"ano":"2026","cultura":"Milho"}},{"type":"Feature","geometry":{"type":"Point","coordinates":[-52.210153509696454,-10.303450869180445]},"properties":{"Fazenda":"FE","Campo":"FE 16","produtividade":145.92650516971997,"unidade_produtividade":"sc/ha","pontos_originais":25,"ano":"2026","cultura":"Milho"}},{"type":"Feature","geometry":{"type":"Point","coordinates":[-52.20992523437233,-10.303451723228193]},"properties":{"Fazenda":"FE","Campo":"FE 16","produtividade":148.75274694884,"unidade_produtividade":"sc/ha","pontos_originais":25,"ano":"2026","cultura":"Milho"}},{"type":"Feature","geometry":{"type":"Point","coordinates":[-52.20969695902824,-10.303452577114912]},"properties":{"Fazenda":"FE","Campo":"FE 16","produtividade":153.64076184188002,"unidade_produtividade":"sc/ha","pontos_originais":25,"ano":"2026","cultura":"Milho"}},{"type":"Feature","geometry":{"type":"Point","coordinates":[-52.20604455081364,-10.303466217403214]},"properties":{"Fazenda":"FE","Campo":"FE 16","produtividade":149.3519910572,"unidade_produtividade":"sc/ha","pontos_originais":25,"ano":"2026","cultura":"Milho"}},{"type":"Feature","geometry":{"type":"Point","coordinates":[-52.206272826476315,-10.303465366092878]},"properties":{"Fazenda":"FE","Campo":"FE 16","produtividade":143.05981871264004,"unidade_produtividade":"sc/ha","pontos_originais":25,"ano":"2026","cultura":"Milho"}},{"type":"Feature","geometry":{"type":"Point","coordinates":[-52.20581627513107,-10.303467068552525]},"properties":{"Fazenda":"FE","Campo":"FE 16","produtividade":167.78260161108003,"unidade_produtividade":"sc/ha","pontos_originais":25,"ano":"2026","cultura":"Milho"}},{"type":"Feature","geometry":{"type":"Point","coordinates":[-52.20558799942864,-10.303467919540811]},"properties":{"Fazenda":"FE","Campo":"FE 16","produtividade":172.40778865271997,"unidade_produtividade":"sc/ha","pontos_originais":25,"ano":"2026","cultura":"Milho"}},{"type":"Feature","geometry":{"type":"Point","coordinates":[-52.206957653345036,-10.303462811195722]},"properties":{"Fazenda":"FE","Campo":"FE 16","produtividade":184.73851349512003,"unidade_produtividade":"sc/ha","pontos_originais":25,"ano":"2026","cultura":"Milho"}},{"type":"Feature","geometry":{"type":"Point","coordinates":[-52.20672937774202,-10.303463662989131]},"properties":{"Fazenda":"FE","Campo":"FE 16","produtividade":181.75875101587997,"unidade_produtividade":"sc/ha","pontos_originais":25,"ano":"2026","cultura":"Milho"}},{"type":"Feature","geometry":{"type":"Point","coordinates":[-52.20650110211911,-10.303464514621517]},"properties":{"Fazenda":"FE","Campo":"FE 16","produtividade":163.68744631868,"unidade_produtividade":"sc/ha","pontos_originais":25,"ano":"2026","cultura":"Milho"}},{"type":"Feature","geometry":{"type":"Point","coordinates":[-52.20467489642021,-10.303471321883704]},"properties":{"Fazenda":"FE","Campo":"FE 16","produtividade":172.04533665120002,"unidade_produtividade":"sc/ha","pontos_originais":25,"ano":"2026","cultura":"Milho"}},{"type":"Feature","geometry":{"type":"Point","coordinates":[-52.204446620618434,-10.303472172066865]},"properties":{"Fazenda":"FE","Campo":"FE 16","produtividade":163.61361546700002,"unidade_produtividade":"sc/ha","pontos_originais":25,"ano":"2026","cultura":"Milho"}},{"type":"Feature","geometry":{"type":"Point","coordinates":[-52.204218344796836,-10.303473022089]},"properties":{"Fazenda":"FE","Campo":"FE 16","produtividade":149.36316478392,"unidade_produtividade":"sc/ha","pontos_originais":25,"ano":"2026","cultura":"Milho"}},{"type":"Feature","geometry":{"type":"Point","coordinates":[-52.20535972370635,-10.303468770368067]},"properties":{"Fazenda":"FE","Campo":"FE 16","produtividade":171.45729242264,"unidade_produtividade":"sc/ha","pontos_originais":25,"ano":"2026","cultura":"Milho"}},{"type":"Feature","geometry":{"type":"Point","coordinates":[-52.20513144796415,-10.303469621034305]},"properties":{"Fazenda":"FE","Campo":"FE 16","produtividade":168.73859140164,"unidade_produtividade":"sc/ha","pontos_originais":25,"ano":"2026","cultura":"Milho"}},{"type":"Feature","geometry":{"type":"Point","coordinates":[-52.20490317220211,-10.30347047153952]},"properties":{"Fazenda":"FE","Campo":"FE 16","produtividade":169.72814761012,"unidade_produtividade":"sc/ha","pontos_originais":25,"ano":"2026","cultura":"Milho"}},{"type":"Feature","geometry":{"type":"Point","coordinates":[-52.207870755558076,-10.303459402411839]},"properties":{"Fazenda":"FE","Campo":"FE 16","produtividade":184.843625551,"unidade_produtividade":"sc/ha","pontos_originais":25,"ano":"2026","cultura":"Milho"}},{"type":"Feature","geometry":{"type":"Point","coordinates":[-52.20809903106157,-10.30345854981331]},"properties":{"Fazenda":"FE","Campo":"FE 16","produtividade":183.04732881796,"unidade_produtividade":"sc/ha","pontos_originais":25,"ano":"2026","cultura":"Milho"}},{"type":"Feature","geometry":{"type":"Point","coordinates":[-52.207642480034664,-10.303460254849345]},"properties":{"Fazenda":"FE","Campo":"FE 16","produtividade":184.90443570304,"unidade_produtividade":"sc/ha","pontos_originais":25,"ano":"2026","cultura":"Milho"}},{"type":"Feature","geometry":{"type":"Point","coordinates":[-52.20741420449137,-10.303461107125829]},"properties":{"Fazenda":"FE","Campo":"FE 16","produtividade":184.71066965384,"unidade_produtividade":"sc/ha","pontos_originais":25,"ano":"2026","cultura":"Milho"}},{"type":"Feature","geometry":{"type":"Point","coordinates":[-52.20855558200883,-10.303456844133173]},"properties":{"Fazenda":"FE","Campo":"FE 16","produtividade":175.90246993516,"unidade_produtividade":"sc/ha","pontos_originais":25,"ano":"2026","cultura":"Milho"}},{"type":"Feature","geometry":{"type":"Point","coordinates":[-52.20832730654518,-10.303457697053755]},"properties":{"Fazenda":"FE","Campo":"FE 16","produtividade":179.37250087944003,"unidade_produtividade":"sc/ha","pontos_originais":25,"ano":"2026","cultura":"Milho"}},{"type":"Feature","geometry":{"type":"Point","coordinates":[-52.207185928928126,-10.30346195924129]},"properties":{"Fazenda":"FE","Campo":"FE 16","produtividade":185.07804055492,"unidade_produtividade":"sc/ha","pontos_originais":25,"ano":"2026","cultura":"Milho"}},{"type":"Feature","geometry":{"type":"Point","coordinates":[-52.20924127014044,-10.303680343915644]},"properties":{"Fazenda":"FE","Campo":"FE 16","produtividade":184.84456706188,"unidade_produtividade":"sc/ha","pontos_originais":25,"ano":"2026","cultura":"Milho"}},{"type":"Feature","geometry":{"type":"Point","coordinates":[-52.20901299457395,-10.303681197338413]},"properties":{"Fazenda":"FE","Campo":"FE 16","produtividade":191.80985112216007,"unidade_produtividade":"sc/ha","pontos_originais":25,"ano":"2026","cultura":"Milho"}},{"type":"Feature","geometry":{"type":"Point","coordinates":[-52.20878471898752,-10.303682050600155]},"properties":{"Fazenda":"FE","Campo":"FE 16","produtividade":190.22167918608,"unidade_produtividade":"sc/ha","pontos_originais":25,"ano":"2026","cultura":"Milho"}},{"type":"Feature","geometry":{"type":"Point","coordinates":[-52.20855644338118,-10.30368290370087]},"properties":{"Fazenda":"FE","Campo":"FE 16","produtividade":182.72229409867998,"unidade_produtividade":"sc/ha","pontos_originais":25,"ano":"2026","cultura":"Milho"}},{"type":"Feature","geometry":{"type":"Point","coordinates":[-52.20992609672028,-10.30367778268117]},"properties":{"Fazenda":"FE","Campo":"FE 16","produtividade":164.11832962111998,"unidade_produtividade":"sc/ha","pontos_originais":25,"ano":"2026","cultura":"Milho"}},{"type":"Feature","geometry":{"type":"Point","coordinates":[-52.209697821213624,-10.303678636587025]},"properties":{"Fazenda":"FE","Campo":"FE 16","produtividade":169.80988729456004,"unidade_produtividade":"sc/ha","pontos_originais":25,"ano":"2026","cultura":"Milho"}},{"type":"Feature","geometry":{"type":"Point","coordinates":[-52.209469545687,-10.303679490331849]},"properties":{"Fazenda":"FE","Campo":"FE 16","produtividade":176.28855513208,"unidade_produtividade":"sc/ha","pontos_originais":25,"ano":"2026","cultura":"Milho"}},{"type":"Feature","geometry":{"type":"Point","coordinates":[-52.20764334075661,-10.303686314493453]},"properties":{"Fazenda":"FE","Campo":"FE 16","produtividade":187.08308975884,"unidade_produtividade":"sc/ha","pontos_originais":25,"ano":"2026","cultura":"Milho"}},{"type":"Feature","geometry":{"type":"Point","coordinates":[-52.207871616442624,-10.303685462036846]},"properties":{"Fazenda":"FE","Campo":"FE 16","produtividade":187.38082843784,"unidade_produtividade":"sc/ha","pontos_originais":25,"ano":"2026","cultura":"Milho"}},{"type":"Feature","geometry":{"type":"Point","coordinates":[-52.2074150650507,-10.303687166789027]},"properties":{"Fazenda":"FE","Campo":"FE 16","produtividade":185.24567472931994,"unidade_produtividade":"sc/ha","pontos_originais":25,"ano":"2026","cultura":"Milho"}},{"type":"Feature","geometry":{"type":"Point","coordinates":[-52.207186789324886,-10.303688018923577]},"properties":{"Fazenda":"FE","Campo":"FE 16","produtividade":180.84660438999995,"unidade_produtividade":"sc/ha","pontos_originais":25,"ano":"2026","cultura":"Milho"}},{"type":"Feature","geometry":{"type":"Point","coordinates":[-52.20832816775491,-10.30368375664056]},"properties":{"Fazenda":"FE","Campo":"FE 16","produtividade":179.75881438568004,"unidade_produtividade":"sc/ha","pontos_originais":25,"ano":"2026","cultura":"Milho"}},{"type":"Feature","geometry":{"type":"Point","coordinates":[-52.20809989210873,-10.303684609419218]},"properties":{"Fazenda":"FE","Campo":"FE 16","produtividade":183.93319654632003,"unidade_produtividade":"sc/ha","pontos_originais":25,"ano":"2026","cultura":"Milho"}},{"type":"Feature","geometry":{"type":"Point","coordinates":[-52.21061092312064,-10.303675219997453]},"properties":{"Fazenda":"FE","Campo":"FE 16","produtividade":145.1335063216,"unidade_produtividade":"sc/ha","pontos_originais":25,"ano":"2026","cultura":"Milho"}},{"type":"Feature","geometry":{"type":"Point","coordinates":[-52.21083919854752,-10.303674365447492]},"properties":{"Fazenda":"FE","Campo":"FE 16","produtividade":129.0278847882,"unidade_produtividade":"sc/ha","pontos_originais":25,"ano":"2026","cultura":"Milho"}},{"type":"Feature","geometry":{"type":"Point","coordinates":[-52.2103826476738,-10.303676074386388]},"properties":{"Fazenda":"FE","Campo":"FE 16","produtividade":156.71537447388,"unidade_produtividade":"sc/ha","pontos_originais":25,"ano":"2026","cultura":"Milho"}},{"type":"Feature","geometry":{"type":"Point","coordinates":[-52.210154372207036,-10.30367692861429]},"properties":{"Fazenda":"FE","Campo":"FE 16","produtividade":160.36693960116003,"unidade_produtividade":"sc/ha","pontos_originais":25,"ano":"2026","cultura":"Milho"}},{"type":"Feature","geometry":{"type":"Point","coordinates":[-52.203306098944374,-10.303702480573534]},"properties":{"Fazenda":"FE","Campo":"FE 16","produtividade":139.70532147320003,"unidade_produtividade":"sc/ha","pontos_originais":25,"ano":"2026","cultura":"Milho"}},{"type":"Feature","geometry":{"type":"Point","coordinates":[-52.20353437500798,-10.303701631176471]},"properties":{"Fazenda":"FE","Campo":"FE 16","produtividade":153.89997844771997,"unidade_produtividade":"sc/ha","pontos_originais":25,"ano":"2026","cultura":"Milho"}},{"type":"Feature","geometry":{"type":"Point","coordinates":[-52.20307782286095,-10.303703329809563]},"properties":{"Fazenda":"FE","Campo":"FE 16","produtividade":136.67758434948001,"unidade_produtividade":"sc/ha","pontos_originais":25,"ano":"2026","cultura":"Milho"}},{"type":"Feature","geometry":{"type":"Point","coordinates":[-52.20286047420071,-10.303719209126228]},"properties":{"Fazenda":"FE","Campo":"FE 16","produtividade":138.44630294576194,"unidade_produtividade":"sc/ha","pontos_originais":21,"ano":"2026","cultura":"Milho"}},{"type":"Feature","geometry":{"type":"Point","coordinates":[-52.21103339089074,-10.303715083171513]},"properties":{"Fazenda":"FE","Campo":"FE 16","produtividade":123.60993940074998,"unidade_produtividade":"sc/ha","pontos_originais":12,"ano":"2026","cultura":"Milho"}},{"type":"Feature","geometry":{"type":"Point","coordinates":[-52.203990927075665,-10.303699931899263]},"properties":{"Fazenda":"FE","Campo":"FE 16","produtividade":171.00656741456004,"unidade_produtividade":"sc/ha","pontos_originais":25,"ano":"2026","cultura":"Milho"}},{"type":"Feature","geometry":{"type":"Point","coordinates":[-52.20421920307974,-10.303699082019113]},"properties":{"Fazenda":"FE","Campo":"FE 16","produtividade":167.31807413832004,"unidade_produtividade":"sc/ha","pontos_originais":25,"ano":"2026","cultura":"Milho"}},{"type":"Feature","geometry":{"type":"Point","coordinates":[-52.20376265105175,-10.30370078161838]},"properties":{"Fazenda":"FE","Campo":"FE 16","produtividade":167.43905404536,"unidade_produtividade":"sc/ha","pontos_originais":25,"ano":"2026","cultura":"Milho"}},{"type":"Feature","geometry":{"type":"Point","coordinates":[-52.20627368622265,-10.303691425851483]},"properties":{"Fazenda":"FE","Campo":"FE 16","produtividade":108.87366327216003,"unidade_produtividade":"sc/ha","pontos_originais":25,"ano":"2026","cultura":"Milho"}},{"type":"Feature","geometry":{"type":"Point","coordinates":[-52.206045410397365,-10.30369227718089]},"properties":{"Fazenda":"FE","Campo":"FE 16","produtividade":101.86190872292002,"unidade_produtividade":"sc/ha","pontos_originais":25,"ano":"2026","cultura":"Milho"}},{"type":"Feature","geometry":{"type":"Point","coordinates":[-52.205817134552206,-10.303693128349265]},"properties":{"Fazenda":"FE","Campo":"FE 16","produtividade":130.1724460608,"unidade_produtividade":"sc/ha","pontos_originais":25,"ano":"2026","cultura":"Milho"}},{"type":"Feature","geometry":{"type":"Point","coordinates":[-52.20558885868716,-10.303693979356614]},"properties":{"Fazenda":"FE","Campo":"FE 16","produtividade":132.70147434304002,"unidade_produtividade":"sc/ha","pontos_originais":25,"ano":"2026","cultura":"Milho"}},{"type":"Feature","geometry":{"type":"Point","coordinates":[-52.206958513579146,-10.303688870897092]},"properties":{"Fazenda":"FE","Campo":"FE 16","produtividade":174.45271918312002,"unidade_produtividade":"sc/ha","pontos_originais":25,"ano":"2026","cultura":"Milho"}},{"type":"Feature","geometry":{"type":"Point","coordinates":[-52.206730237813545,-10.303689722709585]},"properties":{"Fazenda":"FE","Campo":"FE 16","produtividade":158.94680968615998,"unidade_produtividade":"sc/ha","pontos_originais":25,"ano":"2026","cultura":"Milho"}},{"type":"Feature","geometry":{"type":"Point","coordinates":[-52.20650196202805,-10.303690574361049]},"properties":{"Fazenda":"FE","Campo":"FE 16","produtividade":137.65862596332,"unidade_produtividade":"sc/ha","pontos_originais":25,"ano":"2026","cultura":"Milho"}},{"type":"Feature","geometry":{"type":"Point","coordinates":[-52.20490403097283,-10.303696531412493]},"properties":{"Fazenda":"FE","Campo":"FE 16","produtividade":176.02611109480003,"unidade_produtividade":"sc/ha","pontos_originais":25,"ano":"2026","cultura":"Milho"}},{"type":"Feature","geometry":{"type":"Point","coordinates":[-52.20467575502832,-10.30369738177573]},"properties":{"Fazenda":"FE","Campo":"FE 16","produtividade":174.78047240904002,"unidade_produtividade":"sc/ha","pontos_originais":25,"ano":"2026","cultura":"Milho"}},{"type":"Feature","geometry":{"type":"Point","coordinates":[-52.20444747906396,-10.303698231977933]},"properties":{"Fazenda":"FE","Campo":"FE 16","produtividade":170.88744932407997,"unidade_produtividade":"sc/ha","pontos_originais":25,"ano":"2026","cultura":"Milho"}},{"type":"Feature","geometry":{"type":"Point","coordinates":[-52.20536058280225,-10.303694830202938]},"properties":{"Fazenda":"FE","Campo":"FE 16","produtividade":153.35333949267996,"unidade_produtividade":"sc/ha","pontos_originais":25,"ano":"2026","cultura":"Milho"}},{"type":"Feature","geometry":{"type":"Point","coordinates":[-52.20513230689748,-10.303695680888232]},"properties":{"Fazenda":"FE","Campo":"FE 16","produtividade":171.68202866644003,"unidade_produtividade":"sc/ha","pontos_originais":25,"ano":"2026","cultura":"Milho"}},{"type":"Feature","geometry":{"type":"Point","coordinates":[-52.202639772729995,-10.303768256708963]},"properties":{"Fazenda":"FE","Campo":"FE 16","produtividade":137.45861816350003,"unidade_produtividade":"sc/ha","pontos_originais":10,"ano":"2026","cultura":"Milho"}},{"type":"Feature","geometry":{"type":"Point","coordinates":[-52.20422130543139,-10.30325071565627]},"properties":{"Fazenda":"FE","Campo":"FE 16","produtividade":130.07349714904169,"unidade_produtividade":"sc/ha","pontos_originais":24,"ano":"2026","cultura":"Milho"}},{"type":"Feature","geometry":{"type":"Point","coordinates":[-52.209463539238826,-10.303244611185923]},"properties":{"Fazenda":"FE","Campo":"FE 16","produtividade":144.0215135434762,"unidade_produtividade":"sc/ha","pontos_originais":21,"ano":"2026","cultura":"Milho"}},{"type":"Feature","geometry":{"type":"Point","coordinates":[-52.20969054086087,-10.30326609939225]},"properties":{"Fazenda":"FE","Campo":"FE 16","produtividade":144.478908866,"unidade_produtividade":"sc/ha","pontos_originais":16,"ano":"2026","cultura":"Milho"}},{"type":"Feature","geometry":{"type":"Point","coordinates":[-52.20923954644004,-10.303228224891711]},"properties":{"Fazenda":"FE","Campo":"FE 16","produtividade":140.98748752964,"unidade_produtividade":"sc/ha","pontos_originais":25,"ano":"2026","cultura":"Milho"}},{"type":"Feature","geometry":{"type":"Point","coordinates":[-52.20901127119877,-10.303229078276248]},"properties":{"Fazenda":"FE","Campo":"FE 16","produtividade":142.1036189906,"unidade_produtividade":"sc/ha","pontos_originais":25,"ano":"2026","cultura":"Milho"}},{"type":"Feature","geometry":{"type":"Point","coordinates":[-52.20490231345126,-10.303244411663318]},"properties":{"Fazenda":"FE","Campo":"FE 16","produtividade":155.63114906368003,"unidade_produtividade":"sc/ha","pontos_originais":25,"ano":"2026","cultura":"Milho"}},{"type":"Feature","geometry":{"type":"Point","coordinates":[-52.205130589050704,-10.303243561177162]},"properties":{"Fazenda":"FE","Campo":"FE 16","produtividade":157.73779308764003,"unidade_produtividade":"sc/ha","pontos_originais":25,"ano":"2026","cultura":"Milho"}},{"type":"Feature","geometry":{"type":"Point","coordinates":[-52.20467403783196,-10.303245261988456]},"properties":{"Fazenda":"FE","Campo":"FE 16","produtividade":146.72601896212,"unidade_produtividade":"sc/ha","pontos_originais":25,"ano":"2026","cultura":"Milho"}},{"type":"Feature","geometry":{"type":"Point","coordinates":[-52.20444576219281,-10.303246112152571]},"properties":{"Fazenda":"FE","Campo":"FE 16","produtividade":134.85681045408,"unidade_produtividade":"sc/ha","pontos_originais":25,"ano":"2026","cultura":"Milho"}},{"type":"Feature","geometry":{"type":"Point","coordinates":[-52.208326445355326,-10.303231637463723]},"properties":{"Fazenda":"FE","Campo":"FE 16","produtividade":160.5868311636,"unidade_produtividade":"sc/ha","pontos_originais":25,"ano":"2026","cultura":"Milho"}},{"type":"Feature","geometry":{"type":"Point","coordinates":[-52.208098170034354,-10.303232490204177]},"properties":{"Fazenda":"FE","Campo":"FE 16","produtividade":171.19421788408,"unidade_produtividade":"sc/ha","pontos_originais":25,"ano":"2026","cultura":"Milho"}},{"type":"Feature","geometry":{"type":"Point","coordinates":[-52.20786989469345,-10.30323334278361]},"properties":{"Fazenda":"FE","Campo":"FE 16","produtividade":177.35796164167996,"unidade_produtividade":"sc/ha","pontos_originais":25,"ano":"2026","cultura":"Milho"}},{"type":"Feature","geometry":{"type":"Point","coordinates":[-52.207641619332634,-10.30323419520202]},"properties":{"Fazenda":"FE","Campo":"FE 16","produtividade":183.74133472408005,"unidade_produtividade":"sc/ha","pontos_originais":25,"ano":"2026","cultura":"Milho"}},{"type":"Feature","geometry":{"type":"Point","coordinates":[-52.20878299593755,-10.30322993149976]},"properties":{"Fazenda":"FE","Campo":"FE 16","produtividade":146.33395531248,"unidade_produtividade":"sc/ha","pontos_originais":25,"ano":"2026","cultura":"Milho"}},{"type":"Feature","geometry":{"type":"Point","coordinates":[-52.2085547206564,-10.303230784562253]},"properties":{"Fazenda":"FE","Campo":"FE 16","produtividade":150.1515331232,"unidade_produtividade":"sc/ha","pontos_originais":25,"ano":"2026","cultura":"Milho"}},{"type":"Feature","geometry":{"type":"Point","coordinates":[-52.207185068551304,-10.30323589955578]},"properties":{"Fazenda":"FE","Campo":"FE 16","produtividade":187.61987748479999,"unidade_produtividade":"sc/ha","pontos_originais":25,"ano":"2026","cultura":"Milho"}},{"type":"Feature","geometry":{"type":"Point","coordinates":[-52.20695679313078,-10.30323675149113]},"properties":{"Fazenda":"FE","Campo":"FE 16","produtividade":186.72737394252,"unidade_produtividade":"sc/ha","pontos_originais":25,"ano":"2026","cultura":"Milho"}},{"type":"Feature","geometry":{"type":"Point","coordinates":[-52.20672851769038,-10.303237603265456]},"properties":{"Fazenda":"FE","Campo":"FE 16","produtividade":182.91111014736,"unidade_produtividade":"sc/ha","pontos_originais":25,"ano":"2026","cultura":"Milho"}},{"type":"Feature","geometry":{"type":"Point","coordinates":[-52.20650024223007,-10.303238454878764]},"properties":{"Fazenda":"FE","Campo":"FE 16","produtividade":178.65210510192003,"unidade_produtividade":"sc/ha","pontos_originais":25,"ano":"2026","cultura":"Milho"}},{"type":"Feature","geometry":{"type":"Point","coordinates":[-52.20741334395193,-10.30323504745941]},"properties":{"Fazenda":"FE","Campo":"FE 16","produtividade":187.11238615631999,"unidade_produtividade":"sc/ha","pontos_originais":25,"ano":"2026","cultura":"Milho"}},{"type":"Feature","geometry":{"type":"Point","coordinates":[-52.20558714018999,-10.30324185972178]},"properties":{"Fazenda":"FE","Campo":"FE 16","produtividade":181.94034810764006,"unidade_produtividade":"sc/ha","pontos_originais":25,"ano":"2026","cultura":"Milho"}},{"type":"Feature","geometry":{"type":"Point","coordinates":[-52.20581541572984,-10.303241008752558]},"properties":{"Fazenda":"FE","Campo":"FE 16","produtividade":189.25433825196004,"unidade_produtividade":"sc/ha","pontos_originais":25,"ano":"2026","cultura":"Milho"}},{"type":"Feature","geometry":{"type":"Point","coordinates":[-52.20535886463029,-10.303242710529982]},"properties":{"Fazenda":"FE","Campo":"FE 16","produtividade":164.989408843,"unidade_produtividade":"sc/ha","pontos_originais":25,"ano":"2026","cultura":"Milho"}},{"type":"Feature","geometry":{"type":"Point","coordinates":[-52.206271966749874,-10.303239306331049]},"properties":{"Fazenda":"FE","Campo":"FE 16","produtividade":178.88074168883998,"unidade_produtividade":"sc/ha","pontos_originais":25,"ano":"2026","cultura":"Milho"}},{"type":"Feature","geometry":{"type":"Point","coordinates":[-52.206043691249796,-10.303240157622318]},"properties":{"Fazenda":"FE","Campo":"FE 16","produtividade":184.98028246240003,"unidade_produtividade":"sc/ha","pontos_originais":25,"ano":"2026","cultura":"Milho"}},{"type":"Feature","geometry":{"type":"Point","coordinates":[-52.203996934455375,-10.303277924999882]},"properties":{"Fazenda":"FE","Campo":"FE 16","produtividade":139.07697055755554,"unidade_produtividade":"sc/ha","pontos_originais":18,"ano":"2026","cultura":"Milho"}},{"type":"Feature","geometry":{"type":"Point","coordinates":[-52.203772563423605,-10.30330513419174]},"properties":{"Fazenda":"FE","Campo":"FE 16","produtividade":143.9881940315,"unidade_produtividade":"sc/ha","pontos_originais":12,"ano":"2026","cultura":"Milho"}},{"type":"Feature","geometry":{"type":"Point","coordinates":[-52.20991449475677,-10.303296031335178]},"properties":{"Fazenda":"FE","Campo":"FE 16","produtividade":143.55623723544446,"unidade_produtividade":"sc/ha","pontos_originais":9,"ano":"2026","cultura":"Milho"}},{"type":"Feature","geometry":{"type":"Point","coordinates":[-52.203552520022804,-10.30332694467184]},"properties":{"Fazenda":"FE","Campo":"FE 16","produtividade":142.54897564985714,"unidade_produtividade":"sc/ha","pontos_originais":7,"ano":"2026","cultura":"Milho"}},{"type":"Feature","geometry":{"type":"Point","coordinates":[-52.21010733715571,-10.303315404343147]},"properties":{"Fazenda":"FE","Campo":"FE 16","produtividade":142.220855473,"unidade_produtividade":"sc/ha","pontos_originais":3,"ano":"2026","cultura":"Milho"}},{"type":"Feature","geometry":{"type":"Point","coordinates":[-52.20695421260743,-10.302558572358004]},"properties":{"Fazenda":"FE","Campo":"FE 16","produtividade":134.65960845564,"unidade_produtividade":"sc/ha","pontos_originais":25,"ano":"2026","cultura":"Milho"}},{"type":"Feature","geometry":{"type":"Point","coordinates":[-52.206725937654795,-10.302559424075087]},"properties":{"Fazenda":"FE","Campo":"FE 16","produtividade":128.51370604648002,"unidade_produtividade":"sc/ha","pontos_originais":25,"ano":"2026","cultura":"Milho"}},{"type":"Feature","geometry":{"type":"Point","coordinates":[-52.20649766268227,-10.302560275631162]},"properties":{"Fazenda":"FE","Campo":"FE 16","produtividade":123.91739695303998,"unidade_produtividade":"sc/ha","pontos_originais":25,"ano":"2026","cultura":"Milho"}},{"type":"Feature","geometry":{"type":"Point","coordinates":[-52.20627537258926,-10.302568967767]},"properties":{"Fazenda":"FE","Campo":"FE 16","produtividade":125.89068792795652,"unidade_produtividade":"sc/ha","pontos_originais":23,"ano":"2026","cultura":"Milho"}},{"type":"Feature","geometry":{"type":"Point","coordinates":[-52.20761392209521,-10.302621417062001]},"properties":{"Fazenda":"FE","Campo":"FE 16","produtividade":134.7967951828889,"unidade_produtividade":"sc/ha","pontos_originais":9,"ano":"2026","cultura":"Milho"}},{"type":"Feature","geometry":{"type":"Point","coordinates":[-52.20605758993408,-10.302607129421919]},"properties":{"Fazenda":"FE","Campo":"FE 16","produtividade":125.43091007535713,"unidade_produtividade":"sc/ha","pontos_originais":14,"ano":"2026","cultura":"Milho"}},{"type":"Feature","geometry":{"type":"Point","coordinates":[-52.20740326801984,-10.302587038135236]},"properties":{"Fazenda":"FE","Campo":"FE 16","produtividade":135.2638995979445,"unidade_produtividade":"sc/ha","pontos_originais":18,"ano":"2026","cultura":"Milho"}},{"type":"Feature","geometry":{"type":"Point","coordinates":[-52.207182487540166,-10.30255772047991]},"properties":{"Fazenda":"FE","Campo":"FE 16","produtividade":134.58908985620002,"unidade_produtividade":"sc/ha","pontos_originais":25,"ano":"2026","cultura":"Milho"}},{"type":"Feature","geometry":{"type":"Point","coordinates":[-52.20583023755914,-10.302636234947592]},"properties":{"Fazenda":"FE","Campo":"FE 16","produtividade":119.22444339350001,"unidade_produtividade":"sc/ha","pontos_originais":8,"ano":"2026","cultura":"Milho"}},{"type":"Feature","geometry":{"type":"Point","coordinates":[-52.20777634656574,-10.302645928708516]},"properties":{"Fazenda":"FE","Campo":"FE 16","produtividade":132.707124822,"unidade_produtividade":"sc/ha","pontos_originais":1,"ano":"2026","cultura":"Milho"}},{"type":"Feature","geometry":{"type":"Point","coordinates":[-52.20558542177232,-10.302789740074047]},"properties":{"Fazenda":"FE","Campo":"FE 16","produtividade":125.32523492044004,"unidade_produtividade":"sc/ha","pontos_originais":25,"ano":"2026","cultura":"Milho"}},{"type":"Feature","geometry":{"type":"Point","coordinates":[-52.20581369698696,-10.302788889142954]},"properties":{"Fazenda":"FE","Campo":"FE 16","produtividade":132.81264684508002,"unidade_produtividade":"sc/ha","pontos_originais":25,"ano":"2026","cultura":"Milho"}},{"type":"Feature","geometry":{"type":"Point","coordinates":[-52.20535714653779,-10.302790590844129]},"properties":{"Fazenda":"FE","Campo":"FE 16","produtividade":122.49066515244002,"unidade_produtividade":"sc/ha","pontos_originais":25,"ano":"2026","cultura":"Milho"}},{"type":"Feature","geometry":{"type":"Point","coordinates":[-52.20513269018446,-10.302795194942538]},"properties":{"Fazenda":"FE","Campo":"FE 16","produtividade":118.30990950387502,"unidade_produtividade":"sc/ha","pontos_originais":24,"ano":"2026","cultura":"Milho"}},{"type":"Feature","geometry":{"type":"Point","coordinates":[-52.208080314878416,-10.302825643800904]},"properties":{"Fazenda":"FE","Campo":"FE 16","produtividade":128.48915809914286,"unidade_produtividade":"sc/ha","pontos_originais":14,"ano":"2026","cultura":"Milho"}},{"type":"Feature","geometry":{"type":"Point","coordinates":[-52.20627024735663,-10.302787186797723]},"properties":{"Fazenda":"FE","Campo":"FE 16","produtividade":149.92943551312,"unidade_produtividade":"sc/ha","pontos_originais":25,"ano":"2026","cultura":"Milho"}},{"type":"Feature","geometry":{"type":"Point","coordinates":[-52.20649852251164,-10.302786335383587]},"properties":{"Fazenda":"FE","Campo":"FE 16","produtividade":153.65297462339996,"unidade_produtividade":"sc/ha","pontos_originais":25,"ano":"2026","cultura":"Milho"}},{"type":"Feature","geometry":{"type":"Point","coordinates":[-52.20604197218173,-10.302788038050844]},"properties":{"Fazenda":"FE","Campo":"FE 16","produtividade":143.91588889396002,"unidade_produtividade":"sc/ha","pontos_originais":25,"ano":"2026","cultura":"Milho"}},{"type":"Feature","geometry":{"type":"Point","coordinates":[-52.20718334785731,-10.30278378017509]},"properties":{"Fazenda":"FE","Campo":"FE 16","produtividade":151.06661666928005,"unidade_produtividade":"sc/ha","pontos_originais":25,"ano":"2026","cultura":"Milho"}},{"type":"Feature","geometry":{"type":"Point","coordinates":[-52.20695507276199,-10.302784632072271]},"properties":{"Fazenda":"FE","Campo":"FE 16","produtividade":152.02593921044001,"unidade_produtividade":"sc/ha","pontos_originais":25,"ano":"2026","cultura":"Milho"}},{"type":"Feature","geometry":{"type":"Point","coordinates":[-52.20672679764676,-10.302785483808433]},"properties":{"Fazenda":"FE","Campo":"FE 16","produtividade":154.28330484812,"unidade_produtividade":"sc/ha","pontos_originais":25,"ano":"2026","cultura":"Milho"}},{"type":"Feature","geometry":{"type":"Point","coordinates":[-52.20786224796626,-10.302789108699404]},"properties":{"Fazenda":"FE","Campo":"FE 16","produtividade":135.02307686234784,"unidade_produtividade":"sc/ha","pontos_originais":23,"ano":"2026","cultura":"Milho"}},{"type":"Feature","geometry":{"type":"Point","coordinates":[-52.20763989798827,-10.302782075897694]},"properties":{"Fazenda":"FE","Campo":"FE 16","produtividade":143.19189600768001,"unidade_produtividade":"sc/ha","pontos_originais":25,"ano":"2026","cultura":"Milho"}},{"type":"Feature","geometry":{"type":"Point","coordinates":[-52.20741162293275,-10.3027829281169]},"properties":{"Fazenda":"FE","Campo":"FE 16","produtividade":148.97482406056,"unidade_produtividade":"sc/ha","pontos_originais":25,"ano":"2026","cultura":"Milho"}},{"type":"Feature","geometry":{"type":"Point","coordinates":[-52.20558490626172,-10.302654104177346]},"properties":{"Fazenda":"FE","Campo":"FE 16","produtividade":114.4078430196,"unidade_produtividade":"sc/ha","pontos_originais":5,"ano":"2026","cultura":"Milho"}},{"type":"Feature","geometry":{"type":"Point","coordinates":[-52.20540228615426,-10.302654784801435]},"properties":{"Fazenda":"FE","Campo":"FE 16","produtividade":112.86512466533334,"unidade_produtividade":"sc/ha","pontos_originais":3,"ano":"2026","cultura":"Milho"}},{"type":"Feature","geometry":{"type":"Point","coordinates":[-52.20491500275204,-10.302828973484832]},"properties":{"Fazenda":"FE","Campo":"FE 16","produtividade":113.2542441349375,"unidade_produtividade":"sc/ha","pontos_originais":16,"ano":"2026","cultura":"Milho"}},{"type":"Feature","geometry":{"type":"Point","coordinates":[-52.20474869867993,-10.302868212081897]},"properties":{"Fazenda":"FE","Campo":"FE 16","produtividade":109.84532747533332,"unidade_produtividade":"sc/ha","pontos_originais":3,"ano":"2026","cultura":"Milho"}},{"type":"Feature","geometry":{"type":"Point","coordinates":[-52.20827941248219,-10.302870112672256]},"properties":{"Fazenda":"FE","Campo":"FE 16","produtividade":130.24923598033334,"unidade_produtividade":"sc/ha","pontos_originais":3,"ano":"2026","cultura":"Milho"}},{"type":"Feature","geometry":{"type":"Point","coordinates":[-52.20490145472027,-10.303018351783896]},"properties":{"Fazenda":"FE","Campo":"FE 16","produtividade":126.94944297340004,"unidade_produtividade":"sc/ha","pontos_originais":25,"ano":"2026","cultura":"Milho"}},{"type":"Feature","geometry":{"type":"Point","coordinates":[-52.20512973015711,-10.30301750131679]},"properties":{"Fazenda":"FE","Campo":"FE 16","produtividade":138.07724559176,"unidade_produtividade":"sc/ha","pontos_originais":25,"ano":"2026","cultura":"Milho"}},{"type":"Feature","geometry":{"type":"Point","coordinates":[-52.2046769981629,-10.30302295558496]},"properties":{"Fazenda":"FE","Campo":"FE 16","produtividade":115.27597330499998,"unidade_produtividade":"sc/ha","pontos_originais":24,"ano":"2026","cultura":"Milho"}},{"type":"Feature","geometry":{"type":"Point","coordinates":[-52.208546364996884,-10.30303489469705]},"properties":{"Fazenda":"FE","Campo":"FE 16","produtividade":132.01961591427778,"unidade_produtividade":"sc/ha","pontos_originais":18,"ano":"2026","cultura":"Milho"}},{"type":"Feature","geometry":{"type":"Point","coordinates":[-52.208325584185424,-10.303005577870472]},"properties":{"Fazenda":"FE","Campo":"FE 16","produtividade":135.19313058080002,"unidade_produtividade":"sc/ha","pontos_originais":25,"ano":"2026","cultura":"Milho"}},{"type":"Feature","geometry":{"type":"Point","coordinates":[-52.20581455634844,-10.303014948949366]},"properties":{"Fazenda":"FE","Campo":"FE 16","produtividade":169.66633586580002,"unidade_produtividade":"sc/ha","pontos_originais":25,"ano":"2026","cultura":"Milho"}},{"type":"Feature","geometry":{"type":"Point","coordinates":[-52.20558628097122,-10.303015799899526]},"properties":{"Fazenda":"FE","Campo":"FE 16","produtividade":158.62088576216001,"unidade_produtividade":"sc/ha","pontos_originais":25,"ano":"2026","cultura":"Milho"}},{"type":"Feature","geometry":{"type":"Point","coordinates":[-52.205358005574105,-10.303016650688667]},"properties":{"Fazenda":"FE","Campo":"FE 16","produtividade":147.9318858816,"unidade_produtividade":"sc/ha","pontos_originais":25,"ano":"2026","cultura":"Milho"}},{"type":"Feature","geometry":{"type":"Point","coordinates":[-52.20741248343239,-10.303008987789767]},"properties":{"Fazenda":"FE","Campo":"FE 16","produtividade":177.92977894436004,"unidade_produtividade":"sc/ha","pontos_originais":25,"ano":"2026","cultura":"Milho"}},{"type":"Feature","geometry":{"type":"Point","coordinates":[-52.2076407586505,-10.303008135551467]},"properties":{"Fazenda":"FE","Campo":"FE 16","produtividade":170.87666082516003,"unidade_produtividade":"sc/ha","pontos_originais":25,"ano":"2026","cultura":"Milho"}},{"type":"Feature","geometry":{"type":"Point","coordinates":[-52.207184208194356,-10.303009839867048]},"properties":{"Fazenda":"FE","Campo":"FE 16","produtividade":179.31394342648002,"unidade_produtividade":"sc/ha","pontos_originais":25,"ano":"2026","cultura":"Milho"}},{"type":"Feature","geometry":{"type":"Point","coordinates":[-52.206955932936424,-10.30301069178331]},"properties":{"Fazenda":"FE","Campo":"FE 16","produtividade":176.57697553936006,"unidade_produtividade":"sc/ha","pontos_originais":25,"ano":"2026","cultura":"Milho"}},{"type":"Feature","geometry":{"type":"Point","coordinates":[-52.208097309027025,-10.303006430591822]},"properties":{"Fazenda":"FE","Campo":"FE 16","produtividade":142.66265945344,"unidade_produtividade":"sc/ha","pontos_originais":25,"ano":"2026","cultura":"Milho"}},{"type":"Feature","geometry":{"type":"Point","coordinates":[-52.20786903384871,-10.303007283152155]},"properties":{"Fazenda":"FE","Campo":"FE 16","produtividade":156.79050520432,"unidade_produtividade":"sc/ha","pontos_originais":25,"ano":"2026","cultura":"Milho"}},{"type":"Feature","geometry":{"type":"Point","coordinates":[-52.20649938236091,-10.303012395132788]},"properties":{"Fazenda":"FE","Campo":"FE 16","produtividade":175.79624743364,"unidade_produtividade":"sc/ha","pontos_originais":25,"ano":"2026","cultura":"Milho"}},{"type":"Feature","geometry":{"type":"Point","coordinates":[-52.20627110704329,-10.303013246565998]},"properties":{"Fazenda":"FE","Campo":"FE 16","produtividade":179.95324910552,"unidade_produtividade":"sc/ha","pontos_originais":25,"ano":"2026","cultura":"Milho"}},{"type":"Feature","geometry":{"type":"Point","coordinates":[-52.206042831705815,-10.30301409783819]},"properties":{"Fazenda":"FE","Campo":"FE 16","produtividade":178.58225234576003,"unidade_produtividade":"sc/ha","pontos_originais":25,"ano":"2026","cultura":"Milho"}},{"type":"Feature","geometry":{"type":"Point","coordinates":[-52.20672765765862,-10.303011543538558]},"properties":{"Fazenda":"FE","Campo":"FE 16","produtividade":174.20813133792,"unidade_produtividade":"sc/ha","pontos_originais":25,"ano":"2026","cultura":"Milho"}},{"type":"Feature","geometry":{"type":"Point","coordinates":[-52.20877093605829,-10.30306042948981]},"properties":{"Fazenda":"FE","Campo":"FE 16","produtividade":131.90140674149998,"unidade_produtividade":"sc/ha","pontos_originais":12,"ano":"2026","cultura":"Milho"}},{"type":"Feature","geometry":{"type":"Point","coordinates":[-52.20446587460601,-10.303077517481467]},"properties":{"Fazenda":"FE","Campo":"FE 16","produtividade":115.48778273036368,"unidade_produtividade":"sc/ha","pontos_originais":11,"ano":"2026","cultura":"Milho"}},{"type":"Feature","geometry":{"type":"Point","coordinates":[-52.20914771929038,-10.303092930557133]},"properties":{"Fazenda":"FE","Campo":"FE 16","produtividade":132.21945823500002,"unidade_produtividade":"sc/ha","pontos_originais":1,"ano":"2026","cultura":"Milho"}},{"type":"Feature","geometry":{"type":"Point","coordinates":[-52.20899113852458,-10.303080598005979]},"properties":{"Fazenda":"FE","Campo":"FE 16","produtividade":132.01253587385713,"unidade_produtividade":"sc/ha","pontos_originais":7,"ano":"2026","cultura":"Milho"}},{"type":"Feature","geometry":{"type":"Point","coordinates":[-52.204308281812445,-10.303110986223338]},"properties":{"Fazenda":"FE","Campo":"FE 16","produtividade":121.08186871,"unidade_produtividade":"sc/ha","pontos_originais":1,"ano":"2026","cultura":"Milho"}},{"type":"Feature","geometry":{"type":"Point","coordinates":[-52.206953696523456,-10.302422936528028]},"properties":{"Fazenda":"FE","Campo":"FE 16","produtividade":131.7982840868,"unidade_produtividade":"sc/ha","pontos_originais":5,"ano":"2026","cultura":"Milho"}},{"type":"Feature","geometry":{"type":"Point","coordinates":[-52.20672542166837,-10.30242378823366]},"properties":{"Fazenda":"FE","Campo":"FE 16","produtividade":122.6672118724,"unidade_produtividade":"sc/ha","pontos_originais":5,"ano":"2026","cultura":"Milho"}},{"type":"Feature","geometry":{"type":"Point","coordinates":[-52.20649714679338,-10.30242463977829]},"properties":{"Fazenda":"FE","Campo":"FE 16","produtividade":119.4121783304,"unidade_produtividade":"sc/ha","pontos_originais":5,"ano":"2026","cultura":"Milho"}},{"type":"Feature","geometry":{"type":"Point","coordinates":[-52.20718937063449,-10.304366197951083]},"properties":{"Fazenda":"FE","Campo":"FE 16","produtividade":170.39960744076,"unidade_produtividade":"sc/ha","pontos_originais":25,"ano":"2026","cultura":"Milho"}},{"type":"Feature","geometry":{"type":"Point","coordinates":[-52.20741764684814,-10.304365345759267]},"properties":{"Fazenda":"FE","Campo":"FE 16","produtividade":175.99711439748,"unidade_produtividade":"sc/ha","pontos_originais":25,"ano":"2026","cultura":"Milho"}},{"type":"Feature","geometry":{"type":"Point","coordinates":[-52.20696109440095,-10.304367049981861]},"properties":{"Fazenda":"FE","Campo":"FE 16","produtividade":148.33229377744,"unidade_produtividade":"sc/ha","pontos_originais":25,"ano":"2026","cultura":"Milho"}},{"type":"Feature","geometry":{"type":"Point","coordinates":[-52.2067328181475,-10.304367901851595]},"properties":{"Fazenda":"FE","Campo":"FE 16","produtividade":136.01198210192,"unidade_produtividade":"sc/ha","pontos_originais":25,"ano":"2026","cultura":"Milho"}},{"type":"Feature","geometry":{"type":"Point","coordinates":[-52.20787419921573,-10.304363640892523]},"properties":{"Fazenda":"FE","Campo":"FE 16","produtividade":182.46749100179997,"unidade_produtividade":"sc/ha","pontos_originais":25,"ano":"2026","cultura":"Milho"}},{"type":"Feature","geometry":{"type":"Point","coordinates":[-52.20810247536966,-10.304362788217594]},"properties":{"Fazenda":"FE","Campo":"FE 16","produtividade":189.28223439940004,"unidade_produtividade":"sc/ha","pontos_originais":25,"ano":"2026","cultura":"Milho"}},{"type":"Feature","geometry":{"type":"Point","coordinates":[-52.20764592304188,-10.304364493406416]},"properties":{"Fazenda":"FE","Campo":"FE 16","produtividade":175.28318055124,"unidade_produtividade":"sc/ha","pontos_originais":25,"ano":"2026","cultura":"Milho"}},{"type":"Feature","geometry":{"type":"Point","coordinates":[-52.205819712934826,-10.304371307720151]},"properties":{"Fazenda":"FE","Campo":"FE 16","produtividade":148.432989497,"unidade_produtividade":"sc/ha","pontos_originais":25,"ano":"2026","cultura":"Milho"}},{"type":"Feature","geometry":{"type":"Point","coordinates":[-52.20559143658197,-10.304372158784693]},"properties":{"Fazenda":"FE","Campo":"FE 16","produtividade":161.74835730304,"unidade_produtividade":"sc/ha","pontos_originais":25,"ano":"2026","cultura":"Milho"}},{"type":"Feature","geometry":{"type":"Point","coordinates":[-52.20536316020922,-10.304373009688193]},"properties":{"Fazenda":"FE","Campo":"FE 16","produtividade":171.9239474838,"unidade_produtividade":"sc/ha","pontos_originais":25,"ano":"2026","cultura":"Milho"}},{"type":"Feature","geometry":{"type":"Point","coordinates":[-52.20513488381661,-10.304373860430655]},"properties":{"Fazenda":"FE","Campo":"FE 16","produtividade":173.38279102560003,"unidade_produtividade":"sc/ha","pontos_originais":25,"ano":"2026","cultura":"Milho"}},{"type":"Feature","geometry":{"type":"Point","coordinates":[-52.20650454187417,-10.304368753560295]},"properties":{"Fazenda":"FE","Campo":"FE 16","produtividade":137.91393091659995,"unidade_produtividade":"sc/ha","pontos_originais":25,"ano":"2026","cultura":"Milho"}},{"type":"Feature","geometry":{"type":"Point","coordinates":[-52.20627626558094,-10.304369605107953]},"properties":{"Fazenda":"FE","Campo":"FE 16","produtividade":142.27390028080004,"unidade_produtividade":"sc/ha","pontos_originais":25,"ano":"2026","cultura":"Milho"}},{"type":"Feature","geometry":{"type":"Point","coordinates":[-52.20604798926783,-10.30437045649457]},"properties":{"Fazenda":"FE","Campo":"FE 16","produtividade":145.50876343656003,"unidade_produtividade":"sc/ha","pontos_originais":25,"ano":"2026","cultura":"Milho"}},{"type":"Feature","geometry":{"type":"Point","coordinates":[-52.2101569598584,-10.304355106896486]},"properties":{"Fazenda":"FE","Campo":"FE 16","produtividade":180.4502650652,"unidade_produtividade":"sc/ha","pontos_originais":25,"ano":"2026","cultura":"Milho"}},{"type":"Feature","geometry":{"type":"Point","coordinates":[-52.209928683883845,-10.304355961020763]},"properties":{"Fazenda":"FE","Campo":"FE 16","produtividade":179.50452516148,"unidade_produtividade":"sc/ha","pontos_originais":25,"ano":"2026","cultura":"Milho"}},{"type":"Feature","geometry":{"type":"Point","coordinates":[-52.20970040788934,-10.304356814984]},"properties":{"Fazenda":"FE","Campo":"FE 16","produtividade":182.24231227616002,"unidade_produtividade":"sc/ha","pontos_originais":25,"ano":"2026","cultura":"Milho"}},{"type":"Feature","geometry":{"type":"Point","coordinates":[-52.20947213187491,-10.304357668786201]},"properties":{"Fazenda":"FE","Campo":"FE 16","produtividade":188.75037970979997,"unidade_produtividade":"sc/ha","pontos_originais":25,"ano":"2026","cultura":"Milho"}},{"type":"Feature","geometry":{"type":"Point","coordinates":[-52.210841787662375,-10.30435254355743]},"properties":{"Fazenda":"FE","Campo":"FE 16","produtividade":169.70369235980002,"unidade_produtividade":"sc/ha","pontos_originais":25,"ano":"2026","cultura":"Milho"}},{"type":"Feature","geometry":{"type":"Point","coordinates":[-52.2110129514244,-10.304340599533665]},"properties":{"Fazenda":"FE","Campo":"FE 16","produtividade":164.36826877525002,"unidade_produtividade":"sc/ha","pontos_originais":12,"ano":"2026","cultura":"Milho"}},{"type":"Feature","geometry":{"type":"Point","coordinates":[-52.21061351174768,-10.304353398164821]},"properties":{"Fazenda":"FE","Campo":"FE 16","produtividade":173.48185182423995,"unidade_produtividade":"sc/ha","pontos_originais":25,"ano":"2026","cultura":"Milho"}},{"type":"Feature","geometry":{"type":"Point","coordinates":[-52.21038523581301,-10.304354252611171]},"properties":{"Fazenda":"FE","Campo":"FE 16","produtividade":178.67713854736007,"unidade_produtividade":"sc/ha","pontos_originais":25,"ano":"2026","cultura":"Milho"}},{"type":"Feature","geometry":{"type":"Point","coordinates":[-52.20878730371195,-10.30436022922657]},"properties":{"Fazenda":"FE","Campo":"FE 16","produtividade":187.78728122936002,"unidade_produtividade":"sc/ha","pontos_originais":25,"ano":"2026","cultura":"Milho"}},{"type":"Feature","geometry":{"type":"Point","coordinates":[-52.20855902761777,-10.304361082384615]},"properties":{"Fazenda":"FE","Campo":"FE 16","produtividade":187.45180577644,"unidade_produtividade":"sc/ha","pontos_originais":25,"ano":"2026","cultura":"Milho"}},{"type":"Feature","geometry":{"type":"Point","coordinates":[-52.208330751503674,-10.304361935381621]},"properties":{"Fazenda":"FE","Campo":"FE 16","produtividade":188.81806882872,"unidade_produtividade":"sc/ha","pontos_originais":25,"ano":"2026","cultura":"Milho"}},{"type":"Feature","geometry":{"type":"Point","coordinates":[-52.209243855840505,-10.30435852242736]},"properties":{"Fazenda":"FE","Campo":"FE 16","produtividade":192.02848380256,"unidade_produtividade":"sc/ha","pontos_originais":25,"ano":"2026","cultura":"Milho"}},{"type":"Feature","geometry":{"type":"Point","coordinates":[-52.20901557978619,-10.304359375907486]},"properties":{"Fazenda":"FE","Campo":"FE 16","produtividade":189.00482726616002,"unidade_produtividade":"sc/ha","pontos_originais":25,"ano":"2026","cultura":"Milho"}},{"type":"Feature","geometry":{"type":"Point","coordinates":[-52.201482458835635,-10.304387450408631]},"properties":{"Fazenda":"FE","Campo":"FE 16","produtividade":139.46885804696,"unidade_produtividade":"sc/ha","pontos_originais":25,"ano":"2026","cultura":"Milho"}},{"type":"Feature","geometry":{"type":"Point","coordinates":[-52.20125418210583,-10.304388298413416]},"properties":{"Fazenda":"FE","Campo":"FE 16","produtividade":127.01489070268,"unidade_produtividade":"sc/ha","pontos_originais":25,"ano":"2026","cultura":"Milho"}},{"type":"Feature","geometry":{"type":"Point","coordinates":[-52.2010363204827,-10.304399383186148]},"properties":{"Fazenda":"FE","Campo":"FE 16","produtividade":123.40830485686364,"unidade_produtividade":"sc/ha","pontos_originais":22,"ano":"2026","cultura":"Milho"}},{"type":"Feature","geometry":{"type":"Point","coordinates":[-52.200858730647866,-10.304450050631452]},"properties":{"Fazenda":"FE","Campo":"FE 16","produtividade":127.25053796433333,"unidade_produtividade":"sc/ha","pontos_originais":6,"ano":"2026","cultura":"Milho"}},{"type":"Feature","geometry":{"type":"Point","coordinates":[-52.202167288906246,-10.304384905428046]},"properties":{"Fazenda":"FE","Campo":"FE 16","produtividade":157.44867573612,"unidade_produtividade":"sc/ha","pontos_originais":25,"ano":"2026","cultura":"Milho"}},{"type":"Feature","geometry":{"type":"Point","coordinates":[-52.201939012235854,-10.304385753915948]},"properties":{"Fazenda":"FE","Campo":"FE 16","produtividade":152.60876554611997,"unidade_produtividade":"sc/ha","pontos_originais":25,"ano":"2026","cultura":"Milho"}},{"type":"Feature","geometry":{"type":"Point","coordinates":[-52.201710735545646,-10.304386602242811]},"properties":{"Fazenda":"FE","Campo":"FE 16","produtividade":149.61815236604,"unidade_produtividade":"sc/ha","pontos_originais":25,"ano":"2026","cultura":"Milho"}},{"type":"Feature","geometry":{"type":"Point","coordinates":[-52.20422177804755,-10.304377261790107]},"properties":{"Fazenda":"FE","Campo":"FE 16","produtividade":175.83137031324,"unidade_produtividade":"sc/ha","pontos_originais":25,"ano":"2026","cultura":"Milho"}},{"type":"Feature","geometry":{"type":"Point","coordinates":[-52.20445005451961,-10.304376411691804]},"properties":{"Fazenda":"FE","Campo":"FE 16","produtividade":168.06093329104002,"unidade_produtividade":"sc/ha","pontos_originais":25,"ano":"2026","cultura":"Milho"}},{"type":"Feature","geometry":{"type":"Point","coordinates":[-52.20399350155565,-10.304378111727374]},"properties":{"Fazenda":"FE","Campo":"FE 16","produtividade":178.5835628271201,"unidade_produtividade":"sc/ha","pontos_originais":25,"ano":"2026","cultura":"Milho"}},{"type":"Feature","geometry":{"type":"Point","coordinates":[-52.20376522504392,-10.304378961503598]},"properties":{"Fazenda":"FE","Campo":"FE 16","produtividade":177.89930707195995,"unidade_produtividade":"sc/ha","pontos_originais":25,"ano":"2026","cultura":"Milho"}},{"type":"Feature","geometry":{"type":"Point","coordinates":[-52.20490660740415,-10.304374711012079]},"properties":{"Fazenda":"FE","Campo":"FE 16","produtividade":170.38744979276,"unidade_produtividade":"sc/ha","pontos_originais":25,"ano":"2026","cultura":"Milho"}},{"type":"Feature","geometry":{"type":"Point","coordinates":[-52.204678330971795,-10.304375561432462]},"properties":{"Fazenda":"FE","Campo":"FE 16","produtividade":165.76081160860002,"unidade_produtividade":"sc/ha","pontos_originais":25,"ano":"2026","cultura":"Milho"}},{"type":"Feature","geometry":{"type":"Point","coordinates":[-52.20285211879849,-10.304382358998094]},"properties":{"Fazenda":"FE","Campo":"FE 16","produtividade":185.62149024788002,"unidade_produtividade":"sc/ha","pontos_originais":25,"ano":"2026","cultura":"Milho"}},{"type":"Feature","geometry":{"type":"Point","coordinates":[-52.20262384218758,-10.304383207969117]},"properties":{"Fazenda":"FE","Campo":"FE 16","produtividade":179.44109263304,"unidade_produtividade":"sc/ha","pontos_originais":25,"ano":"2026","cultura":"Milho"}},{"type":"Feature","geometry":{"type":"Point","coordinates":[-52.20239556555682,-10.304384056779105]},"properties":{"Fazenda":"FE","Campo":"FE 16","produtividade":168.2714295362,"unidade_produtividade":"sc/ha","pontos_originais":25,"ano":"2026","cultura":"Milho"}},{"type":"Feature","geometry":{"type":"Point","coordinates":[-52.203536948512294,-10.304379811118784]},"properties":{"Fazenda":"FE","Campo":"FE 16","produtividade":177.069163075,"unidade_produtividade":"sc/ha","pontos_originais":25,"ano":"2026","cultura":"Milho"}},{"type":"Feature","geometry":{"type":"Point","coordinates":[-52.203308671960876,-10.304380660572926]},"properties":{"Fazenda":"FE","Campo":"FE 16","produtividade":176.33606396900004,"unidade_produtividade":"sc/ha","pontos_originais":25,"ano":"2026","cultura":"Milho"}},{"type":"Feature","geometry":{"type":"Point","coordinates":[-52.20308039538959,-10.304381509866028]},"properties":{"Fazenda":"FE","Campo":"FE 16","produtividade":181.86505409716003,"unidade_produtividade":"sc/ha","pontos_originais":25,"ano":"2026","cultura":"Milho"}},{"type":"Feature","geometry":{"type":"Point","coordinates":[-52.20376436702666,-10.304152901545082]},"properties":{"Fazenda":"FE","Campo":"FE 16","produtividade":174.48893625103995,"unidade_produtividade":"sc/ha","pontos_originais":25,"ano":"2026","cultura":"Milho"}},{"type":"Feature","geometry":{"type":"Point","coordinates":[-52.2035360906577,-10.304153751141234]},"properties":{"Fazenda":"FE","Campo":"FE 16","produtividade":177.25749211092,"unidade_produtividade":"sc/ha","pontos_originais":25,"ano":"2026","cultura":"Milho"}},{"type":"Feature","geometry":{"type":"Point","coordinates":[-52.203307814268875,-10.304154600576354]},"properties":{"Fazenda":"FE","Campo":"FE 16","produtividade":176.86465093728003,"unidade_produtividade":"sc/ha","pontos_originais":25,"ano":"2026","cultura":"Milho"}},{"type":"Feature","geometry":{"type":"Point","coordinates":[-52.20307953786022,-10.304155449850432]},"properties":{"Fazenda":"FE","Campo":"FE 16","produtividade":174.86816722048002,"unidade_produtividade":"sc/ha","pontos_originais":25,"ano":"2026","cultura":"Milho"}},{"type":"Feature","geometry":{"type":"Point","coordinates":[-52.20444919601452,-10.304150351790405]},"properties":{"Fazenda":"FE","Campo":"FE 16","produtividade":171.41555493432003,"unidade_produtividade":"sc/ha","pontos_originais":25,"ano":"2026","cultura":"Milho"}},{"type":"Feature","geometry":{"type":"Point","coordinates":[-52.20422091970509,-10.304151201869667]},"properties":{"Fazenda":"FE","Campo":"FE 16","produtividade":171.28218482892,"unidade_produtividade":"sc/ha","pontos_originais":25,"ano":"2026","cultura":"Milho"}},{"type":"Feature","geometry":{"type":"Point","coordinates":[-52.20399264337582,-10.304152051787892]},"properties":{"Fazenda":"FE","Campo":"FE 16","produtividade":171.37010370864002,"unidade_produtividade":"sc/ha","pontos_originais":25,"ano":"2026","cultura":"Milho"}},{"type":"Feature","geometry":{"type":"Point","coordinates":[-52.2021664320273,-10.304158845336387]},"properties":{"Fazenda":"FE","Campo":"FE 16","produtividade":143.56812856184,"unidade_produtividade":"sc/ha","pontos_originais":25,"ano":"2026","cultura":"Milho"}},{"type":"Feature","geometry":{"type":"Point","coordinates":[-52.202394708515286,-10.304157996706456]},"properties":{"Fazenda":"FE","Campo":"FE 16","produtividade":152.01174939743998,"unidade_produtividade":"sc/ha","pontos_originais":25,"ano":"2026","cultura":"Milho"}},{"type":"Feature","geometry":{"type":"Point","coordinates":[-52.20193815551955,-10.304159693805284]},"properties":{"Fazenda":"FE","Campo":"FE 16","produtividade":139.54354276136004,"unidade_produtividade":"sc/ha","pontos_originais":25,"ano":"2026","cultura":"Milho"}},{"type":"Feature","geometry":{"type":"Point","coordinates":[-52.20170987899196,-10.304160542113145]},"properties":{"Fazenda":"FE","Campo":"FE 16","produtividade":138.01166073551997,"unidade_produtividade":"sc/ha","pontos_originais":25,"ano":"2026","cultura":"Milho"}},{"type":"Feature","geometry":{"type":"Point","coordinates":[-52.20285126143173,-10.304156298963475]},"properties":{"Fazenda":"FE","Campo":"FE 16","produtividade":169.33797829168,"unidade_produtividade":"sc/ha","pontos_originais":25,"ano":"2026","cultura":"Milho"}},{"type":"Feature","geometry":{"type":"Point","coordinates":[-52.20262298498343,-10.304157147915483]},"properties":{"Fazenda":"FE","Campo":"FE 16","produtividade":160.2025858712,"unidade_produtividade":"sc/ha","pontos_originais":25,"ano":"2026","cultura":"Milho"}},{"type":"Feature","geometry":{"type":"Point","coordinates":[-52.206503681905566,-10.304142693830434]},"properties":{"Fazenda":"FE","Campo":"FE 16","produtividade":112.37140163760002,"unidade_produtividade":"sc/ha","pontos_originais":25,"ano":"2026","cultura":"Milho"}},{"type":"Feature","geometry":{"type":"Point","coordinates":[-52.20673195801629,-10.304141842140815]},"properties":{"Fazenda":"FE","Campo":"FE 16","produtividade":126.50400866271998,"unidade_produtividade":"sc/ha","pontos_originais":25,"ano":"2026","cultura":"Milho"}},{"type":"Feature","geometry":{"type":"Point","coordinates":[-52.20627540577496,-10.304143545359018]},"properties":{"Fazenda":"FE","Campo":"FE 16","produtividade":120.61749038048004,"unidade_produtividade":"sc/ha","pontos_originais":25,"ano":"2026","cultura":"Milho"}},{"type":"Feature","geometry":{"type":"Point","coordinates":[-52.20604712962445,-10.304144396726569]},"properties":{"Fazenda":"FE","Campo":"FE 16","produtividade":124.46651479596001,"unidade_produtividade":"sc/ha","pontos_originais":25,"ano":"2026","cultura":"Milho"}},{"type":"Feature","geometry":{"type":"Point","coordinates":[-52.20741678622909,-10.304139286105743]},"properties":{"Fazenda":"FE","Campo":"FE 16","produtividade":184.29747078136006,"unidade_produtividade":"sc/ha","pontos_originais":25,"ano":"2026","cultura":"Milho"}},{"type":"Feature","geometry":{"type":"Point","coordinates":[-52.20718851017805,-10.304140138278473]},"properties":{"Fazenda":"FE","Campo":"FE 16","produtividade":185.21303639232,"unidade_produtividade":"sc/ha","pontos_originais":25,"ano":"2026","cultura":"Milho"}},{"type":"Feature","geometry":{"type":"Point","coordinates":[-52.20696023410713,-10.30414099029016]},"properties":{"Fazenda":"FE","Campo":"FE 16","produtividade":160.15321309719997,"unidade_produtividade":"sc/ha","pontos_originais":25,"ano":"2026","cultura":"Milho"}},{"type":"Feature","geometry":{"type":"Point","coordinates":[-52.20513402482371,-10.304147800586406]},"properties":{"Fazenda":"FE","Campo":"FE 16","produtividade":160.57251199888,"unidade_produtividade":"sc/ha","pontos_originais":25,"ano":"2026","cultura":"Milho"}},{"type":"Feature","geometry":{"type":"Point","coordinates":[-52.204905748573836,-10.304148651148774]},"properties":{"Fazenda":"FE","Campo":"FE 16","produtividade":166.61812017360003,"unidade_produtividade":"sc/ha","pontos_originais":25,"ano":"2026","cultura":"Milho"}},{"type":"Feature","geometry":{"type":"Point","coordinates":[-52.20467747230412,-10.304149501550107]},"properties":{"Fazenda":"FE","Campo":"FE 16","produtividade":168.92637051604,"unidade_produtividade":"sc/ha","pontos_originais":25,"ano":"2026","cultura":"Milho"}},{"type":"Feature","geometry":{"type":"Point","coordinates":[-52.20581885345408,-10.304145247933079]},"properties":{"Fazenda":"FE","Campo":"FE 16","produtividade":126.6877602028,"unidade_produtividade":"sc/ha","pontos_originais":25,"ano":"2026","cultura":"Milho"}},{"type":"Feature","geometry":{"type":"Point","coordinates":[-52.20559057726382,-10.304146098978558]},"properties":{"Fazenda":"FE","Campo":"FE 16","produtividade":140.07420147768005,"unidade_produtividade":"sc/ha","pontos_originais":25,"ano":"2026","cultura":"Milho"}},{"type":"Feature","geometry":{"type":"Point","coordinates":[-52.205362301053704,-10.304146949862998]},"properties":{"Fazenda":"FE","Campo":"FE 16","produtividade":147.84307214244,"unidade_produtividade":"sc/ha","pontos_originais":25,"ano":"2026","cultura":"Milho"}},{"type":"Feature","geometry":{"type":"Point","coordinates":[-52.207873338271455,-10.304137581277187]},"properties":{"Fazenda":"FE","Campo":"FE 16","produtividade":175.82907308324005,"unidade_produtividade":"sc/ha","pontos_originais":25,"ano":"2026","cultura":"Milho"}},{"type":"Feature","geometry":{"type":"Point","coordinates":[-52.207645062260234,-10.304138433771987]},"properties":{"Fazenda":"FE","Campo":"FE 16","produtividade":176.93383431596,"unidade_produtividade":"sc/ha","pontos_originais":25,"ano":"2026","cultura":"Milho"}},{"type":"Feature","geometry":{"type":"Point","coordinates":[-52.20855816618565,-10.30413502282659]},"properties":{"Fazenda":"FE","Campo":"FE 16","produtividade":190.27934460696005,"unidade_produtividade":"sc/ha","pontos_originais":25,"ano":"2026","cultura":"Milho"}},{"type":"Feature","geometry":{"type":"Point","coordinates":[-52.208329890234175,-10.304135875804489]},"properties":{"Fazenda":"FE","Campo":"FE 16","produtividade":188.34645175076002,"unidade_produtividade":"sc/ha","pontos_originais":25,"ano":"2026","cultura":"Milho"}},{"type":"Feature","geometry":{"type":"Point","coordinates":[-52.20810161426278,-10.304136728621357]},"properties":{"Fazenda":"FE","Campo":"FE 16","produtividade":182.86249157164002,"unidade_produtividade":"sc/ha","pontos_originais":25,"ano":"2026","cultura":"Milho"}},{"type":"Feature","geometry":{"type":"Point","coordinates":[-52.21061264885204,-10.304127338778924]},"properties":{"Fazenda":"FE","Campo":"FE 16","produtividade":172.49193088632,"unidade_produtividade":"sc/ha","pontos_originais":25,"ano":"2026","cultura":"Milho"}},{"type":"Feature","geometry":{"type":"Point","coordinates":[-52.210840924604135,-10.304126484190679]},"properties":{"Fazenda":"FE","Campo":"FE 16","produtividade":159.76413231236,"unidade_produtividade":"sc/ha","pontos_originais":25,"ano":"2026","cultura":"Milho"}},{"type":"Feature","geometry":{"type":"Point","coordinates":[-52.210384373080004,-10.304128193206136]},"properties":{"Fazenda":"FE","Campo":"FE 16","produtividade":177.70244789092004,"unidade_produtividade":"sc/ha","pontos_originais":25,"ano":"2026","cultura":"Milho"}},{"type":"Feature","geometry":{"type":"Point","coordinates":[-52.21015609728801,-10.30412904747231]},"properties":{"Fazenda":"FE","Campo":"FE 16","produtividade":180.73866709464005,"unidade_produtividade":"sc/ha","pontos_originais":25,"ano":"2026","cultura":"Milho"}},{"type":"Feature","geometry":{"type":"Point","coordinates":[-52.20148542132579,-10.304165143795103]},"properties":{"Fazenda":"FE","Campo":"FE 16","produtividade":130.73956352541668,"unidade_produtividade":"sc/ha","pontos_originais":24,"ano":"2026","cultura":"Milho"}},{"type":"Feature","geometry":{"type":"Point","coordinates":[-52.201269802589856,-10.304207389714836]},"properties":{"Fazenda":"FE","Campo":"FE 16","produtividade":124.94166067164284,"unidade_produtividade":"sc/ha","pontos_originais":14,"ano":"2026","cultura":"Milho"}},{"type":"Feature","geometry":{"type":"Point","coordinates":[-52.21102923050401,-10.304120127554176]},"properties":{"Fazenda":"FE","Campo":"FE 16","produtividade":145.53918211925003,"unidade_produtividade":"sc/ha","pontos_originais":16,"ano":"2026","cultura":"Milho"}},{"type":"Feature","geometry":{"type":"Point","coordinates":[-52.209242993920554,-10.304132462926681]},"properties":{"Fazenda":"FE","Campo":"FE 16","produtividade":185.9086814604,"unidade_produtividade":"sc/ha","pontos_originais":25,"ano":"2026","cultura":"Milho"}},{"type":"Feature","geometry":{"type":"Point","coordinates":[-52.20901471802885,-10.304133316387684]},"properties":{"Fazenda":"FE","Campo":"FE 16","produtividade":186.56721177376002,"unidade_produtividade":"sc/ha","pontos_originais":25,"ano":"2026","cultura":"Milho"}},{"type":"Feature","geometry":{"type":"Point","coordinates":[-52.208786442117216,-10.304134169687659]},"properties":{"Fazenda":"FE","Campo":"FE 16","produtividade":190.97665074904,"unidade_produtividade":"sc/ha","pontos_originais":25,"ano":"2026","cultura":"Milho"}},{"type":"Feature","geometry":{"type":"Point","coordinates":[-52.20992782147605,-10.304129901577456]},"properties":{"Fazenda":"FE","Campo":"FE 16","produtividade":186.7826714494,"unidade_produtividade":"sc/ha","pontos_originais":25,"ano":"2026","cultura":"Milho"}},{"type":"Feature","geometry":{"type":"Point","coordinates":[-52.209699545644156,-10.304130755521566]},"properties":{"Fazenda":"FE","Campo":"FE 16","produtividade":191.03906048000002,"unidade_produtividade":"sc/ha","pontos_originais":25,"ano":"2026","cultura":"Milho"}},{"type":"Feature","geometry":{"type":"Point","coordinates":[-52.20947126979232,-10.30413160930464]},"properties":{"Fazenda":"FE","Campo":"FE 16","produtividade":188.40648720616002,"unidade_produtividade":"sc/ha","pontos_originais":25,"ano":"2026","cultura":"Milho"}},{"type":"Feature","geometry":{"type":"Point","coordinates":[-52.20111670237751,-10.30425317103851]},"properties":{"Fazenda":"FE","Campo":"FE 16","produtividade":125.45708461300002,"unidade_produtividade":"sc/ha","pontos_originais":1,"ano":"2026","cultura":"Milho"}},{"type":"Feature","geometry":{"type":"Point","coordinates":[-52.2021714320242,-10.303972324544848]},"properties":{"Fazenda":"FE","Campo":"FE 16","produtividade":134.402981976625,"unidade_produtividade":"sc/ha","pontos_originais":16,"ano":"2026","cultura":"Milho"}},{"type":"Feature","geometry":{"type":"Point","coordinates":[-52.201937555829225,-10.304001451726014]},"properties":{"Fazenda":"FE","Campo":"FE 16","produtividade":135.7352167794,"unidade_produtividade":"sc/ha","pontos_originais":10,"ano":"2026","cultura":"Milho"}},{"type":"Feature","geometry":{"type":"Point","coordinates":[-52.201728882673045,-10.304011915607651]},"properties":{"Fazenda":"FE","Campo":"FE 16","produtividade":141.47401337785712,"unidade_produtividade":"sc/ha","pontos_originais":7,"ano":"2026","cultura":"Milho"}},{"type":"Feature","geometry":{"type":"Point","coordinates":[-52.21104550957963,-10.303899655573238]},"properties":{"Fazenda":"FE","Campo":"FE 16","produtividade":126.48005615234997,"unidade_produtividade":"sc/ha","pontos_originais":20,"ano":"2026","cultura":"Milho"}},{"type":"Feature","geometry":{"type":"Point","coordinates":[-52.21084006156585,-10.303900424820695]},"properties":{"Fazenda":"FE","Campo":"FE 16","produtividade":143.07559608827998,"unidade_produtividade":"sc/ha","pontos_originais":25,"ano":"2026","cultura":"Milho"}},{"type":"Feature","geometry":{"type":"Point","coordinates":[-52.2028504040848,-10.303930238925634]},"properties":{"Fazenda":"FE","Campo":"FE 16","produtividade":143.98176143408,"unidade_produtividade":"sc/ha","pontos_originais":25,"ano":"2026","cultura":"Milho"}},{"type":"Feature","geometry":{"type":"Point","coordinates":[-52.202622127799074,-10.303931087858626]},"properties":{"Fazenda":"FE","Campo":"FE 16","produtividade":140.65948903024,"unidade_produtividade":"sc/ha","pontos_originais":25,"ano":"2026","cultura":"Milho"}},{"type":"Feature","geometry":{"type":"Point","coordinates":[-52.20239983633524,-10.30393977745037]},"properties":{"Fazenda":"FE","Campo":"FE 16","produtividade":136.24925602778262,"unidade_produtividade":"sc/ha","pontos_originais":23,"ano":"2026","cultura":"Milho"}},{"type":"Feature","geometry":{"type":"Point","coordinates":[-52.21015523473755,-10.303902988044916]},"properties":{"Fazenda":"FE","Campo":"FE 16","produtividade":176.18840085196004,"unidade_produtividade":"sc/ha","pontos_originais":25,"ano":"2026","cultura":"Milho"}},{"type":"Feature","geometry":{"type":"Point","coordinates":[-52.209926959088186,-10.303903842130929]},"properties":{"Fazenda":"FE","Campo":"FE 16","produtividade":179.76391706364,"unidade_produtividade":"sc/ha","pontos_originais":25,"ano":"2026","cultura":"Milho"}},{"type":"Feature","geometry":{"type":"Point","coordinates":[-52.20969868341892,-10.303904696055906]},"properties":{"Fazenda":"FE","Campo":"FE 16","produtividade":181.20807388392,"unidade_produtividade":"sc/ha","pontos_originais":25,"ano":"2026","cultura":"Milho"}},{"type":"Feature","geometry":{"type":"Point","coordinates":[-52.2094704077297,-10.303905549819856]},"properties":{"Fazenda":"FE","Campo":"FE 16","produtividade":180.42539984768,"unidade_produtividade":"sc/ha","pontos_originais":25,"ano":"2026","cultura":"Milho"}},{"type":"Feature","geometry":{"type":"Point","coordinates":[-52.21061178597636,-10.3039012793898]},"properties":{"Fazenda":"FE","Campo":"FE 16","produtividade":167.00222268432,"unidade_produtividade":"sc/ha","pontos_originais":25,"ano":"2026","cultura":"Milho"}},{"type":"Feature","geometry":{"type":"Point","coordinates":[-52.21038351036692,-10.303902133797873]},"properties":{"Fazenda":"FE","Campo":"FE 16","produtividade":173.58888153704004,"unidade_produtividade":"sc/ha","pontos_originais":25,"ano":"2026","cultura":"Milho"}},{"type":"Feature","geometry":{"type":"Point","coordinates":[-52.20513316585065,-10.30392174073893]},"properties":{"Fazenda":"FE","Campo":"FE 16","produtividade":156.48957160851998,"unidade_produtividade":"sc/ha","pontos_originais":25,"ano":"2026","cultura":"Milho"}},{"type":"Feature","geometry":{"type":"Point","coordinates":[-52.20490488976341,-10.303922591282246]},"properties":{"Fazenda":"FE","Campo":"FE 16","produtividade":172.52860527972004,"unidade_produtividade":"sc/ha","pontos_originais":25,"ano":"2026","cultura":"Milho"}},{"type":"Feature","geometry":{"type":"Point","coordinates":[-52.204676613656304,-10.30392344166453]},"properties":{"Fazenda":"FE","Campo":"FE 16","produtividade":176.06429388475996,"unidade_produtividade":"sc/ha","pontos_originais":25,"ano":"2026","cultura":"Milho"}},{"type":"Feature","geometry":{"type":"Point","coordinates":[-52.20444833752932,-10.30392429188578]},"properties":{"Fazenda":"FE","Campo":"FE 16","produtividade":172.59811592531997,"unidade_produtividade":"sc/ha","pontos_originais":25,"ano":"2026","cultura":"Milho"}},{"type":"Feature","geometry":{"type":"Point","coordinates":[-52.20581799399321,-10.303919188142784]},"properties":{"Fazenda":"FE","Campo":"FE 16","produtividade":95.81106710484,"unidade_produtividade":"sc/ha","pontos_originais":25,"ano":"2026","cultura":"Milho"}},{"type":"Feature","geometry":{"type":"Point","coordinates":[-52.20558971796556,-10.3039200391692]},"properties":{"Fazenda":"FE","Campo":"FE 16","produtividade":108.98359880420001,"unidade_produtividade":"sc/ha","pontos_originais":25,"ano":"2026","cultura":"Milho"}},{"type":"Feature","geometry":{"type":"Point","coordinates":[-52.20536144191805,-10.303920890034581]},"properties":{"Fazenda":"FE","Campo":"FE 16","produtividade":128.75858016188,"unidade_produtividade":"sc/ha","pontos_originais":25,"ano":"2026","cultura":"Milho"}},{"type":"Feature","geometry":{"type":"Point","coordinates":[-52.20353523282292,-10.303927691160464]},"properties":{"Fazenda":"FE","Campo":"FE 16","produtividade":173.00701084904003,"unidade_produtividade":"sc/ha","pontos_originais":25,"ano":"2026","cultura":"Milho"}},{"type":"Feature","geometry":{"type":"Point","coordinates":[-52.203763509029294,-10.303926841583342]},"properties":{"Fazenda":"FE","Campo":"FE 16","produtividade":178.05892214656004,"unidade_produtividade":"sc/ha","pontos_originais":25,"ano":"2026","cultura":"Milho"}},{"type":"Feature","geometry":{"type":"Point","coordinates":[-52.20330695659672,-10.303928540576553]},"properties":{"Fazenda":"FE","Campo":"FE 16","produtividade":161.68726158763997,"unidade_produtividade":"sc/ha","pontos_originais":25,"ano":"2026","cultura":"Milho"}},{"type":"Feature","geometry":{"type":"Point","coordinates":[-52.203078680350664,-10.30392938983161]},"properties":{"Fazenda":"FE","Campo":"FE 16","produtividade":151.73152479996003,"unidade_produtividade":"sc/ha","pontos_originais":25,"ano":"2026","cultura":"Milho"}},{"type":"Feature","geometry":{"type":"Point","coordinates":[-52.20422006138249,-10.303925141946001]},"properties":{"Fazenda":"FE","Campo":"FE 16","produtividade":170.17708360616004,"unidade_produtividade":"sc/ha","pontos_originais":25,"ano":"2026","cultura":"Milho"}},{"type":"Feature","geometry":{"type":"Point","coordinates":[-52.20399178521579,-10.30392599184519]},"properties":{"Fazenda":"FE","Campo":"FE 16","produtividade":175.31381429,"unidade_produtividade":"sc/ha","pontos_originais":25,"ano":"2026","cultura":"Milho"}},{"type":"Feature","geometry":{"type":"Point","coordinates":[-52.20650282195687,-10.303916634097355]},"properties":{"Fazenda":"FE","Campo":"FE 16","produtividade":116.44004760264,"unidade_produtividade":"sc/ha","pontos_originais":25,"ano":"2026","cultura":"Milho"}},{"type":"Feature","geometry":{"type":"Point","coordinates":[-52.206274545988855,-10.303917485606862]},"properties":{"Fazenda":"FE","Campo":"FE 16","produtividade":110.08815576016002,"unidade_produtividade":"sc/ha","pontos_originais":25,"ano":"2026","cultura":"Milho"}},{"type":"Feature","geometry":{"type":"Point","coordinates":[-52.20604627000098,-10.30391833695534]},"properties":{"Fazenda":"FE","Campo":"FE 16","produtividade":103.46308015344002,"unidade_produtividade":"sc/ha","pontos_originais":25,"ano":"2026","cultura":"Milho"}},{"type":"Feature","geometry":{"type":"Point","coordinates":[-52.20855730477345,-10.303908963265341]},"properties":{"Fazenda":"FE","Campo":"FE 16","produtividade":189.94085872248004,"unidade_produtividade":"sc/ha","pontos_originais":25,"ano":"2026","cultura":"Milho"}},{"type":"Feature","geometry":{"type":"Point","coordinates":[-52.20878558054241,-10.303908110145517]},"properties":{"Fazenda":"FE","Campo":"FE 16","produtividade":195.27952935328003,"unidade_produtividade":"sc/ha","pontos_originais":25,"ano":"2026","cultura":"Milho"}},{"type":"Feature","geometry":{"type":"Point","coordinates":[-52.20832902898458,-10.303909816224136]},"properties":{"Fazenda":"FE","Campo":"FE 16","produtividade":183.26559040736,"unidade_produtividade":"sc/ha","pontos_originais":25,"ano":"2026","cultura":"Milho"}},{"type":"Feature","geometry":{"type":"Point","coordinates":[-52.208100753175785,-10.3039106690219]},"properties":{"Fazenda":"FE","Campo":"FE 16","produtividade":181.22928120444004,"unidade_produtividade":"sc/ha","pontos_originais":25,"ano":"2026","cultura":"Milho"}},{"type":"Feature","geometry":{"type":"Point","coordinates":[-52.20924213202053,-10.303906403422772]},"properties":{"Fazenda":"FE","Campo":"FE 16","produtividade":183.04981972212002,"unidade_produtividade":"sc/ha","pontos_originais":25,"ano":"2026","cultura":"Milho"}},{"type":"Feature","geometry":{"type":"Point","coordinates":[-52.20901385629143,-10.303907256864662]},"properties":{"Fazenda":"FE","Campo":"FE 16","produtividade":191.61753409496004,"unidade_produtividade":"sc/ha","pontos_originais":25,"ano":"2026","cultura":"Milho"}},{"type":"Feature","geometry":{"type":"Point","coordinates":[-52.207187649741506,-10.303914078602636]},"properties":{"Fazenda":"FE","Campo":"FE 16","produtividade":184.20221278192003,"unidade_produtividade":"sc/ha","pontos_originais":25,"ano":"2026","cultura":"Milho"}},{"type":"Feature","geometry":{"type":"Point","coordinates":[-52.206959373833186,-10.30391493059524]},"properties":{"Fazenda":"FE","Campo":"FE 16","produtividade":166.78497753084,"unidade_produtividade":"sc/ha","pontos_originais":25,"ano":"2026","cultura":"Milho"}},{"type":"Feature","geometry":{"type":"Point","coordinates":[-52.206731097904964,-10.303915782426817]},"properties":{"Fazenda":"FE","Campo":"FE 16","produtividade":133.55014603008004,"unidade_produtividade":"sc/ha","pontos_originais":25,"ano":"2026","cultura":"Milho"}},{"type":"Feature","geometry":{"type":"Point","coordinates":[-52.207872477347074,-10.303911521658627]},"properties":{"Fazenda":"FE","Campo":"FE 16","produtividade":181.00785721288,"unidade_produtividade":"sc/ha","pontos_originais":25,"ano":"2026","cultura":"Milho"}},{"type":"Feature","geometry":{"type":"Point","coordinates":[-52.20764420149846,-10.30391237413433]},"properties":{"Fazenda":"FE","Campo":"FE 16","produtividade":184.64369232280006,"unidade_produtividade":"sc/ha","pontos_originais":25,"ano":"2026","cultura":"Milho"}},{"type":"Feature","geometry":{"type":"Point","coordinates":[-52.207415925629945,-10.303913226448996]},"properties":{"Fazenda":"FE","Campo":"FE 16","produtividade":187.40314125612002,"unidade_produtividade":"sc/ha","pontos_originais":25,"ano":"2026","cultura":"Milho"}},{"type":"Feature","geometry":{"type":"Point","coordinates":[-52.20157239920174,-10.304025414940947]},"properties":{"Fazenda":"FE","Campo":"FE 16","produtividade":138.02150136199998,"unidade_produtividade":"sc/ha","pontos_originais":1,"ano":"2026","cultura":"Milho"}},{"type":"Feature","geometry":{"type":"Point","coordinates":[-52.20248464777562,-10.303795961105186]},"properties":{"Fazenda":"FE","Campo":"FE 16","produtividade":137.32109360600003,"unidade_produtividade":"sc/ha","pontos_originais":1,"ano":"2026","cultura":"Milho"}}]}